date,ticker,weight
2020-01-01,Equity,0.5223639054690541
2020-01-01,Oil,0.04751353819941347
2020-01-01,Gold,0.09502707639882695
2020-01-01,Bond,0.2850812291964808
2020-01-02,Equity,0.5184515410560636
2020-01-02,Oil,0.047593916948328575
2020-01-02,Gold,0.09358558622125605
2020-01-02,Bond,0.2902007790810286
2020-01-03,Equity,0.5188326219913556
2020-01-03,Oil,0.04761324512986039
2020-01-03,Gold,0.0947052630925684
2020-01-03,Bond,0.288984334539532
2020-01-04,Equity,0.5185749192862442
2020-01-04,Oil,0.04805789487392526
2020-01-04,Gold,0.094160509727549
2020-01-04,Bond,0.28963720310153385
2020-01-05,Equity,0.522090137089056
2020-01-05,Oil,0.04769872888388378
2020-01-05,Gold,0.09262708404064628
2020-01-05,Bond,0.28826970379058203
2020-01-06,Equity,0.5209194038236262
2020-01-06,Oil,0.04782100777911158
2020-01-06,Gold,0.09371987462153764
2020-01-06,Bond,0.2879830522109597
2020-01-07,Equity,0.5195578564145199
2020-01-07,Oil,0.04825950211251386
2020-01-07,Gold,0.09381984378797863
2020-01-07,Bond,0.28913530450059033
2020-01-08,Equity,0.5221608873676254
2020-01-08,Oil,0.04881549760778837
2020-01-08,Gold,0.09292849041750754
2020-01-08,Bond,0.2866811625152914
2020-01-09,Equity,0.5229033613500822
2020-01-09,Oil,0.048595422621281616
2020-01-09,Gold,0.09245093511358461
2020-01-09,Bond,0.28662760888396605
2020-01-10,Equity,0.5231421128121082
2020-01-10,Oil,0.048891403603518506
2020-01-10,Gold,0.09332492066076263
2020-01-10,Bond,0.2851869217107224
2020-01-11,Equity,0.524497140149394
2020-01-11,Oil,0.04838235019938176
2020-01-11,Gold,0.09202734769596581
2020-01-11,Bond,0.2859261168769603
2020-01-12,Equity,0.5277215394818886
2020-01-12,Oil,0.04809993954014264
2020-01-12,Gold,0.09217699279697047
2020-01-12,Bond,0.2828932941787458
2020-01-13,Equity,0.5275648611302526
2020-01-13,Oil,0.048203363570771034
2020-01-13,Gold,0.09347433857155996
2020-01-13,Bond,0.2816625456139941
2020-01-14,Equity,0.5280073645992504
2020-01-14,Oil,0.04754746125139272
2020-01-14,Gold,0.09176165356089781
2020-01-14,Bond,0.28332120082256806
2020-01-15,Equity,0.5249325348675514
2020-01-15,Oil,0.04672981561903939
2020-01-15,Gold,0.09144019965147605
2020-01-15,Bond,0.2875399084860066
2020-01-16,Equity,0.5258355632999097
2020-01-16,Oil,0.04653124635312062
2020-01-16,Gold,0.09180493723054113
2020-01-16,Bond,0.28640331662687873
2020-01-17,Equity,0.5281004581359715
2020-01-17,Oil,0.046158240087600354
2020-01-17,Gold,0.09036213685889516
2020-01-17,Bond,0.2858513297133735
2020-01-18,Equity,0.5300787227170606
2020-01-18,Oil,0.046519499891981106
2020-01-18,Gold,0.09030409736844194
2020-01-18,Bond,0.2833388245285709
2020-01-19,Equity,0.5280527219290931
2020-01-19,Oil,0.04651988709415203
2020-01-19,Gold,0.09208539794726463
2020-01-19,Bond,0.2831288396543682
2020-01-20,Equity,0.5273604858539154
2020-01-20,Oil,0.045947142897371805
2020-01-20,Gold,0.09159787185013112
2020-01-20,Bond,0.2847941604027609
2020-01-21,Equity,0.5263525932574359
2020-01-21,Oil,0.046782347213693044
2020-01-21,Gold,0.0905518444387622
2020-01-21,Bond,0.28584369477271604
2020-01-22,Equity,0.522501249591375
2020-01-22,Oil,0.047500113599215917
2020-01-22,Gold,0.09458584483084002
2020-01-22,Bond,0.2850006815952954
2020-01-23,Equity,0.5259912948258038
2020-01-23,Oil,0.04665140716185629
2020-01-23,Gold,0.09324668948762453
2020-01-23,Bond,0.28463265742414534
2020-01-24,Equity,0.5299423468393802
2020-01-24,Oil,0.04613803339906601
2020-01-24,Gold,0.093479486233542
2020-01-24,Bond,0.28080449183599115
2020-01-25,Equity,0.5298004255867832
2020-01-25,Oil,0.04529984213486808
2020-01-25,Gold,0.09219149128238732
2020-01-25,Bond,0.2837083093241132
2020-01-26,Equity,0.5257921316725184
2020-01-26,Oil,0.045315954940989715
2020-01-26,Gold,0.09307420411899035
2020-01-26,Bond,0.2868546898779441
2020-01-27,Equity,0.5264663316304667
2020-01-27,Oil,0.044844986669239334
2020-01-27,Gold,0.09344797958664593
2020-01-27,Bond,0.28622562885937763
2020-01-28,Equity,0.5285327288722617
2020-01-28,Oil,0.04463861865905488
2020-01-28,Gold,0.09326935767200784
2020-01-28,Bond,0.28495273683304234
2020-01-29,Equity,0.5261048253366699
2020-01-29,Oil,0.04487106519676599
2020-01-29,Gold,0.09366889165030033
2020-01-29,Bond,0.28620119790033977
2020-01-30,Equity,0.5260466097389888
2020-01-30,Oil,0.04483996017052837
2020-01-30,Gold,0.0920945781796595
2020-01-30,Bond,0.287755417019323
2020-01-31,Equity,0.524167092765382
2020-01-31,Oil,0.04413692748663816
2020-01-31,Gold,0.09176668799529263
2020-01-31,Bond,0.29114559050200306
2020-02-01,Equity,0.5240041685547097
2020-02-01,Oil,0.04498074547126955
2020-02-01,Gold,0.0928210627218932
2020-02-01,Bond,0.2893900751063959
2020-02-02,Equity,0.5230517448603885
2020-02-02,Oil,0.04514859845713679
2020-02-02,Gold,0.09297100341172432
2020-02-02,Bond,0.28983597302908054
2020-02-03,Equity,0.5227347508058151
2020-02-03,Oil,0.04487555073537553
2020-02-03,Gold,0.09422412099501827
2020-02-03,Bond,0.28895139244427037
2020-02-04,Equity,0.5243916743560506
2020-02-04,Oil,0.045246680691578584
2020-02-04,Gold,0.09390980745074236
2020-02-04,Bond,0.28723712371889787
2020-02-05,Equity,0.5214136244710845
2020-02-05,Oil,0.045147301644943065
2020-02-05,Gold,0.09476853762789583
2020-02-05,Bond,0.2889607272873311
2020-02-06,Equity,0.5224434198658617
2020-02-06,Oil,0.04527458932150288
2020-02-06,Gold,0.09651404518127639
2020-02-06,Bond,0.2860219952778671
2020-02-07,Equity,0.5252548566086729
2020-02-07,Oil,0.044312091717494596
2020-02-07,Gold,0.09605123067057235
2020-02-07,Bond,0.28472988319159925
2020-02-08,Equity,0.5247546585108893
2020-02-08,Oil,0.043844281328019166
2020-02-08,Gold,0.09597085713483607
2020-02-08,Bond,0.28564558879983337
2020-02-09,Equity,0.5223589303270588
2020-02-09,Oil,0.04441764549858603
2020-02-09,Gold,0.09523701526180055
2020-02-09,Bond,0.28764993768940245
2020-02-10,Equity,0.5239967947512223
2020-02-10,Oil,0.04511760209815593
2020-02-10,Gold,0.09669100678705372
2020-02-10,Bond,0.2834410816101521
2020-02-11,Equity,0.5242355313977173
2020-02-11,Oil,0.04527157289826997
2020-02-11,Gold,0.09616977752595181
2020-02-11,Bond,0.28348359670751644
2020-02-12,Equity,0.5225005827757496
2020-02-12,Oil,0.046408224891653915
2020-02-12,Gold,0.09500010595922721
2020-02-12,Bond,0.28496222601831145
2020-02-13,Equity,0.5199668994258775
2020-02-13,Oil,0.04603023206831726
2020-02-13,Gold,0.0942132046409667
2020-02-13,Bond,0.28892431860413464
2020-02-14,Equity,0.5209256894177552
2020-02-14,Oil,0.04536019478841243
2020-02-14,Gold,0.09380556619583763
2020-02-14,Bond,0.289037009878531
2020-02-15,Equity,0.5227411121432226
2020-02-15,Oil,0.04465157500807984
2020-02-15,Gold,0.09289780055110138
2020-02-15,Bond,0.28927091528461035
2020-02-16,Equity,0.523100287689183
2020-02-16,Oil,0.04455031807474188
2020-02-16,Gold,0.0930770408804932
2020-02-16,Bond,0.28871578899354045
2020-02-17,Equity,0.5205969680075893
2020-02-17,Oil,0.044758270654454174
2020-02-17,Gold,0.09362281167275321
2020-02-17,Bond,0.29076350797377076
2020-02-18,Equity,0.5198188076790804
2020-02-18,Oil,0.0450929574402865
2020-02-18,Gold,0.09543924215062867
2020-02-18,Bond,0.28918842586722404
2020-02-19,Equity,0.5179531015284569
2020-02-19,Oil,0.04435705690641641
2020-02-19,Gold,0.09617535351440173
2020-02-19,Bond,0.29099453777522566
2020-02-20,Equity,0.5177351529497431
2020-02-20,Oil,0.04417017952751314
2020-02-20,Gold,0.09668187207421777
2020-02-20,Bond,0.29126846034463294
2020-02-21,Equity,0.5157621645727015
2020-02-21,Oil,0.04393564470676752
2020-02-21,Gold,0.09736767431221627
2020-02-21,Bond,0.29286399576162914
2020-02-22,Equity,0.5144487890068866
2020-02-22,Oil,0.04316979138753251
2020-02-22,Gold,0.09679783854341983
2020-02-22,Bond,0.29605169233184714
2020-02-23,Equity,0.5143531431118282
2020-02-23,Oil,0.0434469081320008
2020-02-23,Gold,0.0982443796128895
2020-02-23,Bond,0.29440971293460705
2020-02-24,Equity,0.5097700074113031
2020-02-24,Oil,0.04400651082718461
2020-02-24,Gold,0.09720879675591404
2020-02-24,Bond,0.2993454096455651
2020-02-25,Equity,0.506397832083716
2020-02-25,Oil,0.04443121873867405
2020-02-25,Gold,0.09657390175628439
2020-02-25,Bond,0.3029132690192857
2020-02-26,Equity,0.5129538179039096
2020-02-26,Oil,0.043563929386407955
2020-02-26,Gold,0.09470614144895795
2020-02-26,Bond,0.29965161489959347
2020-02-27,Equity,0.5100782105597481
2020-02-27,Oil,0.04322937509267596
2020-02-27,Gold,0.09398618817610851
2020-02-27,Bond,0.3038080213507132
2020-02-28,Equity,0.505864803883204
2020-02-28,Oil,0.04371501124418836
2020-02-28,Gold,0.09537967573301666
2020-02-28,Bond,0.3057565154390287
2020-02-29,Equity,0.5033031849581588
2020-02-29,Oil,0.044422823699284485
2020-02-29,Gold,0.09491871199745922
2020-02-29,Bond,0.30775949979147876
2020-03-01,Equity,0.5013956804459779
2020-03-01,Oil,0.04435799806472576
2020-03-01,Gold,0.0957154994438492
2020-03-01,Bond,0.3087695440954306
2020-03-02,Equity,0.5014537157329436
2020-03-02,Oil,0.04467817095454932
2020-03-02,Gold,0.09602016574174776
2020-03-02,Bond,0.30763435668796163
2020-03-03,Equity,0.4979409669228752
2020-03-03,Oil,0.04436203235533113
2020-03-03,Gold,0.09606738555554592
2020-03-03,Bond,0.31121666881273585
2020-03-04,Equity,0.18664528550678697
2020-03-04,Oil,0.016967753227889727
2020-03-04,Gold,0.1357420258231178
2020-03-04,Bond,0.6106660104536076
2020-03-05,Equity,0.18731946581069575
2020-03-05,Oil,0.017054240667534627
2020-03-05,Gold,0.13762432042472067
2020-03-05,Bond,0.6081748051365212
2020-03-06,Equity,0.18515024831047883
2020-03-06,Oil,0.01712110006923289
2020-03-06,Gold,0.13533518039344714
2020-03-06,Bond,0.6130448064613598
2020-03-07,Equity,0.1847829371614119
2020-03-07,Oil,0.017175404531148793
2020-03-07,Gold,0.13575346083067852
2020-03-07,Bond,0.6127473477329842
2020-03-08,Equity,0.18674197811755625
2020-03-08,Oil,0.017560932855709595
2020-03-08,Gold,0.13594103027456064
2020-03-08,Bond,0.6096089647307755
2020-03-09,Equity,0.1874452449890942
2020-03-09,Oil,0.01737868120955008
2020-03-09,Gold,0.1330803232125265
2020-03-09,Bond,0.6126482390893968
2020-03-10,Equity,0.18526375847542442
2020-03-10,Oil,0.0172142439760838
2020-03-10,Gold,0.13123946152611965
2020-03-10,Bond,0.6169858985724305
2020-03-11,Equity,0.18211714238194351
2020-03-11,Oil,0.01725310929972499
2020-03-11,Gold,0.13138247124441524
2020-03-11,Bond,0.6200175763785568
2020-03-12,Equity,0.18334651672710414
2020-03-12,Oil,0.017521469997574285
2020-03-12,Gold,0.13194959962897598
2020-03-12,Bond,0.6179500424724639
2020-03-13,Equity,0.18430507327313814
2020-03-13,Oil,0.017430157258238498
2020-03-13,Gold,0.13221424544015611
2020-03-13,Bond,0.6170571769967682
2020-03-14,Equity,0.1880817406592304
2020-03-14,Oil,0.0178074381401315
2020-03-14,Gold,0.13198062162888724
2020-03-14,Bond,0.6128534460541337
2020-03-15,Equity,0.1877634773881745
2020-03-15,Oil,0.017378756808652907
2020-03-15,Gold,0.13289566305231618
2020-03-15,Bond,0.6125951003194793
2020-03-16,Equity,0.18822528624882262
2020-03-16,Oil,0.017625433095608482
2020-03-16,Gold,0.13383004066649526
2020-03-16,Bond,0.6106613374431563
2020-03-17,Equity,0.1910263462108611
2020-03-17,Oil,0.01754663795645881
2020-03-17,Gold,0.13303896921887165
2020-03-17,Bond,0.6089951553079574
2020-03-18,Equity,0.19119276766674978
2020-03-18,Oil,0.0174055323776451
2020-03-18,Gold,0.1307312485953164
2020-03-18,Bond,0.6115280451192915
2020-03-19,Equity,0.1922450098721183
2020-03-19,Oil,0.017532301067874838
2020-03-19,Gold,0.13176439641674986
2020-03-19,Bond,0.6090033714519909
2020-03-20,Equity,0.19219653924250915
2020-03-20,Oil,0.017096665314645137
2020-03-20,Gold,0.13131239595755168
2020-03-20,Bond,0.6102001990333255
2020-03-21,Equity,0.1912685655071314
2020-03-21,Oil,0.017050964402471707
2020-03-21,Gold,0.1313829736636043
2020-03-21,Bond,0.6111269010391519
2020-03-22,Equity,0.19082311473868535
2020-03-22,Oil,0.017020763795720654
2020-03-22,Gold,0.13120659425145398
2020-03-22,Bond,0.6120409933662428
2020-03-23,Equity,0.19132336381763057
2020-03-23,Oil,0.017270176964444422
2020-03-23,Gold,0.1320904999019833
2020-03-23,Bond,0.6104187611482306
2020-03-24,Equity,0.19208400294117456
2020-03-24,Oil,0.017105918129350965
2020-03-24,Gold,0.13007784983613427
2020-03-24,Bond,0.612048437467175
2020-03-25,Equity,0.5289533904340975
2020-03-25,Oil,0.009617334371529044
2020-03-25,Gold,0.07693867497223235
2020-03-25,Bond,0.33468323612921075
2020-03-26,Equity,0.5326210721497238
2020-03-26,Oil,0.009601364289589517
2020-03-26,Gold,0.077596474154755
2020-03-26,Bond,0.3302063090729822
2020-03-27,Equity,0.5323330524955765
2020-03-27,Oil,0.009798058024015354
2020-03-27,Gold,0.07825424083849923
2020-03-27,Bond,0.32908079569838833
2020-03-28,Equity,0.5374588427520696
2020-03-28,Oil,0.00974056744631769
2020-03-28,Gold,0.0782872628441144
2020-03-28,Bond,0.32444086847616654
2020-03-29,Equity,0.5392108599351176
2020-03-29,Oil,0.009761521978463994
2020-03-29,Gold,0.07894356727447945
2020-03-29,Bond,0.3216373332540322
2020-03-30,Equity,0.5331881907089576
2020-03-30,Oil,0.009864058375959908
2020-03-30,Gold,0.07782795717897678
2020-03-30,Bond,0.32840415282155333
2020-03-31,Equity,0.5398847666191879
2020-03-31,Oil,0.009723796536498673
2020-03-31,Gold,0.0772929443759787
2020-03-31,Bond,0.3231525117734263
2020-04-01,Equity,0.5369808007394388
2020-04-01,Oil,0.0098166502614644
2020-04-01,Gold,0.07718838646138983
2020-04-01,Bond,0.32607730274533325
2020-04-02,Equity,0.5365980365224345
2020-04-02,Oil,0.009731778982145488
2020-04-02,Gold,0.07570840599854939
2020-04-02,Bond,0.32810787998639807
2020-04-03,Equity,0.532488161361625
2020-04-03,Oil,0.009790229817282123
2020-04-03,Gold,0.076220551986863
2020-04-03,Bond,0.3311831237374628
2020-04-04,Equity,0.5266024964120671
2020-04-04,Oil,0.009649240843965966
2020-04-04,Gold,0.0744675073622859
2020-04-04,Bond,0.3394926090529806
2020-04-05,Equity,0.5252988201762411
2020-04-05,Oil,0.00932816436198539
2020-04-05,Gold,0.07360318919823731
2020-04-05,Bond,0.34292877927383253
2020-04-06,Equity,0.5245437437012623
2020-04-06,Oil,0.009276752922782195
2020-04-06,Gold,0.07295494647131306
2020-04-06,Bond,0.3447963118678237
2020-04-07,Equity,0.5222781195494272
2020-04-07,Oil,0.009419687471777356
2020-04-07,Gold,0.0732065134496883
2020-04-07,Bond,0.3460494657558107
2020-04-08,Equity,0.5174689626261065
2020-04-08,Oil,0.009404931131601795
2020-04-08,Gold,0.07368313749894598
2020-04-08,Bond,0.3504760919093745
2020-04-09,Equity,0.5227571365836142
2020-04-09,Oil,0.009392146858881617
2020-04-09,Gold,0.07409476345422729
2020-04-09,Bond,0.34474078921979673
2020-04-10,Equity,0.5219820189981095
2020-04-10,Oil,0.00918773935397422
2020-04-10,Gold,0.07334225709922312
2020-04-10,Bond,0.3468560968400551
2020-04-11,Equity,0.5258832966568767
2020-04-11,Oil,0.00926246112361172
2020-04-11,Gold,0.07333128268665652
2020-04-11,Bond,0.34228889405008694
2020-04-12,Equity,0.5277880095251792
2020-04-12,Oil,0.009227492520246005
2020-04-12,Gold,0.07269024929502006
2020-04-12,Bond,0.34107767307767517
2020-04-13,Equity,0.5229827168859499
2020-04-13,Oil,0.009179748953293395
2020-04-13,Gold,0.07227425344230269
2020-04-13,Bond,0.3462069641341907
2020-04-14,Equity,0.5187481771977294
2020-04-14,Oil,0.00921034421029762
2020-04-14,Gold,0.07317641382795365
2020-04-14,Bond,0.3492643136809825
2020-04-15,Equity,0.23575826197338765
2020-04-15,Oil,0.021432569270307966
2020-04-15,Gold,0.04286513854061593
2020-04-15,Bond,0.6501212678660085
2020-04-16,Equity,0.23707578881999844
2020-04-16,Oil,0.021760417104427787
2020-04-16,Gold,0.0426874755083631
2020-04-16,Bond,0.6488366148094854
2020-04-17,Equity,0.23630929311894008
2020-04-17,Oil,0.021750826569741036
2020-04-17,Gold,0.04248776326793926
2020-04-17,Bond,0.6499208372910434
2020-04-18,Equity,0.23588509121210813
2020-04-18,Oil,0.02176685318324447
2020-04-18,Gold,0.04285115306869631
2020-04-18,Bond,0.6500566245043847
2020-04-19,Equity,0.2309920813725494
2020-04-19,Oil,0.02196347625237347
2020-04-19,Gold,0.04337125809111158
2020-04-19,Bond,0.6537491526437998
2020-04-20,Equity,0.22965688569067774
2020-04-20,Oil,0.021432157739376213
2020-04-20,Gold,0.04337348759637657
2020-04-20,Bond,0.6558773694696085
2020-04-21,Equity,0.2289595094255254
2020-04-21,Oil,0.021244022842939938
2020-04-21,Gold,0.04277881459304192
2020-04-21,Bond,0.6577804249358115
2020-04-22,Equity,0.22563728016426482
2020-04-22,Oil,0.021390693183839973
2020-04-22,Gold,0.042521552352977394
2020-04-22,Bond,0.6609031599880584
2020-04-23,Equity,0.22336596457637553
2020-04-23,Oil,0.021693856710836856
2020-04-23,Gold,0.04193819851956205
2020-04-23,Bond,0.6639750949199951
2020-04-24,Equity,0.22341847469558385
2020-04-24,Oil,0.021671664705659194
2020-04-24,Gold,0.04230345740562899
2020-04-24,Bond,0.6635353678052954
2020-04-25,Equity,0.22324858919686624
2020-04-25,Oil,0.021821886727298314
2020-04-25,Gold,0.04279879988276174
2020-04-25,Bond,0.6628683155616348
2020-04-26,Equity,0.22354851385924104
2020-04-26,Oil,0.02155984707940202
2020-04-26,Gold,0.04211780246964374
2020-04-26,Bond,0.6640860790040569
2020-04-27,Equity,0.2235748334088035
2020-04-27,Oil,0.02108552589199435
2020-04-27,Gold,0.04131823923049557
2020-04-27,Bond,0.6658450354225939
2020-04-28,Equity,0.23037178928579552
2020-04-28,Oil,0.021259130674746222
2020-04-28,Gold,0.04075215266504918
2020-04-28,Bond,0.6595958515049846
2020-04-29,Equity,0.22936069603106235
2020-04-29,Oil,0.021585816688682043
2020-04-29,Gold,0.041012342189033976
2020-04-29,Bond,0.6596473963492274
2020-04-30,Equity,0.22740003828921787
2020-04-30,Oil,0.021478990317118852
2020-04-30,Gold,0.04054315819773484
2020-04-30,Bond,0.6628029739036774
2020-05-01,Equity,0.2301084905557402
2020-05-01,Oil,0.021217425524617778
2020-05-01,Gold,0.041015103251709324
2020-05-01,Bond,0.6600348042245168
2020-05-02,Equity,0.22879924194948772
2020-05-02,Oil,0.02154334059475799
2020-05-02,Gold,0.04111568505617181
2020-05-02,Bond,0.6608596096478435
2020-05-03,Equity,0.2321930371359691
2020-05-03,Oil,0.0211970032271083
2020-05-03,Gold,0.041278381708573314
2020-05-03,Bond,0.65775368971382
2020-05-04,Equity,0.23087091290428535
2020-05-04,Oil,0.021123137412652093
2020-05-04,Gold,0.04057592262340302
2020-05-04,Bond,0.6602953612795348
2020-05-05,Equity,0.2244497361295706
2020-05-05,Oil,0.02136028964076594
2020-05-05,Gold,0.04015921305990518
2020-05-05,Bond,0.6673996121238271
2020-05-06,Equity,0.19352645894510734
2020-05-06,Oil,0.08796657224777603
2020-05-06,Gold,0.035186628899110416
2020-05-06,Bond,0.6333593201839873
2020-05-07,Equity,0.18978124557175627
2020-05-07,Oil,0.08627632938111258
2020-05-07,Gold,0.03465777952171338
2020-05-07,Bond,0.6400053280511446
2020-05-08,Equity,0.19030429205069194
2020-05-08,Oil,0.08667680875284434
2020-05-08,Gold,0.03477638616908115
2020-05-08,Bond,0.638783760615921
2020-05-09,Equity,0.19264182057988646
2020-05-09,Oil,0.08622632084513353
2020-05-09,Gold,0.03481417589131821
2020-05-09,Bond,0.6368676404644286
2020-05-10,Equity,0.1918992964858032
2020-05-10,Oil,0.08464818488906001
2020-05-10,Gold,0.03487847399683267
2020-05-10,Bond,0.6392704133708932
2020-05-11,Equity,0.1946853354785979
2020-05-11,Oil,0.08491155747003748
2020-05-11,Gold,0.035374171928593295
2020-05-11,Bond,0.6356057991762171
2020-05-12,Equity,0.1943648324048588
2020-05-12,Oil,0.08378550676430112
2020-05-12,Gold,0.03448758258973261
2020-05-12,Bond,0.6380735422428413
2020-05-13,Equity,0.19487447625937276
2020-05-13,Oil,0.08439353821653922
2020-05-13,Gold,0.03496094496034962
2020-05-13,Bond,0.6363593825169768
2020-05-14,Equity,0.1966035403608039
2020-05-14,Oil,0.08460975807361382
2020-05-14,Gold,0.034774226957379466
2020-05-14,Bond,0.6340166548094328
2020-05-15,Equity,0.20006074890856784
2020-05-15,Oil,0.08658794057501017
2020-05-15,Gold,0.03514828196443312
2020-05-15,Bond,0.6278252084043529
2020-05-16,Equity,0.2006426060960495
2020-05-16,Oil,0.08605076585137376
2020-05-16,Gold,0.036044036735977635
2020-05-16,Bond,0.6268036276211193
2020-05-17,Equity,0.19900569911010169
2020-05-17,Oil,0.08569980679232746
2020-05-17,Gold,0.03599751089615118
2020-05-17,Bond,0.6288817099708301
2020-05-18,Equity,0.2010904570410542
2020-05-18,Oil,0.08701550542453343
2020-05-18,Gold,0.03631934677936973
2020-05-18,Bond,0.6248001657667318
2020-05-19,Equity,0.20036881855963148
2020-05-19,Oil,0.08603514273401484
2020-05-19,Gold,0.036242270741009046
2020-05-19,Bond,0.6265295527467858
2020-05-20,Equity,0.19923443892260462
2020-05-20,Oil,0.08618350400914503
2020-05-20,Gold,0.03646478874592439
2020-05-20,Bond,0.6273210829575231
2020-05-21,Equity,0.20108472288404997
2020-05-21,Oil,0.0870922448500472
2020-05-21,Gold,0.036502721267870734
2020-05-21,Bond,0.6246551312329006
2020-05-22,Equity,0.20232527150624258
2020-05-22,Oil,0.08636970729079807
2020-05-22,Gold,0.03653864014285887
2020-05-22,Bond,0.6237073273346087
2020-05-23,Equity,0.20546118975087163
2020-05-23,Oil,0.086014672182161
2020-05-23,Gold,0.036279808605249333
2020-05-23,Bond,0.621488959485845
2020-05-24,Equity,0.2068838044389722
2020-05-24,Oil,0.08619948633161943
2020-05-24,Gold,0.03586007239199343
2020-05-24,Bond,0.6203242283589663
2020-05-25,Equity,0.20424845405047326
2020-05-25,Oil,0.08642872540579875
2020-05-25,Gold,0.03563301928133185
2020-05-25,Bond,0.623218616732651
2020-05-26,Equity,0.2047862718015933
2020-05-26,Oil,0.08630819621918313
2020-05-26,Gold,0.035875441396978215
2020-05-26,Bond,0.6220019858671341
2020-05-27,Equity,0.6099630485742747
2020-05-27,Oil,0.012602542325914765
2020-05-27,Gold,0.025205084651829534
2020-05-27,Bond,0.3024610158219544
2020-05-28,Equity,0.6138099831973367
2020-05-28,Oil,0.012671375853224264
2020-05-28,Gold,0.02503248060444262
2020-05-28,Bond,0.2987065232278109
2020-05-29,Equity,0.6122225505596348
2020-05-29,Oil,0.012785248345910234
2020-05-29,Gold,0.025128596380077098
2020-05-29,Bond,0.29978556344771917
2020-05-30,Equity,0.6088246489501379
2020-05-30,Oil,0.013038252696916837
2020-05-30,Gold,0.025563992372844412
2020-05-30,Bond,0.3016318459927755
2020-05-31,Equity,0.6065319453813361
2020-05-31,Oil,0.013251271329379066
2020-05-31,Gold,0.02591211069059038
2020-05-31,Bond,0.3027101937753347
2020-06-01,Equity,0.6039122381310756
2020-06-01,Oil,0.01325011367106306
2020-06-01,Gold,0.026158290383705665
2020-06-01,Bond,0.3047373662756853
2020-06-02,Equity,0.6057656872598624
2020-06-02,Oil,0.0132768843522921
2020-06-02,Gold,0.026104829399539307
2020-06-02,Bond,0.3029264039218596
2020-06-03,Equity,0.602968166202626
2020-06-03,Oil,0.013265313322633759
2020-06-03,Gold,0.025801968137579515
2020-06-03,Bond,0.3062354379959751
2020-06-04,Equity,0.6030888051144933
2020-06-04,Oil,0.013049903338229214
2020-06-04,Gold,0.025585944032713765
2020-06-04,Bond,0.30702141247148446
2020-06-05,Equity,0.5992998338345495
2020-06-05,Oil,0.013332543820226365
2020-06-05,Gold,0.025611053601599553
2020-06-05,Bond,0.3103604902943927
2020-06-06,Equity,0.596862431389182
2020-06-06,Oil,0.013384729595334457
2020-06-06,Gold,0.02585331134778731
2020-06-06,Bond,0.3125461829434527
2020-06-07,Equity,0.6007337699065067
2020-06-07,Oil,0.013081425317698691
2020-06-07,Gold,0.025866222731353066
2020-06-07,Bond,0.30952744154909445
2020-06-08,Equity,0.5976401603358468
2020-06-08,Oil,0.01314455510996016
2020-06-08,Gold,0.025469099650314006
2020-06-08,Bond,0.3130439136726649
2020-06-09,Equity,0.5987112940413186
2020-06-09,Oil,0.013011153079242126
2020-06-09,Gold,0.02561514062080479
2020-06-09,Bond,0.3119831484143489
2020-06-10,Equity,0.5929688960351728
2020-06-10,Oil,0.013073707519127929
2020-06-10,Gold,0.025746184404528118
2020-06-10,Bond,0.3176875279281593
2020-06-11,Equity,0.5943114966910223
2020-06-11,Oil,0.013285938068760305
2020-06-11,Gold,0.025517007815729985
2020-06-11,Bond,0.3161331376550342
2020-06-12,Equity,0.5975476464306264
2020-06-12,Oil,0.013186282964547838
2020-06-12,Gold,0.02568270187435229
2020-06-12,Bond,0.31279653958173775
2020-06-13,Equity,0.6015080598558373
2020-06-13,Oil,0.013314396019213292
2020-06-13,Gold,0.025914747591311564
2020-06-13,Bond,0.3084741910293708
2020-06-14,Equity,0.604165686365257
2020-06-14,Oil,0.013412685196397649
2020-06-14,Gold,0.025752790608380118
2020-06-14,Bond,0.3057160600778898
2020-06-15,Equity,0.6065151978913527
2020-06-15,Oil,0.013611311616043672
2020-06-15,Gold,0.02585901400572254
2020-06-15,Bond,0.3027304697698952
2020-06-16,Equity,0.6062457552770638
2020-06-16,Oil,0.013847749226814681
2020-06-16,Gold,0.02586203437904036
2020-06-16,Bond,0.30284993886523903
2020-06-17,Equity,0.4391364665900395
2020-06-17,Oil,0.19162318542110815
2020-06-17,Gold,0.07984299392546174
2020-06-17,Bond,0.23952898177638518
2020-06-18,Equity,0.43954836866552327
2020-06-18,Oil,0.19077334083456637
2020-06-18,Gold,0.07930254776810203
2020-06-18,Bond,0.2403529127932597
2020-06-19,Equity,0.44216563265385656
2020-06-19,Oil,0.18957870522804915
2020-06-19,Gold,0.08043534634842599
2020-06-19,Bond,0.23766658582349395
2020-06-20,Equity,0.44649962074694094
2020-06-20,Oil,0.18801659950524818
2020-06-20,Gold,0.0788103487205115
2020-06-20,Bond,0.23652551417803772
2020-06-21,Equity,0.44295645263575284
2020-06-21,Oil,0.18808750762193116
2020-06-21,Gold,0.07995227196506405
2020-06-21,Bond,0.23879824386807982
2020-06-22,Equity,0.44240025006176803
2020-06-22,Oil,0.18882759519803882
2020-06-22,Gold,0.08043489460745187
2020-06-22,Bond,0.23810584540524696
2020-06-23,Equity,0.4407496810594203
2020-06-23,Oil,0.19054992084782515
2020-06-23,Gold,0.08044255115036032
2020-06-23,Bond,0.23770832328337396
2020-06-24,Equity,0.4402235530519078
2020-06-24,Oil,0.1927581024640498
2020-06-24,Gold,0.08140505249485726
2020-06-24,Bond,0.23489921495843505
2020-06-25,Equity,0.443491629876755
2020-06-25,Oil,0.1922808917000212
2020-06-25,Gold,0.08034666332166641
2020-06-25,Bond,0.23329886782524828
2020-06-26,Equity,0.4416037524100904
2020-06-26,Oil,0.19531076385896434
2020-06-26,Gold,0.08052754136103897
2020-06-26,Bond,0.23192035828803698
2020-06-27,Equity,0.44159861708983694
2020-06-27,Oil,0.19497935990378135
2020-06-27,Gold,0.08079641753904572
2020-06-27,Bond,0.23193997778258404
2020-06-28,Equity,0.435627319184648
2020-06-28,Oil,0.20010637003111031
2020-06-28,Gold,0.08088655784839047
2020-06-28,Bond,0.23275725654820303
2020-06-29,Equity,0.43428179035225256
2020-06-29,Oil,0.20186990587803533
2020-06-29,Gold,0.08041238349422211
2020-06-29,Bond,0.232685810501622
2020-06-30,Equity,0.43121552958729437
2020-06-30,Oil,0.2018348908046391
2020-06-30,Gold,0.08068926339749778
2020-06-30,Bond,0.2350822069141767
2020-07-01,Equity,0.43230317027811926
2020-07-01,Oil,0.1996314333247033
2020-07-01,Gold,0.08076992967845982
2020-07-01,Bond,0.2361310832325428
2020-07-02,Equity,0.43429316866931245
2020-07-02,Oil,0.20077990475647695
2020-07-02,Gold,0.08025820911633227
2020-07-02,Bond,0.23345766358890838
2020-07-03,Equity,0.43329740338540007
2020-07-03,Oil,0.19920019301800446
2020-07-03,Gold,0.0800218093246759
2020-07-03,Bond,0.2365587984952343
2020-07-04,Equity,0.43463400625825455
2020-07-04,Oil,0.20044086614658582
2020-07-04,Gold,0.07945786702521142
2020-07-04,Bond,0.23459285335263716
2020-07-05,Equity,0.434181346234737
2020-07-05,Oil,0.20050165433366463
2020-07-05,Gold,0.07990175017563063
2020-07-05,Bond,0.2347656741341849
2020-07-06,Equity,0.43110359591251873
2020-07-06,Oil,0.20199505776895682
2020-07-06,Gold,0.08182424788538237
2020-07-06,Bond,0.2340130925006828
2020-07-07,Equity,0.42990089591563724
2020-07-07,Oil,0.2013127017853584
2020-07-07,Gold,0.08199703785246162
2020-07-07,Bond,0.23546508108047448
2020-07-08,Equity,0.3507122022075522
2020-07-08,Oil,0.12753170989365534
2020-07-08,Gold,0.2791097811874818
2020-07-08,Bond,0.191297564840483
2020-07-09,Equity,0.3489442490366877
2020-07-09,Oil,0.12691046626917965
2020-07-09,Gold,0.2784014393697018
2020-07-09,Bond,0.19441656486603143
2020-07-10,Equity,0.347650455193299
2020-07-10,Oil,0.12864266520349868
2020-07-10,Gold,0.2771870293025233
2020-07-10,Bond,0.19493566797594805
2020-07-11,Equity,0.34699085579306516
2020-07-11,Oil,0.12872356959686446
2020-07-11,Gold,0.27559242955260027
2020-07-11,Bond,0.19718691078300823
2020-07-12,Equity,0.3528587859441309
2020-07-12,Oil,0.12613903225025083
2020-07-12,Gold,0.27367838795064264
2020-07-12,Bond,0.1962190290593778
2020-07-13,Equity,0.3549871466551152
2020-07-13,Oil,0.12612927950730998
2020-07-13,Gold,0.26834539661838297
2020-07-13,Bond,0.1995257839878366
2020-07-14,Equity,0.3589788640713426
2020-07-14,Oil,0.1260964030719964
2020-07-14,Gold,0.2689209976069567
2020-07-14,Bond,0.1952007690154969
2020-07-15,Equity,0.36084773603687426
2020-07-15,Oil,0.1246097141893771
2020-07-15,Gold,0.2683403877833748
2020-07-15,Bond,0.19555246917457908
2020-07-16,Equity,0.3614368599874454
2020-07-16,Oil,0.12513033164725695
2020-07-16,Gold,0.2717530495354983
2020-07-16,Bond,0.19089657891288084
2020-07-17,Equity,0.36083001337637466
2020-07-17,Oil,0.12500510069590245
2020-07-17,Gold,0.27297814331844356
2020-07-17,Bond,0.19048390876917692
2020-07-18,Equity,0.36251497824760737
2020-07-18,Oil,0.12309270971837072
2020-07-18,Gold,0.27221826353783507
2020-07-18,Bond,0.19167296591710004
2020-07-19,Equity,0.3622692150543322
2020-07-19,Oil,0.1231439508651956
2020-07-19,Gold,0.2703950817843726
2020-07-19,Bond,0.19385008580043317
2020-07-20,Equity,0.35934555722270956
2020-07-20,Oil,0.12319128545184165
2020-07-20,Gold,0.27311398557251076
2020-07-20,Bond,0.19426978111123863
2020-07-21,Equity,0.36021038710787695
2020-07-21,Oil,0.12306442030956682
2020-07-21,Gold,0.27581410303047155
2020-07-21,Bond,0.1914221751222699
2020-07-22,Equity,0.360725894260154
2020-07-22,Oil,0.12399345517236861
2020-07-22,Gold,0.27405214738261
2020-07-22,Bond,0.19188868156432884
2020-07-23,Equity,0.3552802306575474
2020-07-23,Oil,0.12217962346646344
2020-07-23,Gold,0.27665784821426026
2020-07-23,Bond,0.19658980989199254
2020-07-24,Equity,0.3559144704684622
2020-07-24,Oil,0.12147412993206055
2020-07-24,Gold,0.27569669321507667
2020-07-24,Bond,0.19744507498311176
2020-07-25,Equity,0.35570301143379474
2020-07-25,Oil,0.12196754541674854
2020-07-25,Gold,0.2737807988553901
2020-07-25,Bond,0.19913323562109123
2020-07-26,Equity,0.35523228864311207
2020-07-26,Oil,0.12292965736292095
2020-07-26,Gold,0.2734680470574109
2020-07-26,Bond,0.19882003250521244
2020-07-27,Equity,0.3527071225860362
2020-07-27,Oil,0.12315952962234172
2020-07-27,Gold,0.2744445779284928
2020-07-27,Bond,0.20030116538155418
2020-07-28,Equity,0.35044719519232115
2020-07-28,Oil,0.12770879512220668
2020-07-28,Gold,0.2708987191597104
2020-07-28,Bond,0.20166893872104974
2020-07-29,Equity,0.16696753878384524
2020-07-29,Oil,0.0910732029730065
2020-07-29,Gold,0.14571712475681034
2020-07-29,Bond,0.5464392178380387
2020-07-30,Equity,0.16316265561220933
2020-07-30,Oil,0.09179820812481423
2020-07-30,Gold,0.14658705345541248
2020-07-30,Bond,0.5488195243073762
2020-07-31,Equity,0.16123973727723878
2020-07-31,Oil,0.09218629237268737
2020-07-31,Gold,0.14677683097802752
2020-07-31,Bond,0.5504279915642805
2020-08-01,Equity,0.16001675644727578
2020-08-01,Oil,0.09245449294897151
2020-08-01,Gold,0.14581902907954095
2020-08-01,Bond,0.5525184161988467
2020-08-02,Equity,0.15811445218087947
2020-08-02,Oil,0.09229568885442463
2020-08-02,Gold,0.1472445443303886
2020-08-02,Bond,0.5530834395801916
2020-08-03,Equity,0.15623793813252274
2020-08-03,Oil,0.09284118450735622
2020-08-03,Gold,0.1427684886880606
2020-08-03,Bond,0.558974029541498
2020-08-04,Equity,0.15673327702805623
2020-08-04,Oil,0.09265276353583705
2020-08-04,Gold,0.1442185797952107
2020-08-04,Bond,0.5569360670419349
2020-08-05,Equity,0.15809037847647917
2020-08-05,Oil,0.09227759817760073
2020-08-05,Gold,0.14420589375906476
2020-08-05,Bond,0.5560502925669677
2020-08-06,Equity,0.15978169412801785
2020-08-06,Oil,0.09192162970681916
2020-08-06,Gold,0.14165131838090306
2020-08-06,Bond,0.5572206840183438
2020-08-07,Equity,0.1599744289085667
2020-08-07,Oil,0.09119247872779537
2020-08-07,Gold,0.14098427827481066
2020-08-07,Bond,0.5588563208269592
2020-08-08,Equity,0.1590042895771114
2020-08-08,Oil,0.09370386636237807
2020-08-08,Gold,0.14239113490590244
2020-08-08,Bond,0.5557108479109185
2020-08-09,Equity,0.15918616301528568
2020-08-09,Oil,0.09228049502972852
2020-08-09,Gold,0.14024717656649738
2020-08-09,Bond,0.5589304521957124
2020-08-10,Equity,0.1614535288792725
2020-08-10,Oil,0.09308210650450308
2020-08-10,Gold,0.13884042724841109
2020-08-10,Bond,0.5571799679403178
2020-08-11,Equity,0.15875749702198463
2020-08-11,Oil,0.09166698049287343
2020-08-11,Gold,0.1418509107495635
2020-08-11,Bond,0.5582407040396995
2020-08-12,Equity,0.15790804189682592
2020-08-12,Oil,0.09116512196013234
2020-08-12,Gold,0.14147775859821857
2020-08-12,Bond,0.5600032837317708
2020-08-13,Equity,0.15895503535861896
2020-08-13,Oil,0.09256848392181045
2020-08-13,Gold,0.14349290971410486
2020-08-13,Bond,0.5553203898315885
2020-08-14,Equity,0.15532599432905767
2020-08-14,Oil,0.09206985346689715
2020-08-14,Gold,0.14424448491423067
2020-08-14,Bond,0.5589957437161059
2020-08-15,Equity,0.15558178647827167
2020-08-15,Oil,0.09084247539803196
2020-08-15,Gold,0.14443157831501985
2020-08-15,Bond,0.5599105402576698
2020-08-16,Equity,0.1582497782954436
2020-08-16,Oil,0.09033338532376817
2020-08-16,Gold,0.14613216914894792
2020-08-16,Bond,0.5559755058892184
2020-08-17,Equity,0.1605822704983547
2020-08-17,Oil,0.09116663426606555
2020-08-17,Gold,0.1434187236911971
2020-08-17,Bond,0.5554054233834188
2020-08-18,Equity,0.15916979059674344
2020-08-18,Oil,0.08986674594710872
2020-08-18,Gold,0.1420822132042697
2020-08-18,Bond,0.5598018968255926
2020-08-19,Equity,0.1964405553387756
2020-08-19,Oil,0.0964344544390353
2020-08-19,Gold,0.03571646460705012
2020-08-19,Bond,0.6214664841626718
2020-08-20,Equity,0.19502551276894883
2020-08-20,Oil,0.09744158645617906
2020-08-20,Gold,0.03544863180389835
2020-08-20,Bond,0.6216436400375738
2020-08-21,Equity,0.19657833295646052
2020-08-21,Oil,0.09730828760001253
2020-08-21,Gold,0.0354375358015747
2020-08-21,Bond,0.6199749234815631
2020-08-22,Equity,0.1949739792324478
2020-08-22,Oil,0.09890654976023187
2020-08-22,Gold,0.03502176087912496
2020-08-22,Bond,0.6206571346661641
2020-08-23,Equity,0.1937157643863933
2020-08-23,Oil,0.09904109317578039
2020-08-23,Gold,0.03486222638197285
2020-08-23,Bond,0.6221909004942109
2020-08-24,Equity,0.19382584619744042
2020-08-24,Oil,0.0970099182863207
2020-08-24,Gold,0.0348386430172452
2020-08-24,Bond,0.6241591705887504
2020-08-25,Equity,0.1947414552236111
2020-08-25,Oil,0.0972722940030584
2020-08-25,Gold,0.034914459656652685
2020-08-25,Bond,0.6228633907681427
2020-08-26,Equity,0.1916129719536727
2020-08-26,Oil,0.09646902660672642
2020-08-26,Gold,0.03491699976475565
2020-08-26,Bond,0.626876597262382
2020-08-27,Equity,0.19029138199436005
2020-08-27,Oil,0.0975758296039503
2020-08-27,Gold,0.035134604570998235
2020-08-27,Bond,0.6267290374739423
2020-08-28,Equity,0.1911281915480556
2020-08-28,Oil,0.09748076699294088
2020-08-28,Gold,0.03504197302645145
2020-08-28,Bond,0.6257293098718408
2020-08-29,Equity,0.1865882966803559
2020-08-29,Oil,0.0967620187071319
2020-08-29,Gold,0.03457204699270117
2020-08-29,Bond,0.6317734261063985
2020-08-30,Equity,0.1861318583487448
2020-08-30,Oil,0.09688092993493949
2020-08-30,Gold,0.034427475819236296
2020-08-30,Bond,0.6324474062684119
2020-08-31,Equity,0.18816858267052713
2020-08-31,Oil,0.09797339933538768
2020-08-31,Gold,0.03450821074199445
2020-08-31,Bond,0.629109238907648
2020-09-01,Equity,0.19043649886926534
2020-09-01,Oil,0.09661675143784831
2020-09-01,Gold,0.034070677217145136
2020-09-01,Bond,0.6287329217763548
2020-09-02,Equity,0.1905433804898692
2020-09-02,Oil,0.09625529800628667
2020-09-02,Gold,0.034427291046785276
2020-09-02,Bond,0.6286510888035017
2020-09-03,Equity,0.19393393277583598
2020-09-03,Oil,0.09568182588693107
2020-09-03,Gold,0.034635231364524975
2020-09-03,Bond,0.6256874908771649
2020-09-04,Equity,0.19377384700668404
2020-09-04,Oil,0.09501356890016642
2020-09-04,Gold,0.03432242311274567
2020-09-04,Bond,0.6268524339252671
2020-09-05,Equity,0.19262368372506192
2020-09-05,Oil,0.09734767566769753
2020-09-05,Gold,0.0344782888305443
2020-09-05,Bond,0.6251805480473845
2020-09-06,Equity,0.19127780964231977
2020-09-06,Oil,0.09711410457460229
2020-09-06,Gold,0.034951911638547224
2020-09-06,Bond,0.6266103127186219
2020-09-07,Equity,0.19118922775788083
2020-09-07,Oil,0.09605023145835542
2020-09-07,Gold,0.03506391186215549
2020-09-07,Bond,0.6275709550634526
2020-09-08,Equity,0.19372952764732204
2020-09-08,Oil,0.09771818591721317
2020-09-08,Gold,0.03548702272880361
2020-09-08,Bond,0.6225350679801842
2020-09-09,Equity,0.21154109450051695
2020-09-09,Oil,0.10000124467297164
2020-09-09,Gold,0.03846201718191217
2020-09-09,Bond,0.6000074680378299
2020-09-10,Equity,0.2124611424022827
2020-09-10,Oil,0.10127649731544737
2020-09-10,Gold,0.03843187352102809
2020-09-10,Bond,0.5977248466923661
2020-09-11,Equity,0.21812167528871879
2020-09-11,Oil,0.1014215416220897
2020-09-11,Gold,0.03967119078828752
2020-09-11,Bond,0.5898399913903758
2020-09-12,Equity,0.21768634286724775
2020-09-12,Oil,0.10116419951656651
2020-09-12,Gold,0.03980768405439044
2020-09-12,Bond,0.5902787728064623
2020-09-13,Equity,0.21699839511271843
2020-09-13,Oil,0.10158150955483487
2020-09-13,Gold,0.03944069527010206
2020-09-13,Bond,0.5913512544394345
2020-09-14,Equity,0.21776992075543308
2020-09-14,Oil,0.10093990144277228
2020-09-14,Gold,0.03947292690683981
2020-09-14,Bond,0.5911516026058007
2020-09-15,Equity,0.21673599905908097
2020-09-15,Oil,0.10079260268773162
2020-09-15,Gold,0.0402524285281831
2020-09-15,Bond,0.5918512947115837
2020-09-16,Equity,0.2164404534294725
2020-09-16,Oil,0.10150456822293108
2020-09-16,Gold,0.040239975233720374
2020-09-16,Bond,0.5914829507711568
2020-09-17,Equity,0.21514704159980916
2020-09-17,Oil,0.10124603516756871
2020-09-17,Gold,0.040176377150959945
2020-09-17,Bond,0.592759171654684
2020-09-18,Equity,0.21572084328077334
2020-09-18,Oil,0.1017135866998821
2020-09-18,Gold,0.04012213905122508
2020-09-18,Bond,0.5915077468391607
2020-09-19,Equity,0.21767969961239256
2020-09-19,Oil,0.09955255445162989
2020-09-19,Gold,0.04088132313122902
2020-09-19,Bond,0.5903905731635394
2020-09-20,Equity,0.21560998463017927
2020-09-20,Oil,0.09830899169987976
2020-09-20,Gold,0.04020784724072516
2020-09-20,Bond,0.5944969833155597
2020-09-21,Equity,0.21240767441091313
2020-09-21,Oil,0.0979252992369405
2020-09-21,Gold,0.04033353001120838
2020-09-21,Bond,0.5980284037506712
2020-09-22,Equity,0.21215085529443273
2020-09-22,Oil,0.09713313208226573
2020-09-22,Gold,0.040217426134599533
2020-09-22,Bond,0.5989695508452727
2020-09-23,Equity,0.21374518615233934
2020-09-23,Oil,0.09994578440967468
2020-09-23,Gold,0.03996219686649464
2020-09-23,Bond,0.5941841845018182
2020-09-24,Equity,0.21128885177925563
2020-09-24,Oil,0.09870851047552512
2020-09-24,Gold,0.03964551812946269
2020-09-24,Bond,0.5980981583476631
2020-09-25,Equity,0.21028731120598687
2020-09-25,Oil,0.09913007598561233
2020-09-25,Gold,0.040001438140760674
2020-09-25,Bond,0.5978675715092032
2020-09-26,Equity,0.2065123299200967
2020-09-26,Oil,0.09953855778110896
2020-09-26,Gold,0.040677368165894415
2020-09-26,Bond,0.6004100827351263
2020-09-27,Equity,0.20853108665553155
2020-09-27,Oil,0.10167028655620122
2020-09-27,Gold,0.04132974433592133
2020-09-27,Bond,0.5952477462634013
2020-09-28,Equity,0.21036460691139158
2020-09-28,Oil,0.10011807355628297
2020-09-28,Gold,0.04116627256725763
2020-09-28,Bond,0.5951845007505149
2020-09-29,Equity,0.210224771958029
2020-09-29,Oil,0.1012057822873163
2020-09-29,Gold,0.041534117365347435
2020-09-29,Bond,0.5939126780216847
2020-09-30,Equity,0.4020282353480267
2020-09-30,Oil,0.03654802139527516
2020-09-30,Gold,0.288987625377946
2020-09-30,Bond,0.21928812837165082
2020-10-01,Equity,0.3990874208861202
2020-10-01,Oil,0.036429184383996116
2020-10-01,Gold,0.28665431451441514
2020-10-01,Bond,0.22433138700226143
2020-10-02,Equity,0.39401054469677693
2020-10-02,Oil,0.03693786685439628
2020-10-02,Gold,0.2893780188363671
2020-10-02,Bond,0.2256789445673793
2020-10-03,Equity,0.39584636223292174
2020-10-03,Oil,0.037196179264238835
2020-10-03,Gold,0.28647542083439836
2020-10-03,Bond,0.22621794509479787
2020-10-04,Equity,0.3960292620025809
2020-10-04,Oil,0.03676363346479959
2020-10-04,Gold,0.2871119130262936
2020-10-04,Bond,0.22613924080933198
2020-10-05,Equity,0.39315865007029305
2020-10-05,Oil,0.03682792388931082
2020-10-05,Gold,0.2897388743074246
2020-10-05,Bond,0.22626196061330675
2020-10-06,Equity,0.3964118113058053
2020-10-06,Oil,0.03660151027655394
2020-10-06,Gold,0.2865367114578214
2020-10-06,Bond,0.2265622013296409
2020-10-07,Equity,0.3956052266340039
2020-10-07,Oil,0.036821310657306656
2020-10-07,Gold,0.2883499177609671
2020-10-07,Bond,0.22507367544478749
2020-10-08,Equity,0.398076588763204
2020-10-08,Oil,0.036894987610365707
2020-10-08,Gold,0.2874108869172343
2020-10-08,Bond,0.22371739052923773
2020-10-09,Equity,0.3966544536219861
2020-10-09,Oil,0.03764367401679856
2020-10-09,Gold,0.2911566777878756
2020-10-09,Bond,0.22041661949306474
2020-10-10,Equity,0.39211774136173116
2020-10-10,Oil,0.03774725403664721
2020-10-10,Gold,0.2919366478589787
2020-10-10,Bond,0.22324481105956856
2020-10-11,Equity,0.3913402602340569
2020-10-11,Oil,0.038244309042773234
2020-10-11,Gold,0.2912795312357827
2020-10-11,Bond,0.22463376289910114
2020-10-12,Equity,0.39225719465555986
2020-10-12,Oil,0.037941392819403306
2020-10-12,Gold,0.29081417489679895
2020-10-12,Bond,0.2238509161327232
2020-10-13,Equity,0.38802894684258993
2020-10-13,Oil,0.03805801372607392
2020-10-13,Gold,0.2944305715039212
2020-10-13,Bond,0.2240926635761757
2020-10-14,Equity,0.3896940798033299
2020-10-14,Oil,0.038262143725395985
2020-10-14,Gold,0.2974173428424319
2020-10-14,Bond,0.21926619132747485
2020-10-15,Equity,0.38830560204043496
2020-10-15,Oil,0.038574647306868805
2020-10-15,Gold,0.2970096936546808
2020-10-15,Bond,0.220454271657904
2020-10-16,Equity,0.38324644284424514
2020-10-16,Oil,0.03837410301521663
2020-10-16,Gold,0.30095797497601917
2020-10-16,Bond,0.22170919839753384
2020-10-17,Equity,0.3878667982836452
2020-10-17,Oil,0.038251059457027455
2020-10-17,Gold,0.2959231986179619
2020-10-17,Bond,0.22230960171857472
2020-10-18,Equity,0.3867036043178134
2020-10-18,Oil,0.03802657551820133
2020-10-18,Gold,0.29890918951062784
2020-10-18,Bond,0.22076446284156537
2020-10-19,Equity,0.3835277565400984
2020-10-19,Oil,0.03803459055786939
2020-10-19,Gold,0.3050967000433058
2020-10-19,Bond,0.21740436582693992
2020-10-20,Equity,0.38293247374607225
2020-10-20,Oil,0.03847735913192542
2020-10-20,Gold,0.30709737415451094
2020-10-20,Bond,0.215383770717773
2020-10-21,Equity,0.3963933149330761
2020-10-21,Oil,0.03653873933697446
2020-10-21,Gold,0.29230991469579565
2020-10-21,Bond,0.21923243602184678
2020-10-22,Equity,0.39563484108320207
2020-10-22,Oil,0.03617633144764019
2020-10-22,Gold,0.292334856309039
2020-10-22,Bond,0.22049685541788194
2020-10-23,Equity,0.39474785562173104
2020-10-23,Oil,0.036655925183199
2020-10-23,Gold,0.29179057558418203
2020-10-23,Bond,0.2212169839097899
2020-10-24,Equity,0.3927199434869398
2020-10-24,Oil,0.03639690846951172
2020-10-24,Gold,0.29652109536636195
2020-10-24,Bond,0.2193355477314374
2020-10-25,Equity,0.3930858264157181
2020-10-25,Oil,0.03689540725123799
2020-10-25,Gold,0.29640526886034313
2020-10-25,Bond,0.2182849172863173
2020-10-26,Equity,0.3891420532088959
2020-10-26,Oil,0.03694365515981995
2020-10-26,Gold,0.29884117130210064
2020-10-26,Bond,0.22001991169943283
2020-10-27,Equity,0.3891781503091135
2020-10-27,Oil,0.03688335665285865
2020-10-27,Gold,0.2986153827958012
2020-10-27,Bond,0.21990222077048902
2020-10-28,Equity,0.3890524764110057
2020-10-28,Oil,0.03635370544336984
2020-10-28,Gold,0.30074478658606085
2020-10-28,Bond,0.218917137615782
2020-10-29,Equity,0.38815867123687714
2020-10-29,Oil,0.03647114849692147
2020-10-29,Gold,0.30555742422002125
2020-10-29,Bond,0.2151136947076967
2020-10-30,Equity,0.3911441700059453
2020-10-30,Oil,0.036454495015527444
2020-10-30,Gold,0.30473337361212677
2020-10-30,Bond,0.21332657472937944
2020-10-31,Equity,0.39049180531292704
2020-10-31,Oil,0.03627459639469687
2020-10-31,Gold,0.30416359544820815
2020-10-31,Bond,0.2149854811765679
2020-11-01,Equity,0.3960545471800331
2020-11-01,Oil,0.03627612842144571
2020-11-01,Gold,0.3009273485760741
2020-11-01,Bond,0.21271859136247454
2020-11-02,Equity,0.3980684239631373
2020-11-02,Oil,0.03669012521440971
2020-11-02,Gold,0.29728262603650557
2020-11-02,Bond,0.21401257940547402
2020-11-03,Equity,0.39809527801774475
2020-11-03,Oil,0.03657112076790324
2020-11-03,Gold,0.2989658571780194
2020-11-03,Bond,0.2122774351482869
2020-11-04,Equity,0.3967047711943299
2020-11-04,Oil,0.036692948397166816
2020-11-04,Gold,0.30270721273346063
2020-11-04,Bond,0.2099206720711913
2020-11-05,Equity,0.4017847356459406
2020-11-05,Oil,0.03641599328863689
2020-11-05,Gold,0.2993847108582663
2020-11-05,Bond,0.20873914042586372
2020-11-06,Equity,0.4014709255592613
2020-11-06,Oil,0.03583810540580291
2020-11-06,Gold,0.30186780172211286
2020-11-06,Bond,0.20788441405069447
2020-11-07,Equity,0.40602415827686905
2020-11-07,Oil,0.036082553251151214
2020-11-07,Gold,0.29877706279554395
2020-11-07,Bond,0.20639882351073677
2020-11-08,Equity,0.4026806570169545
2020-11-08,Oil,0.03644736981496592
2020-11-08,Gold,0.3000044416025635
2020-11-08,Bond,0.208054852933825
2020-11-09,Equity,0.39682383717956193
2020-11-09,Oil,0.036896057253535335
2020-11-09,Gold,0.30193680692689423
2020-11-09,Bond,0.21131362749508298
2020-11-10,Equity,0.3953806242702642
2020-11-10,Oil,0.037560298815954477
2020-11-10,Gold,0.3030781003522157
2020-11-10,Bond,0.2106967838100092
2020-11-11,Equity,0.6461877585991285
2020-11-11,Oil,0.08655379764870562
2020-11-11,Gold,0.12694556988476818
2020-11-11,Bond,0.08655379764870556
2020-11-12,Equity,0.6450332206849136
2020-11-12,Oil,0.08755376165031059
2020-11-12,Gold,0.12675232875019524
2020-11-12,Bond,0.08665011461704414
2020-11-13,Equity,0.6443922577020237
2020-11-13,Oil,0.08717190483942149
2020-11-13,Gold,0.12684465373703796
2020-11-13,Bond,0.08764906595141045
2020-11-14,Equity,0.6437114474362889
2020-11-14,Oil,0.08775762732220042
2020-11-14,Gold,0.1271615489606275
2020-11-14,Bond,0.08724056458243641
2020-11-15,Equity,0.6386286708199758
2020-11-15,Oil,0.08849950456359125
2020-11-15,Gold,0.12922304580266167
2020-11-15,Bond,0.08899129136122026
2020-11-16,Equity,0.6390861639995654
2020-11-16,Oil,0.08826944986000324
2020-11-16,Gold,0.12974039089554573
2020-11-16,Bond,0.08844144218706287
2020-11-17,Equity,0.6380201574491785
2020-11-17,Oil,0.08862088510981742
2020-11-17,Gold,0.12917351688977066
2020-11-17,Bond,0.08983051248368945
2020-11-18,Equity,0.6410334732131157
2020-11-18,Oil,0.08714763379157768
2020-11-18,Gold,0.126843058572315
2020-11-18,Bond,0.09108536965469398
2020-11-19,Equity,0.6383617485052785
2020-11-19,Oil,0.08847786312736497
2020-11-19,Gold,0.12808045655137634
2020-11-19,Bond,0.09149979329098264
2020-11-20,Equity,0.6427916301772233
2020-11-20,Oil,0.08751246134578333
2020-11-20,Gold,0.12624102743454502
2020-11-20,Bond,0.08992353255434309
2020-11-21,Equity,0.6434573709997611
2020-11-21,Oil,0.08725782035228344
2020-11-21,Gold,0.12665511970900117
2020-11-21,Bond,0.08860207357462035
2020-11-22,Equity,0.6442539275855372
2020-11-22,Oil,0.08807734793155733
2020-11-22,Gold,0.12530306029060606
2020-11-22,Bond,0.08845855332079335
2020-11-23,Equity,0.6445375521871607
2020-11-23,Oil,0.08810121807527212
2020-11-23,Gold,0.12528037321656182
2020-11-23,Bond,0.08858432897591807
2020-11-24,Equity,0.6441057003637995
2020-11-24,Oil,0.08810186135946378
2020-11-24,Gold,0.12615237913665958
2020-11-24,Bond,0.0884759860932669
2020-11-25,Equity,0.6437805872860577
2020-11-25,Oil,0.08881341600475832
2020-11-25,Gold,0.12615536524312784
2020-11-25,Bond,0.0879928750884991
2020-11-26,Equity,0.6452395924431044
2020-11-26,Oil,0.08869242609360192
2020-11-26,Gold,0.12628878365277305
2020-11-26,Bond,0.08658748024145661
2020-11-27,Equity,0.6463038049614036
2020-11-27,Oil,0.08749857047584848
2020-11-27,Gold,0.12625194048205082
2020-11-27,Bond,0.08699700097632655
2020-11-28,Equity,0.6464815323177994
2020-11-28,Oil,0.08654301454363539
2020-11-28,Gold,0.12704997920394623
2020-11-28,Bond,0.08759471788060082
2020-11-29,Equity,0.6474088879577843
2020-11-29,Oil,0.08656664190917532
2020-11-29,Gold,0.12569890501810493
2020-11-29,Bond,0.0876248586472099
2020-11-30,Equity,0.6432270021143636
2020-11-30,Oil,0.08782564747390283
2020-11-30,Gold,0.1272329238329354
2020-11-30,Bond,0.08876608823111169
2020-12-01,Equity,0.6395861633420804
2020-12-01,Oil,0.08792812887271757
2020-12-01,Gold,0.12805008377178284
2020-12-01,Bond,0.09134748902054131
2020-12-02,Equity,0.49648960459065306
2020-12-02,Oil,0.060932815108852886
2020-12-02,Gold,0.12186563021770576
2020-12-02,Bond,0.26759485936288957
2020-12-03,Equity,0.49662496301481585
2020-12-03,Oil,0.06075119117960156
2020-12-03,Gold,0.12229180049571156
2020-12-03,Bond,0.2672028062358264
2020-12-04,Equity,0.49687537986292196
2020-12-04,Oil,0.060651656072995636
2020-12-04,Gold,0.12249242875272497
2020-12-04,Bond,0.2671569197913812
2020-12-05,Equity,0.4991427222348656
2020-12-05,Oil,0.06008467088741096
2020-12-05,Gold,0.12274707078119634
2020-12-05,Bond,0.26539989846953804
2020-12-06,Equity,0.4915696113236049
2020-12-06,Oil,0.05980540742388405
2020-12-06,Gold,0.12587312387168142
2020-12-06,Bond,0.26993835180469256
2020-12-07,Equity,0.4907519417062561
2020-12-07,Oil,0.060140224802339
2020-12-07,Gold,0.12643081271908
2020-12-07,Bond,0.26969710432213073
2020-12-08,Equity,0.49123436231209777
2020-12-08,Oil,0.060219052197259614
2020-12-08,Gold,0.12632077157520244
2020-12-08,Bond,0.26930624943105025
2020-12-09,Equity,0.49618804015726076
2020-12-09,Oil,0.05984759225134379
2020-12-09,Gold,0.12595105000875964
2020-12-09,Bond,0.26515289207686155
2020-12-10,Equity,0.4961572052689492
2020-12-10,Oil,0.059594451757393585
2020-12-10,Gold,0.12670921149052372
2020-12-10,Bond,0.26465376794843753
2020-12-11,Equity,0.5008419267023191
2020-12-11,Oil,0.059479170252041136
2020-12-11,Gold,0.12613053956014203
2020-12-11,Bond,0.26088764422830163
2020-12-12,Equity,0.502187328449291
2020-12-12,Oil,0.058458330990993436
2020-12-12,Gold,0.1257905688411242
2020-12-12,Bond,0.26105193034567886
2020-12-13,Equity,0.5057150437614761
2020-12-13,Oil,0.05782562130687699
2020-12-13,Gold,0.12621528389771505
2020-12-13,Bond,0.25756430400403607
2020-12-14,Equity,0.5044540178677264
2020-12-14,Oil,0.05733166496172885
2020-12-14,Gold,0.1258698634410481
2020-12-14,Bond,0.25973811331847513
2020-12-15,Equity,0.5059809628577997
2020-12-15,Oil,0.0573967154141294
2020-12-15,Gold,0.12551562811082617
2020-12-15,Bond,0.2583281300700328
2020-12-16,Equity,0.5041128368592784
2020-12-16,Oil,0.057173437367180634
2020-12-16,Gold,0.12516146167964218
2020-12-16,Bond,0.2611422139753889
2020-12-17,Equity,0.5015670827314013
2020-12-17,Oil,0.05784309036668032
2020-12-17,Gold,0.12441778751845475
2020-12-17,Bond,0.2639246772500029
2020-12-18,Equity,0.5030070463164622
2020-12-18,Oil,0.05786147560583297
2020-12-18,Gold,0.12415405228124997
2020-12-18,Bond,0.2631597872327513
2020-12-19,Equity,0.5072112029632876
2020-12-19,Oil,0.05774171934448654
2020-12-19,Gold,0.12423294128853166
2020-12-19,Bond,0.2590209741202934
2020-12-20,Equity,0.5112783156316193
2020-12-20,Oil,0.05750066077267594
2020-12-20,Gold,0.12326040899827446
2020-12-20,Bond,0.25637386810004487
2020-12-21,Equity,0.5091490760139896
2020-12-21,Oil,0.05728259859629439
2020-12-21,Gold,0.12598631754511916
2020-12-21,Bond,0.255673093727116
2020-12-22,Equity,0.5075412864932191
2020-12-22,Oil,0.057706878390106166
2020-12-22,Gold,0.1268131576292664
2020-12-22,Bond,0.25563560324948364
2020-12-23,Equity,0.5420903322622779
2020-12-23,Oil,0.010303995919850237
2020-12-23,Gold,0.1236479510382029
2020-12-23,Bond,0.2720254922840464
2020-12-24,Equity,0.5425655131243166
2020-12-24,Oil,0.010354708144222758
2020-12-24,Gold,0.12299220071799029
2020-12-24,Bond,0.27206790777653944
2020-12-25,Equity,0.5455698288572245
2020-12-25,Oil,0.010299574248307814
2020-12-25,Gold,0.12088009580347599
2020-12-25,Bond,0.2710780040150098
2020-12-26,Equity,0.5442489794937492
2020-12-26,Oil,0.01044419419131882
2020-12-26,Gold,0.12125300811076667
2020-12-26,Bond,0.27142279714230855
2020-12-27,Equity,0.5427324005583887
2020-12-27,Oil,0.010731280212739615
2020-12-27,Gold,0.12009631901632402
2020-12-27,Bond,0.2731848281599445
2020-12-28,Equity,0.5426791388218942
2020-12-28,Oil,0.010693662943716344
2020-12-28,Gold,0.1195221259733007
2020-12-28,Bond,0.2739788313224338
2020-12-29,Equity,0.5422139300605809
2020-12-29,Oil,0.010809330226632094
2020-12-29,Gold,0.12211084710195348
2020-12-29,Bond,0.27138030528254786
2020-12-30,Equity,0.5443975457387528
2020-12-30,Oil,0.01085026155059121
2020-12-30,Gold,0.12063318829333554
2020-12-30,Bond,0.2708001347178462
2020-12-31,Equity,0.5436388817419066
2020-12-31,Oil,0.010858369205363655
2020-12-31,Gold,0.11868265401554172
2020-12-31,Bond,0.27324686768421413
2021-01-01,Equity,0.5430090914682916
2021-01-01,Oil,0.010967020656614184
2021-01-01,Gold,0.12140976504984699
2021-01-01,Bond,0.2706259479867285
2021-01-02,Equity,0.5397743979080877
2021-01-02,Oil,0.011153019868534378
2021-01-02,Gold,0.12286786318835621
2021-01-02,Bond,0.2713078252028478
2021-01-03,Equity,0.5429462866480663
2021-01-03,Oil,0.011090298552314616
2021-01-03,Gold,0.12203840258431317
2021-01-03,Bond,0.2693901359935408
2021-01-04,Equity,0.5420897900483886
2021-01-04,Oil,0.010911162809134577
2021-01-04,Gold,0.12195648762162227
2021-01-04,Bond,0.2709721985276057
2021-01-05,Equity,0.5362549911207617
2021-01-05,Oil,0.010959060729918013
2021-01-05,Gold,0.12310419986135519
2021-01-05,Bond,0.2753873380225482
2021-01-06,Equity,0.531654117312471
2021-01-06,Oil,0.011139579303598341
2021-01-06,Gold,0.12544835784908068
2021-01-06,Bond,0.2768433489906676
2021-01-07,Equity,0.5274018365658655
2021-01-07,Oil,0.011279154704709676
2021-01-07,Gold,0.1263225899595072
2021-01-07,Bond,0.2801948079163859
2021-01-08,Equity,0.5313336428361496
2021-01-08,Oil,0.011364599314268512
2021-01-08,Gold,0.12388229899148245
2021-01-08,Bond,0.27872984727204636
2021-01-09,Equity,0.5313026560024671
2021-01-09,Oil,0.01167263886904934
2021-01-09,Gold,0.12278083730180524
2021-01-09,Bond,0.2792684412986621
2021-01-10,Equity,0.5299274982936878
2021-01-10,Oil,0.011577384747451083
2021-01-10,Gold,0.1241626236365732
2021-01-10,Bond,0.2793856721254203
2021-01-11,Equity,0.5316065056401991
2021-01-11,Oil,0.011600338879780573
2021-01-11,Gold,0.12236792639913745
2021-01-11,Bond,0.2798476406160625
2021-01-12,Equity,0.5304771300540582
2021-01-12,Oil,0.011712114049050475
2021-01-12,Gold,0.12249396966107609
2021-01-12,Bond,0.280314250180964
2021-01-13,Equity,0.3371554150841915
2021-01-13,Oil,0.17839365695218168
2021-01-13,Gold,0.24520393824304837
2021-01-13,Bond,0.1839029536822863
2021-01-14,Equity,0.33924237332871676
2021-01-14,Oil,0.17766231556953815
2021-01-14,Gold,0.2451856674584492
2021-01-14,Bond,0.18234517927417168
2021-01-15,Equity,0.33919155544478286
2021-01-15,Oil,0.1766445527340946
2021-01-15,Gold,0.24497954066186697
2021-01-15,Bond,0.18347232811787842
2021-01-16,Equity,0.3377773717865051
2021-01-16,Oil,0.17639742516051604
2021-01-16,Gold,0.24381116924973703
2021-01-16,Bond,0.18604548448500638
2021-01-17,Equity,0.3408578368725476
2021-01-17,Oil,0.17303719466071638
2021-01-17,Gold,0.241741550303813
2021-01-17,Bond,0.1882824843824978
2021-01-18,Equity,0.3429435808717697
2021-01-18,Oil,0.1722886213288272
2021-01-18,Gold,0.242736840279206
2021-01-18,Bond,0.18589828865710484
2021-01-19,Equity,0.34619026355361754
2021-01-19,Oil,0.17117399831195332
2021-01-19,Gold,0.2410494261750363
2021-01-19,Bond,0.1853918183280434
2021-01-20,Equity,0.34545486943969217
2021-01-20,Oil,0.17132991499707448
2021-01-20,Gold,0.239450183217216
2021-01-20,Bond,0.18760387945460757
2021-01-21,Equity,0.34291782112057695
2021-01-21,Oil,0.17368551474545968
2021-01-21,Gold,0.2366826705001812
2021-01-21,Bond,0.1899749269280142
2021-01-22,Equity,0.3402250060551838
2021-01-22,Oil,0.17556630723621972
2021-01-22,Gold,0.23939409047954688
2021-01-22,Bond,0.18852713564303877
2021-01-23,Equity,0.3362621039348796
2021-01-23,Oil,0.17724319102654806
2021-01-23,Gold,0.241659828425031
2021-01-23,Bond,0.18854731914470124
2021-01-24,Equity,0.3321508409223198
2021-01-24,Oil,0.17763328629318806
2021-01-24,Gold,0.24239061375201648
2021-01-24,Bond,0.1910874378376389
2021-01-25,Equity,0.3326107632073696
2021-01-25,Oil,0.1767732690641691
2021-01-25,Gold,0.24121546471591693
2021-01-25,Bond,0.19242782126136315
2021-01-26,Equity,0.33290526157237943
2021-01-26,Oil,0.17762143797670593
2021-01-26,Gold,0.241209743915681
2021-01-26,Bond,0.1912984291348217
2021-01-27,Equity,0.33669071877263124
2021-01-27,Oil,0.17447408745362109
2021-01-27,Gold,0.24004479695852557
2021-01-27,Bond,0.1920910146151251
2021-01-28,Equity,0.33471447573569446
2021-01-28,Oil,0.1787985878061851
2021-01-28,Gold,0.2384679778296627
2021-01-28,Bond,0.19096870871180982
2021-01-29,Equity,0.33667474780892265
2021-01-29,Oil,0.18075152585499069
2021-01-29,Gold,0.23224633826557287
2021-01-29,Bond,0.19333023080705836
2021-01-30,Equity,0.33438715752435433
2021-01-30,Oil,0.18156303098190163
2021-01-30,Gold,0.23315633107988018
2021-01-30,Bond,0.19337117922950542
2021-01-31,Equity,0.33912394760810194
2021-01-31,Oil,0.1787229070796564
2021-01-31,Gold,0.22985312250973458
2021-01-31,Bond,0.1946991457419394
2021-02-01,Equity,0.3367083437904682
2021-02-01,Oil,0.18113329968697744
2021-02-01,Gold,0.23021466601539436
2021-02-01,Bond,0.1943509980921517
2021-02-02,Equity,0.3362035161274256
2021-02-02,Oil,0.1812605880589926
2021-02-02,Gold,0.23105156358579057
2021-02-02,Bond,0.19378511676167082
2021-02-03,Bond,0.2000450160025093
2021-02-04,Bond,0.2012365160607439
2021-02-05,Bond,0.20114177415728823
2021-02-06,Bond,0.2039606115159913
2021-02-07,Bond,0.20555595341024727
2021-02-08,Bond,0.20424370658527358
2021-02-09,Bond,0.200594553253759
2021-02-10,Bond,0.20076596570514704
2021-02-11,Bond,0.20299510560196968
2021-02-12,Bond,0.20398485766640923
2021-02-13,Bond,0.20655249185684854
2021-02-14,Bond,0.20557364705736686
2021-02-15,Bond,0.2053822706881001
2021-02-16,Bond,0.20523063115314563
2021-02-17,Bond,0.2056243693322947
2021-02-18,Bond,0.20688076554399787
2021-02-19,Bond,0.2095719930836531
2021-02-20,Bond,0.21264078144470613
2021-02-21,Bond,0.21544439394837137
2021-02-22,Bond,0.21657748215557351
2021-02-23,Bond,0.21599739073638594
2021-02-24,Equity,0.21331182982208136
2021-02-24,Oil,0.11635190717568075
2021-02-24,Gold,0.03878396905856024
2021-02-24,Bond,0.5750958842323532
2021-02-25,Equity,0.21343029286465687
2021-02-25,Oil,0.11747630586841241
2021-02-25,Gold,0.03878258437888486
2021-02-25,Bond,0.5743006737293508
2021-02-26,Equity,0.2124240914943206
2021-02-26,Oil,0.11723497971836157
2021-02-26,Gold,0.038980397647215954
2021-02-26,Bond,0.57532611494023
2021-02-27,Equity,0.21413872945303988
2021-02-27,Oil,0.11869884047122634
2021-02-27,Gold,0.03934648370734462
2021-02-27,Bond,0.5716303963865343
2021-02-28,Equity,0.21239861294144516
2021-02-28,Oil,0.11997301557995209
2021-02-28,Gold,0.0398033193281007
2021-02-28,Bond,0.5714016975807894
2021-03-01,Equity,0.2103647423931662
2021-03-01,Oil,0.12101866821132376
2021-03-01,Gold,0.03897133228913884
2021-03-01,Bond,0.5735037837765948
2021-03-02,Equity,0.21340973952244
2021-03-02,Oil,0.11982482523760377
2021-03-02,Gold,0.038698395960791165
2021-03-02,Bond,0.5719404243649535
2021-03-03,Equity,0.21440231001008864
2021-03-03,Oil,0.1204305074506744
2021-03-03,Gold,0.03810323380486075
2021-03-03,Bond,0.5710393082319518
2021-03-04,Equity,0.2146952330014101
2021-03-04,Oil,0.12152641007815529
2021-03-04,Gold,0.03811723881646572
2021-03-04,Bond,0.5697218793623522
2021-03-05,Equity,0.21574960883972366
2021-03-05,Oil,0.12042518670518473
2021-03-05,Gold,0.03793665103435741
2021-03-05,Bond,0.5694726795277176
2021-03-06,Equity,0.21635704107415338
2021-03-06,Oil,0.11939376618838769
2021-03-06,Gold,0.037312861932361836
2021-03-06,Bond,0.5703378896584209
2021-03-07,Equity,0.21497846543694474
2021-03-07,Oil,0.11795773716703033
2021-03-07,Gold,0.037534295066081746
2021-03-07,Bond,0.5724598110166068
2021-03-08,Equity,0.2155297428154964
2021-03-08,Oil,0.11832407531931335
2021-03-08,Gold,0.036927598128502964
2021-03-08,Bond,0.5718172175465515
2021-03-09,Equity,0.21726727518967975
2021-03-09,Oil,0.11968601042555964
2021-03-09,Gold,0.03718165968205235
2021-03-09,Bond,0.5682181153896926
2021-03-10,Equity,0.21705397852448363
2021-03-10,Oil,0.12141049336268737
2021-03-10,Gold,0.03669062717220582
2021-03-10,Bond,0.5672393368787617
2021-03-11,Equity,0.21629522613585878
2021-03-11,Oil,0.12110774420817508
2021-03-11,Gold,0.03626589880898882
2021-03-11,Bond,0.5689117725082047
2021-03-12,Equity,0.21356649303972938
2021-03-12,Oil,0.12234130062751539
2021-03-12,Gold,0.03523083330749131
2021-03-12,Bond,0.5717941780963856
2021-03-13,Equity,0.21397686119758952
2021-03-13,Oil,0.12199875054398224
2021-03-13,Gold,0.036213059026610234
2021-03-13,Bond,0.5701130953312212
2021-03-14,Equity,0.2108964839389166
2021-03-14,Oil,0.11939875369628263
2021-03-14,Gold,0.03552662571525799
2021-03-14,Bond,0.5767394334002277
2021-03-15,Equity,0.21016291095292708
2021-03-15,Oil,0.1192172749228221
2021-03-15,Gold,0.03536337942861564
2021-03-15,Bond,0.57787316851539
2021-03-16,Equity,0.2127962500482811
2021-03-16,Oil,0.12028910162716862
2021-03-16,Gold,0.03491334458548988
2021-03-16,Bond,0.5743240757154615
2021-03-17,Bond,0.20004453079734852
2021-03-18,Bond,0.19705712279540177
2021-03-19,Bond,0.19450368661822404
2021-03-20,Bond,0.19721486852918485
2021-03-21,Bond,0.1961100709120638
2021-03-22,Bond,0.196957867843669
2021-03-23,Bond,0.1967820611677552
2021-03-24,Bond,0.19681021254316805
2021-03-25,Bond,0.19739262415947564
2021-03-26,Bond,0.19411174505377268
2021-03-27,Bond,0.196182694525865
2021-03-28,Bond,0.19602708043969114
2021-03-29,Bond,0.19523355013845012
2021-03-30,Bond,0.19596991874680572
2021-03-31,Bond,0.19483617335364325
2021-04-01,Bond,0.19516301351514706
2021-04-02,Bond,0.19490334479302693
2021-04-03,Bond,0.19602145440698016
2021-04-04,Bond,0.19568450062975742
2021-04-05,Bond,0.1940684103144978
2021-04-06,Bond,0.1946357625343293
2021-04-07,Equity,0.20002365553579424
2021-04-08,Equity,0.19960735321325865
2021-04-09,Equity,0.19738359087175755
2021-04-10,Equity,0.19552095066559042
2021-04-11,Equity,0.1974052557038933
2021-04-12,Equity,0.1957051756406187
2021-04-13,Equity,0.19363006672431632
2021-04-14,Equity,0.1942390725264857
2021-04-15,Equity,0.19413160512706445
2021-04-16,Equity,0.1948307145407297
2021-04-17,Equity,0.19760000127298252
2021-04-18,Equity,0.1985097076190013
2021-04-19,Equity,0.19605416010958898
2021-04-20,Equity,0.1975287343932933
2021-04-21,Equity,0.19718036216943866
2021-04-22,Equity,0.1974463551249344
2021-04-23,Equity,0.1948394397511668
2021-04-24,Equity,0.1956301383571097
2021-04-25,Equity,0.19359026023673426
2021-04-26,Equity,0.19442565885053922
2021-04-27,Equity,0.19329597701238596
2021-04-28,Bond,0.20002366829661872
2021-04-29,Bond,0.1979576542349061
2021-04-30,Bond,0.19973540163506823
2021-05-01,Bond,0.20333553792422113
2021-05-02,Bond,0.20418826714512667
2021-05-03,Bond,0.20579148021058463
2021-05-04,Bond,0.20473587029149576
2021-05-05,Bond,0.20391695905420415
2021-05-06,Bond,0.20357706294027927
2021-05-07,Bond,0.20292533636821244
2021-05-08,Bond,0.20081177229534625
2021-05-09,Bond,0.2005348173922823
2021-05-10,Bond,0.2018790708369724
2021-05-11,Bond,0.19979493585159014
2021-05-12,Bond,0.20008148041293747
2021-05-13,Bond,0.20031917973756805
2021-05-14,Bond,0.19983693360800767
2021-05-15,Bond,0.20063207181164777
2021-05-16,Bond,0.20127863057172132
2021-05-17,Bond,0.20068055295578158
2021-05-18,Bond,0.20238770997028177
2021-05-19,Bond,0.20000019763879004
2021-05-20,Bond,0.20252964757753228
2021-05-21,Bond,0.2024223790403467
2021-05-22,Bond,0.20190339544691638
2021-05-23,Bond,0.20156768529698202
2021-05-24,Bond,0.20347071667247327
2021-05-25,Bond,0.20322982907855805
2021-05-26,Bond,0.20308794662645477
2021-05-27,Bond,0.2062801326994493
2021-05-28,Bond,0.2040875277962065
2021-05-29,Bond,0.2046677434751726
2021-05-30,Bond,0.20456772466746487
2021-05-31,Bond,0.2041602362563543
2021-06-01,Bond,0.2026155920245749
2021-06-02,Bond,0.2015450647254116
2021-06-03,Bond,0.20088914599035804
2021-06-04,Bond,0.2016861517841783
2021-06-05,Bond,0.20306214815665716
2021-06-06,Bond,0.20019873782495004
2021-06-07,Bond,0.19828173030519589
2021-06-08,Bond,0.1991541277431049
2021-06-09,Bond,0.20000000986619
2021-06-10,Bond,0.19766843363327927
2021-06-11,Bond,0.19905868318613248
2021-06-12,Bond,0.19903640892568458
2021-06-13,Bond,0.20023007611022184
2021-06-14,Bond,0.19886960325995276
2021-06-15,Bond,0.19666427726365346
2021-06-16,Bond,0.1961770997650662
2021-06-17,Bond,0.19576069380593245
2021-06-18,Bond,0.195257101648996
2021-06-19,Bond,0.19464470670906067
2021-06-20,Bond,0.19731217374078838
2021-06-21,Bond,0.19463386349344194
2021-06-22,Bond,0.19331292637579497
2021-06-23,Bond,0.19266101207750205
2021-06-24,Bond,0.19269832185712127
2021-06-25,Bond,0.1938068328340902
2021-06-26,Bond,0.19516250759467854
2021-06-27,Bond,0.19685899830411727
2021-06-28,Bond,0.1976213152840518
2021-06-29,Bond,0.19489241441752697
2021-07-21,Bond,0.20001200152013923
2021-07-22,Bond,0.20173323801919535
2021-07-23,Bond,0.19925219997887958
2021-07-24,Bond,0.19924971280123202
2021-07-25,Bond,0.2012510212288751
2021-07-26,Bond,0.20337607849420447
2021-07-27,Bond,0.2026759945847629
2021-07-28,Bond,0.20431179004516234
2021-07-29,Bond,0.20249231845396862
2021-07-30,Bond,0.2014167281542434
2021-07-31,Bond,0.20178759232966967
2021-08-01,Bond,0.20239671908718526
2021-08-02,Bond,0.20071062237851323
2021-08-03,Bond,0.2037148534228452
2021-08-04,Bond,0.20068626092320166
2021-08-05,Bond,0.20077322417064136
2021-08-06,Bond,0.20108776816133023
2021-08-07,Bond,0.19829590143031198
2021-08-08,Bond,0.20040934356088244
2021-08-09,Bond,0.19922539578575815
2021-08-10,Bond,0.199382512428365
2021-08-11,Bond,0.19990667352287161
2021-08-12,Bond,0.19759082273169365
2021-08-13,Bond,0.19589647126217272
2021-08-14,Bond,0.19837027719789993
2021-08-15,Bond,0.19826561282919858
2021-08-16,Bond,0.194013331051299
2021-08-17,Bond,0.19354164577038105
2021-08-18,Bond,0.19349029659864078
2021-08-19,Bond,0.193832858646064
2021-08-20,Bond,0.1907284805505264
2021-08-21,Bond,0.19068324646372858
2021-08-22,Bond,0.18940157996523468
2021-08-23,Bond,0.18974116424857113
2021-08-24,Bond,0.19052082560674677
2021-08-25,Bond,0.1911384708743324
2021-08-26,Bond,0.19331849499294282
2021-08-27,Bond,0.19675757794020496
2021-08-28,Bond,0.19497214189030873
2021-08-29,Bond,0.19437329162668934
2021-08-30,Bond,0.1955395123292821
2021-08-31,Bond,0.1953401342043651
2021-09-22,Bond,0.20001200152013923
2021-09-23,Bond,0.19978637332905516
2021-09-24,Bond,0.20112178638521275
2021-09-25,Bond,0.20012637627553634
2021-09-26,Bond,0.19916089758371147
2021-09-27,Bond,0.20048795237545922
2021-09-28,Bond,0.19734901305753766
2021-09-29,Bond,0.1985925219743217
2021-09-30,Bond,0.1994285602476824
2021-10-01,Bond,0.19858348122879202
2021-10-02,Bond,0.1986219712065428
2021-10-03,Bond,0.1989099965987378
2021-10-04,Bond,0.19928795742147443
2021-10-05,Bond,0.200391520239208
2021-10-06,Bond,0.19908882309047887
2021-10-07,Bond,0.20342535297327932
2021-10-08,Bond,0.2030924043551267
2021-10-09,Bond,0.20288096323556634
2021-10-10,Bond,0.20604409716207908
2021-10-11,Bond,0.203068044282862
2021-10-12,Bond,0.2062162619100267
2021-10-13,Bond,0.20000038213264154
2021-10-14,Bond,0.1991534476433645
2021-10-15,Bond,0.1973737125050817
2021-10-16,Bond,0.19537095418619427
2021-10-17,Bond,0.1948341631092281
2021-10-18,Bond,0.19527061603894755
2021-10-19,Bond,0.19625066303262115
2021-10-20,Bond,0.19667060629952174
2021-10-21,Bond,0.19586576978416234
2021-10-22,Bond,0.19798413203707943
2021-10-23,Bond,0.20226407503144586
2021-10-24,Bond,0.2046864365534136
2021-10-25,Bond,0.2041021675069567
2021-10-26,Bond,0.20491897842931087
2021-10-27,Bond,0.20584297240861732
2021-10-28,Bond,0.20847689722044188
2021-10-29,Bond,0.20791940081345703
2021-10-30,Bond,0.2063347670038352
2021-10-31,Bond,0.2081977534437239
2021-11-01,Bond,0.20886846639294662
2021-11-02,Bond,0.20704223595098584
2021-11-03,Bond,0.20000049214907895
2021-11-04,Bond,0.2029579326010599
2021-11-05,Bond,0.201837977922398
2021-11-06,Bond,0.20040639230078525
2021-11-07,Bond,0.20045457189904162
2021-11-08,Bond,0.2015471273571808
2021-11-09,Bond,0.2014265993700993
2021-11-10,Bond,0.20325754890508427
2021-11-11,Bond,0.20368007514486047
2021-11-12,Bond,0.20532584130729148
2021-11-13,Bond,0.204152190252815
2021-11-14,Bond,0.20216470484072915
2021-11-15,Bond,0.2016168058388824
2021-11-16,Bond,0.19945816979046282
2021-11-17,Bond,0.20011256115453638
2021-11-18,Bond,0.19690398684180366
2021-11-19,Bond,0.19618905883408075
2021-11-20,Bond,0.1957384988016962
2021-11-21,Bond,0.19409607726577455
2021-11-22,Bond,0.19361731931970835
2021-11-23,Bond,0.19362398861111557
2021-11-24,Equity,0.20002373963898024
2021-11-25,Equity,0.20041888896608015
2021-11-26,Equity,0.20333222637165624
2021-11-27,Equity,0.2047605524156805
2021-11-28,Equity,0.20587543980188083
2021-11-29,Equity,0.2061338349957592
2021-11-30,Equity,0.20477738961638625
2021-12-01,Equity,0.2051727218980256
2021-12-02,Equity,0.20874360694135724
2021-12-03,Equity,0.20959257874951717
2021-12-04,Equity,0.20868054221027799
2021-12-05,Equity,0.20799013105094835
2021-12-06,Equity,0.21033673102855166
2021-12-07,Equity,0.2094536462103465
2021-12-08,Equity,0.2091213471734663
2021-12-09,Equity,0.20723893137652702
2021-12-10,Equity,0.206782671971873
2021-12-11,Equity,0.20755958713630981
2021-12-12,Equity,0.2070723042328207
2021-12-13,Equity,0.2071127570940436
2021-12-14,Equity,0.2052258352302324
2021-12-15,Equity,0.20000025910727298
2021-12-16,Equity,0.20343357932661682
2021-12-17,Equity,0.20321657409643654
2021-12-18,Equity,0.20380485453331906
2021-12-19,Equity,0.20250641820756926
2021-12-20,Equity,0.20258996306996327
2021-12-21,Equity,0.2021531081666993
2021-12-22,Equity,0.20393354552054227
2021-12-23,Equity,0.2056480324874527
2021-12-24,Equity,0.20754686784010148
2021-12-25,Equity,0.20767896105866318
2021-12-26,Equity,0.21105551646230325
2021-12-27,Equity,0.21239701666112143
2021-12-28,Equity,0.21001545659943027
2021-12-29,Equity,0.2125860148157548
2021-12-30,Equity,0.21257638597087808
2021-12-31,Equity,0.2144882701677146
2022-01-01,Equity,0.2127197990909601
2022-01-02,Equity,0.21260055765203176
2022-01-03,Equity,0.21385870066985838
2022-01-04,Equity,0.21426915681377162
2022-01-05,Equity,0.14118204715956553
2022-01-05,Gold,0.05882585298315228
2022-01-06,Equity,0.13821395435116177
2022-01-06,Gold,0.0591205021161659
2022-01-07,Equity,0.1373356354435303
2022-01-07,Gold,0.05917691977484429
2022-01-08,Equity,0.13623426372101144
2022-01-08,Gold,0.05889498946282048
2022-01-09,Equity,0.13407893681167798
2022-01-09,Gold,0.05890111190422091
2022-01-10,Equity,0.1333146871617776
2022-01-10,Gold,0.058552607093343374
2022-01-11,Equity,0.13542321011927497
2022-01-11,Gold,0.05878007554658264
2022-01-12,Equity,0.13685726522266642
2022-01-12,Gold,0.05818556822156937
2022-01-13,Equity,0.13586783359206914
2022-01-13,Gold,0.05829236778279883
2022-01-14,Equity,0.135134341572342
2022-01-14,Gold,0.05864701370926552
2022-01-15,Equity,0.13443874069152276
2022-01-15,Gold,0.05877648459923839
2022-01-16,Equity,0.13539185931973266
2022-01-16,Gold,0.058223367867322504
2022-01-17,Equity,0.13581122291257097
2022-01-17,Gold,0.058575637641401605
2022-01-18,Equity,0.13498435081627128
2022-01-18,Gold,0.05858505650879579
2022-01-19,Equity,0.13451254398331033
2022-01-19,Gold,0.05706651882283123
2022-01-20,Equity,0.13585209959095929
2022-01-20,Gold,0.05645707031666741
2022-01-21,Equity,0.13754228628397516
2022-01-21,Gold,0.05708906682036446
2022-01-22,Equity,0.13636557737568758
2022-01-22,Gold,0.057964451474189584
2022-01-23,Equity,0.13618616906390701
2022-01-23,Gold,0.058261690445901
2022-01-24,Equity,0.13627481927462087
2022-01-24,Gold,0.058683116123339985
2022-01-25,Equity,0.13611444164708864
2022-01-25,Gold,0.05826966626425436
2022-01-26,Equity,0.20000723433135884
2022-01-27,Equity,0.19976368044081047
2022-01-28,Equity,0.20283147060769127
2022-01-29,Equity,0.204780273278737
2022-01-30,Equity,0.2036648114091678
2022-01-31,Equity,0.20377322537637008
2022-02-01,Equity,0.2021933318046892
2022-02-02,Equity,0.20156253630130988
2022-02-03,Equity,0.2029674151978935
2022-02-04,Equity,0.2033652457225013
2022-02-05,Equity,0.2068091530111321
2022-02-06,Equity,0.2048118626808629
2022-02-07,Equity,0.20475817874731486
2022-02-08,Equity,0.20393585429838645
2022-02-09,Equity,0.20342313256501643
2022-02-10,Equity,0.20349104450415295
2022-02-11,Equity,0.20239605102474736
2022-02-12,Equity,0.20394682816575052
2022-02-13,Equity,0.206805037065642
2022-02-14,Equity,0.2030001781299896
2022-02-15,Equity,0.20526309706459775
2022-02-16,Equity,0.14634658769590364
2022-02-16,Gold,0.053660415488498
2022-02-17,Equity,0.1466141528444994
2022-02-17,Gold,0.053449298602111145
2022-02-18,Equity,0.14586745944585566
2022-02-18,Gold,0.05339539778853109
2022-02-19,Equity,0.1452080356793964
2022-02-19,Gold,0.05310070845271555
2022-02-20,Equity,0.14481134881495886
2022-02-20,Gold,0.05322289885412307
2022-02-21,Equity,0.14533106498235485
2022-02-21,Gold,0.05328166491165602
2022-02-22,Equity,0.14485065594339014
2022-02-22,Gold,0.05298986299890831
2022-02-23,Equity,0.14479065627899093
2022-02-23,Gold,0.05274154482400541
2022-02-24,Equity,0.1436033269684976
2022-02-24,Gold,0.05286498581279121
2022-02-25,Equity,0.14321789629137138
2022-02-25,Gold,0.05173808906037783
2022-02-26,Equity,0.14281863636857126
2022-02-26,Gold,0.051065532488449084
2022-02-27,Equity,0.14265227200300265
2022-02-27,Gold,0.051883510124742495
2022-02-28,Equity,0.14085767007519062
2022-02-28,Gold,0.05215247025007875
2022-03-01,Equity,0.1404973404773356
2022-03-01,Gold,0.05191769248742678
2022-03-02,Equity,0.14036113286603982
2022-03-02,Gold,0.05110455561366583
2022-03-03,Equity,0.1405882762661191
2022-03-03,Gold,0.051063996881869946
2022-03-04,Equity,0.14221478941350676
2022-03-04,Gold,0.05144170013352036
2022-03-05,Equity,0.14189596172505847
2022-03-05,Gold,0.05275245340672019
2022-03-06,Equity,0.14027867228445187
2022-03-06,Gold,0.05379821339978051
2022-03-07,Equity,0.14050476291200426
2022-03-07,Gold,0.053338616144084625
2022-03-08,Equity,0.13968787315086734
2022-03-08,Gold,0.0531415722362759
2022-04-20,Gold,0.023159284386542446
2022-04-20,Bond,0.17685271713359682
2022-04-21,Gold,0.023222360841240085
2022-04-21,Bond,0.17675799660101416
2022-04-22,Gold,0.02294866766132158
2022-04-22,Bond,0.17865635026973073
2022-04-23,Gold,0.023230063703939374
2022-04-23,Bond,0.1767628119817348
2022-04-24,Gold,0.02340527031491256
2022-04-24,Bond,0.1763829634088354
2022-04-25,Gold,0.02333323508575041
2022-04-25,Bond,0.17738857673312425
2022-04-26,Gold,0.023090420187777787
2022-04-26,Bond,0.17889484336353867
2022-04-27,Gold,0.023184440452029217
2022-04-27,Bond,0.1767238410528231
2022-04-28,Gold,0.023078396073063612
2022-04-28,Bond,0.1753660606706948
2022-04-29,Gold,0.023324662664384644
2022-04-29,Bond,0.17292349470774943
2022-04-30,Gold,0.023486967500023357
2022-04-30,Bond,0.17165587339206279
2022-05-01,Gold,0.02422257702427684
2022-05-01,Bond,0.1697283752329167
2022-05-02,Gold,0.024095482254865824
2022-05-02,Bond,0.17050780184862582
2022-05-03,Gold,0.02401484646625729
2022-05-03,Bond,0.17084440557403247
2022-05-04,Gold,0.02398489547077041
2022-05-04,Bond,0.17063294585304048
2022-05-05,Gold,0.023957860977024053
2022-05-05,Bond,0.1706744182872181
2022-05-06,Gold,0.024149703553609837
2022-05-06,Bond,0.17232891920211263
2022-05-07,Gold,0.024127778603652957
2022-05-07,Bond,0.17085879382242733
2022-05-08,Gold,0.024677137281575785
2022-05-08,Bond,0.16806066210958054
2022-05-09,Gold,0.024787968619588468
2022-05-09,Bond,0.1690320879138109
2022-05-10,Gold,0.024687104415736825
2022-05-10,Bond,0.16850390243354382
2022-05-11,Gold,0.20002055581296055
2022-05-12,Gold,0.20169128128741323
2022-05-13,Gold,0.20173720603510664
2022-05-14,Gold,0.2017517966770454
2022-05-15,Gold,0.20078967640146314
2022-05-16,Gold,0.2006910906901979
2022-05-17,Gold,0.1996680764689146
2022-05-18,Gold,0.20185300322738725
2022-05-19,Gold,0.20301071724702102
2022-05-20,Gold,0.202728092635317
2022-05-21,Gold,0.20242202896213254
2022-05-22,Gold,0.20257088253371222
2022-05-23,Gold,0.20256193320534716
2022-05-24,Gold,0.2010205873706628
2022-05-25,Gold,0.19798507112565886
2022-05-26,Gold,0.19672147722558214
2022-05-27,Gold,0.19651847029274408
2022-05-28,Gold,0.1953560474947704
2022-05-29,Gold,0.1966471974106091
2022-05-30,Gold,0.19628543961579603
2022-05-31,Gold,0.1992579694885267
2022-06-01,Gold,0.022036240510028712
2022-06-01,Bond,0.17798501950407786
2022-06-02,Gold,0.022112810593638503
2022-06-02,Bond,0.17625755733952747
2022-06-03,Gold,0.022071826518030073
2022-06-03,Bond,0.17546963761321785
2022-06-04,Gold,0.022145391644905314
2022-06-04,Bond,0.1762545124072041
2022-06-05,Gold,0.022375622644659237
2022-06-05,Bond,0.17627661947504064
2022-06-06,Gold,0.022491326363576324
2022-06-06,Bond,0.1769019487060974
2022-06-07,Gold,0.022039412993369516
2022-06-07,Bond,0.17734539722138193
2022-06-08,Gold,0.0221225955712973
2022-06-08,Bond,0.17824753028786955
2022-06-09,Gold,0.02195632688116789
2022-06-09,Bond,0.17636042847225145
2022-06-10,Gold,0.021840354112291304
2022-06-10,Bond,0.17823679156199887
2022-06-11,Gold,0.022007035907816084
2022-06-11,Bond,0.17750231534856356
2022-06-12,Gold,0.02176508679630725
2022-06-12,Bond,0.17763014178532857
2022-06-13,Gold,0.0220360087948946
2022-06-13,Bond,0.17670947704727638
2022-06-14,Gold,0.021971124503727964
2022-06-14,Bond,0.176305451065001
2022-06-15,Gold,0.02243343034878582
2022-06-15,Bond,0.17655329363034308
2022-06-16,Gold,0.022419290232545377
2022-06-16,Bond,0.17762190703444886
2022-06-17,Gold,0.02275952065410435
2022-06-17,Bond,0.17887331996236813
2022-06-18,Gold,0.023009595925535437
2022-06-18,Bond,0.17946029059267654
2022-06-19,Gold,0.02289703076293989
2022-06-19,Bond,0.17860969654198688
2022-06-20,Gold,0.02259266802405717
2022-06-20,Bond,0.1792053794693232
2022-06-21,Gold,0.022608026375775605
2022-06-21,Bond,0.1795544854489553
2022-06-22,Gold,0.023423451774416338
2022-06-22,Bond,0.1765767902994462
2022-06-23,Gold,0.023765073155935647
2022-06-23,Bond,0.17728882012557426
2022-06-24,Gold,0.023761272816935436
2022-06-24,Bond,0.17544598982910967
2022-06-25,Gold,0.02377539240247005
2022-06-25,Bond,0.17254535611254773
2022-06-26,Gold,0.023405186761060993
2022-06-26,Bond,0.17430831453811732
2022-06-27,Gold,0.023506579331398866
2022-06-27,Bond,0.1741021933770708
2022-06-28,Gold,0.023221695418637226
2022-06-28,Bond,0.17474898774577255
2022-06-29,Gold,0.023357517574258295
2022-06-29,Bond,0.1734834937116711
2022-06-30,Gold,0.023438571410608188
2022-06-30,Bond,0.17527705872769472
2022-07-01,Gold,0.023253292478041754
2022-07-01,Bond,0.17581444968838947
2022-07-02,Gold,0.023478952197001097
2022-07-02,Bond,0.17551523269993274
2022-07-03,Gold,0.02340425477599317
2022-07-03,Bond,0.1759405179905876
2022-07-04,Gold,0.023140648794311602
2022-07-04,Bond,0.17348902278628464
2022-07-05,Gold,0.023477328890049557
2022-07-05,Bond,0.173962057131701
2022-07-06,Gold,0.02320605746326134
2022-07-06,Bond,0.17614689989997126
2022-07-07,Gold,0.02330831289953167
2022-07-07,Bond,0.17658407780180993
2022-07-08,Gold,0.023397744951338364
2022-07-08,Bond,0.1768373147407524
2022-07-09,Gold,0.02349999265397762
2022-07-09,Bond,0.1763601984066838
2022-07-10,Gold,0.023540286060838207
2022-07-10,Bond,0.1779229564765783
2022-07-11,Gold,0.023267018066579378
2022-07-11,Bond,0.17977142225297793
2022-07-12,Gold,0.023672838959573086
2022-07-12,Bond,0.17906426477948342
2022-07-13,Gold,0.02352943598032302
2022-07-13,Bond,0.1764707698524226
2022-07-14,Gold,0.02362913831991601
2022-07-14,Bond,0.1767886979634997
2022-07-15,Gold,0.02330696186032438
2022-07-15,Bond,0.17742964779628762
2022-07-16,Gold,0.02311686355734458
2022-07-16,Bond,0.17634474767145458
2022-07-17,Gold,0.0232187477201865
2022-07-17,Bond,0.17798365835587907
2022-07-18,Gold,0.02274567706976581
2022-07-18,Bond,0.17889442536047834
2022-07-19,Gold,0.02277181218485952
2022-07-19,Bond,0.18065356638241895
2022-07-20,Gold,0.02252259874053979
2022-07-20,Bond,0.17906256301192644
2022-07-21,Gold,0.02237440526282775
2022-07-21,Bond,0.1775492793627603
2022-07-22,Gold,0.021986571033506767
2022-07-22,Bond,0.18063293751264844
2022-07-23,Gold,0.021993721044774206
2022-07-23,Bond,0.18232710926317838
2022-07-24,Gold,0.02226808665130172
2022-07-24,Bond,0.18107031608685795
2022-07-25,Gold,0.022308765330355886
2022-07-25,Bond,0.1823470787551332
2022-07-26,Gold,0.02242784631523253
2022-07-26,Bond,0.18163498293499522
2022-07-27,Gold,0.022533637216845023
2022-07-27,Bond,0.17911682651957456
2022-07-28,Gold,0.022769246951329026
2022-07-28,Bond,0.17602225600952945
2022-07-29,Gold,0.022874294436016664
2022-07-29,Bond,0.1759716066088474
2022-07-30,Gold,0.02221371064997633
2022-07-30,Bond,0.17835529107589307
2022-07-31,Gold,0.022350319215396545
2022-07-31,Bond,0.1805593080393874
2022-08-01,Gold,0.02247459775115442
2022-08-01,Bond,0.18239858303986436
2022-08-02,Gold,0.022361140221314028
2022-08-02,Bond,0.18365454254603716
2022-08-03,Bond,0.2000022625705733
2022-08-04,Bond,0.20185179202520748
2022-08-05,Bond,0.1986315157845722
2022-08-06,Bond,0.20021173160259578
2022-08-07,Bond,0.1984227306640874
2022-08-08,Bond,0.19697502909046083
2022-08-09,Bond,0.19807802060054794
2022-08-10,Bond,0.1995573829455138
2022-08-11,Bond,0.1985852536444029
2022-08-12,Bond,0.19961566762647087
2022-08-13,Bond,0.2005165808014941
2022-08-14,Bond,0.2000190464276448
2022-08-15,Bond,0.20026533900676693
2022-08-16,Bond,0.20361886019940156
2022-08-17,Bond,0.20316265550795135
2022-08-18,Bond,0.20276293761908923
2022-08-19,Bond,0.20300553248062939
2022-08-20,Bond,0.20270968517361695
2022-08-21,Bond,0.20399028589906656
2022-08-22,Bond,0.2063863963483582
2022-08-23,Bond,0.20598266763262416
2022-08-24,Bond,0.20000027507559368
2022-08-25,Bond,0.2031788599539468
2022-08-26,Bond,0.20337289713456513
2022-08-27,Bond,0.2006253100554822
2022-08-28,Bond,0.20362858536735026
2022-08-29,Bond,0.2054609526826903
2022-08-30,Bond,0.20808742413597542
2022-08-31,Bond,0.21046077422916337
2022-09-01,Bond,0.21488953097216928
2022-09-02,Bond,0.2131452665097436
2022-09-03,Bond,0.21181389610087611
2022-09-04,Bond,0.2109932338220489
2022-09-05,Bond,0.21012745982596256
2022-09-06,Bond,0.21033159944077331
2022-09-07,Bond,0.20951907048935753
2022-09-08,Bond,0.20755573421192494
2022-09-09,Bond,0.20612116895015306
2022-09-10,Bond,0.20564090035713037
2022-09-11,Bond,0.20751644329776023
2022-09-12,Bond,0.20657191824926976
2022-09-13,Bond,0.20790261053301282
2022-09-14,Equity,0.47546688726690806
2022-09-14,Oil,0.01097240289296306
2022-09-14,Gold,0.11411299008681582
2022-09-14,Bond,0.3423389702604475
2022-09-15,Equity,0.47923788952808954
2022-09-15,Oil,0.011134055153957935
2022-09-15,Gold,0.11435954006737821
2022-09-15,Bond,0.3371902135958368
2022-09-16,Equity,0.4796792281548412
2022-09-16,Oil,0.011158473882837664
2022-09-16,Gold,0.1135830046894316
2022-09-16,Bond,0.3373892637763441
2022-09-17,Equity,0.48238397998446214
2022-09-17,Oil,0.011149262475583559
2022-09-17,Gold,0.11408267714559175
2022-09-17,Bond,0.3343631189906677
2022-09-18,Equity,0.4810764578252215
2022-09-18,Oil,0.01104805191555347
2022-09-18,Gold,0.11400166705279298
2022-09-18,Bond,0.33519361727840374
2022-09-19,Equity,0.48482970013656423
2022-09-19,Oil,0.011037609206900462
2022-09-19,Gold,0.11299381508445434
2022-09-19,Bond,0.3323690483160756
2022-09-20,Equity,0.48360093240529806
2022-09-20,Oil,0.011065942111756091
2022-09-20,Gold,0.11287207966967834
2022-09-20,Bond,0.33313715668209964
2022-09-21,Equity,0.48773577417094605
2022-09-21,Oil,0.010983808840227675
2022-09-21,Gold,0.11109233987628585
2022-09-21,Bond,0.33071174649468343
2022-09-22,Equity,0.4928233224644956
2022-09-22,Oil,0.010934921846270918
2022-09-22,Gold,0.10964435018926247
2022-09-22,Bond,0.32721911535781745
2022-09-23,Equity,0.4925200589418987
2022-09-23,Oil,0.011208787927013544
2022-09-23,Gold,0.11149788828011511
2022-09-23,Bond,0.32499223354110746
2022-09-24,Equity,0.4941088268494232
2022-09-24,Oil,0.011415854259637223
2022-09-24,Gold,0.11202640284296259
2022-09-24,Bond,0.32195244783780336
2022-09-25,Equity,0.4988076638297992
2022-09-25,Oil,0.011450068881048195
2022-09-25,Gold,0.11104656563195618
2022-09-25,Bond,0.3176703481819105
2022-09-26,Equity,0.4928894368524159
2022-09-26,Oil,0.011481946667351273
2022-09-26,Gold,0.11015490012929684
2022-09-26,Bond,0.3246278563000898
2022-09-27,Equity,0.4871922711730536
2022-09-27,Oil,0.011762491488842026
2022-09-27,Gold,0.11184783265517154
2022-09-27,Bond,0.3277310429231056
2022-09-28,Equity,0.4856162194487412
2022-09-28,Oil,0.0118363459274831
2022-09-28,Gold,0.10949122680358353
2022-09-28,Bond,0.33177318179036897
2022-09-29,Equity,0.4862265837335514
2022-09-29,Oil,0.011818619063122213
2022-09-29,Gold,0.11030866026420781
2022-09-29,Bond,0.33049136995478934
2022-09-30,Equity,0.4864442557936625
2022-09-30,Oil,0.011786314363396864
2022-09-30,Gold,0.10913709916651075
2022-09-30,Bond,0.33124889223702425
2022-10-01,Equity,0.4864014377820293
2022-10-01,Oil,0.011854439103228673
2022-10-01,Gold,0.10857391220056786
2022-10-01,Bond,0.33186154633994575
2022-10-02,Equity,0.4881792170010229
2022-10-02,Oil,0.01182004430007236
2022-10-02,Gold,0.10739439676892251
2022-10-02,Bond,0.33171562810676236
2022-10-03,Equity,0.4895432241848611
2022-10-03,Oil,0.01200253112082931
2022-10-03,Gold,0.10747545224198901
2022-10-03,Bond,0.32969903649948695
2022-10-04,Equity,0.4895860829879908
2022-10-04,Oil,0.012107476105721972
2022-10-04,Gold,0.10765894381975775
2022-10-04,Bond,0.32922332791494535
2022-10-26,Bond,0.2000120015201392
2022-10-27,Bond,0.19753335360534405
2022-10-28,Bond,0.19500072579588762
2022-10-29,Bond,0.19504005829388799
2022-10-30,Bond,0.196009761564956
2022-10-31,Bond,0.19494342873397405
2022-11-01,Bond,0.192320069004589
2022-11-02,Bond,0.19057835338641707
2022-11-03,Bond,0.1931299963044636
2022-11-04,Bond,0.19390560990876865
2022-11-05,Bond,0.19547358723838948
2022-11-06,Bond,0.19731220049039358
2022-11-07,Bond,0.1963226096098669
2022-11-08,Bond,0.19573470150517794
2022-11-09,Bond,0.1954703582015213
2022-11-10,Bond,0.19612647546325726
2022-11-11,Bond,0.197849887078934
2022-11-12,Bond,0.2008342625355707
2022-11-13,Bond,0.2021444007959105
2022-11-14,Bond,0.2034727143149405
2022-11-15,Bond,0.20661307893988592
2022-11-16,Bond,0.2000003766040248
2022-11-17,Bond,0.20190957165101342
2022-11-18,Bond,0.20284303471847384
2022-11-19,Bond,0.20383921552847145
2022-11-20,Bond,0.20349128194870827
2022-11-21,Bond,0.20124081370381974
2022-11-22,Bond,0.20179568162902436
2022-11-23,Bond,0.20235855055933513
2022-11-24,Bond,0.20143132106046371
2022-11-25,Bond,0.20127576148747692
2022-11-26,Bond,0.19986173012498581
2022-11-27,Bond,0.19846865800524116
2022-11-28,Bond,0.19770465640968696
2022-11-29,Bond,0.19560597928279766
2022-11-30,Bond,0.19468954003942415
2022-12-01,Bond,0.19581101161992664
2022-12-02,Bond,0.1981141073319376
2022-12-03,Bond,0.20143191819571507
2022-12-04,Bond,0.20078904412847934
2022-12-05,Bond,0.2027218062623372
2022-12-06,Bond,0.20326569267573552
2022-12-07,Gold,0.021818486302203108
2022-12-07,Bond,0.17818430480132538
2022-12-08,Gold,0.0217226142186212
2022-12-08,Bond,0.1787886920547514
2022-12-09,Gold,0.02230848288156467
2022-12-09,Bond,0.1802966399708631
2022-12-10,Gold,0.022227704692366408
2022-12-10,Bond,0.1795798859365959
2022-12-11,Gold,0.022434379730256426
2022-12-11,Bond,0.17877910444870235
2022-12-12,Gold,0.0223991882878258
2022-12-12,Bond,0.17818767497386007
2022-12-13,Gold,0.02263037904543547
2022-12-13,Bond,0.1772343010588318
2022-12-14,Gold,0.022462310880137618
2022-12-14,Bond,0.17901124692647094
2022-12-15,Gold,0.02254933477047504
2022-12-15,Bond,0.17788113662599034
2022-12-16,Gold,0.02271198891588279
2022-12-16,Bond,0.17699823961207709
2022-12-17,Gold,0.022539888402130576
2022-12-17,Bond,0.1774809996097902
2022-12-18,Gold,0.023146066730349087
2022-12-18,Bond,0.17770553140857215
2022-12-19,Gold,0.023317475978762665
2022-12-19,Bond,0.17707939841631987
2022-12-20,Gold,0.023196323869171365
2022-12-20,Bond,0.17955558474613736
2022-12-21,Gold,0.023064906167596787
2022-12-21,Bond,0.17865726468466245
2022-12-22,Gold,0.023092635336740844
2022-12-22,Bond,0.17840257599049725
2022-12-23,Gold,0.022897875792615468
2022-12-23,Bond,0.17564510847324288
2022-12-24,Gold,0.023312512589799876
2022-12-24,Bond,0.1751317752240709
2022-12-25,Gold,0.02346490982555685
2022-12-25,Bond,0.1732113382602463
2022-12-26,Gold,0.023481854893757523
2022-12-26,Bond,0.171906642266909
2022-12-27,Gold,0.023802133319833753
2022-12-27,Bond,0.1690983330947699
2022-12-28,Gold,0.200020654536712
2022-12-29,Gold,0.19817738825775633
2022-12-30,Gold,0.1979706839749118
2022-12-31,Gold,0.19817327361738665
2023-01-01,Gold,0.1990177288001929
2023-01-02,Gold,0.19667485174702548
2023-01-03,Gold,0.19595489695459536
2023-01-04,Gold,0.19114219639898428
2023-01-05,Gold,0.18932087578080317
2023-01-06,Gold,0.1904210884906546
2023-01-07,Gold,0.19190702392235148
2023-01-08,Gold,0.19014224636467886
2023-01-09,Gold,0.18964289644245683
2023-01-10,Gold,0.18968225071673037
2023-01-11,Gold,0.19134488355129978
2023-01-12,Gold,0.19372205596756378
2023-01-13,Gold,0.1939612731032256
2023-01-14,Gold,0.19355414919572644
2023-01-15,Gold,0.19131063883252553
2023-01-16,Gold,0.1914778894727291
2023-01-17,Gold,0.1947107416442992
2023-01-18,Gold,0.20000019551030795
2023-01-19,Gold,0.20028011575715604
2023-01-20,Gold,0.2007664717609779
2023-01-21,Gold,0.19966395908864903
2023-01-22,Gold,0.1990938746414954
2023-01-23,Gold,0.19932933418348012
2023-01-24,Gold,0.19956985118649456
2023-01-25,Gold,0.20118934453368525
2023-01-26,Gold,0.2027399749069178
2023-01-27,Gold,0.20358270287869784
2023-01-28,Gold,0.20196751641935073
2023-01-29,Gold,0.2004223787513334
2023-01-30,Gold,0.19900328782103666
2023-01-31,Gold,0.19937897562293214
2023-02-01,Gold,0.19616411360283276
2023-02-02,Gold,0.19615421902164826
2023-02-03,Gold,0.1983848454639219
2023-02-04,Gold,0.19944742072661842
2023-02-05,Gold,0.19888801070810347
2023-02-06,Gold,0.19777780814124074
2023-02-07,Gold,0.19905928361069986
2023-02-08,Gold,0.026806905781407618
2023-02-08,Bond,0.1732138527414031
2023-02-09,Gold,0.026738357930976318
2023-02-09,Bond,0.1733592326158746
2023-02-10,Gold,0.02654796603718155
2023-02-10,Bond,0.17455344461543437
2023-02-11,Gold,0.026587235913485812
2023-02-11,Bond,0.17394333211876245
2023-02-12,Gold,0.026481613556406138
2023-02-12,Bond,0.17480826229777283
2023-02-13,Gold,0.026667641556231064
2023-02-13,Bond,0.17529570701925049
2023-02-14,Gold,0.027127364731802814
2023-02-14,Bond,0.17109210454186755
2023-02-15,Gold,0.026814544172830166
2023-02-15,Bond,0.16974035126407833
2023-02-16,Gold,0.026487151501767912
2023-02-16,Bond,0.17008901179199515
2023-02-17,Gold,0.026829450527571207
2023-02-17,Bond,0.17026085501504543
2023-02-18,Gold,0.026874109447472004
2023-02-18,Bond,0.17021220146212535
2023-02-19,Gold,0.026575694731399042
2023-02-19,Bond,0.17038999062530025
2023-02-20,Gold,0.026775826491537584
2023-02-20,Bond,0.1720588295130524
2023-02-21,Gold,0.026848623599478018
2023-02-21,Bond,0.17254807524878388
2023-02-22,Gold,0.027539819968227706
2023-02-22,Bond,0.16914148844978036
2023-02-23,Gold,0.02738576345932833
2023-02-23,Bond,0.17190741173823065
2023-02-24,Gold,0.027772763269705777
2023-02-24,Bond,0.16915848091020574
2023-02-25,Gold,0.027339679915275406
2023-02-25,Bond,0.1705773952382231
2023-02-26,Gold,0.027786915099188063
2023-02-26,Bond,0.16831071532913652
2023-02-27,Gold,0.027975632855888704
2023-02-27,Bond,0.17026792273263622
2023-02-28,Gold,0.028428654293121098
2023-02-28,Bond,0.16979867356160297
2023-03-01,Equity,0.04149479661723683
2023-03-01,Gold,0.024896877970342103
2023-03-01,Bond,0.1336132451075026
2023-03-02,Equity,0.04151714976925027
2023-03-02,Gold,0.024940662503416446
2023-03-02,Bond,0.1313460403239857
2023-03-03,Equity,0.042058509331212676
2023-03-03,Gold,0.024619112219054242
2023-03-03,Bond,0.1321405097117755
2023-03-04,Equity,0.04218158572044794
2023-03-04,Gold,0.02445789192028949
2023-03-04,Bond,0.13261885418652752
2023-03-05,Equity,0.042495354313902445
2023-03-05,Gold,0.0240131661604883
2023-03-05,Bond,0.13334147523016104
2023-03-06,Equity,0.04237556162708182
2023-03-06,Gold,0.023769901718635165
2023-03-06,Bond,0.13448280595233825
2023-03-07,Equity,0.041586617724079435
2023-03-07,Gold,0.02388248864437527
2023-03-07,Bond,0.1347859790771538
2023-03-08,Equity,0.041227605824234737
2023-03-08,Gold,0.023887383889526125
2023-03-08,Bond,0.13459409957701174
2023-03-09,Equity,0.04154469519793536
2023-03-09,Gold,0.023854523937823044
2023-03-09,Bond,0.1336218567169293
2023-03-10,Equity,0.04171067635793414
2023-03-10,Gold,0.023681235876791797
2023-03-10,Bond,0.13311625578730107
2023-03-11,Equity,0.04232950351421949
2023-03-11,Gold,0.023221111924719744
2023-03-11,Bond,0.1344766594934122
2023-03-12,Equity,0.04242665687649595
2023-03-12,Gold,0.023287324508109067
2023-03-12,Bond,0.13349169412742426
2023-03-13,Equity,0.042164516561583924
2023-03-13,Gold,0.023439696288763932
2023-03-13,Bond,0.13141214212820032
2023-03-14,Equity,0.04221837143338217
2023-03-14,Gold,0.023244070306325366
2023-03-14,Bond,0.13032063868984217
2023-03-15,Equity,0.042595236641142696
2023-03-15,Gold,0.023095189356984805
2023-03-15,Bond,0.13096982834465484
2023-03-16,Equity,0.041885965068448654
2023-03-16,Gold,0.023472394040835513
2023-03-16,Bond,0.13067558322731285
2023-03-17,Equity,0.0419801517025834
2023-03-17,Gold,0.02371741596098565
2023-03-17,Bond,0.131308874011464
2023-03-18,Equity,0.0415989127895944
2023-03-18,Gold,0.02344945901919075
2023-03-18,Bond,0.12915713911880664
2023-03-19,Equity,0.041823383058524455
2023-03-19,Gold,0.023517750654959084
2023-03-19,Bond,0.1258333985688488
2023-03-20,Equity,0.04208696732726798
2023-03-20,Gold,0.023839005892412342
2023-03-20,Bond,0.12604235313561707
2023-03-21,Equity,0.042258428617869326
2023-03-21,Gold,0.023752930085444237
2023-03-21,Bond,0.12713021523781953
2023-03-22,Equity,0.133343676251401
2023-03-22,Gold,0.06667183812570052
2023-03-23,Equity,0.13353590684018682
2023-03-23,Gold,0.06733251773725772
2023-03-24,Equity,0.1340417951273871
2023-03-24,Gold,0.067908378116512
2023-03-25,Equity,0.13459398106681886
2023-03-25,Gold,0.06845235484830105
2023-03-26,Equity,0.13349239758561265
2023-03-26,Gold,0.06837431089676833
2023-03-27,Equity,0.133284387560224
2023-03-27,Gold,0.06880947258515963
2023-03-28,Equity,0.1303338021547884
2023-03-28,Gold,0.06999980999757997
2023-03-29,Equity,0.13076614222011257
2023-03-29,Gold,0.06993293197614922
2023-03-30,Equity,0.12770625490900187
2023-03-30,Gold,0.06991921878439379
2023-03-31,Equity,0.1285440021871073
2023-03-31,Gold,0.07064652050380743
2023-04-01,Equity,0.13021775076158548
2023-04-01,Gold,0.0718475792580714
2023-04-02,Equity,0.1305832421376932
2023-04-02,Gold,0.07322321683555799
2023-04-03,Equity,0.13136240362773388
2023-04-03,Gold,0.07290707698758932
2023-04-04,Equity,0.13276980397519858
2023-04-04,Gold,0.07260642945039722
2023-04-05,Equity,0.13236838858671138
2023-04-05,Gold,0.0719579704247442
2023-04-06,Equity,0.1309026463895402
2023-04-06,Gold,0.0721576061800383
2023-04-07,Equity,0.13090578011113743
2023-04-07,Gold,0.07144981568626681
2023-04-08,Equity,0.13008911582362373
2023-04-08,Gold,0.07117204622761802
2023-04-09,Equity,0.13011086090895285
2023-04-09,Gold,0.07162978300427249
2023-04-10,Equity,0.130362975789323
2023-04-10,Gold,0.07186570453935769
2023-04-11,Equity,0.12998952085877663
2023-04-11,Gold,0.07071129267594337
2023-04-12,Gold,0.026806916306462248
2023-04-12,Bond,0.1732139207494484
2023-04-13,Gold,0.02643231173287574
2023-04-13,Bond,0.17614657872748168
2023-04-14,Gold,0.02627425973878
2023-04-14,Bond,0.17341922486595213
2023-04-15,Gold,0.025931190416182952
2023-04-15,Bond,0.174365508994852
2023-04-16,Gold,0.02573753127814717
2023-04-16,Bond,0.17526530314875377
2023-04-17,Gold,0.02554760562223011
2023-04-17,Bond,0.17420672016310196
2023-04-18,Gold,0.025373883666435396
2023-04-18,Bond,0.17285758507754484
2023-04-19,Gold,0.024786063336882172
2023-04-19,Bond,0.17247964680989036
2023-04-20,Gold,0.02488737392790174
2023-04-20,Bond,0.170143793669352
2023-04-21,Gold,0.02488160999237793
2023-04-21,Bond,0.17220144328178824
2023-04-22,Gold,0.025312747036729755
2023-04-22,Bond,0.17598650635943414
2023-04-23,Gold,0.025448271220017474
2023-04-23,Bond,0.17547047205198327
2023-04-24,Gold,0.025353757729821586
2023-04-24,Bond,0.17456948504886247
2023-04-25,Gold,0.025115850938203246
2023-04-25,Bond,0.17274104598965506
2023-04-26,Gold,0.025139630925861793
2023-04-26,Bond,0.17118440891872272
2023-04-27,Gold,0.02527526269536059
2023-04-27,Bond,0.1703304464721447
2023-04-28,Gold,0.02509955380972361
2023-04-28,Bond,0.1720672570643573
2023-04-29,Gold,0.024975060487661557
2023-04-29,Bond,0.17666106669120507
2023-04-30,Gold,0.025473674885606336
2023-04-30,Bond,0.17552808065671577
2023-05-01,Gold,0.025418563641519006
2023-05-01,Bond,0.1742435091562278
2023-05-02,Gold,0.02500594354038468
2023-05-02,Bond,0.17265154997184515
2023-05-24,Gold,0.030528147600442306
2023-05-24,Bond,0.16948385391969695
2023-05-25,Gold,0.03059309176503764
2023-05-25,Bond,0.16932112159032925
2023-05-26,Gold,0.030584973455098478
2023-05-26,Bond,0.1676910712509056
2023-05-27,Gold,0.030944070463119273
2023-05-27,Bond,0.16934218034937437
2023-05-28,Gold,0.030507558544243876
2023-05-28,Bond,0.16985930118339887
2023-05-29,Gold,0.03157342878464559
2023-05-29,Bond,0.17013785707881884
2023-05-30,Gold,0.031576995633049235
2023-05-30,Bond,0.16864984678612605
2023-05-31,Gold,0.03176171293849148
2023-05-31,Bond,0.16970521674817637
2023-06-01,Gold,0.032242112873535636
2023-06-01,Bond,0.16831644894519548
2023-06-02,Gold,0.0322109619221105
2023-06-02,Bond,0.1675530648738629
2023-06-03,Gold,0.032168384385470664
2023-06-03,Bond,0.1677343027184039
2023-06-04,Gold,0.03204334183028345
2023-06-04,Bond,0.16695183372837055
2023-06-05,Gold,0.03181176237400658
2023-06-05,Bond,0.16589970051377106
2023-06-06,Gold,0.03189825325735212
2023-06-06,Bond,0.1658159754186205
2023-06-07,Gold,0.03180297401817433
2023-06-07,Bond,0.16722494514565803
2023-06-08,Gold,0.031598986279652484
2023-06-08,Bond,0.16850233713219073
2023-06-09,Gold,0.03142368466408561
2023-06-09,Bond,0.16951989114211832
2023-06-10,Gold,0.0315734589933391
2023-06-10,Bond,0.1701746564889966
2023-06-11,Gold,0.031355822403642264
2023-06-11,Bond,0.16954670006766584
2023-06-12,Gold,0.031221228165897813
2023-06-12,Bond,0.17114395765261803
2023-06-13,Gold,0.03158719749614116
2023-06-13,Bond,0.16864788206399284
2023-06-14,Equity,0.03333400884755747
2023-06-14,Gold,0.019565613888783733
2023-06-14,Bond,0.14710443034900358
2023-06-15,Equity,0.03341975694927307
2023-06-15,Gold,0.01933884120799961
2023-06-15,Bond,0.14817488431124098
2023-06-16,Equity,0.033981030658818336
2023-06-16,Gold,0.01932576443672474
2023-06-16,Bond,0.14797637033415556
2023-06-17,Equity,0.03395616470300098
2023-06-17,Gold,0.0194306250958773
2023-06-17,Bond,0.1470644242890649
2023-06-18,Equity,0.0337793467044979
2023-06-18,Gold,0.019624575310633243
2023-06-18,Bond,0.14701573586553285
2023-06-19,Equity,0.034269569311160444
2023-06-19,Gold,0.019492375813007164
2023-06-19,Bond,0.14602213883510146
2023-06-20,Equity,0.03397220064241633
2023-06-20,Gold,0.01937684970193562
2023-06-20,Bond,0.14672231458020793
2023-06-21,Equity,0.0338495423361909
2023-06-21,Gold,0.01921999210366286
2023-06-21,Bond,0.1479423504473999
2023-06-22,Equity,0.03401467378561361
2023-06-22,Gold,0.019082419963359524
2023-06-22,Bond,0.14849648254934072
2023-06-23,Equity,0.034209346094565246
2023-06-23,Gold,0.019143050877834474
2023-06-23,Bond,0.14894168606679994
2023-06-24,Equity,0.033904363938231166
2023-06-24,Gold,0.019238356871788986
2023-06-24,Bond,0.1499316334980747
2023-06-25,Equity,0.03393819680802241
2023-06-25,Gold,0.019410334418479717
2023-06-25,Bond,0.1510074023738928
2023-06-26,Equity,0.03388321931839228
2023-06-26,Gold,0.01941763489962561
2023-06-26,Bond,0.15002979569615468
2023-06-27,Equity,0.03342231106561136
2023-06-27,Gold,0.019206706097953326
2023-06-27,Bond,0.14820330810409366
2023-06-28,Equity,0.03325566979379232
2023-06-28,Gold,0.01932822755668462
2023-06-28,Bond,0.14855812570524596
2023-06-29,Equity,0.032688111329913914
2023-06-29,Gold,0.0193421584042469
2023-06-29,Bond,0.14980721176552284
2023-06-30,Equity,0.03255637002748825
2023-06-30,Gold,0.019403296542633498
2023-06-30,Bond,0.1478349461730089
2023-07-01,Equity,0.032184716769341266
2023-07-01,Gold,0.01916610930269651
2023-07-01,Bond,0.14801585269932466
2023-07-02,Equity,0.03237348250950902
2023-07-02,Gold,0.019092487105842604
2023-07-02,Bond,0.14941272302306643
2023-07-03,Equity,0.03248071059869391
2023-07-03,Gold,0.018871662750903063
2023-07-03,Bond,0.14928406328456612
2023-07-04,Equity,0.03288951110171818
2023-07-04,Gold,0.018908325072272972
2023-07-04,Bond,0.15113651216865298
2023-07-05,Bond,0.20000590513423633
2023-07-06,Bond,0.19971371882228467
2023-07-07,Bond,0.19912661624217157
2023-07-08,Bond,0.19857009743863085
2023-07-09,Bond,0.19878479283100384
2023-07-10,Bond,0.19692236554601605
2023-07-11,Bond,0.1947830243125617
2023-07-12,Bond,0.1912450338820423
2023-07-13,Bond,0.19121231863670127
2023-07-14,Bond,0.1943853243826741
2023-07-15,Bond,0.19128712943368759
2023-07-16,Bond,0.19100239811928343
2023-07-17,Bond,0.19067162287618267
2023-07-18,Bond,0.19043707076406677
2023-07-19,Bond,0.19238223344273275
2023-07-20,Bond,0.19100568127198553
2023-07-21,Bond,0.18801635358204402
2023-07-22,Bond,0.1872020432180374
2023-07-23,Bond,0.18618800566573906
2023-07-24,Bond,0.182831319885219
2023-07-25,Bond,0.18319837255362362
2023-07-26,Equity,0.20002288851295152
2023-07-27,Equity,0.20269023337607955
2023-07-28,Equity,0.20302014199689752
2023-07-29,Equity,0.20188947189066536
2023-07-30,Equity,0.20166369152789437
2023-07-31,Equity,0.2008050588327581
2023-08-01,Equity,0.20224962177301015
2023-08-02,Equity,0.20134624903565643
2023-08-03,Equity,0.20141722920439498
2023-08-04,Equity,0.20035368672940376
2023-08-05,Equity,0.2039144351207759
2023-08-06,Equity,0.20493777039706823
2023-08-07,Equity,0.20590011663729285
2023-08-08,Equity,0.20704344293642293
2023-08-09,Equity,0.20639631844731426
2023-08-10,Equity,0.20889923913350777
2023-08-11,Equity,0.20878741098318648
2023-08-12,Equity,0.21173112121292575
2023-08-13,Equity,0.21118952677710057
2023-08-14,Equity,0.21238389782435002
2023-08-15,Equity,0.21266308700649672
2023-08-16,Equity,0.14634675067844388
2023-08-16,Gold,0.05366047524876275
2023-08-17,Equity,0.14436575927831663
2023-08-17,Gold,0.05318055961064834
2023-08-18,Equity,0.1431583409333342
2023-08-18,Gold,0.05323705874208528
2023-08-19,Equity,0.1451437470253483
2023-08-19,Gold,0.05231671778495148
2023-08-20,Equity,0.14351602310496187
2023-08-20,Gold,0.05265109652866919
2023-08-21,Equity,0.1444444211786361
2023-08-21,Gold,0.05370746998052017
2023-08-22,Equity,0.14773766768855762
2023-08-22,Gold,0.05318095645958624
2023-08-23,Equity,0.14844862723310429
2023-08-23,Gold,0.05305258539395271
2023-08-24,Equity,0.1511667787361999
2023-08-24,Gold,0.05282402504169021
2023-08-25,Equity,0.15197750881992056
2023-08-25,Gold,0.05326388304411039
2023-08-26,Equity,0.15228363973757567
2023-08-26,Gold,0.053447396486421064
2023-08-27,Equity,0.1526924987848235
2023-08-27,Gold,0.05388414019880592
2023-08-28,Equity,0.15250465963951157
2023-08-28,Gold,0.053641159654433765
2023-08-29,Equity,0.15220039427513515
2023-08-29,Gold,0.05387876015861365
2023-08-30,Equity,0.1517950543634619
2023-08-30,Gold,0.052229273855109656
2023-08-31,Equity,0.15228750611135175
2023-08-31,Gold,0.05252686366004475
2023-09-01,Equity,0.15524827242602923
2023-09-01,Gold,0.05174864871594707
2023-09-02,Equity,0.15715214101447172
2023-09-02,Gold,0.051473465868494675
2023-09-03,Equity,0.15736312825565332
2023-09-03,Gold,0.05182184999428694
2023-09-04,Equity,0.1583042160899197
2023-09-04,Gold,0.0510227405357509
2023-09-05,Equity,0.15810209258372995
2023-09-05,Gold,0.05155978822261901
2023-09-06,Equity,0.05297289085099872
2023-09-06,Bond,0.14704543839673784
2023-09-07,Equity,0.05206434606753125
2023-09-07,Bond,0.14873512934861555
2023-09-08,Equity,0.053065896046188214
2023-09-08,Bond,0.14793482937143507
2023-09-09,Equity,0.052772039280253036
2023-09-09,Bond,0.14830897325437348
2023-09-10,Equity,0.052518265828701303
2023-09-10,Bond,0.14934527930237915
2023-09-11,Equity,0.05179635032113627
2023-09-11,Bond,0.15135444333759676
2023-09-12,Equity,0.051775622067657165
2023-09-12,Bond,0.15292574850092527
2023-09-13,Equity,0.05153011197542168
2023-09-13,Bond,0.1515348097483744
2023-09-14,Equity,0.05201048732877954
2023-09-14,Bond,0.15292965908437997
2023-09-15,Equity,0.052208664263036254
2023-09-15,Bond,0.1550720493936949
2023-09-16,Equity,0.051912653087245686
2023-09-16,Bond,0.1543760512464291
2023-09-17,Equity,0.051553631407467035
2023-09-17,Bond,0.15328155583034042
2023-09-18,Equity,0.05124255503093372
2023-09-18,Bond,0.15330042147669654
2023-09-19,Equity,0.05077076660360419
2023-09-19,Bond,0.15360761670138023
2023-09-20,Equity,0.05066341197334496
2023-09-20,Bond,0.15317475663431637
2023-09-21,Equity,0.05035160426467449
2023-09-21,Bond,0.15170620680380317
2023-09-22,Equity,0.05079892896455484
2023-09-22,Bond,0.15352016731013943
2023-09-23,Equity,0.05062573763178076
2023-09-23,Bond,0.15244450714279728
2023-09-24,Equity,0.050942409115085775
2023-09-24,Bond,0.15174629508429394
2023-09-25,Equity,0.05121697583881137
2023-09-25,Bond,0.1518415223354889
2023-09-26,Equity,0.05043597631236987
2023-09-26,Bond,0.1500963447804307
2023-09-27,Equity,0.2000178324792376
2023-09-28,Equity,0.1973006210062667
2023-09-29,Equity,0.1959833742079851
2023-09-30,Equity,0.19703710311627645
2023-10-01,Equity,0.19723468648014372
2023-10-02,Equity,0.19669620978746338
2023-10-03,Equity,0.1938942103289808
2023-10-04,Equity,0.19540638666543414
2023-10-05,Equity,0.19608979181505198
2023-10-06,Equity,0.1947431908037819
2023-10-07,Equity,0.19323974422206244
2023-10-08,Equity,0.1948456802945184
2023-10-09,Equity,0.1953173890810564
2023-10-10,Equity,0.19318828417899256
2023-10-11,Equity,0.1920523886625012
2023-10-12,Equity,0.19510780237361258
2023-10-13,Equity,0.19668653504211675
2023-10-14,Equity,0.19668743766391777
2023-10-15,Equity,0.1967227864466757
2023-10-16,Equity,0.19330785024443
2023-10-17,Equity,0.19535356816125427
2023-10-18,Gold,0.02182076525700394
2023-10-18,Bond,0.1782029162655322
2023-10-19,Gold,0.02154581308824156
2023-10-19,Bond,0.17517974348793938
2023-10-20,Gold,0.021604813150862018
2023-10-20,Bond,0.17451616481052515
2023-10-21,Gold,0.021843976208845952
2023-10-21,Bond,0.17439163051821474
2023-10-22,Gold,0.021809648890391182
2023-10-22,Bond,0.17519091000966355
2023-10-23,Gold,0.021479294150773556
2023-10-23,Bond,0.17587971397864002
2023-10-24,Gold,0.02155082775727699
2023-10-24,Bond,0.17401298538666815
2023-10-25,Gold,0.02138745263346248
2023-10-25,Bond,0.17421681330489147
2023-10-26,Gold,0.020865379232536684
2023-10-26,Bond,0.17354595633513115
2023-10-27,Gold,0.020861879628925308
2023-10-27,Bond,0.17303282732230965
2023-10-28,Gold,0.0210039830851802
2023-10-28,Bond,0.17159047954493725
2023-10-29,Gold,0.02124937876197994
2023-10-29,Bond,0.171475457248333
2023-10-30,Gold,0.02150058545220856
2023-10-30,Bond,0.17590577007768554
2023-10-31,Gold,0.02156688232019808
2023-10-31,Bond,0.1785881412460374
2023-11-01,Gold,0.021803450407470233
2023-11-01,Bond,0.1770919089762548
2023-11-02,Gold,0.021528638222590685
2023-11-02,Bond,0.17723734769282498
2023-11-03,Gold,0.021885098275290532
2023-11-03,Bond,0.17671770452442023
2023-11-04,Gold,0.022152479042999013
2023-11-04,Bond,0.17687507354255808
2023-11-05,Gold,0.022037211514011897
2023-11-05,Bond,0.1782275270957846
2023-11-06,Gold,0.022189710014682708
2023-11-06,Bond,0.1780113588443609
2023-11-07,Gold,0.022344361986544447
2023-11-07,Bond,0.1769486769802003
2023-11-08,Gold,0.023300988775132057
2023-11-08,Bond,0.17669916487808474
2023-11-09,Gold,0.02331715733703144
2023-11-09,Bond,0.17491726101289004
2023-11-10,Gold,0.023140146574386188
2023-11-10,Bond,0.1752209997450027
2023-11-11,Gold,0.02308932843513647
2023-11-11,Bond,0.173103290002493
2023-11-12,Gold,0.023333703194213695
2023-11-12,Bond,0.17160375053830162
2023-11-13,Gold,0.022870807126578636
2023-11-13,Bond,0.1727416507274939
2023-11-14,Gold,0.02223654636934135
2023-11-14,Bond,0.17188915455681802
2023-11-15,Gold,0.02250370454233823
2023-11-15,Bond,0.1692005140783631
2023-11-16,Gold,0.022591757502175534
2023-11-16,Bond,0.16817661580191354
2023-11-17,Gold,0.02262727997896501
2023-11-17,Bond,0.1670183185396109
2023-11-18,Gold,0.022387264944969315
2023-11-18,Bond,0.16531807040434965
2023-11-19,Gold,0.021996011837438413
2023-11-19,Bond,0.1661415226688819
2023-11-20,Gold,0.021915819818918197
2023-11-20,Bond,0.16403252326535672
2023-11-21,Gold,0.02201465239749695
2023-11-21,Bond,0.16321492694587234
2023-11-22,Gold,0.021884122741759642
2023-11-22,Bond,0.1634182186059826
2023-11-23,Gold,0.02208997324296371
2023-11-23,Bond,0.16291786749246234
2023-11-24,Gold,0.021899208787593962
2023-11-24,Bond,0.1624014867057869
2023-11-25,Gold,0.021813755844275043
2023-11-25,Bond,0.16143914116178096
2023-11-26,Gold,0.022007342112547457
2023-11-26,Bond,0.15977134785034425
2023-11-27,Gold,0.02194862519266212
2023-11-27,Bond,0.1589315542159845
2023-11-28,Gold,0.021855545752975443
2023-11-28,Bond,0.1598239540331596
2023-11-29,Equity,0.20002286255536414
2023-11-30,Equity,0.2005072335800038
2023-12-01,Equity,0.20121169453847282
2023-12-02,Equity,0.20142832476680422
2023-12-03,Equity,0.2022321912196282
2023-12-04,Equity,0.2011193313548824
2023-12-05,Equity,0.2026985110955353
2023-12-06,Equity,0.20180488941081712
2023-12-07,Equity,0.20253823944989263
2023-12-08,Equity,0.2028782673209314
2023-12-09,Equity,0.20177015115647493
2023-12-10,Equity,0.20439591777834062
2023-12-11,Equity,0.2072015300532127
2023-12-12,Equity,0.20569296272384607
2023-12-13,Equity,0.20700194946061584
2023-12-14,Equity,0.20680087218119075
2023-12-15,Equity,0.20569774146015488
2023-12-16,Equity,0.20630048842108586
2023-12-17,Equity,0.20766908651858418
2023-12-18,Equity,0.20793426139382906
2023-12-19,Equity,0.20733622409903066
2023-12-20,Equity,0.13636923302639586
2023-12-20,Gold,0.06363897541231806
2023-12-21,Equity,0.13789581913954338
2023-12-21,Gold,0.0641271611178339
2023-12-22,Equity,0.1369267621032817
2023-12-22,Gold,0.06527442830117185
2023-12-23,Equity,0.13703157128160362
2023-12-23,Gold,0.06528428056214823
2023-12-24,Equity,0.13530272694069792
2023-12-24,Gold,0.06454207043391137
2023-12-25,Equity,0.13620995476616907
2023-12-25,Gold,0.06497048969706673
2023-12-26,Equity,0.13768480666253227
2023-12-26,Gold,0.06549451006345519
2023-12-27,Equity,0.13816053798838082
2023-12-27,Gold,0.06537422463078858
2023-12-28,Equity,0.13703848413663222
2023-12-28,Gold,0.06474264942900412
2023-12-29,Equity,0.1388714239008303
2023-12-29,Gold,0.06519433838513651
2023-12-30,Equity,0.14138776539367698
2023-12-30,Gold,0.06454341555751769
2023-12-31,Equity,0.14082808038926375
2023-12-31,Gold,0.064823226191272
2024-01-01,Equity,0.14122426019074444
2024-01-01,Gold,0.06573294781404303
2024-01-02,Equity,0.14237140671168114
2024-01-02,Gold,0.06464660756814719
2024-01-03,Equity,0.14325116561226078
2024-01-03,Gold,0.06512443361417528
2024-01-04,Equity,0.143329586632363
2024-01-04,Gold,0.06499428387973766
2024-01-05,Equity,0.14556834710955602
2024-01-05,Gold,0.06471629270712878
2024-01-06,Equity,0.143584218311647
2024-01-06,Gold,0.06517559852276038
2024-01-07,Equity,0.14175685008630756
2024-01-07,Gold,0.06485070139182883
2024-01-08,Equity,0.14184522586720869
2024-01-08,Gold,0.06414317026760284
2024-01-09,Equity,0.14414395681187003
2024-01-09,Gold,0.062923269545195
2024-01-10,Equity,0.13793140745259305
2024-01-10,Gold,0.06206913335366686
2024-01-11,Equity,0.13619675407864387
2024-01-11,Gold,0.06197985524838228
2024-01-12,Equity,0.13952749460486671
2024-01-12,Gold,0.0620683028324368
2024-01-13,Equity,0.1402364511612748
2024-01-13,Gold,0.06173863701226779
2024-01-14,Equity,0.13895221507618008
2024-01-14,Gold,0.06116742003229824
2024-01-15,Equity,0.13878646940048667
2024-01-15,Gold,0.0615509629267923
2024-01-16,Equity,0.13991823832895833
2024-01-16,Gold,0.06165752920710301
2024-01-17,Equity,0.14145289046002513
2024-01-17,Gold,0.06141229731658908
2024-01-18,Equity,0.14134653745094652
2024-01-18,Gold,0.0615922884377207
2024-01-19,Equity,0.14206504336642614
2024-01-19,Gold,0.06099431124834934
2024-01-20,Equity,0.1418207747370703
2024-01-20,Gold,0.06161550379539899
2024-01-21,Equity,0.1416271255069616
2024-01-21,Gold,0.062372819594940135
2024-01-22,Equity,0.14244288491158957
2024-01-22,Gold,0.06275373809638446
2024-01-23,Equity,0.14424538171348825
2024-01-23,Gold,0.0624062806170589
2024-01-24,Equity,0.1428416859096034
2024-01-24,Gold,0.06254304603830657
2024-01-25,Equity,0.14241601565852963
2024-01-25,Gold,0.06349028054774625
2024-01-26,Equity,0.1415664369104838
2024-01-26,Gold,0.06431124666943833
2024-01-27,Equity,0.1401640840537402
2024-01-27,Gold,0.06561457827709623
2024-01-28,Equity,0.13896359958798146
2024-01-28,Gold,0.0652340383628641
2024-01-29,Equity,0.13907205924515526
2024-01-29,Gold,0.06470315385196483
2024-01-30,Equity,0.13778083180660217
2024-01-30,Gold,0.06488077049321057
2024-01-31,Equity,0.12266761887809187
2024-01-31,Gold,0.0773339336405362
2024-02-01,Equity,0.12248820164052483
2024-02-01,Gold,0.07724944860790267
2024-02-02,Equity,0.12147587076887773
2024-02-02,Gold,0.07706416189488378
2024-02-03,Equity,0.12189994165050205
2024-02-03,Gold,0.07792222892243199
2024-02-04,Equity,0.12139657467325203
2024-02-04,Gold,0.07790245807555247
2024-02-05,Equity,0.12024156725160141
2024-02-05,Gold,0.07714530022137002
2024-02-06,Equity,0.12282694429497462
2024-02-06,Gold,0.07615038938237034
2024-02-07,Equity,0.12052476024753467
2024-02-07,Gold,0.07652268403087363
2024-02-08,Equity,0.12115308063893546
2024-02-08,Gold,0.07859046351104684
2024-02-09,Equity,0.12161486110136105
2024-02-09,Gold,0.07785391714916885
2024-02-10,Equity,0.12112764690161017
2024-02-10,Gold,0.07767385170220423
2024-02-11,Equity,0.11993765535397298
2024-02-11,Gold,0.07950111198153008
2024-02-12,Equity,0.1218207563035877
2024-02-12,Gold,0.07898221412735568
2024-02-13,Equity,0.12406660384969867
2024-02-13,Gold,0.0791073781158817
2024-02-14,Equity,0.123563580920158
2024-02-14,Gold,0.08051396562290968
2024-02-15,Equity,0.12318374441143085
2024-02-15,Gold,0.07985555761069532
2024-02-16,Equity,0.1244387333718137
2024-02-16,Gold,0.07951739515960633
2024-02-17,Equity,0.12421869438132598
2024-02-17,Gold,0.0791878084798508
2024-02-18,Equity,0.12500382850328867
2024-02-18,Gold,0.07803126206283241
2024-02-19,Equity,0.12546070946887855
2024-02-19,Gold,0.07911253424803003
2024-02-20,Equity,0.12555964567020644
2024-02-20,Gold,0.07868340776874425
2024-02-21,Equity,0.13658640571714292
2024-02-21,Gold,0.06341511694010207
2024-02-22,Equity,0.13706137943925034
2024-02-22,Gold,0.06311973138153389
2024-02-23,Equity,0.13569888397398028
2024-02-23,Gold,0.06376580436131145
2024-02-24,Equity,0.13489390936732606
2024-02-24,Gold,0.06389196386753708
2024-02-25,Equity,0.13522569230464854
2024-02-25,Gold,0.06340076205582958
2024-02-26,Equity,0.13466031478852555
2024-02-26,Gold,0.06368317605065531
2024-02-27,Equity,0.13785828128352712
2024-02-27,Gold,0.06392711624958236
2024-02-28,Equity,0.13801802711301586
2024-02-28,Gold,0.06390120971392856
2024-02-29,Equity,0.13598351846856538
2024-02-29,Gold,0.06391295097151793
2024-03-01,Equity,0.13262421863532756
2024-03-01,Gold,0.0647676489272779
2024-03-02,Equity,0.13358705024287676
2024-03-02,Gold,0.06458856621999753
2024-03-03,Equity,0.13361075689231597
2024-03-03,Gold,0.06555464910869727
2024-03-04,Equity,0.13535413577893865
2024-03-04,Gold,0.06496604680355142
2024-03-05,Equity,0.13467032495236547
2024-03-05,Gold,0.06454939979546684
2024-03-06,Equity,0.13460804819779076
2024-03-06,Gold,0.06401620111946352
2024-03-07,Equity,0.1349542344195434
2024-03-07,Gold,0.06384920321421146
2024-03-08,Equity,0.13477310127235573
2024-03-08,Gold,0.06386405382814289
2024-03-09,Equity,0.13460935797195467
2024-03-09,Gold,0.06309629365422913
2024-03-10,Equity,0.1354485837653179
2024-03-10,Gold,0.06309167257294765
2024-03-11,Equity,0.13442703451467233
2024-03-11,Gold,0.06349807376169689
2024-03-12,Equity,0.13517633719769162
2024-03-12,Gold,0.06258692667469042
2024-03-13,Equity,0.05000449289874372
2024-03-13,Bond,0.15001347869623122
2024-03-14,Equity,0.050915480981517006
2024-03-14,Bond,0.14789938854365137
2024-03-15,Equity,0.049997729491804054
2024-03-15,Bond,0.148921814556358
2024-03-16,Equity,0.049679855247371854
2024-03-16,Bond,0.15042461657511672
2024-03-17,Equity,0.04974164033469087
2024-03-17,Bond,0.1516918131465138
2024-03-18,Equity,0.050368427200686225
2024-03-18,Bond,0.151270096314722
2024-03-19,Equity,0.05057248364381601
2024-03-19,Bond,0.1495124254851288
2024-03-20,Equity,0.05107211100929483
2024-03-20,Bond,0.15138243182033753
2024-03-21,Equity,0.050785637650167255
2024-03-21,Bond,0.15081601845203957
2024-03-22,Equity,0.05096752947726922
2024-03-22,Bond,0.15041278542088407
2024-03-23,Equity,0.05097941779994614
2024-03-23,Bond,0.1530450738614324
2024-03-24,Equity,0.05171864472344056
2024-03-24,Bond,0.1512999470436897
2024-03-25,Equity,0.05210126770489163
2024-03-25,Bond,0.15228267893301584
2024-03-26,Equity,0.05250311134265767
2024-03-26,Bond,0.15125751527855558
2024-03-27,Equity,0.05298913969425301
2024-03-27,Bond,0.15019699110218923
2024-03-28,Equity,0.052372210803552
2024-03-28,Bond,0.15050696821740922
2024-03-29,Equity,0.05223382212626597
2024-03-29,Bond,0.15138735923323524
2024-03-30,Equity,0.05166385997404199
2024-03-30,Bond,0.15269175424886577
2024-03-31,Equity,0.051259667014690743
2024-03-31,Bond,0.15414795131156997
2024-04-01,Equity,0.05123084563911646
2024-04-01,Bond,0.1532425580752613
2024-04-02,Equity,0.0502327608106127
2024-04-02,Bond,0.15193857544010994
2024-04-03,Equity,0.0400005004201844
2024-04-03,Gold,0.0200002502100922
2024-04-03,Bond,0.14000175147064536
2024-04-04,Equity,0.03967660163595176
2024-04-04,Gold,0.020120949263709453
2024-04-04,Bond,0.14044663186048964
2024-04-05,Equity,0.039292693010428766
2024-04-05,Gold,0.020005409007481864
2024-04-05,Bond,0.14027561640399538
2024-04-06,Equity,0.03952143946675464
2024-04-06,Gold,0.02023388993048444
2024-04-06,Bond,0.13592998565419215
2024-04-07,Equity,0.03946441022433961
2024-04-07,Gold,0.020457960524439604
2024-04-07,Bond,0.13379535707271423
2024-04-08,Equity,0.039601108097353094
2024-04-08,Gold,0.020602373020670053
2024-04-08,Bond,0.13347971777161535
2024-04-09,Equity,0.039303902089811805
2024-04-09,Gold,0.020736003336116755
2024-04-09,Bond,0.13448551208797713
2024-04-10,Equity,0.039281433508331826
2024-04-10,Gold,0.020857306293495994
2024-04-10,Bond,0.13343229297995057
2024-04-11,Equity,0.04017060602830508
2024-04-11,Gold,0.021057050642585572
2024-04-11,Bond,0.13411821407276972
2024-04-12,Equity,0.04051136167745634
2024-04-12,Gold,0.020629771209924715
2024-04-12,Bond,0.13241970904153505
2024-04-13,Equity,0.04016304671171116
2024-04-13,Gold,0.020803022432221586
2024-04-13,Bond,0.13273541241344058
2024-04-14,Equity,0.040612551519238316
2024-04-14,Gold,0.021191250230479148
2024-04-14,Bond,0.13291659120515306
2024-04-15,Equity,0.041199867048090616
2024-04-15,Gold,0.021036166978350423
2024-04-15,Bond,0.13339077309162947
2024-04-16,Equity,0.041498911836202634
2024-04-16,Gold,0.020908405488530617
2024-04-16,Bond,0.1322171317765135
2024-04-17,Equity,0.041261623274292114
2024-04-17,Gold,0.02122330037729636
2024-04-17,Bond,0.13045839792421976
2024-04-18,Equity,0.041640783201318615
2024-04-18,Gold,0.021002671810876703
2024-04-18,Bond,0.1312537280040724
2024-04-19,Equity,0.041499315669840615
2024-04-19,Gold,0.020912612019215005
2024-04-19,Bond,0.12957252008618825
2024-04-20,Equity,0.04208033648115379
2024-04-20,Gold,0.020956462393336844
2024-04-20,Bond,0.12862829183440241
2024-04-21,Equity,0.04191475712157538
2024-04-21,Gold,0.02075784278646106
2024-04-21,Bond,0.13023105243289365
2024-04-22,Equity,0.04178577536396616
2024-04-22,Gold,0.020934270482580064
2024-04-22,Bond,0.13041507582317396
2024-04-23,Equity,0.04198280953349235
2024-04-23,Gold,0.02075823874223689
2024-04-23,Bond,0.1308266912440531
2024-04-24,Equity,0.13954610879662957
2024-04-24,Gold,0.06046998047853949
2024-04-25,Equity,0.1423895992105113
2024-04-25,Gold,0.06042975244057075
2024-04-26,Equity,0.14227834149156882
2024-04-26,Gold,0.06137905428331419
2024-04-27,Equity,0.14167714131358256
2024-04-27,Gold,0.062089936257337955
2024-04-28,Equity,0.1407282988130196
2024-04-28,Gold,0.06185392814340907
2024-04-29,Equity,0.13905418032471434
2024-04-29,Gold,0.06125111172625783
2024-04-30,Equity,0.1377830244712593
2024-04-30,Gold,0.0618207194053598
2024-05-01,Equity,0.1381187912131848
2024-05-01,Gold,0.06142286919660566
2024-05-02,Equity,0.13940772087071496
2024-05-02,Gold,0.06114008510666315
2024-05-03,Equity,0.13841633319498137
2024-05-03,Gold,0.060610612547523986
2024-05-04,Equity,0.13930025768126755
2024-05-04,Gold,0.060931755995667844
2024-05-05,Equity,0.13832446132540022
2024-05-05,Gold,0.060635403361765046
2024-05-06,Equity,0.13744732622238626
2024-05-06,Gold,0.060677357023733496
2024-05-07,Equity,0.13618584083971189
2024-05-07,Gold,0.06075508116829579
2024-05-08,Equity,0.13774486522123436
2024-05-08,Gold,0.06074900269232725
2024-05-09,Equity,0.1396077630504603
2024-05-09,Gold,0.060991629525235784
2024-05-10,Equity,0.13875481596074601
2024-05-10,Gold,0.06091449885142245
2024-05-11,Equity,0.13785279908647113
2024-05-11,Gold,0.060559499009903865
2024-05-12,Equity,0.1387490636616529
2024-05-12,Gold,0.05945892503217617
2024-05-13,Equity,0.14081836500602363
2024-05-13,Gold,0.05937276307805629
2024-05-14,Equity,0.14279563465635997
2024-05-14,Gold,0.05914961118745911
2024-05-15,Equity,0.044448608612936424
2024-05-15,Bond,0.15557013014527743
2024-05-16,Equity,0.04446127370680391
2024-05-16,Bond,0.1538594035623484
2024-05-17,Equity,0.043975482229361484
2024-05-17,Bond,0.15327896219005366
2024-05-18,Equity,0.04383842707323142
2024-05-18,Bond,0.15273991429847691
2024-05-19,Equity,0.04386727008655473
2024-05-19,Bond,0.15295896518367455
2024-05-20,Equity,0.04336256423978902
2024-05-20,Bond,0.15191545239274223
2024-05-21,Equity,0.04300618449620806
2024-05-21,Bond,0.15452405699002378
2024-05-22,Equity,0.043096099713540864
2024-05-22,Bond,0.15454132531577824
2024-05-23,Equity,0.04241557026096393
2024-05-23,Bond,0.15579713137223725
2024-05-24,Equity,0.04260708282839758
2024-05-24,Bond,0.15575442479455498
2024-05-25,Equity,0.04295823625252579
2024-05-25,Bond,0.15700178818789678
2024-05-26,Equity,0.04333459788161773
2024-05-26,Bond,0.15420352847801877
2024-05-27,Equity,0.043175876823836404
2024-05-27,Bond,0.15331956483261383
2024-05-28,Equity,0.0436974993058457
2024-05-28,Bond,0.15256571475072478
2024-05-29,Equity,0.04431668059518262
2024-05-29,Bond,0.1517891465994672
2024-05-30,Equity,0.04441641312133428
2024-05-30,Bond,0.15243666157039185
2024-05-31,Equity,0.044439822921626446
2024-05-31,Bond,0.15318668720488252
2024-06-01,Equity,0.04418241790723351
2024-06-01,Bond,0.1531326985084107
2024-06-02,Equity,0.04401431733462922
2024-06-02,Bond,0.15309623486703813
2024-06-03,Equity,0.04430019216815958
2024-06-03,Bond,0.15621357066308425
2024-06-04,Equity,0.04506694199792753
2024-06-04,Bond,0.15651254252468885
2024-06-05,Equity,0.20001851665245035
2024-06-06,Equity,0.19974456059079568
2024-06-07,Equity,0.19871198216379612
2024-06-08,Equity,0.19802690856933305
2024-06-09,Equity,0.1960366316715408
2024-06-10,Equity,0.19671390349935597
2024-06-11,Equity,0.19471776539956165
2024-06-12,Equity,0.1938595429270127
2024-06-13,Equity,0.19376403019163002
2024-06-14,Equity,0.19171949851837167
2024-06-15,Equity,0.19052315415898677
2024-06-16,Equity,0.18879362356407378
2024-06-17,Equity,0.1904834495667177
2024-06-18,Equity,0.19268998459310785
2024-06-19,Equity,0.19146510667886077
2024-06-20,Equity,0.1957793978736213
2024-06-21,Equity,0.19431293625135676
2024-06-22,Equity,0.19365115543782072
2024-06-23,Equity,0.19442200433714152
2024-06-24,Equity,0.1953434818845272
2024-06-25,Equity,0.19484251847291387
2024-06-26,Equity,0.04202728659393779
2024-06-26,Bond,0.1579914662698031
2024-06-27,Equity,0.042427348911806564
2024-06-27,Bond,0.15959927085912212
2024-06-28,Equity,0.042439078830109764
2024-06-28,Bond,0.15930566143471736
2024-06-29,Equity,0.04244473540082023
2024-06-29,Bond,0.15799434490455816
2024-06-30,Equity,0.04215023937786647
2024-06-30,Bond,0.1589738476369476
2024-07-01,Equity,0.04175731619163828
2024-07-01,Bond,0.15853807900019892
2024-07-02,Equity,0.041258062834715135
2024-07-02,Bond,0.16224848161135802
2024-07-03,Equity,0.04145696241185521
2024-07-03,Bond,0.1625560171744187
2024-07-04,Equity,0.04140928829600264
2024-07-04,Bond,0.16352464156460664
2024-07-05,Equity,0.041354822308739075
2024-07-05,Bond,0.16268345519557753
2024-07-06,Equity,0.04104403807690687
2024-07-06,Bond,0.16445206338697757
2024-07-07,Equity,0.04083015084267217
2024-07-07,Bond,0.16445202002274284
2024-07-08,Equity,0.040820828267822976
2024-07-08,Bond,0.16428399747888717
2024-07-09,Equity,0.0407789909210974
2024-07-09,Bond,0.1641543454582975
2024-07-10,Equity,0.040864655937229065
2024-07-10,Bond,0.1623901846017181
2024-07-11,Equity,0.040707286613285085
2024-07-11,Bond,0.16207910257934482
2024-07-12,Equity,0.040410258952106995
2024-07-12,Bond,0.16286650282762924
2024-07-13,Equity,0.04051471377781022
2024-07-13,Bond,0.16076992106337595
2024-07-14,Equity,0.040700889053583524
2024-07-14,Bond,0.1621104229990742
2024-07-15,Equity,0.04052038244497739
2024-07-15,Bond,0.16177968571324133
2024-07-16,Equity,0.039586620729310025
2024-07-16,Bond,0.16226687828329658
2024-07-17,Bond,0.20000479242453204
2024-07-18,Bond,0.20036502117551866
2024-07-19,Bond,0.19869892564074063
2024-07-20,Bond,0.1981399343650573
2024-07-21,Bond,0.1956613157243365
2024-07-22,Bond,0.19427715240026508
2024-07-23,Bond,0.19402125679328047
2024-07-24,Bond,0.1935966518048304
2024-07-25,Bond,0.19498129762954616
2024-07-26,Bond,0.192065803279382
2024-07-27,Bond,0.1919861027979504
2024-07-28,Bond,0.19183244536860744
2024-07-29,Bond,0.1911236956013002
2024-07-30,Bond,0.18971590176106207
2024-07-31,Bond,0.19141600696176003
2024-08-01,Bond,0.19460541662357086
2024-08-02,Bond,0.19193295225842225
2024-08-03,Bond,0.19050366987373707
2024-08-04,Bond,0.1889596377240773
2024-08-05,Bond,0.18852857250228516
2024-08-06,Bond,0.19045735418432955
2024-08-07,Equity,0.1400164353887148
2024-08-07,Gold,0.06000704373802064
2024-08-08,Equity,0.1406788815962626
2024-08-08,Gold,0.059795643368629484
2024-08-09,Equity,0.13966198785281442
2024-08-09,Gold,0.05998507235871727
2024-08-10,Equity,0.13717658834151705
2024-08-10,Gold,0.06031391356088031
2024-08-11,Equity,0.13945572861933947
2024-08-11,Gold,0.060291185943298686
2024-08-12,Equity,0.13805215996295556
2024-08-12,Gold,0.06093059691511547
2024-08-13,Equity,0.13899610499962278
2024-08-13,Gold,0.06135515480968037
2024-08-14,Equity,0.13984179393906784
2024-08-14,Gold,0.061259555423226204
2024-08-15,Equity,0.13893520914624508
2024-08-15,Gold,0.060843298699213504
2024-08-16,Equity,0.14126359811741
2024-08-16,Gold,0.06089530968224604
2024-08-17,Equity,0.14114672452189128
2024-08-17,Gold,0.062186998616449496
2024-08-18,Equity,0.14128555111650026
2024-08-18,Gold,0.06236247773440173
2024-08-19,Equity,0.13945530942521006
2024-08-19,Gold,0.06232410424176549
2024-08-20,Equity,0.13689403687569082
2024-08-20,Gold,0.06282100529452377
2024-08-21,Equity,0.13655640208690478
2024-08-21,Gold,0.0631936084254513
2024-08-22,Equity,0.13804215263434386
2024-08-22,Gold,0.06342755610881962
2024-08-23,Equity,0.13572241843314858
2024-08-23,Gold,0.06441188346687715
2024-08-24,Equity,0.13585916600759637
2024-08-24,Gold,0.0646321897255488
2024-08-25,Equity,0.1358378729136285
2024-08-25,Gold,0.06543085381390111
2024-08-26,Equity,0.13728059007407545
2024-08-26,Gold,0.06546075850079008
2024-08-27,Equity,0.1383510707068853
2024-08-27,Gold,0.06629924771812458
2024-08-28,Equity,0.044085181081919535
2024-08-28,Gold,0.024491767267733087
2024-08-28,Bond,0.13143915100350087
2024-08-29,Equity,0.04399558212322736
2024-08-29,Gold,0.024691429193035748
2024-08-29,Bond,0.1322076580536978
2024-08-30,Equity,0.04372829618661202
2024-08-30,Gold,0.02491457103865884
2024-08-30,Bond,0.1313684866660788
2024-08-31,Equity,0.04320740992662272
2024-08-31,Gold,0.025481149638556213
2024-08-31,Bond,0.1317459103270319
2024-09-01,Equity,0.04291794018017831
2024-09-01,Gold,0.025745170101267957
2024-09-01,Bond,0.13213754406225986
2024-09-02,Equity,0.04251344485705697
2024-09-02,Gold,0.025568277959465834
2024-09-02,Bond,0.1314403334827539
2024-09-03,Equity,0.04241188838347552
2024-09-03,Gold,0.025596888710484676
2024-09-03,Bond,0.13258571057705787
2024-09-04,Equity,0.04250647248952272
2024-09-04,Gold,0.025595040779264163
2024-09-04,Bond,0.13043187550333565
2024-09-05,Equity,0.04236071036936246
2024-09-05,Gold,0.026110959143389886
2024-09-05,Bond,0.13061314654573372
2024-09-06,Equity,0.042462436856869755
2024-09-06,Gold,0.026474301982145475
2024-09-06,Bond,0.12910217365312765
2024-09-07,Equity,0.042308693952219055
2024-09-07,Gold,0.027043824513466024
2024-09-07,Bond,0.12791241377632503
2024-09-08,Equity,0.04260578027442095
2024-09-08,Gold,0.026801006930013055
2024-09-08,Bond,0.1289966396813286
2024-09-09,Equity,0.042746795887690266
2024-09-09,Gold,0.02712547611636327
2024-09-09,Bond,0.1277153890847057
2024-09-10,Equity,0.04262668602962052
2024-09-10,Gold,0.0268121338397557
2024-09-10,Bond,0.12652113143274576
2024-09-11,Equity,0.04213996892751467
2024-09-11,Gold,0.02639342005277926
2024-09-11,Bond,0.12728059833039948
2024-09-12,Equity,0.042170755653421294
2024-09-12,Gold,0.026329534332255756
2024-09-12,Bond,0.1260693754538972
2024-09-13,Equity,0.042562152236298195
2024-09-13,Gold,0.026672737570292107
2024-09-13,Bond,0.12708312369200184
2024-09-14,Equity,0.04277912204142289
2024-09-14,Gold,0.02638791533793019
2024-09-14,Bond,0.12780143442515518
2024-09-15,Equity,0.04313354292697403
2024-09-15,Gold,0.0264011378338298
2024-09-15,Bond,0.1268963233767566
2024-09-16,Equity,0.043365484807354984
2024-09-16,Gold,0.02666676250931171
2024-09-16,Bond,0.12790612046354202
2024-09-17,Equity,0.043970568452998404
2024-09-17,Gold,0.02693919047445973
2024-09-17,Bond,0.1256639045781112
2024-09-18,Equity,0.12106186663722726
2024-09-18,Gold,0.07895339128514824
2024-09-19,Equity,0.12122025377549657
2024-09-19,Gold,0.07894158641002572
2024-09-20,Equity,0.12082933363749743
2024-09-20,Gold,0.07865982481133561
2024-09-21,Equity,0.1218672086835733
2024-09-21,Gold,0.07778751077684064
2024-09-22,Equity,0.1193361811482394
2024-09-22,Gold,0.07775045983478522
2024-09-23,Equity,0.12077749421734543
2024-09-23,Gold,0.07684573360085273
2024-09-24,Equity,0.12167847462453188
2024-09-24,Gold,0.07551773641076633
2024-09-25,Equity,0.12325638805310016
2024-09-25,Gold,0.0767459027998258
2024-09-26,Equity,0.12204701644467146
2024-09-26,Gold,0.07688606793495885
2024-09-27,Equity,0.12304960349020838
2024-09-27,Gold,0.07863369246386528
2024-09-28,Equity,0.12384876096819886
2024-09-28,Gold,0.07796385888389479
2024-09-29,Equity,0.12323223887682976
2024-09-29,Gold,0.07771447532446593
2024-09-30,Equity,0.12315892860591122
2024-09-30,Gold,0.0771735130248218
2024-10-01,Equity,0.12299699022440624
2024-10-01,Gold,0.07673789953702453
2024-10-02,Equity,0.1225213126869187
2024-10-02,Gold,0.07739378922481194
2024-10-03,Equity,0.12102546526600395
2024-10-03,Gold,0.07792698070676482
2024-10-04,Equity,0.12219666761255281
2024-10-04,Gold,0.07844625748199123
2024-10-05,Equity,0.12105673588801633
2024-10-05,Gold,0.0795135433978009
2024-10-06,Equity,0.11983797608896297
2024-10-06,Gold,0.08042939716030725
2024-10-07,Equity,0.12120627164743862
2024-10-07,Gold,0.07957153217813193
2024-10-08,Equity,0.1197699740441934
2024-10-08,Gold,0.0793227077507607
2024-10-09,Gold,0.20001440101410212
2024-10-10,Gold,0.20604600923687583
2024-10-11,Gold,0.20731245592189584
2024-10-12,Gold,0.20748783665855214
2024-10-13,Gold,0.2085971274090337
2024-10-14,Gold,0.2076032301758214
2024-10-15,Gold,0.20803526223746754
2024-10-16,Gold,0.20961251537971357
2024-10-17,Gold,0.20956448079265044
2024-10-18,Gold,0.20831402503138333
2024-10-19,Gold,0.20818562486733666
2024-10-20,Gold,0.2076593120904332
2024-10-21,Gold,0.20543519458322507
2024-10-22,Gold,0.20450381159182004
2024-10-23,Gold,0.20224727956564442
2024-10-24,Gold,0.20025914050395918
2024-10-25,Gold,0.19843810357642902
2024-10-26,Gold,0.19995902875279495
2024-10-27,Gold,0.20235197446320666
2024-10-28,Gold,0.19988398746901526
2024-10-29,Gold,0.20242317014001945
2024-10-30,Equity,0.04273967521307803
2024-10-30,Gold,0.0196602505980159
2024-10-30,Bond,0.13762175418611125
2024-10-31,Equity,0.042355602668528766
2024-10-31,Gold,0.01979263486063405
2024-10-31,Bond,0.1384794127422573
2024-11-01,Equity,0.042760522375912643
2024-11-01,Gold,0.019836170856109614
2024-11-01,Bond,0.13834136933486416
2024-11-02,Equity,0.042854171051724545
2024-11-02,Gold,0.01995666039756011
2024-11-02,Bond,0.13836903488605262
2024-11-03,Equity,0.042273618911729136
2024-11-03,Gold,0.019764514675707497
2024-11-03,Bond,0.13755639685086274
2024-11-04,Equity,0.04187113452365692
2024-11-04,Gold,0.019342164205397663
2024-11-04,Bond,0.1411595540766649
2024-11-05,Equity,0.04264350996573088
2024-11-05,Gold,0.019188468066158575
2024-11-05,Bond,0.14050005571868596
2024-11-06,Equity,0.04256788086408677
2024-11-06,Gold,0.019249747631443104
2024-11-06,Bond,0.14137559129872884
2024-11-07,Equity,0.042337329913773994
2024-11-07,Gold,0.01957141677690656
2024-11-07,Bond,0.14366878371914454
2024-11-08,Equity,0.04243047550827765
2024-11-08,Gold,0.01941194336639692
2024-11-08,Bond,0.14205267144327352
2024-11-09,Equity,0.04247772487129253
2024-11-09,Gold,0.01937457773590116
2024-11-09,Bond,0.1427894691319437
2024-11-10,Equity,0.042323771058193085
2024-11-10,Gold,0.019235320992020792
2024-11-10,Bond,0.14286214779301423
2024-11-11,Equity,0.04276004924991502
2024-11-11,Gold,0.01917152138158021
2024-11-11,Bond,0.14499183555798256
2024-11-12,Equity,0.04263929285426866
2024-11-12,Gold,0.018840327652097397
2024-11-12,Bond,0.14395013006063617
2024-11-13,Equity,0.043081020120155585
2024-11-13,Gold,0.01913174049943411
2024-11-13,Bond,0.1429240030147111
2024-11-14,Equity,0.04384153391581926
2024-11-14,Gold,0.019122464085690336
2024-11-14,Bond,0.14274910961512652
2024-11-15,Equity,0.044023323630366304
2024-11-15,Gold,0.019305618034711137
2024-11-15,Bond,0.14209760490224796
2024-11-16,Equity,0.04361488625740995
2024-11-16,Gold,0.019283108242449266
2024-11-16,Bond,0.14160999609074035
2024-11-17,Equity,0.04356546420116864
2024-11-17,Gold,0.01926171724621839
2024-11-17,Bond,0.14407656457133264
2024-11-18,Equity,0.043313751624050746
2024-11-18,Gold,0.019477333207234115
2024-11-18,Bond,0.14423708725260453
2024-11-19,Equity,0.043735589749290586
2024-11-19,Gold,0.01951688081267593
2024-11-19,Bond,0.14321152688910818
2024-11-20,Equity,0.056075321439706255
2024-11-20,Bond,0.14392665836191273
2024-11-21,Equity,0.05597964824689003
2024-11-21,Bond,0.14443588317474113
2024-11-22,Equity,0.05542208235677902
2024-11-22,Bond,0.14493464423631294
2024-11-23,Equity,0.05450140700787341
2024-11-23,Bond,0.14436835839801176
2024-11-24,Equity,0.054211160657197395
2024-11-24,Bond,0.14243182362685813
2024-11-25,Equity,0.05454986202830219
2024-11-25,Bond,0.14231970460143675
2024-11-26,Equity,0.055169191483383014
2024-11-26,Bond,0.14213275381053248
2024-11-27,Equity,0.05505818091253903
2024-11-27,Bond,0.14137091127801388
2024-11-28,Equity,0.05446951833091376
2024-11-28,Bond,0.1430054118655403
2024-11-29,Equity,0.05452239129085656
2024-11-29,Bond,0.14369617853623895
2024-11-30,Equity,0.05486777046752826
2024-11-30,Bond,0.14380798936936903
2024-12-01,Equity,0.055300820648645145
2024-12-01,Bond,0.14330304757446305
2024-12-02,Equity,0.05526411294999946
2024-12-02,Bond,0.1454281980764248
2024-12-03,Equity,0.05644913044520263
2024-12-03,Bond,0.14383274231535711
2024-12-04,Equity,0.05716949050603939
2024-12-04,Bond,0.14311905159195457
2024-12-05,Equity,0.056550507592003925
2024-12-05,Bond,0.14266436847991879
2024-12-06,Equity,0.05574881763869919
2024-12-06,Bond,0.14314829735456586
2024-12-07,Equity,0.05510444557319768
2024-12-07,Bond,0.1440510074999773
2024-12-08,Equity,0.05582265301523843
2024-12-08,Bond,0.14231849303431307
2024-12-09,Equity,0.05498201089803152
2024-12-09,Bond,0.14161898378082818
2024-12-10,Equity,0.05518518476936361
2024-12-10,Bond,0.14212821228255365
2024-12-11,Gold,0.20002379170296009
2024-12-12,Gold,0.19814473336781696
2024-12-13,Gold,0.19714037192221615
2024-12-14,Gold,0.1949497757528181
2024-12-15,Gold,0.19526584284353482
2024-12-16,Gold,0.1966592122473995
2024-12-17,Gold,0.19621925755144687
2024-12-18,Gold,0.1951759229427312
2024-12-19,Gold,0.19464976141157722
2024-12-20,Gold,0.19829064550893769
2024-12-21,Gold,0.20019228716732743
2024-12-22,Gold,0.20136529125754546
2024-12-23,Gold,0.20188050786136594
2024-12-24,Gold,0.20185997898581962
2024-12-25,Gold,0.20040322861108104
2024-12-26,Gold,0.19870736714385887
2024-12-27,Gold,0.1978046711555776
2024-12-28,Gold,0.19629559349960152
2024-12-29,Gold,0.19533845546618195
2024-12-30,Gold,0.19517834427055988
2024-12-31,Gold,0.19513860264963478
2025-01-22,Equity,0.04348086989568246
2025-01-22,Gold,0.0195663914530571
2025-01-22,Bond,0.1369647401713997
2025-01-23,Equity,0.04343055754063913
2025-01-23,Gold,0.019441921325138813
2025-01-23,Bond,0.1355849095269805
2025-01-24,Equity,0.04315943535849216
2025-01-24,Gold,0.019365307207728118
2025-01-24,Bond,0.13582100800391478
2025-01-25,Equity,0.0434275760791339
2025-01-25,Gold,0.0197279425057162
2025-01-25,Bond,0.1347969162863377
2025-01-26,Equity,0.04320931927971347
2025-01-26,Gold,0.019656631352937572
2025-01-26,Bond,0.1355999084730836
2025-01-27,Equity,0.04380968868718674
2025-01-27,Gold,0.01967653262695124
2025-01-27,Bond,0.13746418353243733
2025-01-28,Equity,0.04405462941151915
2025-01-28,Gold,0.01938179549550047
2025-01-28,Bond,0.13632288548935276
2025-01-29,Equity,0.044305753471909716
2025-01-29,Gold,0.01919291617971802
2025-01-29,Bond,0.13527462886502029
2025-01-30,Equity,0.043921136171764595
2025-01-30,Gold,0.01940914606436771
2025-01-30,Bond,0.13393826055915944
2025-01-31,Equity,0.04295832951485954
2025-01-31,Gold,0.019755767924413102
2025-01-31,Bond,0.13373459104016158
2025-02-01,Equity,0.043136805434628514
2025-02-01,Gold,0.019793514790785505
2025-02-01,Bond,0.1337636174766645
2025-02-02,Equity,0.042933526036046187
2025-02-02,Gold,0.019737880147615478
2025-02-02,Bond,0.1338253326872543
2025-02-03,Equity,0.043283208495769644
2025-02-03,Gold,0.01980180900132981
2025-02-03,Bond,0.13479894290434719
2025-02-04,Equity,0.042905825773730664
2025-02-04,Gold,0.019301238036912
2025-02-04,Bond,0.1353798270274446
2025-02-05,Equity,0.042689715790730144
2025-02-05,Gold,0.019350591642805583
2025-02-05,Bond,0.13533588974085542
2025-02-06,Equity,0.04315585455164867
2025-02-06,Gold,0.019142813201954302
2025-02-06,Bond,0.13534598897575925
2025-02-07,Equity,0.04332495544913681
2025-02-07,Gold,0.019286609986516816
2025-02-07,Bond,0.13539985493282328
2025-02-08,Equity,0.04293314508395903
2025-02-08,Gold,0.01888591931213353
2025-02-08,Bond,0.13544732242662313
2025-02-09,Equity,0.0429915018843688
2025-02-09,Gold,0.018786736739476607
2025-02-09,Bond,0.13467034553754642
2025-02-10,Equity,0.04385251045033428
2025-02-10,Gold,0.01879392294730832
2025-02-10,Bond,0.13316532495812727
2025-02-11,Equity,0.04391071135125455
2025-02-11,Gold,0.018649244966783385
2025-02-11,Bond,0.13334025574947966
2025-02-12,Equity,0.20001845145880703
2025-02-13,Equity,0.20145477100889048
2025-02-14,Equity,0.20202207246857598
2025-02-15,Equity,0.20435940884293935
2025-02-16,Equity,0.20558991322686898
2025-02-17,Equity,0.20707445710454217
2025-02-18,Equity,0.2095354597518627
2025-02-19,Equity,0.20904056844793314
2025-02-20,Equity,0.20805228204353135
2025-02-21,Equity,0.2058436792444881
2025-02-22,Equity,0.20549921582149125
2025-02-23,Equity,0.20337089291413277
2025-02-24,Equity,0.20396366238937355
2025-02-25,Equity,0.20296939577308387
2025-02-26,Equity,0.20453064170541857
2025-02-27,Equity,0.20580044947328596
2025-02-28,Equity,0.20516439152517799
2025-03-01,Equity,0.20676103355168923
2025-03-02,Equity,0.20700590354747436
2025-03-03,Equity,0.20411338536824078
2025-03-04,Equity,0.20251203880329102
2025-03-05,Equity,0.20000008069633887
2025-03-06,Equity,0.20001647124704766
2025-03-07,Equity,0.1993308196587132
2025-03-08,Equity,0.1984879178503474
2025-03-09,Equity,0.19941380537314943
2025-03-10,Equity,0.20067307332645676
2025-03-11,Equity,0.1996827318403968
2025-03-12,Equity,0.19832823920451698
2025-03-13,Equity,0.20034591350678121
2025-03-14,Equity,0.20474899006019023
2025-03-15,Equity,0.20321958698846662
2025-03-16,Equity,0.20466634950711662
2025-03-17,Equity,0.20444013884310278
2025-03-18,Equity,0.20554178749443933
2025-03-19,Equity,0.2039900408718452
2025-03-20,Equity,0.2019650061073192
2025-03-21,Equity,0.20016147665391984
2025-03-22,Equity,0.19925983660107704
2025-03-23,Equity,0.1988856112381545
2025-03-24,Equity,0.20039577051671648
2025-03-25,Equity,0.199063584744471
2025-03-26,Gold,0.20002388577607533
2025-03-27,Gold,0.19986180743625537
2025-03-28,Gold,0.20378800031376074
2025-03-29,Gold,0.20579773144510824
2025-03-30,Gold,0.20747247125308477
2025-03-31,Gold,0.20834623014290718
2025-04-01,Gold,0.20720796026759952
2025-04-02,Gold,0.20763783247621573
2025-04-03,Gold,0.20859917984103518
2025-04-04,Gold,0.20892786653564077
2025-04-05,Gold,0.20908451023592564
2025-04-06,Gold,0.20842801550347886
2025-04-07,Gold,0.2088795431183732
2025-04-08,Gold,0.20801237115754542
2025-04-09,Gold,0.20917359344253683
2025-04-10,Gold,0.20585865044837023
2025-04-11,Gold,0.20808881502864193
2025-04-12,Gold,0.20593562407984198
2025-04-13,Gold,0.204195859724426
2025-04-14,Gold,0.2048610509712629
2025-04-15,Gold,0.20574198011078718
2025-04-16,Equity,0.04716736172770502
2025-04-16,Bond,0.1528571907842292
2025-04-17,Equity,0.04717695786997892
2025-04-17,Bond,0.15278227603040923
2025-04-18,Equity,0.04658620104666771
2025-04-18,Bond,0.15329817962195116
2025-04-19,Equity,0.04534176892471962
2025-04-19,Bond,0.1546751298367264
2025-04-20,Equity,0.04507173591013707
2025-04-20,Bond,0.15347660612954392
2025-04-21,Equity,0.0454527564173172
2025-04-21,Bond,0.15458027657617332
2025-04-22,Equity,0.046027414385625555
2025-04-22,Bond,0.15531781316752868
2025-04-23,Equity,0.045052429236367604
2025-04-23,Bond,0.15739947717001626
2025-04-24,Equity,0.04550450662573452
2025-04-24,Bond,0.15924287187975714
2025-04-25,Equity,0.045243355991331106
2025-04-25,Bond,0.15937064649633723
2025-04-26,Equity,0.044577447903981084
2025-04-26,Bond,0.16048482820417112
2025-04-27,Equity,0.0450275396733318
2025-04-27,Bond,0.1604686941129724
2025-04-28,Equity,0.04480024602617472
2025-04-28,Bond,0.16070093432825402
2025-04-29,Equity,0.046015846885654
2025-04-29,Bond,0.15899509410481363
2025-04-30,Equity,0.04573751798557931
2025-04-30,Bond,0.15874416965776986
2025-05-01,Equity,0.045746241119445134
2025-05-01,Bond,0.15638180916154917
2025-05-02,Equity,0.04533159749693799
2025-05-02,Bond,0.15627000393942497
2025-05-03,Equity,0.04530244922818485
2025-05-03,Bond,0.15800766113715084
2025-05-04,Equity,0.04559219349017503
2025-05-04,Bond,0.15898781617643187
2025-05-05,Equity,0.044837168851699145
2025-05-05,Bond,0.15926249595605685
2025-05-06,Equity,0.04513337041273692
2025-05-06,Bond,0.15894524306965188
2025-05-07,Gold,0.0250006505856003
2025-05-07,Bond,0.1750045540992021
2025-05-08,Gold,0.025068531746885735
2025-05-08,Bond,0.17367742915712173
2025-05-09,Gold,0.024651791192361786
2025-05-09,Bond,0.17492380153965592
2025-05-10,Gold,0.024708454522738618
2025-05-10,Bond,0.17272102934213912
2025-05-11,Gold,0.024655223824031427
2025-05-11,Bond,0.17052702507052447
2025-05-12,Gold,0.024866589341121573
2025-05-12,Bond,0.17176608248057978
2025-05-13,Gold,0.024917019401484896
2025-05-13,Bond,0.1720515154145912
2025-05-14,Gold,0.025030315313071653
2025-05-14,Bond,0.17209504087060873
2025-05-15,Gold,0.024974727360374316
2025-05-15,Bond,0.17239850829844627
2025-05-16,Gold,0.025144236406407373
2025-05-16,Bond,0.17523922557495997
2025-05-17,Gold,0.024753223136219
2025-05-17,Bond,0.1753901098420801
2025-05-18,Gold,0.024525324716149675
2025-05-18,Bond,0.1758534819250196
2025-05-19,Gold,0.02474449446649412
2025-05-19,Bond,0.17879956704694683
2025-05-20,Gold,0.02464238153338018
2025-05-20,Bond,0.17872544169689153
2025-05-21,Gold,0.024056946940598234
2025-05-21,Bond,0.18136803408094027
2025-05-22,Gold,0.024492956161415183
2025-05-22,Bond,0.17819768682834777
2025-05-23,Gold,0.02480263273464017
2025-05-23,Bond,0.17645565625121923
2025-05-24,Gold,0.0250045492238602
2025-05-24,Bond,0.17545597614603248
2025-05-25,Gold,0.025001882607443418
2025-05-25,Bond,0.17629828650032667
2025-05-26,Gold,0.02533003543654959
2025-05-26,Bond,0.1788146046434891
2025-05-27,Gold,0.0256696625412732
2025-05-27,Bond,0.1778915598282414
2025-05-28,Equity,0.04000102325294401
2025-05-28,Gold,0.020000511626472005
2025-05-28,Bond,0.14000358138530403
2025-05-29,Equity,0.04039104567531387
2025-05-29,Gold,0.0200628037424153
2025-05-29,Bond,0.14262159521070158
2025-05-30,Equity,0.03973224584760708
2025-05-30,Gold,0.020053726477103552
2025-05-30,Bond,0.14462758207017856
2025-05-31,Equity,0.03960392433885604
2025-05-31,Gold,0.019990305972857766
2025-05-31,Bond,0.1441634049214514
2025-06-01,Equity,0.039228246723308234
2025-06-01,Gold,0.01972531521392728
2025-06-01,Bond,0.14532573508622995
2025-06-02,Equity,0.03893401271465908
2025-06-02,Gold,0.019818425884974337
2025-06-02,Bond,0.1457744465683223
2025-06-03,Equity,0.0393757486667897
2025-06-03,Gold,0.019943080229759724
2025-06-03,Bond,0.144876633753293
2025-06-04,Equity,0.03940007945879936
2025-06-04,Gold,0.019861554698368936
2025-06-04,Bond,0.14540995571693155
2025-06-05,Equity,0.03968165852746837
2025-06-05,Gold,0.01998971724336646
2025-06-05,Bond,0.1447653549224178
2025-06-06,Equity,0.039918659608799915
2025-06-06,Gold,0.019916148033449443
2025-06-06,Bond,0.14489253977709626
2025-06-07,Equity,0.03926226541288773
2025-06-07,Gold,0.020141363996659466
2025-06-07,Bond,0.14327686220419034
2025-06-08,Equity,0.039157410210476584
2025-06-08,Gold,0.020022522108105272
2025-06-08,Bond,0.14118241186752495
2025-06-09,Equity,0.03946425582808778
2025-06-09,Gold,0.019818712551562458
2025-06-09,Bond,0.14082349902135344
2025-06-10,Equity,0.0396980777126858
2025-06-10,Gold,0.01975802666813311
2025-06-10,Bond,0.1411788860637484
2025-06-11,Equity,0.039089287001138784
2025-06-11,Gold,0.01996458812543731
2025-06-11,Bond,0.13989072457679091
2025-06-12,Equity,0.03945797765771542
2025-06-12,Gold,0.01971657778318529
2025-06-12,Bond,0.14050064359627637
2025-06-13,Equity,0.03968149575763684
2025-06-13,Gold,0.019914434744118654
2025-06-13,Bond,0.14048879483844862
2025-06-14,Equity,0.039292954445959774
2025-06-14,Gold,0.019585845243932993
2025-06-14,Bond,0.1413753518039263
2025-06-15,Equity,0.03939648914297237
2025-06-15,Gold,0.01950917484981163
2025-06-15,Bond,0.14251111594777402
2025-06-16,Equity,0.03924496048353747
2025-06-16,Gold,0.01920540121568372
2025-06-16,Bond,0.14421326685469077
2025-06-17,Equity,0.03941598480804798
2025-06-17,Gold,0.018699958495867287
2025-06-17,Bond,0.1450030373755647
2025-06-18,Bond,0.2000067690142027
2025-06-19,Bond,0.20030912831064057
2025-06-20,Bond,0.2040661914053982
2025-06-21,Bond,0.20567148309544442
2025-06-22,Bond,0.20578837668938332
2025-06-23,Bond,0.20554245392095694
2025-06-24,Bond,0.20456728115616918
2025-06-25,Bond,0.20264225191044508
2025-06-26,Bond,0.20541621573790023
2025-06-27,Bond,0.20619832472297797
2025-06-28,Bond,0.2041291982346226
2025-06-29,Bond,0.20392564808399338
2025-06-30,Bond,0.20599591844651619
2025-07-01,Bond,0.2052658565065725
2025-07-02,Bond,0.20394035914841213
2025-07-03,Bond,0.20452018042277612
2025-07-04,Bond,0.20559301879109304
2025-07-05,Bond,0.20486606434820367
2025-07-06,Bond,0.2038911681560577
2025-07-07,Bond,0.2046398108413226
2025-07-08,Bond,0.20281506772345229
2025-07-09,Equity,0.044445655611417244
2025-07-09,Bond,0.15555979463996034
2025-07-10,Equity,0.04405837061818156
2025-07-10,Bond,0.15546609260852923
2025-07-11,Equity,0.04476253238281754
2025-07-11,Bond,0.15631535358020518
2025-07-12,Equity,0.044100630960254454
2025-07-12,Bond,0.15586496237654154
2025-07-13,Equity,0.04385601019752634
2025-07-13,Bond,0.15664124225866793
2025-07-14,Equity,0.043929592229335665
2025-07-14,Bond,0.15816232736116204
2025-07-15,Equity,0.04415563839674362
2025-07-15,Bond,0.1574577365455227
2025-07-16,Equity,0.044455712272394726
2025-07-16,Bond,0.16169166577332958
2025-07-17,Equity,0.04398138983902451
2025-07-17,Bond,0.16368877986798375
2025-07-18,Equity,0.04422493007915868
2025-07-18,Bond,0.16401693391245656
2025-07-19,Equity,0.04421150638740132
2025-07-19,Bond,0.16377238700732752
2025-07-20,Equity,0.04426865228741432
2025-07-20,Bond,0.1630103885683647
2025-07-21,Equity,0.04395456735189979
2025-07-21,Bond,0.16532316626202243
2025-07-22,Equity,0.04400730821477683
2025-07-22,Bond,0.16560205482417095
2025-07-23,Equity,0.04405166176669746
2025-07-23,Bond,0.16363374707346218
2025-07-24,Equity,0.04402419015487095
2025-07-24,Bond,0.16132939331630122
2025-07-25,Equity,0.04379573059822858
2025-07-25,Bond,0.16151882845190366
2025-07-26,Equity,0.04394244122956284
2025-07-26,Bond,0.1616745727816986
2025-07-27,Equity,0.04345085451498967
2025-07-27,Bond,0.16052899792220163
2025-07-28,Equity,0.043475886359496854
2025-07-28,Bond,0.15851189566310286
2025-07-29,Equity,0.04329118320773882
2025-07-29,Bond,0.15596294905033486
2025-08-20,Equity,0.20001200152013923
2025-08-21,Equity,0.19956216820880215
2025-08-22,Equity,0.20011554058384723
2025-08-23,Equity,0.20036250977904857
2025-08-24,Equity,0.20169936229563365
2025-08-25,Equity,0.199989411973932
2025-08-26,Equity,0.20095292105794077
2025-08-27,Equity,0.20243499000916076
2025-08-28,Equity,0.20133469374636592
2025-08-29,Equity,0.19992106623819417
2025-08-30,Equity,0.19728180572840986
2025-08-31,Equity,0.2005940234843462
2025-09-01,Equity,0.19942329882562995
2025-09-02,Equity,0.2016967639158003
2025-09-03,Equity,0.2013620888188185
2025-09-04,Equity,0.20313396931046931
2025-09-05,Equity,0.20407596247754786
2025-09-06,Equity,0.20751170687629916
2025-09-07,Equity,0.20989941897192568
2025-09-08,Equity,0.21025304632973726
2025-09-09,Equity,0.21076797855751972
2025-09-10,Equity,0.13636932999367685
2025-09-10,Gold,0.06363902066371584
2025-09-11,Equity,0.13960283679681312
2025-09-11,Gold,0.06310364714842502
2025-09-12,Equity,0.13946833779820006
2025-09-12,Gold,0.06454562786116293
2025-09-13,Equity,0.1378396558860037
2025-09-13,Gold,0.0652342651932759
2025-09-14,Equity,0.1381779487973696
2025-09-14,Gold,0.06489269253597921
2025-09-15,Equity,0.13730795747849978
2025-09-15,Gold,0.06569048871239143
2025-09-16,Equity,0.13749222505053704
2025-09-16,Gold,0.06612101192350146
2025-09-17,Equity,0.13880480877506418
2025-09-17,Gold,0.06640772183595035
2025-09-18,Equity,0.139419778281542
2025-09-18,Gold,0.06628547346711924
2025-09-19,Equity,0.138670801550889
2025-09-19,Gold,0.06660107631160912
2025-09-20,Equity,0.1386208174710061
2025-09-20,Gold,0.0653240056038802
2025-09-21,Equity,0.13723355287558814
2025-09-21,Gold,0.06623008173761284
2025-09-22,Equity,0.1390614510641525
2025-09-22,Gold,0.06402345490535494
2025-09-23,Equity,0.1400863503566749
2025-09-23,Gold,0.06368602982588896
2025-09-24,Equity,0.13892070692520975
2025-09-24,Gold,0.06283648309592858
2025-09-25,Equity,0.1420083600324039
2025-09-25,Gold,0.062321080551427745
2025-09-26,Equity,0.14175076504035025
2025-09-26,Gold,0.06229695635214774
2025-09-27,Equity,0.1422160340490472
2025-09-27,Gold,0.061575636104928944
2025-09-28,Equity,0.14204423172262193
2025-09-28,Gold,0.06002060805752009
2025-09-29,Equity,0.14253923577561778
2025-09-29,Gold,0.06010160256101066
2025-09-30,Equity,0.14247371738713854
2025-09-30,Gold,0.06128288479176031
2025-10-01,Equity,0.042109277812471715
2025-10-01,Bond,0.1579097917967689
2025-10-02,Equity,0.04259124004372792
2025-10-02,Bond,0.1577114413738867
2025-10-03,Equity,0.04227830649651527
2025-10-03,Bond,0.1572988092753157
2025-10-04,Equity,0.04270052004255018
2025-10-04,Bond,0.15626332604620394
2025-10-05,Equity,0.042577667142162955
2025-10-05,Bond,0.1568367273020635
2025-10-06,Equity,0.04263764782744696
2025-10-06,Bond,0.15615645584255483
2025-10-07,Equity,0.0428126649863832
2025-10-07,Bond,0.15656192167735708
2025-10-08,Equity,0.04285701765950081
2025-10-08,Bond,0.15678753178296922
2025-10-09,Equity,0.043192046954117026
2025-10-09,Bond,0.1561733270592317
2025-10-10,Equity,0.04299340100312528
2025-10-10,Bond,0.15439015459112695
2025-10-11,Equity,0.04349077689178283
2025-10-11,Bond,0.15298257550844355
2025-10-12,Equity,0.043121384571892345
2025-10-12,Bond,0.15192405965393316
2025-10-13,Equity,0.042811300000046126
2025-10-13,Bond,0.15069408897706724
2025-10-14,Equity,0.04301962671567862
2025-10-14,Bond,0.1512401194171206
2025-10-15,Equity,0.04331288603508319
2025-10-15,Bond,0.15392397316238907
2025-10-16,Equity,0.04346474101718875
2025-10-16,Bond,0.15324080017758118
2025-10-17,Equity,0.04411528577668118
2025-10-17,Bond,0.1526430347179921
2025-10-18,Equity,0.04380409020227654
2025-10-18,Bond,0.15194414479656548
2025-10-19,Equity,0.04326193652244951
2025-10-19,Bond,0.15313023473621049
2025-10-20,Equity,0.04358171824187162
2025-10-20,Bond,0.15362804848800055
2025-10-21,Equity,0.04363383914028789
2025-10-21,Bond,0.1535982375360834
2025-10-22,Equity,0.2000184769779234
2025-10-23,Equity,0.1983785881973976
2025-10-24,Equity,0.19767470054710462
2025-10-25,Equity,0.20045331904660468
2025-10-26,Equity,0.2001313415626338
2025-10-27,Equity,0.20242464312703157
2025-10-28,Equity,0.20368166998027662
2025-10-29,Equity,0.2032190530605806
2025-10-30,Equity,0.20551456661617534
2025-10-31,Equity,0.20604794568293064
2025-11-01,Equity,0.20607008073116695
2025-11-02,Equity,0.20593944883683507
2025-11-03,Equity,0.20665798491469986
2025-11-04,Equity,0.20481423777171737
2025-11-05,Equity,0.2062823075690657
2025-11-06,Equity,0.2070059706004786
2025-11-07,Equity,0.2060699306083249
2025-11-08,Equity,0.20400238171379464
2025-11-09,Equity,0.20359562841442877
2025-11-10,Equity,0.204001563386
2025-11-11,Equity,0.2042549577643231
2025-11-12,Equity,0.04500424612717533
2025-11-12,Gold,0.02083529913295154
2025-11-12,Bond,0.1341793264162079
2025-11-13,Equity,0.045291056141844616
2025-11-13,Gold,0.020725688582895876
2025-11-13,Bond,0.1343102863652147
2025-11-14,Equity,0.044863425130502226
2025-11-14,Gold,0.020283844255161387
2025-11-14,Bond,0.13356266035990938
2025-11-15,Equity,0.04481552444668431
2025-11-15,Gold,0.020372536451162833
2025-11-15,Bond,0.1338536448485945
2025-11-16,Equity,0.044907040526085656
2025-11-16,Gold,0.02037915432798044
2025-11-16,Bond,0.13450679555692596
2025-11-17,Equity,0.04501965843252629
2025-11-17,Gold,0.019951600675561117
2025-11-17,Bond,0.1365022810300674
2025-11-18,Equity,0.04547187728289649
2025-11-18,Gold,0.019832657095353323
2025-11-18,Bond,0.13536492567413216
2025-11-19,Equity,0.045488308113783
2025-11-19,Gold,0.01952423012758933
2025-11-19,Bond,0.13373922226730955
2025-11-20,Equity,0.04552115158314573
2025-11-20,Gold,0.019671322706984143
2025-11-20,Bond,0.13340806735876012
2025-11-21,Equity,0.04522473426556108
2025-11-21,Gold,0.019963873428264986
2025-11-21,Bond,0.13270438313913263
2025-11-22,Equity,0.045385874130094865
2025-11-22,Gold,0.0201276306547207
2025-11-22,Bond,0.13264067942942515
2025-11-23,Equity,0.04497000107557617
2025-11-23,Gold,0.020317529778962885
2025-11-23,Bond,0.13326810339879602
2025-11-24,Equity,0.04508417010411871
2025-11-24,Gold,0.02014798072086694
2025-11-24,Bond,0.13588534391580237
2025-11-25,Equity,0.045618282373672256
2025-11-25,Gold,0.020257787939046985
2025-11-25,Bond,0.13526861945853952
2025-11-26,Equity,0.04595855814362869
2025-11-26,Gold,0.020311704350672127
2025-11-26,Bond,0.13267562034124253
2025-11-27,Equity,0.046537442796712014
2025-11-27,Gold,0.020342953453747797
2025-11-27,Bond,0.13231845938308665
2025-11-28,Equity,0.04630605462026244
2025-11-28,Gold,0.020529425130788446
2025-11-28,Bond,0.13272339092975408
2025-11-29,Equity,0.045827145777191026
2025-11-29,Gold,0.02080524446593018
2025-11-29,Bond,0.13165197358025035
2025-11-30,Equity,0.04574606846361924
2025-11-30,Gold,0.02072114224373927
2025-11-30,Bond,0.13193979448116427
2025-12-01,Equity,0.045483683878515785
2025-12-01,Gold,0.020439439216032834
2025-12-01,Bond,0.13217261602715238
2025-12-02,Equity,0.04525610535892205
2025-12-02,Gold,0.02039950294620705
2025-12-02,Bond,0.13250568286907066
2025-12-03,Gold,0.2000214500941784
2025-12-04,Gold,0.20047723213714774
2025-12-05,Gold,0.2018157407600069
2025-12-06,Gold,0.19874921484388808
2025-12-07,Gold,0.1976829577167795
2025-12-08,Gold,0.19615864223455354
2025-12-09,Gold,0.19813855623768623
2025-12-10,Gold,0.19780770547450438
2025-12-11,Gold,0.19699512396120103
2025-12-12,Gold,0.1978480420035122
2025-12-13,Gold,0.19690860207522506
2025-12-14,Gold,0.1968845748296828
2025-12-15,Gold,0.19976878344783666
2025-12-16,Gold,0.20263968922501838
2025-12-17,Gold,0.2019822478197462
2025-12-18,Gold,0.20168846692681408
2025-12-19,Gold,0.2006936080353054
2025-12-20,Gold,0.19762201839599564
2025-12-21,Gold,0.19927022795545896
2025-12-22,Gold,0.20316190817906563
2025-12-23,Gold,0.20244496544083226
2025-12-24,Gold,0.2000000677575176
2025-12-25,Gold,0.19956387008838564
2025-12-26,Gold,0.19969975576822524
2025-12-27,Gold,0.19789114104334346
2025-12-28,Gold,0.19716440497215837
2025-12-29,Gold,0.19877583078651487
2025-12-30,Gold,0.19897878012451653
2025-12-31,Gold,0.20101134592304434
2026-01-01,Gold,0.20159782316588468
2026-01-02,Gold,0.19985083778702564
2026-01-03,Gold,0.19893132336147087
2026-01-04,Gold,0.19932748307363293
2026-01-05,Gold,0.1975419206624391
2026-01-06,Gold,0.19556427123687475
2026-01-07,Gold,0.19369551933525425
2026-01-08,Gold,0.19450236303822732
2026-01-09,Gold,0.1939292123467829
2026-01-10,Gold,0.19578430522957166
2026-01-11,Gold,0.19437671413694207
2026-01-12,Gold,0.1905574391881762
2026-01-13,Gold,0.19035591422045395
2026-02-04,Equity,0.2000120015201392
2026-02-05,Equity,0.20054076993012848
2026-02-06,Equity,0.20008716539731555
2026-02-07,Equity,0.2015936062134993
2026-02-08,Equity,0.2006489181746304
2026-02-09,Equity,0.20139435155334273
2026-02-10,Equity,0.20306709469998385
2026-02-11,Equity,0.20441716527153794
2026-02-12,Equity,0.20671546464392263
2026-02-13,Equity,0.2062677944951507
2026-02-14,Equity,0.2074310884465327
2026-02-15,Equity,0.20758370834963968
2026-02-16,Equity,0.20800057745245837
2026-02-17,Equity,0.20841814427194333
2026-02-18,Equity,0.2093086359738652
2026-02-19,Equity,0.20925332579969802
2026-02-20,Equity,0.2069126793103447
2026-02-21,Equity,0.20716586053593675
2026-02-22,Equity,0.20776067578619797
2026-02-23,Equity,0.20769177323543458
2026-02-24,Equity,0.20840929947203615
2026-02-25,Equity,0.14458347698628976
2026-02-25,Gold,0.05542366617807772
2026-02-26,Equity,0.14430045222873422
2026-02-26,Gold,0.05510487870157829
2026-02-27,Equity,0.14620682964888243
2026-02-27,Gold,0.05382768796828814
2026-02-28,Equity,0.1491351677091854
2026-02-28,Gold,0.05308793513191537
2026-03-01,Equity,0.15039459569665461
2026-03-01,Gold,0.05213694148393274
2026-03-02,Equity,0.14970252716424226
2026-03-02,Gold,0.05192467632508276
2026-03-03,Equity,0.1500069235539593
2026-03-03,Gold,0.051794902315559464
2026-03-04,Equity,0.15016175463235348
2026-03-04,Gold,0.05201423375085326
2026-03-05,Equity,0.15104309319723142
2026-03-05,Gold,0.05181482519138539
2026-03-06,Equity,0.1512476190981865
2026-03-06,Gold,0.052031394852154335
2026-03-07,Equity,0.15202984003065304
2026-03-07,Gold,0.05203913433241376
2026-03-08,Equity,0.15443213484132925
2026-03-08,Gold,0.051390680690762205
2026-03-09,Equity,0.1521714885117947
2026-03-09,Gold,0.05071799857844882
2026-03-10,Equity,0.15147446548768154
2026-03-10,Gold,0.051038963657529364
2026-03-11,Equity,0.1525826323419461
2026-03-11,Gold,0.05176682214741797
2026-03-12,Equity,0.1523229833805403
2026-03-12,Gold,0.05302917674096642
2026-03-13,Equity,0.15301376078596757
2026-03-13,Gold,0.05345252079885543
2026-03-14,Equity,0.15264810899093026
2026-03-14,Gold,0.054210490153342145
2026-03-15,Equity,0.1546384086392331
2026-03-15,Gold,0.054317233861584394
2026-03-16,Equity,0.156136979965169
2026-03-16,Gold,0.05437437830009659
2026-03-17,Equity,0.15652148987918438
2026-03-17,Gold,0.05440607100622404
2026-03-18,Equity,0.1411774104682204
2026-03-18,Gold,0.058823921028425145
2026-03-19,Equity,0.14150262187906645
2026-03-19,Gold,0.05913503917453528
2026-03-20,Equity,0.14162658770086942
2026-03-20,Gold,0.05884053442122399
2026-03-21,Equity,0.14343568803970194
2026-03-21,Gold,0.05863593530927143
2026-03-22,Equity,0.14182273296315467
2026-03-22,Gold,0.05810497698798942
2026-03-23,Equity,0.14198787590230508
2026-03-23,Gold,0.05835154653117856
2026-03-24,Equity,0.14249799320007417
2026-03-24,Gold,0.05779773170027494
2026-03-25,Equity,0.14222341146369036
2026-03-25,Gold,0.057834436893960686
2026-03-26,Equity,0.1412752979580365
2026-03-26,Gold,0.05816918632478432
2026-03-27,Equity,0.14113984327323362
2026-03-27,Gold,0.05849694017897392
2026-03-28,Equity,0.13925572580196682
2026-03-28,Gold,0.05904816727390453
2026-03-29,Equity,0.14114587596114025
2026-03-29,Gold,0.05880156101007969
2026-03-30,Equity,0.14305990587891415
2026-03-30,Gold,0.05893672606768792
2026-03-31,Equity,0.14319076692666277
2026-03-31,Gold,0.058661250456464045
2026-04-01,Equity,0.1429734185914281
2026-04-01,Gold,0.057607992709907074
2026-04-02,Equity,0.1411297540788704
2026-04-02,Gold,0.05801815551379808
2026-04-03,Equity,0.14031479048219328
2026-04-03,Gold,0.05823504858030158
2026-04-04,Equity,0.14202905246241382
2026-04-04,Gold,0.05867037370163016
2026-04-05,Equity,0.14204105176714507
2026-04-05,Gold,0.058655732469277126
2026-04-06,Equity,0.14154822844605833
2026-04-06,Gold,0.05781890548115894
2026-04-07,Equity,0.14161225416994397
2026-04-07,Gold,0.057765204869529775
2026-04-08,Equity,0.2000070447746108
2026-04-09,Equity,0.19749643780767007
2026-04-10,Equity,0.19701120770181585
2026-04-11,Equity,0.19536315518141523
2026-04-12,Equity,0.19603684639313726
2026-04-13,Equity,0.19750399475606698
2026-04-14,Equity,0.19637781196845783
2026-04-15,Equity,0.19668519999887207
2026-04-16,Equity,0.19666053665346322
2026-04-17,Equity,0.19549880606645273
2026-04-18,Equity,0.19194142051928129
2026-04-19,Equity,0.1903572293270471
2026-04-20,Equity,0.18916396684081788
2026-04-21,Equity,0.18938385706584074
2026-04-22,Equity,0.18975747896382214
2026-04-23,Equity,0.19167369547800428
2026-04-24,Equity,0.19007772869490092
2026-04-25,Equity,0.18881880199159445
2026-04-26,Equity,0.18783315516541188
2026-04-27,Equity,0.18754274009205693
2026-04-28,Equity,0.18787751914588074
2026-05-20,Equity,0.20001200152013923
2026-05-21,Equity,0.201616842386152
2026-05-22,Equity,0.2007700322267912
2026-05-23,Equity,0.19834626477450124
2026-05-24,Equity,0.19804799540506163
2026-05-25,Equity,0.197276636045829
2026-05-26,Equity,0.1982278950966575
2026-05-27,Equity,0.19791393838855975
2026-05-28,Equity,0.20002767717031478
2026-05-29,Equity,0.19725922486193256
2026-05-30,Equity,0.19681726818816775
2026-05-31,Equity,0.19740724521437664
2026-06-01,Equity,0.1958661660548527
2026-06-02,Equity,0.197295583900494
2026-06-03,Equity,0.19868080579242636
2026-06-04,Equity,0.1979951331331915
2026-06-05,Equity,0.20223505718739987
2026-06-06,Equity,0.20043763165823691
2026-06-07,Equity,0.19828858425167178
2026-06-08,Equity,0.1975357719074883
2026-06-09,Equity,0.19783758741304086
2026-07-01,Equity,0.04727556399566926
2026-07-01,Bond,0.15273643752446991
2026-07-02,Equity,0.04674515434594887
2026-07-02,Bond,0.15526028347207613
2026-07-03,Equity,0.04631478600660339
2026-07-03,Bond,0.15703070282827833
2026-07-04,Equity,0.046400035397781376
2026-07-04,Bond,0.1571316180347252
2026-07-05,Equity,0.045014451050752295
2026-07-05,Bond,0.15894513633658167
2026-07-06,Equity,0.045330839381376296
2026-07-06,Bond,0.1597716563659292
2026-07-07,Equity,0.04486566284564681
2026-07-07,Bond,0.15813986888261863
2026-07-08,Equity,0.044425186204682
2026-07-08,Bond,0.15713808811277752
2026-07-09,Equity,0.04379649372023461
2026-07-09,Bond,0.15761725914209027
2026-07-10,Equity,0.0438983098840589
2026-07-10,Bond,0.15781058313651672
2026-07-11,Equity,0.044424594812595045
2026-07-11,Bond,0.15945395299098458
2026-07-12,Equity,0.04434565687417368
2026-07-12,Bond,0.15986883458657772
2026-07-13,Equity,0.04462108915498189
2026-07-13,Bond,0.15814138650850412
2026-07-14,Equity,0.044889961260645865
2026-07-14,Bond,0.15737875521524605
2026-07-15,Equity,0.04515583720396529
2026-07-15,Bond,0.1583138392635353
2026-07-16,Equity,0.04485340641346563
2026-07-16,Bond,0.1559708208971243
2026-07-17,Equity,0.045640732809070564
2026-07-17,Bond,0.15401066178340306
2026-07-18,Equity,0.045521568724005014
2026-07-18,Bond,0.15354912916664848
2026-07-19,Equity,0.04557869361375751
2026-07-19,Bond,0.15473767137631847
2026-07-20,Equity,0.04552875150107226
2026-07-20,Bond,0.15446494446571207
2026-07-21,Equity,0.04530322077179805
2026-07-21,Bond,0.15509927216620423
2026-07-22,Gold,0.20002404790432896
2026-07-23,Gold,0.19913630820665532
2026-07-24,Gold,0.19969435567983335
2026-07-25,Gold,0.202814663623426
2026-07-26,Gold,0.20033496364913286
2026-07-27,Gold,0.1971039486067114
2026-07-28,Gold,0.1966868968951824
2026-07-29,Gold,0.19832074131920258
2026-07-30,Gold,0.19840243662534418
2026-07-31,Gold,0.19654930368968562
2026-08-01,Gold,0.19667423627946992
2026-08-02,Gold,0.1939506364867556
2026-08-03,Gold,0.19493573922111637
2026-08-04,Gold,0.1944510954868463
2026-08-05,Gold,0.1943226320951784
2026-08-06,Gold,0.19499231287792762
2026-08-07,Gold,0.19531538598230944
2026-08-08,Gold,0.1944661056511693
2026-08-09,Gold,0.19609036524459852
2026-08-10,Gold,0.19734968459306285
2026-08-11,Gold,0.19455425344630958
2026-08-12,Equity,0.12267548190956228
2026-08-12,Gold,0.07733889076907188
2026-08-13,Equity,0.12227687251674481
2026-08-13,Gold,0.07661523514924169
2026-08-14,Equity,0.12079629042682478
2026-08-14,Gold,0.07586089077884513
2026-08-15,Equity,0.12220881670040443
2026-08-15,Gold,0.07611016744829911
2026-08-16,Equity,0.12120310338286833
2026-08-16,Gold,0.07590610811534124
2026-08-17,Equity,0.12095390682927515
2026-08-17,Gold,0.07582865113519349
2026-08-18,Equity,0.12107382407331993
2026-08-18,Gold,0.0753556458578068
2026-08-19,Equity,0.12093131116973853
2026-08-19,Gold,0.07562332936476074
2026-08-20,Equity,0.11937679888995181
2026-08-20,Gold,0.07622806663685909
2026-08-21,Equity,0.12008539088003287
2026-08-21,Gold,0.07769026517407827
2026-08-22,Equity,0.11715573500055346
2026-08-22,Gold,0.07782041671272495
2026-08-23,Equity,0.1183051778859436
2026-08-23,Gold,0.07669873126846431
2026-08-24,Equity,0.11956273847147128
2026-08-24,Gold,0.07623771161348414
2026-08-25,Equity,0.12043876407424677
2026-08-25,Gold,0.07675319685358466
2026-08-26,Equity,0.12018787233338037
2026-08-26,Gold,0.07623537956587889
2026-08-27,Equity,0.12045986313631554
2026-08-27,Gold,0.07518643162665252
2026-08-28,Equity,0.11982010294411094
2026-08-28,Gold,0.07472541043418898
2026-08-29,Equity,0.11994021566758299
2026-08-29,Gold,0.07435134637643756
2026-08-30,Equity,0.1207024746451674
2026-08-30,Gold,0.07355391932807197
2026-08-31,Equity,0.11952592511819574
2026-08-31,Gold,0.07379924921870856
2026-09-01,Equity,0.11939163463108307
2026-09-01,Gold,0.07375708476494841
2026-09-02,Bond,0.20002359252673363
2026-09-03,Bond,0.19809499117042173
2026-09-04,Bond,0.1965780409636593
2026-09-05,Bond,0.19684354333638993
2026-09-06,Bond,0.1929087722014816
2026-09-07,Bond,0.19532247132144
2026-09-08,Bond,0.19534556438347583
2026-09-09,Bond,0.19777676608028785
2026-09-10,Bond,0.20065467886745583
2026-09-11,Bond,0.20040645629187248
2026-09-12,Bond,0.2025764806759772
2026-09-13,Bond,0.20086938312709787
2026-09-14,Bond,0.20156581703024115
2026-09-15,Bond,0.20080503396968047
2026-09-16,Bond,0.20192510059151544
2026-09-17,Bond,0.2033511219721131
2026-09-18,Bond,0.2030921949436082
2026-09-19,Bond,0.20397539164432957
2026-09-20,Bond,0.20551359614129164
2026-09-21,Bond,0.20582043427057528
2026-09-22,Bond,0.21000171529469394
2026-09-23,Equity,0.03694871860582214
2026-09-23,Bond,0.16305630167351948
2026-09-24,Equity,0.03693493211670096
2026-09-24,Bond,0.16531380400620072
2026-09-25,Equity,0.03736383641967397
2026-09-25,Bond,0.16681384863296222
2026-09-26,Equity,0.037286819297209554
2026-09-26,Bond,0.16427763108324828
2026-09-27,Equity,0.036755200927826415
2026-09-27,Bond,0.16641359423680488
2026-09-28,Equity,0.036971180916538
2026-09-28,Bond,0.16785957690900002
2026-09-29,Equity,0.0369238904419901
2026-09-29,Bond,0.16802609381413816
2026-09-30,Equity,0.03660438587676786
2026-09-30,Bond,0.16859428941637372
2026-10-01,Equity,0.03718069658858181
2026-10-01,Bond,0.169179546725467
2026-10-02,Equity,0.03736148751323399
2026-10-02,Bond,0.17107388238426757
2026-10-03,Equity,0.037622909263147264
2026-10-03,Bond,0.17044727323337938
2026-10-04,Equity,0.03810030781895413
2026-10-04,Bond,0.17259752995150482
2026-10-05,Equity,0.03802948043169123
2026-10-05,Bond,0.17108013100897596
2026-10-06,Equity,0.03866530498850533
2026-10-06,Bond,0.16850699348916726
2026-10-07,Equity,0.03878227361287195
2026-10-07,Bond,0.1693127495338584
2026-10-08,Equity,0.038480494691311526
2026-10-08,Bond,0.17112983354613417
2026-10-09,Equity,0.03848972576785364
2026-10-09,Bond,0.17087571486662056
2026-10-10,Equity,0.0387069005978436
2026-10-10,Bond,0.16767959723097406
2026-10-11,Equity,0.03922034088146823
2026-10-11,Bond,0.16553721802878765
2026-10-12,Equity,0.03868676492794576
2026-10-12,Bond,0.16622811653702377
2026-10-13,Equity,0.03804236319370837
2026-10-13,Bond,0.1663257122366308
2026-10-14,Bond,0.20000417066062348
2026-10-15,Bond,0.20012087704629142
2026-10-16,Bond,0.19893803111906175
2026-10-17,Bond,0.19943104639559184
2026-10-18,Bond,0.20105750636095732
2026-10-19,Bond,0.20323680992321216
2026-10-20,Bond,0.20305710990114037
2026-10-21,Bond,0.20316624089692747
2026-10-22,Bond,0.20443072056317768
2026-10-23,Bond,0.20321588662720116
2026-10-24,Bond,0.20441147305524754
2026-10-25,Bond,0.20403437009419984
2026-10-26,Bond,0.2039116593194733
2026-10-27,Bond,0.20391600400791052
2026-10-28,Bond,0.20412645353023712
2026-10-29,Bond,0.20725317395669526
2026-10-30,Bond,0.20648369821196014
2026-10-31,Bond,0.205800480163403
2026-11-01,Bond,0.2081751902276256
2026-11-02,Bond,0.20890916224944836
2026-11-03,Bond,0.2101805061244225
2026-11-04,Equity,0.040679476071219356
2026-11-04,Gold,0.016949781696341395
2026-11-04,Bond,0.14237816624926772
2026-11-05,Equity,0.040808753246876495
2026-11-05,Gold,0.01738033854509216
2026-11-05,Bond,0.14259152022912658
2026-11-06,Equity,0.040272784991132383
2026-11-06,Gold,0.017472435617355512
2026-11-06,Bond,0.14364253759493256
2026-11-07,Equity,0.040111834715176174
2026-11-07,Gold,0.017496000630381706
2026-11-07,Bond,0.14284427436874975
2026-11-08,Equity,0.03989054964233357
2026-11-08,Gold,0.017391987757516464
2026-11-08,Bond,0.1436572004563273
2026-11-09,Equity,0.04025055370522957
2026-11-09,Gold,0.0172792612463649
2026-11-09,Bond,0.14337087448118635
2026-11-10,Equity,0.040332484972624025
2026-11-10,Gold,0.01730300412916948
2026-11-10,Bond,0.1425720675873378
2026-11-11,Equity,0.040325644992791586
2026-11-11,Gold,0.017119809778397544
2026-11-11,Bond,0.14383138530747616
2026-11-12,Equity,0.04028686287308941
2026-11-12,Gold,0.017205653454227643
2026-11-12,Bond,0.14521654734977785
2026-11-13,Equity,0.03961468573133832
2026-11-13,Gold,0.017105537067765665
2026-11-13,Bond,0.14549387189119473
2026-11-14,Equity,0.04019738462783802
2026-11-14,Gold,0.01725291289489591
2026-11-14,Bond,0.1459363012085572
2026-11-15,Equity,0.0397578729837946
2026-11-15,Gold,0.017392902141715547
2026-11-15,Bond,0.14762443655494403
2026-11-16,Equity,0.040122831553014784
2026-11-16,Gold,0.017387381436690306
2026-11-16,Bond,0.14707659157660585
2026-11-17,Equity,0.04001160066509812
2026-11-17,Gold,0.017479405734570578
2026-11-17,Bond,0.14751279385590646
2026-11-18,Equity,0.03979563935448123
2026-11-18,Gold,0.017602297585849518
2026-11-18,Bond,0.1470472408973715
2026-11-19,Equity,0.040266637863076875
2026-11-19,Gold,0.01736983404534941
2026-11-19,Bond,0.1457507871408633
2026-11-20,Equity,0.03981864273785038
2026-11-20,Gold,0.017686483271454834
2026-11-20,Bond,0.1452854579570362
2026-11-21,Equity,0.039462714276513905
2026-11-21,Gold,0.017678603297428097
2026-11-21,Bond,0.14396393955820494
2026-11-22,Equity,0.03949333102159089
2026-11-22,Gold,0.017787777558091498
2026-11-22,Bond,0.14446238836823122
2026-11-23,Equity,0.03960331078294101
2026-11-23,Gold,0.017933244524766374
2026-11-23,Bond,0.14348145694215886
2026-11-24,Equity,0.040013447489136586
2026-11-24,Gold,0.01752921139146568
2026-11-24,Bond,0.14178943796393273
2026-11-25,Equity,0.042424360388952795
2026-11-25,Gold,0.019697024466299513
2026-11-25,Bond,0.13787917126409663
2026-11-26,Equity,0.04234944876045391
2026-11-26,Gold,0.01984193231875967
2026-11-26,Bond,0.1386677358146029
2026-11-27,Equity,0.042410702405698344
2026-11-27,Gold,0.019862244981639368
2026-11-27,Bond,0.1382659089492081
2026-11-28,Equity,0.042304656139593305
2026-11-28,Gold,0.01997855544451795
2026-11-28,Bond,0.13909536948199366
2026-11-29,Equity,0.04292995722063493
2026-11-29,Gold,0.020006904635172275
2026-11-29,Bond,0.13804685540215086
2026-11-30,Equity,0.04253956843614149
2026-11-30,Gold,0.020268269125191973
2026-11-30,Bond,0.13762812442580957
2026-12-01,Equity,0.04252758684713629
2026-12-01,Gold,0.020279261229554923
2026-12-01,Bond,0.13810723429089916
2026-12-02,Equity,0.04276824026718333
2026-12-02,Gold,0.02052794654694813
2026-12-02,Bond,0.13925628677030924
2026-12-03,Equity,0.043256603416605935
2026-12-03,Gold,0.0203329219318648
2026-12-03,Bond,0.13876003243248125
2026-12-04,Equity,0.04301769149753877
2026-12-04,Gold,0.020330126063318882
2026-12-04,Bond,0.13809278922135612
2026-12-05,Equity,0.04256698040181978
2026-12-05,Gold,0.020193130591181812
2026-12-05,Bond,0.13934091542406482
2026-12-06,Equity,0.04202458053418897
2026-12-06,Gold,0.02026345719696739
2026-12-06,Bond,0.1401398302674661
2026-12-07,Equity,0.04188035402435832
2026-12-07,Gold,0.020206900159806054
2026-12-07,Bond,0.14034724015608538
2026-12-08,Equity,0.041914522960488226
2026-12-08,Gold,0.0201258031115565
2026-12-08,Bond,0.14176979207355175
2026-12-09,Equity,0.041615181468252826
2026-12-09,Gold,0.019935648928567803
2026-12-09,Bond,0.1442040170732058
2026-12-10,Equity,0.04187664764340567
2026-12-10,Gold,0.01982955408256245
2026-12-10,Bond,0.14462721889641508
2026-12-11,Equity,0.04188606685841174
2026-12-11,Gold,0.019844981578600065
2026-12-11,Bond,0.14390326219084
2026-12-12,Equity,0.04211786672174517
2026-12-12,Gold,0.019436669809714
2026-12-12,Bond,0.14453737814149692
2026-12-13,Equity,0.04224582566030428
2026-12-13,Gold,0.019024080412919128
2026-12-13,Bond,0.1435811721193383
2026-12-14,Equity,0.041494200875458846
2026-12-14,Gold,0.01901442165288973
2026-12-14,Bond,0.1452160831323077
2026-12-15,Equity,0.041102390338503006
2026-12-15,Gold,0.018532334715790633
2026-12-15,Bond,0.14449103097252025
2026-12-16,Bond,0.20000695295741538
2026-12-17,Bond,0.1986700032547845
2026-12-18,Bond,0.19896018273011926
2026-12-19,Bond,0.1993069774467981
2026-12-20,Bond,0.20049476635840233
2026-12-21,Bond,0.20068661745984667
2026-12-22,Bond,0.2007608454026277
2026-12-23,Bond,0.1998416018949014
2026-12-24,Bond,0.19938411193604813
2026-12-25,Bond,0.1971699110833417
2026-12-26,Bond,0.19938536970764176
2026-12-27,Bond,0.19923487758591257
2026-12-28,Bond,0.20186537181093203
2026-12-29,Bond,0.20167044532029102
2026-12-30,Bond,0.198625406303929
2026-12-31,Bond,0.1979094721899702
2027-01-01,Bond,0.19790533505722416
2027-01-02,Bond,0.19800909192596447
2027-01-03,Bond,0.1990861168498943
2027-01-04,Bond,0.19936351580784425
2027-01-05,Bond,0.19882615503516912
2027-01-06,Bond,0.20000015765199067
2027-01-07,Bond,0.19935076046942235
2027-01-08,Bond,0.20031739830130535
2027-01-09,Bond,0.20169603060815533
2027-01-10,Bond,0.20061320221338433
2027-01-11,Bond,0.20223296731525037
2027-01-12,Bond,0.203152621526545
2027-01-13,Bond,0.20172037603205972
2027-01-14,Bond,0.20211793571493253
2027-01-15,Bond,0.20271490214676274
2027-01-16,Bond,0.2009999759293112
2027-01-17,Bond,0.19882687893936962
2027-01-18,Bond,0.19958272499868338
2027-01-19,Bond,0.1988580118364505
2027-01-20,Bond,0.20127796737538617
2027-01-21,Bond,0.2040590716884873
2027-01-22,Bond,0.20482674268094225
2027-01-23,Bond,0.20638122318891414
2027-01-24,Bond,0.20470931470335538
2027-01-25,Bond,0.20254946799930734
2027-01-26,Bond,0.2023211471824377
2027-03-10,Equity,0.2000120015201392
2027-03-11,Equity,0.20102682575754263
2027-03-12,Equity,0.20134382784693705
2027-03-13,Equity,0.19968044925113979
2027-03-14,Equity,0.20001688406540852
2027-03-15,Equity,0.19966849984499505
2027-03-16,Equity,0.1993628116423668
2027-03-17,Equity,0.19786086373907893
2027-03-18,Equity,0.19548121063170903
2027-03-19,Equity,0.19459066981749
2027-03-20,Equity,0.19544680913441145
2027-03-21,Equity,0.19533769735792403
2027-03-22,Equity,0.19815573660873398
2027-03-23,Equity,0.19805164620025506
2027-03-24,Equity,0.1983614022520367
2027-03-25,Equity,0.198387832802241
2027-03-26,Equity,0.1967033189540034
2027-03-27,Equity,0.19666941051352427
2027-03-28,Equity,0.1949869975482411
2027-03-29,Equity,0.1948795160679576
2027-03-30,Equity,0.19213297086283884
2027-04-21,Bond,0.20001200152013923
2027-04-22,Bond,0.20067025168401287
2027-04-23,Bond,0.1995759977919649
2027-04-24,Bond,0.19847131350985175
2027-04-25,Bond,0.1955722364348934
2027-04-26,Bond,0.19485386945661648
2027-04-27,Bond,0.19405545585988482
2027-04-28,Bond,0.19301383306553452
2027-04-29,Bond,0.19283405422720143
2027-04-30,Bond,0.19293410243421263
2027-05-01,Bond,0.19371344654478176
2027-05-02,Bond,0.1945986762964942
2027-05-03,Bond,0.19562019719142573
2027-05-04,Bond,0.1967118468354675
2027-05-05,Bond,0.19714724951679072
2027-05-06,Bond,0.19723467736482353
2027-05-07,Bond,0.1987098956451762
2027-05-08,Bond,0.1998160811709427
2027-05-09,Bond,0.197457109044056
2027-05-10,Bond,0.19718343882600767
2027-05-11,Bond,0.19434419951510654
2027-08-25,Equity,0.04032500030647969
2027-08-25,Gold,0.018549500140980658
2027-08-25,Bond,0.14113750107267892
2027-08-26,Equity,0.04031273720855693
2027-08-26,Gold,0.01849750475354627
2027-08-26,Bond,0.14020212287963102
2027-08-27,Equity,0.04033828473437176
2027-08-27,Gold,0.018651442572251917
2027-08-27,Bond,0.14005590667846674
2027-08-28,Equity,0.040718234402878126
2027-08-28,Gold,0.01842997814081932
2027-08-28,Bond,0.1397982601666702
2027-08-29,Equity,0.04047303400873816
2027-08-29,Gold,0.01817755662918577
2027-08-29,Bond,0.1430013901055697
2027-08-30,Equity,0.04035658173152512
2027-08-30,Gold,0.01823418719556046
2027-08-30,Bond,0.1430224157333119
2027-08-31,Equity,0.03984281389129842
2027-08-31,Gold,0.018068887826073445
2027-08-31,Bond,0.14466803777476545
2027-09-01,Equity,0.03912367892621149
2027-09-01,Gold,0.018200658938913938
2027-09-01,Bond,0.1460306746398217
2027-09-02,Equity,0.03870933206951252
2027-09-02,Gold,0.018076570039997637
2027-09-02,Bond,0.14601046050629754
2027-09-03,Equity,0.03902675440928217
2027-09-03,Gold,0.0181124550956972
2027-09-03,Bond,0.14602426038205593
2027-09-04,Equity,0.038611282114215675
2027-09-04,Gold,0.0181642387040671
2027-09-04,Bond,0.14672716135523886
2027-09-05,Equity,0.038723746175670114
2027-09-05,Gold,0.018041551865230678
2027-09-05,Bond,0.14829402759513732
2027-09-06,Equity,0.03929215817468686
2027-09-06,Gold,0.01799330378367843
2027-09-06,Bond,0.1479975217929876
2027-09-07,Equity,0.03938646162594467
2027-09-07,Gold,0.017885855766200064
2027-09-07,Bond,0.14736616147810738
2027-09-08,Equity,0.03900024174658829
2027-09-08,Gold,0.01786411134783065
2027-09-08,Bond,0.14859326420373686
2027-09-09,Equity,0.03902348844585886
2027-09-09,Gold,0.01772712022416234
2027-09-09,Bond,0.14718097089938073
2027-09-10,Equity,0.03915314416108693
2027-09-10,Gold,0.01767903261474389
2027-09-10,Bond,0.14748243137836756
2027-09-11,Equity,0.039231361416828876
2027-09-11,Gold,0.017778862297212497
2027-09-11,Bond,0.14877822577694685
2027-09-12,Equity,0.03925821326865987
2027-09-12,Gold,0.017569357977440525
2027-09-12,Bond,0.14934706402039663
2027-09-13,Equity,0.03953390202090007
2027-09-13,Gold,0.01749590516698663
2027-09-13,Bond,0.14860389278198868
2027-09-14,Equity,0.039970729330598954
2027-09-14,Gold,0.01760428533170958
2027-09-14,Bond,0.1472695911929069
2027-09-15,Equity,0.04444482632573215
2027-09-15,Bond,0.1555568921400625
2027-09-16,Equity,0.045057537526222005
2027-09-16,Bond,0.1552286540742787
2027-09-17,Equity,0.045262613460750015
2027-09-17,Bond,0.15402733967699164
2027-09-18,Equity,0.0442325152022868
2027-09-18,Bond,0.15567195383824048
2027-09-19,Equity,0.044097952884351456
2027-09-19,Bond,0.15674067837992908
2027-09-20,Equity,0.04409717516523364
2027-09-20,Bond,0.15536747285210592
2027-09-21,Equity,0.04437925452984792
2027-09-21,Bond,0.15861995637217643
2027-09-22,Equity,0.044171173425013185
2027-09-22,Bond,0.15794055369286436
2027-09-23,Equity,0.04417927271456092
2027-09-23,Bond,0.1589756322600715
2027-09-24,Equity,0.043445206692098164
2027-09-24,Bond,0.1617501459135348
2027-09-25,Equity,0.04303935678376572
2027-09-25,Bond,0.1630165495241347
2027-09-26,Equity,0.0433504735230429
2027-09-26,Bond,0.16331426917161843
2027-09-27,Equity,0.04294657289090619
2027-09-27,Bond,0.16145176645745746
2027-09-28,Equity,0.04320159373050626
2027-09-28,Bond,0.16416593858504558
2027-09-29,Equity,0.04361308072951336
2027-09-29,Bond,0.16527474766025912
2027-09-30,Equity,0.0442364700615786
2027-09-30,Bond,0.16324292455801506
2027-10-01,Equity,0.044780733917419296
2027-10-01,Bond,0.16525023912591552
2027-10-02,Equity,0.045108935927190584
2027-10-02,Bond,0.16527702121508378
2027-10-03,Equity,0.045313314454625366
2027-10-03,Bond,0.16486259675073608
2027-10-04,Equity,0.04562502172010149
2027-10-04,Bond,0.16403017510145004
2027-10-05,Equity,0.0456432467086319
2027-10-05,Bond,0.16425967160761884
2027-10-06,Equity,0.04444458870471816
2027-10-06,Bond,0.15555606046651357
2027-10-07,Equity,0.04480718092094631
2027-10-07,Bond,0.15485409930227245
2027-10-08,Equity,0.044990880496538065
2027-10-08,Bond,0.1549898968444923
2027-10-09,Equity,0.04513022687880508
2027-10-09,Bond,0.15940616234340693
2027-10-10,Equity,0.04500620743672094
2027-10-10,Bond,0.1600596542954546
2027-10-11,Equity,0.044884680570476815
2027-10-11,Bond,0.16137123207770876
2027-10-12,Equity,0.04504475123273357
2027-10-12,Bond,0.1600633717015995
2027-10-13,Equity,0.04508761001880673
2027-10-13,Bond,0.15825588911122826
2027-10-14,Equity,0.04621931831147827
2027-10-14,Bond,0.1600091076190106
2027-10-15,Equity,0.04699051245799073
2027-10-15,Bond,0.16145472408122688
2027-10-16,Equity,0.04686164677490241
2027-10-16,Bond,0.16378822152133887
2027-10-17,Equity,0.04680932384697431
2027-10-17,Bond,0.1636892689127924
2027-10-18,Equity,0.04691183196338587
2027-10-18,Bond,0.16537908024422063
2027-10-19,Equity,0.04691591166936966
2027-10-19,Bond,0.16191621224584096
2027-10-20,Equity,0.04667573828765561
2027-10-20,Bond,0.16268594695681873
2027-10-21,Equity,0.046616086062881125
2027-10-21,Bond,0.16409475433762463
2027-10-22,Equity,0.04650366243964162
2027-10-22,Bond,0.16318105192285193
2027-10-23,Equity,0.04650467347761749
2027-10-23,Bond,0.16461390056263656
2027-10-24,Equity,0.04668285632615975
2027-10-24,Bond,0.16433846550951547
2027-10-25,Equity,0.045292822236510426
2027-10-25,Bond,0.1644695582334266
2027-10-26,Equity,0.04448599460005192
2027-10-26,Bond,0.16425650603392128
2027-10-27,Equity,0.03969478167312242
2027-10-27,Bond,0.16030584906453285
2027-10-28,Equity,0.0398304686425167
2027-10-28,Bond,0.1596774186986028
2027-10-29,Equity,0.03957310910303696
2027-10-29,Bond,0.15895381661166927
2027-10-30,Equity,0.04051542973449124
2027-10-30,Bond,0.15766514526218575
2027-10-31,Equity,0.040888348029012846
2027-10-31,Bond,0.15711903046061038
2027-11-01,Equity,0.041650495984474775
2027-11-01,Bond,0.15725033740088237
2027-11-02,Equity,0.04196902998378776
2027-11-02,Bond,0.15803900533719395
2027-11-03,Equity,0.04138592532612129
2027-11-03,Bond,0.15714299243267374
2027-11-04,Equity,0.0409019423307858
2027-11-04,Bond,0.15771312454224393
2027-11-05,Equity,0.0406624210221307
2027-11-05,Bond,0.15856081865877278
2027-11-06,Equity,0.04025772414343097
2027-11-06,Bond,0.15739647770068096
2027-11-07,Equity,0.0406735214693697
2027-11-07,Bond,0.15741134661568315
2027-11-08,Equity,0.04061714097343944
2027-11-08,Bond,0.15730897737357877
2027-11-09,Equity,0.040692405238588504
2027-11-09,Bond,0.1573937764211918
2027-11-10,Equity,0.04126749177575593
2027-11-10,Bond,0.15660377204327408
2027-11-11,Equity,0.04204547138621362
2027-11-11,Bond,0.15629938191913423
2027-11-12,Equity,0.04193426162253285
2027-11-12,Bond,0.15635817574906935
2027-11-13,Equity,0.041267969440538926
2027-11-13,Bond,0.15892288415703718
2027-11-14,Equity,0.04079748601190236
2027-11-14,Bond,0.15906022601828998
2027-11-15,Equity,0.04116149002110858
2027-11-15,Bond,0.16078300097841638
2027-11-16,Equity,0.04117217874786397
2027-11-16,Bond,0.16268248319524875
2027-11-17,Equity,0.036620079178013916
2027-11-17,Gold,0.01549311042146743
2027-11-17,Bond,0.14788878129582544
2027-11-18,Equity,0.03688914175292273
2027-11-18,Gold,0.015425658983894674
2027-11-18,Bond,0.14749431865458518
2027-11-19,Equity,0.03643011940287343
2027-11-19,Gold,0.015450345526459375
2027-11-19,Bond,0.14933502860070677
2027-11-20,Equity,0.0358055577737474
2027-11-20,Gold,0.015395259177419879
2027-11-20,Bond,0.14967024181716254
2027-11-21,Equity,0.03512520077350817
2027-11-21,Gold,0.015402260603203051
2027-11-21,Bond,0.1496297022497083
2027-11-22,Equity,0.03461073417198213
2027-11-22,Gold,0.015070928304750698
2027-11-22,Bond,0.15071167455052856
2027-11-23,Equity,0.0349381920841468
2027-11-23,Gold,0.015176577254237007
2027-11-23,Bond,0.15200103841182205
2027-11-24,Equity,0.03488135151386221
2027-11-24,Gold,0.014900519983660454
2027-11-24,Bond,0.15201679905774043
2027-11-25,Equity,0.03489282559398016
2027-11-25,Gold,0.01467782875407012
2027-11-25,Bond,0.15169552468620584
2027-11-26,Equity,0.0350853543007434
2027-11-26,Gold,0.014582530302986839
2027-11-26,Bond,0.14869133053225908
2027-11-27,Equity,0.03474292491215086
2027-11-27,Gold,0.014572642137831479
2027-11-27,Bond,0.1488055040945093
2027-11-28,Equity,0.03461013859020591
2027-11-28,Gold,0.014351953670966798
2027-11-28,Bond,0.14838287703596595
2027-11-29,Equity,0.034538819862110846
2027-11-29,Gold,0.014225748204631189
2027-11-29,Bond,0.14715730070607952
2027-11-30,Equity,0.03423442743085636
2027-11-30,Gold,0.014396723618190605
2027-11-30,Bond,0.1469226654412326
2027-12-01,Equity,0.03409558156591563
2027-12-01,Gold,0.014391984912007312
2027-12-01,Bond,0.14642694596635003
2027-12-02,Equity,0.03404496999449922
2027-12-02,Gold,0.014450629300847532
2027-12-02,Bond,0.14663541518297807
2027-12-03,Equity,0.033983470209188814
2027-12-03,Gold,0.014282658860273178
2027-12-03,Bond,0.14632496063785605
2027-12-04,Equity,0.034103875961536294
2027-12-04,Gold,0.01426362675634755
2027-12-04,Bond,0.1468636814237026
2027-12-05,Equity,0.033936247979998495
2027-12-05,Gold,0.014243248525872262
2027-12-05,Bond,0.14710885681819585
2027-12-06,Equity,0.03438546018862174
2027-12-06,Gold,0.01409798600678409
2027-12-06,Bond,0.14865229339609728
2027-12-07,Equity,0.034071446016449784
2027-12-07,Gold,0.014107046959452165
2027-12-07,Bond,0.1480307874807223
2027-12-08,Bond,0.20000583650985088
2027-12-09,Bond,0.20171892825195875
2027-12-10,Bond,0.20412362838953826
2027-12-11,Bond,0.2045345753451402
2027-12-12,Bond,0.204077253357317
2027-12-13,Bond,0.2032048575165151
2027-12-14,Bond,0.20605695888160122
2027-12-15,Bond,0.20785685353316838
2027-12-16,Bond,0.20620185422519577
2027-12-17,Bond,0.20780663737441135
2027-12-18,Bond,0.20645118111690738
2027-12-19,Bond,0.2069829694856595
2027-12-20,Bond,0.20834194483188853
2027-12-21,Bond,0.2107568924917582
2027-12-22,Bond,0.2111522916279569
2027-12-23,Bond,0.2109291847584638
2027-12-24,Bond,0.2110026469177852
2027-12-25,Bond,0.2127842145184596
2027-12-26,Bond,0.2141077999890609
2027-12-27,Bond,0.21408031718014087
2027-12-28,Bond,0.21096193621564446
2027-12-29,Bond,0.20000041625889795
2027-12-30,Bond,0.20036119818885717
2027-12-31,Bond,0.19847533717427335
2028-01-01,Bond,0.19763537839977524
2028-01-02,Bond,0.1972757503262704
2028-01-03,Bond,0.20058471308205816
2028-01-04,Bond,0.20078100988429468
2028-01-05,Bond,0.20193883152260186
2028-01-06,Bond,0.20275318063409523
2028-01-07,Bond,0.19886650685981624
2028-01-08,Bond,0.1982308088446764
2028-01-09,Bond,0.19629888613114851
2028-01-10,Bond,0.19903811968361895
2028-01-11,Bond,0.19615360686887356
2028-01-12,Bond,0.195490911009408
2028-01-13,Bond,0.19508117958913776
2028-01-14,Bond,0.19353782142554585
2028-01-15,Bond,0.19369617422646254
2028-01-16,Bond,0.1936301538199932
2028-01-17,Bond,0.1938848564198527
2028-01-18,Bond,0.1946714260060586
2028-01-19,Gold,0.20002370540718556
2028-01-20,Gold,0.19982405360740177
2028-01-21,Gold,0.19814267970721958
2028-01-22,Gold,0.20186058130792212
2028-01-23,Gold,0.20068201680665854
2028-01-24,Gold,0.19944590053589292
2028-01-25,Gold,0.198566842071671
2028-01-26,Gold,0.1988289553492863
2028-01-27,Gold,0.20031593833553016
2028-01-28,Gold,0.19610651381854335
2028-01-29,Gold,0.19757124382254446
2028-01-30,Gold,0.19669357630685297
2028-01-31,Gold,0.19604199848068407
2028-02-01,Gold,0.19875940476697462
2028-02-02,Gold,0.19909932505922798
2028-02-03,Gold,0.1998141860048301
2028-02-04,Gold,0.1997365552945776
2028-02-05,Gold,0.20095997511558597
2028-02-06,Gold,0.2035706715177922
2028-02-07,Gold,0.19958728548942917
2028-02-08,Gold,0.2013256336727659
2028-02-09,Gold,0.2000002294646443
2028-02-10,Gold,0.20080313659213467
2028-02-11,Gold,0.19971829972708025
2028-02-12,Gold,0.19788298291663362
2028-02-13,Gold,0.2016585952705079
2028-02-14,Gold,0.20020557324808086
2028-02-15,Gold,0.20264673097621436
2028-02-16,Gold,0.20327845596495053
2028-02-17,Gold,0.20661192767038497
2028-02-18,Gold,0.2060907117827294
2028-02-19,Gold,0.2034728560931029
2028-02-20,Gold,0.20347637444368383
2028-02-21,Gold,0.20107784923845795
2028-02-22,Gold,0.2054128590663221
2028-02-23,Gold,0.20644222157097858
2028-02-24,Gold,0.20771989677986458
2028-02-25,Gold,0.20900445467409495
2028-02-26,Gold,0.20786011539272178
2028-02-27,Gold,0.207642805376585
2028-02-28,Gold,0.20782444388128715
2028-02-29,Gold,0.21104291257607616
2028-03-22,Gold,0.20001200152013923
2028-03-23,Gold,0.20240250396961326
2028-03-24,Gold,0.2019582053401563
2028-03-25,Gold,0.19984862338426673
2028-03-26,Gold,0.19897773929030177
2028-03-27,Gold,0.19758772664120602
2028-03-28,Gold,0.1966766019822723
2028-03-29,Gold,0.19573987597745554
2028-03-30,Gold,0.19474420013536367
2028-03-31,Gold,0.19426171919975502
2028-04-01,Gold,0.19416035340005003
2028-04-02,Gold,0.1953582971010513
2028-04-03,Gold,0.19497353496258013
2028-04-04,Gold,0.19548576242052773
2028-04-05,Gold,0.19549760726790086
2028-04-06,Gold,0.19634922323034756
2028-04-07,Gold,0.19642288558418383
2028-04-08,Gold,0.19540394039857817
2028-04-09,Gold,0.1939643718140602
2028-04-10,Gold,0.19429326086006146
2028-04-11,Gold,0.19629441376652526
2028-04-12,Gold,0.20000024402506952
2028-04-13,Gold,0.198881218584271
2028-04-14,Gold,0.198473383122536
2028-04-15,Gold,0.19758181873537878
2028-04-16,Gold,0.19652649875285058
2028-04-17,Gold,0.19425698952796
2028-04-18,Gold,0.19387472455926924
2028-04-19,Gold,0.19424348033143202
2028-04-20,Gold,0.1925557596413604
2028-04-21,Gold,0.19119382076368907
2028-04-22,Gold,0.18973204017228862
2028-04-23,Gold,0.18760941397216208
2028-04-24,Gold,0.18615732157834222
2028-04-25,Gold,0.1858577497209586
2028-04-26,Gold,0.18383557547325555
2028-04-27,Gold,0.18362929641223927
2028-04-28,Gold,0.1825770784293747
2028-04-29,Gold,0.18119472684833132
2028-04-30,Gold,0.18175503905629656
2028-05-01,Gold,0.1808049819984317
2028-05-02,Gold,0.18010986725359873
2028-05-03,Bond,0.20002292477544892
2028-05-04,Bond,0.20061406663260234
2028-05-05,Bond,0.19969341448286154
2028-05-06,Bond,0.19816886353423588
2028-05-07,Bond,0.1978142988041159
2028-05-08,Bond,0.19655759110531917
2028-05-09,Bond,0.19754058051568485
2028-05-10,Bond,0.19997546846624134
2028-05-11,Bond,0.20087873539422535
2028-05-12,Bond,0.19798871099845872
2028-05-13,Bond,0.1969850998732609
2028-05-14,Bond,0.19701381000284204
2028-05-15,Bond,0.19475383453854433
2028-05-16,Bond,0.1948027630495341
2028-05-17,Bond,0.19553996691113795
2028-05-18,Bond,0.19776566922106867
2028-05-19,Bond,0.20066699602408763
2028-05-20,Bond,0.19876260901379114
2028-05-21,Bond,0.19857700057738795
2028-05-22,Bond,0.1984115957765179
2028-05-23,Bond,0.19728003283438902
2028-05-24,Equity,0.20002384903178624
2028-05-25,Equity,0.20008502931406327
2028-05-26,Equity,0.19920349086787664
2028-05-27,Equity,0.19815636469071304
2028-05-28,Equity,0.19748679822993434
2028-05-29,Equity,0.20083958009751698
2028-05-30,Equity,0.2033289102112999
2028-05-31,Equity,0.20294174639198398
2028-06-01,Equity,0.199619541213904
2028-06-02,Equity,0.1986780954458737
2028-06-03,Equity,0.20008284975770496
2028-06-04,Equity,0.19758897434049696
2028-06-05,Equity,0.1985481012367862
2028-06-06,Equity,0.19940832740924805
2028-06-07,Equity,0.1994359868205691
2028-06-08,Equity,0.19937595496832858
2028-06-09,Equity,0.19793594859371627
2028-06-10,Equity,0.19904453643186854
2028-06-11,Equity,0.1995390791359374
2028-06-12,Equity,0.1987725128709145
2028-06-13,Equity,0.1975252413693485
2028-07-05,Equity,0.04184351496237222
2028-07-05,Bond,0.15816848655776702
2028-07-06,Equity,0.04145329878926531
2028-07-06,Bond,0.15923298242295314
2028-07-07,Equity,0.04174591113789558
2028-07-07,Bond,0.15983372377415384
2028-07-08,Equity,0.042429425458644095
2028-07-08,Bond,0.16042172667415802
2028-07-09,Equity,0.04248802444763693
2028-07-09,Bond,0.15888722759267143
2028-07-10,Equity,0.04161380884758991
2028-07-10,Bond,0.1610389707546843
2028-07-11,Equity,0.041776230121629274
2028-07-11,Bond,0.16229031605876498
2028-07-12,Equity,0.041672886138067834
2028-07-12,Bond,0.16263855843607256
2028-07-13,Equity,0.041994706551355496
2028-07-13,Bond,0.16291305520093424
2028-07-14,Equity,0.041813693991696495
2028-07-14,Bond,0.1628201687515155
2028-07-15,Equity,0.042820317954516574
2028-07-15,Bond,0.16188273952130292
2028-07-16,Equity,0.042826804784704284
2028-07-16,Bond,0.16260190050090992
2028-07-17,Equity,0.043207906417119926
2028-07-17,Bond,0.16146676733404108
2028-07-18,Equity,0.04278608323840367
2028-07-18,Bond,0.16174040837310102
2028-07-19,Equity,0.042300738007641066
2028-07-19,Bond,0.16195339519126653
2028-07-20,Equity,0.04175235285758006
2028-07-20,Bond,0.1625654121883854
2028-07-21,Equity,0.041175880027700645
2028-07-21,Bond,0.16393848989286372
2028-07-22,Equity,0.04141714218544742
2028-07-22,Bond,0.16444599820910602
2028-07-23,Equity,0.041131309814375606
2028-07-23,Bond,0.16544234991802112
2028-07-24,Equity,0.04076295990668398
2028-07-24,Bond,0.1628660126961178
2028-07-25,Equity,0.04046099571564224
2028-07-25,Bond,0.16354096632404824
2028-07-26,Equity,0.042023433459366974
2028-07-26,Bond,0.15797698133799062
2028-07-27,Equity,0.04227264321434591
2028-07-27,Bond,0.15842676816325274
2028-07-28,Equity,0.04271378552093575
2028-07-28,Bond,0.15765580538651794
2028-07-29,Equity,0.04252120898974171
2028-07-29,Bond,0.1592093518543627
2028-07-30,Equity,0.043324489073096564
2028-07-30,Bond,0.1594081929059097
2028-07-31,Equity,0.04382699680328272
2028-07-31,Bond,0.15833797508221673
2028-08-01,Equity,0.04337652119529988
2028-08-01,Bond,0.15766279955837514
2028-08-02,Equity,0.043652379504872274
2028-08-02,Bond,0.1588093461850389
2028-08-03,Equity,0.04366626928474923
2028-08-03,Bond,0.15869411847600504
2028-08-04,Equity,0.04359771325668356
2028-08-04,Bond,0.15869925166142246
2028-08-05,Equity,0.04361548924209673
2028-08-05,Bond,0.15843477607147788
2028-08-06,Equity,0.043268852173748165
2028-08-06,Bond,0.15983380622880233
2028-08-07,Equity,0.043654752210942456
2028-08-07,Bond,0.16041224254265635
2028-08-08,Equity,0.04349634305406321
2028-08-08,Bond,0.15885990799508118
2028-08-09,Equity,0.043330742095546305
2028-08-09,Bond,0.15759873618572273
2028-08-10,Equity,0.04364664873591641
2028-08-10,Bond,0.15755270537210075
2028-08-11,Equity,0.04460667231851301
2028-08-11,Bond,0.1565509956209141
2028-08-12,Equity,0.044544458152157296
2028-08-12,Bond,0.1537534031414092
2028-08-13,Equity,0.04406725511066951
2028-08-13,Bond,0.15287097597323615
2028-08-14,Equity,0.04456886212113028
2028-08-14,Bond,0.15243359595993228
2028-08-15,Equity,0.04467917555875679
2028-08-15,Bond,0.15190429595002491
2028-08-16,Equity,0.20001847907771214
2028-08-17,Equity,0.20007341351296562
2028-08-18,Equity,0.20102511811422283
2028-08-19,Equity,0.20161020775542032
2028-08-20,Equity,0.20076894231252643
2028-08-21,Equity,0.20190076903729182
2028-08-22,Equity,0.20270781681404804
2028-08-23,Equity,0.2021085557853337
2028-08-24,Equity,0.2018296885659316
2028-08-25,Equity,0.2005666376091572
2028-08-26,Equity,0.20130825206385944
2028-08-27,Equity,0.20206955264500143
2028-08-28,Equity,0.20200708919196977
2028-08-29,Equity,0.20017768591269247
2028-08-30,Equity,0.1969591124346729
2028-08-31,Equity,0.19659338429174078
2028-09-01,Equity,0.19696737323712676
2028-09-02,Equity,0.19798905944751932
2028-09-03,Equity,0.19979399218445876
2028-09-04,Equity,0.19922367040772596
2028-09-05,Equity,0.1967117219707119
2028-09-06,Gold,0.20002375691565183
2028-09-07,Gold,0.199575048688218
2028-09-08,Gold,0.19997261734359467
2028-09-09,Gold,0.20033581644145826
2028-09-10,Gold,0.20017502461861642
2028-09-11,Gold,0.2013873159689346
2028-09-12,Gold,0.2015375677273363
2028-09-13,Gold,0.20231407963015563
2028-09-14,Gold,0.20265901748440585
2028-09-15,Gold,0.20168391076956133
2028-09-16,Gold,0.20125120909402539
2028-09-17,Gold,0.20214552832572158
2028-09-18,Gold,0.20303623769509924
2028-09-19,Gold,0.20505826804345711
2028-09-20,Gold,0.20810563331729226
2028-09-21,Gold,0.20724822992857386
2028-09-22,Gold,0.20746991081298138
2028-09-23,Gold,0.20715208101011487
2028-09-24,Gold,0.2053393346440501
2028-09-25,Gold,0.2062620805700845
2028-09-26,Gold,0.20753845010528904
2028-09-27,Gold,0.02872640609766657
2028-09-27,Bond,0.17129449561941926
2028-09-28,Gold,0.028612067193070613
2028-09-28,Bond,0.17160338241176606
2028-09-29,Gold,0.028496657927927934
2028-09-29,Bond,0.1711754324931989
2028-09-30,Gold,0.028097805663321228
2028-09-30,Bond,0.17078243674198296
2028-10-01,Gold,0.0281032209135823
2028-10-01,Bond,0.1703310876478129
2028-10-02,Gold,0.02785329770723711
2028-10-02,Bond,0.16855884534788365
2028-10-03,Gold,0.02781393157690736
2028-10-03,Bond,0.17100878743045095
2028-10-04,Gold,0.027839016732543374
2028-10-04,Bond,0.1724163108777922
2028-10-05,Gold,0.027933310652479088
2028-10-05,Bond,0.17276082623986855
2028-10-06,Gold,0.028013796357238115
2028-10-06,Bond,0.17390714211040412
2028-10-07,Gold,0.028396369904725695
2028-10-07,Bond,0.174916166498246
2028-10-08,Gold,0.028222901440447968
2028-10-08,Bond,0.1735274736552096
2028-10-09,Gold,0.027984593610870297
2028-10-09,Bond,0.17447974172730035
2028-10-10,Gold,0.02810071879752958
2028-10-10,Bond,0.17628385140805988
2028-10-11,Gold,0.028098161193502863
2028-10-11,Bond,0.1753081594391731
2028-10-12,Gold,0.028483084239431133
2028-10-12,Bond,0.17304666584939815
2028-10-13,Gold,0.028696287444566627
2028-10-13,Bond,0.17136253010315036
2028-10-14,Gold,0.029240601994603783
2028-10-14,Bond,0.17113064964923158
2028-10-15,Gold,0.029275428108102162
2028-10-15,Bond,0.16941195817066956
2028-10-16,Gold,0.028865589731060983
2028-10-16,Bond,0.16924297447322964
2028-10-17,Gold,0.028993256762656683
2028-10-17,Bond,0.16830784206518695
2028-10-18,Gold,0.20002036230950113
2028-10-19,Gold,0.20087697900629709
2028-10-20,Gold,0.2019427404155803
2028-10-21,Gold,0.20108262446953565
2028-10-22,Gold,0.1994665609061167
2028-10-23,Gold,0.19923362128337993
2028-10-24,Gold,0.1954618690189337
2028-10-25,Gold,0.19558875471253234
2028-10-26,Gold,0.1949485119025068
2028-10-27,Gold,0.19630441131151125
2028-10-28,Gold,0.19319024184184003
2028-10-29,Gold,0.1932001323274167
2028-10-30,Gold,0.1956689413518435
2028-10-31,Gold,0.19673409088671104
2028-11-01,Gold,0.19828845505614445
2028-11-02,Gold,0.19882908355756285
2028-11-03,Gold,0.19619556380140302
2028-11-04,Gold,0.19645831795033947
2028-11-05,Gold,0.19710396891867013
2028-11-06,Gold,0.19540320650530157
2028-11-07,Gold,0.19520431424402815
2028-11-08,Equity,0.20002344400531152
2028-11-09,Equity,0.19787716553979554
2028-11-10,Equity,0.1975336274323646
2028-11-11,Equity,0.1987929682871781
2028-11-12,Equity,0.19668972961581851
2028-11-13,Equity,0.19776038725574996
2028-11-14,Equity,0.19793176958786216
2028-11-15,Equity,0.1970300129151496
2028-11-16,Equity,0.1952653138837203
2028-11-17,Equity,0.19756821639846164
2028-11-18,Equity,0.19880257138222518
2028-11-19,Equity,0.19853997692085779
2028-11-20,Equity,0.1985953947051571
2028-11-21,Equity,0.19816947579883476
2028-11-22,Equity,0.19531270513752455
2028-11-23,Equity,0.19734572062294647
2028-11-24,Equity,0.19769259790850977
2028-11-25,Equity,0.19921071286578196
2028-11-26,Equity,0.19848708906602544
2028-11-27,Equity,0.1986337124029706
2028-11-28,Equity,0.19914345257201915
2028-11-29,Equity,0.20000004758293166
2028-11-30,Equity,0.2028842793482185
2028-12-01,Equity,0.20232085499861482
2028-12-02,Equity,0.20176042675234424
2028-12-03,Equity,0.20136499492725998
2028-12-04,Equity,0.2004077487832835
2028-12-05,Equity,0.20468220130149592
2028-12-06,Equity,0.201958377555815
2028-12-07,Equity,0.20632275817603934
2028-12-08,Equity,0.20737056803162757
2028-12-09,Equity,0.20723487003603194
2028-12-10,Equity,0.20586211102346444
2028-12-11,Equity,0.20579596434777003
2028-12-12,Equity,0.20487608375302852
2028-12-13,Equity,0.20713387651407622
2028-12-14,Equity,0.20817212751567818
2028-12-15,Equity,0.21093983970249777
2028-12-16,Equity,0.21045688125931414
2028-12-17,Equity,0.2106918385490565
2028-12-18,Equity,0.21052990159424093
2028-12-19,Equity,0.20990927577419857
2028-12-20,Equity,0.2000004924325439
2028-12-21,Equity,0.20115397663534512
2028-12-22,Equity,0.20170253860433834
2028-12-23,Equity,0.20162648806318562
2028-12-24,Equity,0.20243730833841003
2028-12-25,Equity,0.2017726944987975
2028-12-26,Equity,0.20179717713895987
2028-12-27,Equity,0.20318926608506424
2028-12-28,Equity,0.20481090267458954
2028-12-29,Equity,0.2073109904760846
2028-12-30,Equity,0.20549354631615196
2028-12-31,Equity,0.203926362948083
2029-01-01,Equity,0.20206270022975847
2029-01-02,Equity,0.20101958203577064
2029-01-03,Equity,0.20048175534725143
2029-01-04,Equity,0.20118323034091667
2029-01-05,Equity,0.20306127427186418
2029-01-06,Equity,0.20242464882727024
2029-01-07,Equity,0.2033529046148071
2029-01-08,Equity,0.20543111449681425
2029-01-09,Equity,0.20468899762398343
2029-01-10,Equity,0.20000025387041087
2029-01-11,Equity,0.20010605826796984
2029-01-12,Equity,0.19743747096523262
2029-01-13,Equity,0.19824890599860404
2029-01-14,Equity,0.19634080387582617
2029-01-15,Equity,0.19758987892901292
2029-01-16,Equity,0.1969075183014554
2029-01-17,Equity,0.19610165208398406
2029-01-18,Equity,0.19456343243141638
2029-01-19,Equity,0.19541262566195136
2029-01-20,Equity,0.1962543329619311
2029-01-21,Equity,0.1955373737514111
2029-01-22,Equity,0.1983806026313035
2029-01-23,Equity,0.19843515199409473
2029-01-24,Equity,0.19841295059111527
2029-01-25,Equity,0.19850729057295308
2029-01-26,Equity,0.1974271085060234
2029-01-27,Equity,0.19585709881256494
2029-01-28,Equity,0.19526946710550253
2029-01-29,Equity,0.19626762958403154
2029-01-30,Equity,0.19336365982109213
2029-01-31,Bond,0.2000234649203538
2029-02-01,Bond,0.20003689592410065
2029-02-02,Bond,0.1987405923247216
2029-02-03,Bond,0.19778221701103843
2029-02-04,Bond,0.19922888731103458
2029-02-05,Bond,0.19793782372352708
2029-02-06,Bond,0.19546052240447415
2029-02-07,Bond,0.1949826114372343
2029-02-08,Bond,0.19486437019503572
2029-02-09,Bond,0.19621797109922096
2029-02-10,Bond,0.1939289946828075
2029-02-11,Bond,0.1944711758751145
2029-02-12,Bond,0.19628099363014903
2029-02-13,Bond,0.19499479269554382
2029-02-14,Bond,0.19512298223231636
2029-02-15,Bond,0.19176760749872243
2029-02-16,Bond,0.19312459184021777
2029-02-17,Bond,0.19436737733105963
2029-02-18,Bond,0.19433609628584592
2029-02-19,Bond,0.19226640492159153
2029-02-20,Bond,0.19330420079436436
2029-05-16,Equity,0.20001200152013923
2029-05-17,Equity,0.19979162061115951
2029-05-18,Equity,0.19793359116139564
2029-05-19,Equity,0.19837820121611796
2029-05-20,Equity,0.19955738510234955
2029-05-21,Equity,0.1984215167851846
2029-05-22,Equity,0.19915966562592907
2029-05-23,Equity,0.2004977581766438
2029-05-24,Equity,0.19741312640211547
2029-05-25,Equity,0.1976893468998702
2029-05-26,Equity,0.19828211317549488
2029-05-27,Equity,0.19682809161117246
2029-05-28,Equity,0.19494590463342848
2029-05-29,Equity,0.19386876651996318
2029-05-30,Equity,0.19357659313659148
2029-05-31,Equity,0.19240746620021118
2029-06-01,Equity,0.19327222544924738
2029-06-02,Equity,0.19393751663592732
2029-06-03,Equity,0.1945258625072845
2029-06-04,Equity,0.19650485145935467
2029-06-05,Equity,0.19752594918247132
2029-06-06,Equity,0.1333385859001439
2029-06-06,Gold,0.06666929295007196
2029-06-07,Equity,0.13182769987670978
2029-06-07,Gold,0.06749951923078848
2029-06-08,Equity,0.1331638923880917
2029-06-08,Gold,0.06735546790661748
2029-06-09,Equity,0.13468226182707718
2029-06-09,Gold,0.06689885141802548
2029-06-10,Equity,0.1343196972115688
2029-06-10,Gold,0.06678603551847799
2029-06-11,Equity,0.1334280180494072
2029-06-11,Gold,0.06653241385945986
2029-06-12,Equity,0.13425763498638058
2029-06-12,Gold,0.06677999313421568
2029-06-13,Equity,0.13206329507884204
2029-06-13,Gold,0.06759569088282598
2029-06-14,Equity,0.1324089705218796
2029-06-14,Gold,0.06834532037166023
2029-06-15,Equity,0.1341755625664913
2029-06-15,Gold,0.06794760237662867
2029-06-16,Equity,0.1337798273403013
2029-06-16,Gold,0.06765859694421225
2029-06-17,Equity,0.13409879244508427
2029-06-17,Gold,0.0673720277594929
2029-06-18,Equity,0.13438937368658166
2029-06-18,Gold,0.06615919084819212
2029-06-19,Equity,0.13571489106949933
2029-06-19,Gold,0.06532778494165349
2029-06-20,Equity,0.13584248074324254
2029-06-20,Gold,0.06529728056445099
2029-06-21,Equity,0.13540705921834462
2029-06-21,Gold,0.06555960713942033
2029-06-22,Equity,0.13359511011951242
2029-06-22,Gold,0.0659958416804482
2029-06-23,Equity,0.13377286360181018
2029-06-23,Gold,0.06550811235975339
2029-06-24,Equity,0.1337349102762827
2029-06-24,Gold,0.06521420141221235
2029-06-25,Equity,0.1314185111291851
2029-06-25,Gold,0.06522581290464376
2029-06-26,Equity,0.1303060836481092
2029-06-26,Gold,0.0650795037634127
2029-07-18,Equity,0.20001200152013923
2029-07-19,Equity,0.19996079522671895
2029-07-20,Equity,0.19799529255797307
2029-07-21,Equity,0.19791964099593862
2029-07-22,Equity,0.19749515588484168
2029-07-23,Equity,0.19948775925381299
2029-07-24,Equity,0.20205648269001217
2029-07-25,Equity,0.20034698445622173
2029-07-26,Equity,0.20158204507546185
2029-07-27,Equity,0.20300154303752124
2029-07-28,Equity,0.20018831042766447
2029-07-29,Equity,0.20173787970840562
2029-07-30,Equity,0.19936800768825436
2029-07-31,Equity,0.19855324636865151
2029-08-01,Equity,0.19712336363881425
2029-08-02,Equity,0.19464865446353183
2029-08-03,Equity,0.19638479843042841
2029-08-04,Equity,0.1949020878077635
2029-08-05,Equity,0.1942809998342257
2029-08-06,Equity,0.19427032299633842
2029-08-07,Equity,0.1954359590328396
2029-08-08,Bond,0.20002363785956634
2029-08-09,Bond,0.19973168846591985
2029-08-10,Bond,0.2002012372585152
2029-08-11,Bond,0.198518966670009
2029-08-12,Bond,0.19979274539087527
2029-08-13,Bond,0.20041573518331438
2029-08-14,Bond,0.19917825133903916
2029-08-15,Bond,0.2010781099249685
2029-08-16,Bond,0.20065175825776443
2029-08-17,Bond,0.19981757330457262
2029-08-18,Bond,0.2004570960722643
2029-08-19,Bond,0.19971274351434665
2029-08-20,Bond,0.19966211571487033
2029-08-21,Bond,0.20246721516758862
2029-08-22,Bond,0.2014764726950912
2029-08-23,Bond,0.20256528767644516
2029-08-24,Bond,0.20162438199501492
2029-08-25,Bond,0.20006236431642108
2029-08-26,Bond,0.19993188714699753
2029-08-27,Bond,0.20426048016410076
2029-08-28,Bond,0.20553385707952015
2029-08-29,Bond,0.20000037733763407
2029-08-30,Bond,0.1991624135105798
2029-08-31,Bond,0.1985497258332821
2029-09-01,Bond,0.19619965465504005
2029-09-02,Bond,0.19904596788472773
2029-09-03,Bond,0.1994750305144576
2029-09-04,Bond,0.19976573448740811
2029-09-05,Bond,0.20009180334965326
2029-09-06,Bond,0.2034581732480337
2029-09-07,Bond,0.20394398370050565
2029-09-08,Bond,0.20363158318976146
2029-09-09,Bond,0.20656468630420058
2029-09-10,Bond,0.20635226797701886
2029-09-11,Bond,0.20359570203096028
2029-09-12,Bond,0.2011309488152457
2029-09-13,Bond,0.20082309117440786
2029-09-14,Bond,0.2012915598171697
2029-09-15,Bond,0.20261627353384207
2029-09-16,Bond,0.2011366886105538
2029-09-17,Bond,0.20077498499316396
2029-09-18,Bond,0.19947893197171437
2029-09-19,Equity,0.049786913790536055
2029-09-19,Bond,0.15021913643696225
2029-09-20,Equity,0.04999286167099764
2029-09-20,Bond,0.15181523441509273
2029-09-21,Equity,0.050238190765759805
2029-09-21,Bond,0.15428990319047378
2029-09-22,Equity,0.05082445618204068
2029-09-22,Bond,0.15464919444680084
2029-09-23,Equity,0.050547139027542196
2029-09-23,Bond,0.15712496133650897
2029-09-24,Equity,0.05025823965423668
2029-09-24,Bond,0.1562660500276221
2029-09-25,Equity,0.050414619140565026
2029-09-25,Bond,0.15652240024098005
2029-09-26,Equity,0.05133227567198574
2029-09-26,Bond,0.1549906733717307
2029-09-27,Equity,0.05143331661948364
2029-09-27,Bond,0.15571895681278422
2029-09-28,Equity,0.051718449463692466
2029-09-28,Bond,0.15604300192664458
2029-09-29,Equity,0.051951609293152554
2029-09-29,Bond,0.15283271775839138
2029-09-30,Equity,0.05200821058053837
2029-09-30,Bond,0.15425132052493923
2029-10-01,Equity,0.051679997664519334
2029-10-01,Bond,0.15541300435438954
2029-10-02,Equity,0.05199412213580635
2029-10-02,Bond,0.15464109092341682
2029-10-03,Equity,0.052405682112149105
2029-10-03,Bond,0.15493808286753938
2029-10-04,Equity,0.05178359033440379
2029-10-04,Bond,0.1531122933979979
2029-10-05,Equity,0.05111152961616259
2029-10-05,Bond,0.1522338155968855
2029-10-06,Equity,0.05013900582672588
2029-10-06,Bond,0.15453740589596868
2029-10-07,Equity,0.05093665195261738
2029-10-07,Bond,0.1529210258241185
2029-10-08,Equity,0.05049070191248724
2029-10-08,Bond,0.15300513329791837
2029-10-09,Equity,0.05076728336998668
2029-10-09,Bond,0.1511773283203605
2029-10-10,Equity,0.0471616542778417
2029-10-10,Bond,0.15283869441893141
2029-10-11,Equity,0.047270541918719176
2029-10-11,Bond,0.15354465691565017
2029-10-12,Equity,0.047449763120916325
2029-10-12,Bond,0.154450559315794
2029-10-13,Equity,0.04703604466554724
2029-10-13,Bond,0.1551244681761964
2029-10-14,Equity,0.047080690093565594
2029-10-14,Bond,0.15697911725941965
2029-10-15,Equity,0.04667675757773183
2029-10-15,Bond,0.15632026311693983
2029-10-16,Equity,0.045912710789429226
2029-10-16,Bond,0.15506632038193757
2029-10-17,Equity,0.04597738354697307
2029-10-17,Bond,0.15429484714340572
2029-10-18,Equity,0.046213645792766295
2029-10-18,Bond,0.15252376170702694
2029-10-19,Equity,0.04597577495698343
2029-10-19,Bond,0.15266279565182897
2029-10-20,Equity,0.04565912705165387
2029-10-20,Bond,0.15253444914315656
2029-10-21,Equity,0.04553296672158913
2029-10-21,Bond,0.15316767495570674
2029-10-22,Equity,0.04532952086895459
2029-10-22,Bond,0.15113297435919762
2029-10-23,Equity,0.045652690238757156
2029-10-23,Bond,0.1510652673781736
2029-10-24,Equity,0.04576331560407944
2029-10-24,Bond,0.15259824021090232
2029-10-25,Equity,0.04643890955005614
2029-10-25,Bond,0.15322468052835098
2029-10-26,Equity,0.04641529811379888
2029-10-26,Bond,0.15080634000912796
2029-10-27,Equity,0.046447031959807435
2029-10-27,Bond,0.15078645717659692
2029-10-28,Equity,0.04657524038800452
2029-10-28,Bond,0.1498384345343632
2029-10-29,Equity,0.04640899386429712
2029-10-29,Bond,0.14988080836187087
2029-10-30,Equity,0.045565022592055485
2029-10-30,Bond,0.14953280837821667
2029-11-21,Bond,0.20001200152013923
2029-11-22,Bond,0.20182116258627836
2029-11-23,Bond,0.2013893831350679
2029-11-24,Bond,0.20273695780300188
2029-11-25,Bond,0.20067114682865142
2029-11-26,Bond,0.20096977154995843
2029-11-27,Bond,0.19907784713903487
2029-11-28,Bond,0.19890306303434258
2029-11-29,Bond,0.19661898486036675
2029-11-30,Bond,0.1983532875236652
2029-12-01,Bond,0.19772613303625286
2029-12-02,Bond,0.19916777674356514
2029-12-03,Bond,0.19904734872558993
2029-12-04,Bond,0.19612348999077345
2029-12-05,Bond,0.1953612873983517
2029-12-06,Bond,0.19452838241270204
2029-12-07,Bond,0.19450522902665465
2029-12-08,Bond,0.1968788022258682
2029-12-09,Bond,0.19953851473212542
2029-12-10,Bond,0.19916944061710556
2029-12-11,Bond,0.19716690250346125
2029-12-12,Equity,0.04706009569940124
2029-12-12,Bond,0.1529453110230541
2029-12-13,Equity,0.047662200504204624
2029-12-13,Bond,0.1534650954067802
2029-12-14,Equity,0.047135227815313374
2029-12-14,Bond,0.15341064300438342
2029-12-15,Equity,0.0472102836717035
2029-12-15,Bond,0.15138190700910237
2029-12-16,Equity,0.04734392240921842
2029-12-16,Bond,0.15072064081369527
2029-12-17,Equity,0.0472791979637961
2029-12-17,Bond,0.1524025228693097
2029-12-18,Equity,0.04809503506113032
2029-12-18,Bond,0.15264622415398452
2029-12-19,Equity,0.047752163258267415
2029-12-19,Bond,0.15276185069760131
2029-12-20,Equity,0.04792771476881812
2029-12-20,Bond,0.15223578887408712
2029-12-21,Equity,0.0468644535982899
2029-12-21,Bond,0.15181781222528867
2029-12-22,Equity,0.04701558791732588
2029-12-22,Bond,0.15248920524543216
2029-12-23,Equity,0.04723254763519495
2029-12-23,Bond,0.15263649970244775
2029-12-24,Equity,0.047153330833897104
2029-12-24,Bond,0.15364018056173284
2029-12-25,Equity,0.0472914376892509
2029-12-25,Bond,0.15432356105744652
2029-12-26,Equity,0.047036324218604424
2029-12-26,Bond,0.15439039705977275
2029-12-27,Equity,0.04646418044311105
2029-12-27,Bond,0.15498111606598072
2029-12-28,Equity,0.046070364670089736
2029-12-28,Bond,0.1542772870122436
2029-12-29,Equity,0.04570052330260315
2029-12-29,Bond,0.15427479206836334
2029-12-30,Equity,0.04504632841833268
2029-12-30,Bond,0.15612393214037837
2029-12-31,Equity,0.0444761309729981
2029-12-31,Bond,0.15623114895385873
2030-01-01,Equity,0.044139667778471094
2030-01-01,Bond,0.15600242974480835
2030-01-02,Gold,0.018966016071734655
2030-01-02,Bond,0.18103924432110344
2030-01-03,Gold,0.019084852684920956
2030-01-03,Bond,0.1793031089517092
2030-01-04,Gold,0.018925949633307612
2030-01-04,Bond,0.17965603885713932
2030-01-05,Gold,0.018839582383978166
2030-01-05,Bond,0.182174529132872
2030-01-06,Gold,0.018950759238750888
2030-01-06,Bond,0.18095749279174905
2030-01-07,Gold,0.01837743707230278
2030-01-07,Bond,0.18145792469446717
2030-01-08,Gold,0.018266754843677468
2030-01-08,Bond,0.18144363213247985
2030-01-09,Gold,0.018297994927437673
2030-01-09,Bond,0.18136526708218012
2030-01-10,Gold,0.01828630135260425
2030-01-10,Bond,0.1812681929535126
2030-01-11,Gold,0.018181636215169533
2030-01-11,Bond,0.18234574480634141
2030-01-12,Gold,0.018323591299045656
2030-01-12,Bond,0.18069474846165456
2030-01-13,Gold,0.018174025465821003
2030-01-13,Bond,0.1817399877991332
2030-01-14,Gold,0.01795501319450093
2030-01-14,Bond,0.18188296056737424
2030-01-15,Gold,0.018222837539604454
2030-01-15,Bond,0.17923625102373647
2030-01-16,Gold,0.018397768626256625
2030-01-16,Bond,0.1797614044149579
2030-01-17,Gold,0.018286130938496344
2030-01-17,Bond,0.17994920989080634
2030-01-18,Gold,0.018302389935007553
2030-01-18,Bond,0.17866861908855686
2030-01-19,Gold,0.01844971695167247
2030-01-19,Bond,0.17887656722901035
2030-01-20,Gold,0.01850096751006257
2030-01-20,Bond,0.17694996473884456
2030-01-21,Gold,0.018619972793507935
2030-01-21,Bond,0.17593765090187855
2030-01-22,Gold,0.018705856619268563
2030-01-22,Bond,0.17597564716546696
2030-02-13,Equity,0.20001200152013923
2030-02-14,Equity,0.19845493647194273
2030-02-15,Equity,0.20027924633039873
2030-02-16,Equity,0.20051075376402308
2030-02-17,Equity,0.19852035900749207
2030-02-18,Equity,0.1969131486989659
2030-02-19,Equity,0.2031580480509805
2030-02-20,Equity,0.20691888521319507
2030-02-21,Equity,0.20657336848353672
2030-02-22,Equity,0.20727022131830075
2030-02-23,Equity,0.2092538793650995
2030-02-24,Equity,0.20712428155030985
2030-02-25,Equity,0.2082596106603303
2030-02-26,Equity,0.20989201608097505
2030-02-27,Equity,0.21049271976997022
2030-02-28,Equity,0.21281357848742077
2030-03-01,Equity,0.21306940578671316
2030-03-02,Equity,0.2149285434872478
2030-03-03,Equity,0.2153275316214554
2030-03-04,Equity,0.2127474869032183
2030-03-05,Equity,0.21432435798930774
2030-03-06,Equity,0.2000009914299453
2030-03-07,Equity,0.19975917612977942
2030-03-08,Equity,0.19762716702042374
2030-03-09,Equity,0.19900729257988015
2030-03-10,Equity,0.19951224795247213
2030-03-11,Equity,0.19998702159590123
2030-03-12,Equity,0.20028960952606017
2030-03-13,Equity,0.20190857229527853
2030-03-14,Equity,0.20237295538335476
2030-03-15,Equity,0.2016074305032706
2030-03-16,Equity,0.1990200038213496
2030-03-17,Equity,0.19828530149931115
2030-03-18,Equity,0.19973518004313895
2030-03-19,Equity,0.19920063154204135
2030-03-20,Equity,0.2006527860228306
2030-03-21,Equity,0.1983940557286808
2030-03-22,Equity,0.19679008133174822
2030-03-23,Equity,0.19510475407048006
2030-03-24,Equity,0.19531743426759202
2030-03-25,Equity,0.19814930148168397
2030-03-26,Equity,0.20173935383162672
2030-03-27,Equity,0.20000020685400133
2030-03-28,Equity,0.19688593945670052
2030-03-29,Equity,0.19569944529116357
2030-03-30,Equity,0.19096044580137037
2030-03-31,Equity,0.19121580537778188
2030-04-01,Equity,0.19374133765938095
2030-04-02,Equity,0.19501838848309458
2030-04-03,Equity,0.1922617620825487
2030-04-04,Equity,0.1944276301467623
2030-04-05,Equity,0.1963207831826369
2030-04-06,Equity,0.19876692886006672
2030-04-07,Equity,0.2005391828945377
2030-04-08,Equity,0.1996969938542802
2030-04-09,Equity,0.19674901033082515
2030-04-10,Equity,0.1986061015047093
2030-04-11,Equity,0.19984504422658853
2030-04-12,Equity,0.19671044293643947
2030-04-13,Equity,0.19519115785434776
2030-04-14,Equity,0.1937246500755617
2030-04-15,Equity,0.19486345898937113
2030-04-16,Equity,0.19483914149853535
2030-05-08,Bond,0.20001200152013923
2030-05-09,Bond,0.20010142188183483
2030-05-10,Bond,0.20188523829519373
2030-05-11,Bond,0.20498838151632537
2030-05-12,Bond,0.20437736913653312
2030-05-13,Bond,0.20611526858106488
2030-05-14,Bond,0.20617151892173918
2030-05-15,Bond,0.20292051484323892
2030-05-16,Bond,0.2006590134434195
2030-05-17,Bond,0.20134041995103052
2030-05-18,Bond,0.20296999874193802
2030-05-19,Bond,0.20395710221918462
2030-05-20,Bond,0.20520864332005936
2030-05-21,Bond,0.2094644908575852
2030-05-22,Bond,0.21034077960497086
2030-05-23,Bond,0.20990108794229428
2030-05-24,Bond,0.2096911344576462
2030-05-25,Bond,0.2124135331681859
2030-05-26,Bond,0.21029800590275496
2030-05-27,Bond,0.21236129284785552
2030-05-28,Bond,0.21238833691743167
2030-05-29,Equity,0.05263341474339433
2030-05-29,Bond,0.1473735612815041
2030-05-30,Equity,0.05301803384057282
2030-05-30,Bond,0.14551877844277927
2030-05-31,Equity,0.053077531222866826
2030-05-31,Bond,0.14734234782020533
2030-06-01,Equity,0.05222723521304744
2030-06-01,Bond,0.14641015385611353
2030-06-02,Equity,0.0514410267073738
2030-06-02,Bond,0.14660888629566568
2030-06-03,Equity,0.0518656394470731
2030-06-03,Bond,0.14533966756038275
2030-06-04,Equity,0.051534131078301695
2030-06-04,Bond,0.14782705671624471
2030-06-05,Equity,0.052624744939591246
2030-06-05,Bond,0.14777948211460715
2030-06-06,Equity,0.0534028788530129
2030-06-06,Bond,0.14598793609215127
2030-06-07,Equity,0.052798449217625575
2030-06-07,Bond,0.1455521288815774
2030-06-08,Equity,0.05320559756337503
2030-06-08,Bond,0.14721326014127703
2030-06-09,Equity,0.05409501932931638
2030-06-09,Bond,0.14586575463126214
2030-06-10,Equity,0.05389599998357552
2030-06-10,Bond,0.14545100280483306
2030-06-11,Equity,0.053758689862881896
2030-06-11,Bond,0.1469396034183532
2030-06-12,Equity,0.053453652308514545
2030-06-12,Bond,0.14741246781839112
2030-06-13,Equity,0.05298319080564037
2030-06-13,Bond,0.14597367375676723
2030-06-14,Equity,0.05376252238220555
2030-06-14,Bond,0.14612931330588128
2030-06-15,Equity,0.05247179326140383
2030-06-15,Bond,0.1461397439545299
2030-06-16,Equity,0.052133416514250915
2030-06-16,Bond,0.14625675247953127
2030-06-17,Equity,0.051852908490571774
2030-06-17,Bond,0.14747500726331939
2030-06-18,Equity,0.05191180398763106
2030-06-18,Bond,0.14776569335285666
2030-06-19,Gold,0.02018411337151773
2030-06-19,Bond,0.17982210094624884
2030-06-20,Gold,0.019907773659042904
2030-06-20,Bond,0.17966449937818932
2030-06-21,Gold,0.019890740419574865
2030-06-21,Bond,0.18125302968288284
2030-06-22,Gold,0.02001472077763116
2030-06-22,Bond,0.1801684573683375
2030-06-23,Gold,0.02021037493136425
2030-06-23,Bond,0.17696714634026678
2030-06-24,Gold,0.020253759236480907
2030-06-24,Bond,0.17663287360848343
2030-06-25,Gold,0.020273018526457846
2030-06-25,Bond,0.1771777367662922
2030-06-26,Gold,0.020288965053340022
2030-06-26,Bond,0.17657137371844864
2030-06-27,Gold,0.020334266169395453
2030-06-27,Bond,0.17580409038548894
2030-06-28,Gold,0.020104779291311478
2030-06-28,Bond,0.1753203156767712
2030-06-29,Gold,0.02005916061979821
2030-06-29,Bond,0.17529313030076796
2030-06-30,Gold,0.019820362943754086
2030-06-30,Bond,0.17347446019172238
2030-07-01,Gold,0.019701235923632238
2030-07-01,Bond,0.17444195026102532
2030-07-02,Gold,0.019677648468436747
2030-07-02,Bond,0.1706609342206606
2030-07-03,Gold,0.019533704519634477
2030-07-03,Bond,0.17144859113817243
2030-07-04,Gold,0.01932283993944497
2030-07-04,Bond,0.17192923115101727
2030-07-05,Gold,0.01935735084991948
2030-07-05,Bond,0.17262901230342204
2030-07-06,Gold,0.01936090426351408
2030-07-06,Bond,0.16990251686470992
2030-07-07,Gold,0.01927164001819074
2030-07-07,Bond,0.1703297390746729
2030-07-08,Gold,0.01902493442031332
2030-07-08,Bond,0.1696101895584096
2030-07-09,Gold,0.018917599063071475
2030-07-09,Bond,0.1718884150608351
2030-07-10,Equity,0.20002349194356983
2030-07-11,Equity,0.20099517893069022
2030-07-12,Equity,0.2025045982436614
2030-07-13,Equity,0.20511213824734933
2030-07-14,Equity,0.20745695122171315
2030-07-15,Equity,0.20915532888349317
2030-07-16,Equity,0.20847115656145543
2030-07-17,Equity,0.20631306130068203
2030-07-18,Equity,0.20723040341695795
2030-07-19,Equity,0.2081382776397739
2030-07-20,Equity,0.20748480839904065
2030-07-21,Equity,0.20529940125695448
2030-07-22,Equity,0.2080140385689577
2030-07-23,Equity,0.20871605117155653
2030-07-24,Equity,0.20672761094977113
2030-07-25,Equity,0.20651945316545894
2030-07-26,Equity,0.2043262497758615
2030-07-27,Equity,0.20543690898671096
2030-07-28,Equity,0.2084733055355861
2030-07-29,Equity,0.20816651134409914
2030-07-30,Equity,0.20801410526007047
2030-07-31,Equity,0.043287750591338256
2030-07-31,Bond,0.156731510761742
2030-08-01,Equity,0.04317861133105778
2030-08-01,Bond,0.1570649883116697
2030-08-02,Equity,0.04284301093384349
2030-08-02,Bond,0.15743536536625277
2030-08-03,Equity,0.04339034358885812
2030-08-03,Bond,0.15778804167168767
2030-08-04,Equity,0.04340903506850755
2030-08-04,Bond,0.15898231581547348
2030-08-05,Equity,0.0433781434191556
2030-08-05,Bond,0.16008584621306207
2030-08-06,Equity,0.04328616537559548
2030-08-06,Bond,0.16006796897122066
2030-08-07,Equity,0.04277491262328002
2030-08-07,Bond,0.1599036474196727
2030-08-08,Equity,0.04315939758720812
2030-08-08,Bond,0.15986625343348712
2030-08-09,Equity,0.043779686368070815
2030-08-09,Bond,0.1592139584832753
2030-08-10,Equity,0.042884265965927176
2030-08-10,Bond,0.16174176870409532
2030-08-11,Equity,0.04326474105723591
2030-08-11,Bond,0.15997730218465225
2030-08-12,Equity,0.04357070448072858
2030-08-12,Bond,0.16092723962278485
2030-08-13,Equity,0.04405610633454664
2030-08-13,Bond,0.1618431479544239
2030-08-14,Equity,0.04460475664977629
2030-08-14,Bond,0.16103884588455555
2030-08-15,Equity,0.04571978489730893
2030-08-15,Bond,0.16124722153786883
2030-08-16,Equity,0.04580088723640753
2030-08-16,Bond,0.16293283194455843
2030-08-17,Equity,0.04626150373339978
2030-08-17,Bond,0.16240897682093305
2030-08-18,Equity,0.046167971688583914
2030-08-18,Bond,0.16420060310300938
2030-08-19,Equity,0.0457312449351726
2030-08-19,Bond,0.16580211976321602
2030-08-20,Equity,0.04609537402276232
2030-08-20,Bond,0.16476900605370093
2030-08-21,Equity,0.0469637104355568
2030-08-21,Bond,0.15303691848827994
2030-08-22,Equity,0.04710499041983947
2030-08-22,Bond,0.15322683820885383
2030-08-23,Equity,0.04645315508370063
2030-08-23,Bond,0.15174239805378906
2030-08-24,Equity,0.046015574928604086
2030-08-24,Bond,0.14814068821724174
2030-08-25,Equity,0.04638711639731549
2030-08-25,Bond,0.14747183046288048
2030-08-26,Equity,0.0460762170987241
2030-08-26,Bond,0.1502517519501594
2030-08-27,Equity,0.04626399317824257
2030-08-27,Bond,0.14965711709058174
2030-08-28,Equity,0.0464510149376188
2030-08-28,Bond,0.15010713201862144
2030-08-29,Equity,0.04635148559958351
2030-08-29,Bond,0.15101034571186014
2030-08-30,Equity,0.04624129504976292
2030-08-30,Bond,0.15097546208429888
2030-08-31,Equity,0.0462071139471613
2030-08-31,Bond,0.15055738327579468
2030-09-01,Equity,0.04638218730369013
2030-09-01,Bond,0.15209392877345274
2030-09-02,Equity,0.04659212893425426
2030-09-02,Bond,0.15211146808158338
2030-09-03,Equity,0.046244924846560086
2030-09-03,Bond,0.15205002624129152
2030-09-04,Equity,0.046182157460163534
2030-09-04,Bond,0.153082144620632
2030-09-05,Equity,0.04578899721258191
2030-09-05,Bond,0.15182619602344471
2030-09-06,Equity,0.0461020920223598
2030-09-06,Bond,0.1501712396909888
2030-09-07,Equity,0.04600917955009926
2030-09-07,Bond,0.1481411019294323
2030-09-08,Equity,0.04628709212058029
2030-09-08,Bond,0.14880992443076202
2030-09-09,Equity,0.04619231334102076
2030-09-09,Bond,0.1486192630895618
2030-09-10,Equity,0.04664148258734776
2030-09-10,Bond,0.14958850069234783
2030-09-11,Equity,0.14360276802954233
2030-09-11,Gold,0.05641537315446308
2030-09-12,Equity,0.14422194161962207
2030-09-12,Gold,0.05590784644297393
2030-09-13,Equity,0.14388983857252713
2030-09-13,Gold,0.055145734851215204
2030-09-14,Equity,0.14266523128781536
2030-09-14,Gold,0.055708615834935915
2030-09-15,Equity,0.14391042727306028
2030-09-15,Gold,0.05520545697529031
2030-09-16,Equity,0.1439532545132501
2030-09-16,Gold,0.0543938235822374
2030-09-17,Equity,0.14405118441180112
2030-09-17,Gold,0.05413670312336372
2030-09-18,Equity,0.14361260046437757
2030-09-18,Gold,0.05390569582246503
2030-09-19,Equity,0.14181850218429146
2030-09-19,Gold,0.05469074389033331
2030-09-20,Equity,0.14306333305025576
2030-09-20,Gold,0.055055695726077936
2030-09-21,Equity,0.1430173624303558
2030-09-21,Gold,0.05467995637884133
2030-09-22,Equity,0.1406415164179188
2030-09-22,Gold,0.05555355063798094
2030-09-23,Equity,0.14046501156810698
2030-09-23,Gold,0.055629975857692165
2030-09-24,Equity,0.13875490294555642
2030-09-24,Gold,0.056296262297795635
2030-09-25,Equity,0.13935719394940466
2030-09-25,Gold,0.05695875628188973
2030-09-26,Equity,0.13992228699999484
2030-09-26,Gold,0.056781937221379745
2030-09-27,Equity,0.1417012556655059
2030-09-27,Gold,0.05696760371055181
2030-09-28,Equity,0.13994731764997195
2030-09-28,Gold,0.05686761657378145
2030-09-29,Equity,0.1416110398427423
2030-09-29,Gold,0.0572526016751986
2030-09-30,Equity,0.14223615580624022
2030-09-30,Gold,0.0572591291898289
2030-10-01,Equity,0.14049881586280089
2030-10-01,Gold,0.05789145321851952
2030-10-02,Equity,0.14000016867102244
2030-10-02,Gold,0.060000072287581065
2030-10-03,Equity,0.13980434967427405
2030-10-03,Gold,0.06031995589389364
2030-10-04,Equity,0.13838572972886062
2030-10-04,Gold,0.0603669474372938
2030-10-05,Equity,0.13963640830840335
2030-10-05,Gold,0.06023626921991285
2030-10-06,Equity,0.13857693174410288
2030-10-06,Gold,0.05867284837835334
2030-10-07,Equity,0.14002118532469562
2030-10-07,Gold,0.05818659585020566
2030-10-08,Equity,0.13971401167061037
2030-10-08,Gold,0.058715523154600345
2030-10-09,Equity,0.13921509092502785
2030-10-09,Gold,0.05928271489387429
2030-10-10,Equity,0.13772245394372573
2030-10-10,Gold,0.05898061410325417
2030-10-11,Equity,0.13647453996389677
2030-10-11,Gold,0.059156595475132814
2030-10-12,Equity,0.1366790426549707
2030-10-12,Gold,0.059038402241228326
2030-10-13,Equity,0.1347011615614373
2030-10-13,Gold,0.05955495095532661
2030-10-14,Equity,0.13532671146505754
2030-10-14,Gold,0.06074753828714275
2030-10-15,Equity,0.13465558373065692
2030-10-15,Gold,0.061196361243713006
2030-10-16,Equity,0.13424927015933494
2030-10-16,Gold,0.060844891055328865
2030-10-17,Equity,0.13493493930876901
2030-10-17,Gold,0.06075239143008931
2030-10-18,Equity,0.134581445111451
2030-10-18,Gold,0.06157422023154561
2030-10-19,Equity,0.136138205147946
2030-10-19,Gold,0.060664081008683035
2030-10-20,Equity,0.13379473873792083
2030-10-20,Gold,0.060481709289429024
2030-10-21,Equity,0.13466716556296654
2030-10-21,Gold,0.060821027671294665
2030-10-22,Equity,0.1345886025594159
2030-10-22,Gold,0.06156259397576797
2030-10-23,Gold,0.2000163095754512
2030-10-24,Gold,0.19904730489011047
2030-10-25,Gold,0.19990407095494583
2030-10-26,Gold,0.20056752479444598
2030-10-27,Gold,0.2011306240357966
2030-10-28,Gold,0.20097469412174163
2030-10-29,Gold,0.2010598079165056
2030-10-30,Gold,0.1996060016613769
2030-10-31,Gold,0.20359799867161826
2030-11-01,Gold,0.2038526852208048
2030-11-02,Gold,0.20474434911190315
2030-11-03,Gold,0.20438976541136317
2030-11-04,Gold,0.20576779858756836
2030-11-05,Gold,0.20365390885880416
2030-11-06,Gold,0.20083754402296403
2030-11-07,Gold,0.20078864115579345
2030-11-08,Gold,0.20410510255276074
2030-11-09,Gold,0.20607499304855315
2030-11-10,Gold,0.20475545199884626
2030-11-11,Gold,0.20559708105749872
2030-11-12,Gold,0.204560283787918
2030-11-13,Equity,0.13484258185281875
2030-11-13,Gold,0.0651739145621957
2030-11-14,Equity,0.13623076380611474
2030-11-14,Gold,0.06537347246248065
2030-11-15,Equity,0.13669848404983045
2030-11-15,Gold,0.06589980662166241
2030-11-16,Equity,0.13717392129640754
2030-11-16,Gold,0.06491732508906065
2030-11-17,Equity,0.1360597815664331
2030-11-17,Gold,0.06424447609481831
2030-11-18,Equity,0.1373568154310948
2030-11-18,Gold,0.06410316809879728
2030-11-19,Equity,0.13844609215416864
2030-11-19,Gold,0.06341304365285139
2030-11-20,Equity,0.1388752807155372
2030-11-20,Gold,0.06273294069412405
2030-11-21,Equity,0.13849160337925545
2030-11-21,Gold,0.06291926584173757
2030-11-22,Equity,0.1386235231188082
2030-11-22,Gold,0.062377529045937664
2030-11-23,Equity,0.13734475092007617
2030-11-23,Gold,0.06379105640387107
2030-11-24,Equity,0.13565339028911394
2030-11-24,Gold,0.0636012646417477
2030-11-25,Equity,0.13532543525626972
2030-11-25,Gold,0.06346629536506655
2030-11-26,Equity,0.13429682443863059
2030-11-26,Gold,0.06371720252699063
2030-11-27,Equity,0.13383545081817058
2030-11-27,Gold,0.06286628393892608
2030-11-28,Equity,0.13322808419409288
2030-11-28,Gold,0.06320769577996216
2030-11-29,Equity,0.13310922583611798
2030-11-29,Gold,0.06341677737439443
2030-11-30,Equity,0.13297291194122293
2030-11-30,Gold,0.06322170967016943
2030-12-01,Equity,0.1294696299125807
2030-12-01,Gold,0.06363855224371956
2030-12-02,Equity,0.12982679681433248
2030-12-02,Gold,0.06386542901756868
2030-12-03,Equity,0.12985556100778053
2030-12-03,Gold,0.06471782548937201
2030-12-04,Gold,0.2000158752669943
2030-12-05,Gold,0.19832277985972668
2030-12-06,Gold,0.19626818621170106
2030-12-07,Gold,0.19643032121129406
2030-12-08,Gold,0.19316953910235535
2030-12-09,Gold,0.19418370291758535
2030-12-10,Gold,0.1943607088093939
2030-12-11,Gold,0.19493646883360205
2030-12-12,Gold,0.19446049560527934
2030-12-13,Gold,0.19486027789394444
2030-12-14,Gold,0.19560224116985814
2030-12-15,Gold,0.19591715364038298
2030-12-16,Gold,0.19380683453970635
2030-12-17,Gold,0.19407572787837496
2030-12-18,Gold,0.19699197698360893
2030-12-19,Gold,0.19737331298887312
2030-12-20,Gold,0.19759052255731382
2030-12-21,Gold,0.20007561250067218
2030-12-22,Gold,0.19888495754118163
2030-12-23,Gold,0.20030627680643806
2030-12-24,Gold,0.19945840042234034
2030-12-25,Equity,0.12858139395775764
2030-12-25,Gold,0.0714341077543098
2030-12-26,Equity,0.12807865507280522
2030-12-26,Gold,0.07200071808879478
2030-12-27,Equity,0.12949703384562677
2030-12-27,Gold,0.07161217175334143
2030-12-28,Equity,0.12809519263500288
2030-12-28,Gold,0.0715526152807916
2030-12-29,Equity,0.12826296229275105
2030-12-29,Gold,0.07218358658073248
2030-12-30,Equity,0.1286895216915067
2030-12-30,Gold,0.07092990421521911
2030-12-31,Equity,0.12926585855767053
2030-12-31,Gold,0.07059576681210135
2031-01-01,Equity,0.12881420855271075
2031-01-01,Gold,0.07103611972425254
2031-01-02,Equity,0.12932766371028098
2031-01-02,Gold,0.07079360936955625
2031-01-03,Equity,0.12909221553834144
2031-01-03,Gold,0.07090053842341858
2031-01-04,Equity,0.12868581736469742
2031-01-04,Gold,0.0696149439632588
2031-01-05,Equity,0.13035679286606797
2031-01-05,Gold,0.0689371272740405
2031-01-06,Equity,0.13038400616835602
2031-01-06,Gold,0.069367456425429
2031-01-07,Equity,0.12874409622629618
2031-01-07,Gold,0.06901947863758041
2031-01-08,Equity,0.12810556202820741
2031-01-08,Gold,0.06824624475706648
2031-01-09,Equity,0.12964131406282545
2031-01-09,Gold,0.06879564958412838
2031-01-10,Equity,0.12857375226920248
2031-01-10,Gold,0.06920787073361233
2031-01-11,Equity,0.12927774273345471
2031-01-11,Gold,0.06846216520091265
2031-01-12,Equity,0.12848573970743668
2031-01-12,Gold,0.06861193555545474
2031-01-13,Equity,0.12697554446089734
2031-01-13,Gold,0.0680651719657819
2031-01-14,Equity,0.12752231217658938
2031-01-14,Gold,0.06792698376794648
2031-02-05,Equity,0.20001200152013926
2031-02-06,Equity,0.20188867056145166
2031-02-07,Equity,0.2048936393068237
2031-02-08,Equity,0.20526341698065392
2031-02-09,Equity,0.20182719531305665
2031-02-10,Equity,0.2033188489447593
2031-02-11,Equity,0.20366095566900125
2031-02-12,Equity,0.2022940750652817
2031-02-13,Equity,0.20344395606991775
2031-02-14,Equity,0.20648353581325676
2031-02-15,Equity,0.20682617076602294
2031-02-16,Equity,0.2041782512067658
2031-02-17,Equity,0.206534775106799
2031-02-18,Equity,0.20657188685928474
2031-02-19,Equity,0.20774219560648277
2031-02-20,Equity,0.20784427727680374
2031-02-21,Equity,0.20859633724942395
2031-02-22,Equity,0.20969740464049483
2031-02-23,Equity,0.2110378494962568
2031-02-24,Equity,0.21128214631916278
2031-02-25,Equity,0.21001748948884735
2031-02-26,Equity,0.04545890172507155
2031-02-26,Gold,0.021971802500451245
2031-02-26,Bond,0.132588463364792
2031-02-27,Equity,0.045728226768392624
2031-02-27,Gold,0.02221257567525721
2031-02-27,Bond,0.13365937929743968
2031-02-28,Equity,0.045349081664450945
2031-02-28,Gold,0.021967859764121037
2031-02-28,Bond,0.13491354598007804
2031-03-01,Equity,0.04494120296610288
2031-03-01,Gold,0.022409761665732046
2031-03-01,Bond,0.13325713200055644
2031-03-02,Equity,0.045481011420749395
2031-03-02,Gold,0.02210891172922256
2031-03-02,Bond,0.13412887981214408
2031-03-03,Equity,0.04620834937365044
2031-03-03,Gold,0.02203941492580295
2031-03-03,Bond,0.13430896788560565
2031-03-04,Equity,0.04616336339275843
2031-03-04,Gold,0.022298541298903112
2031-03-04,Bond,0.13517681379524754
2031-03-05,Equity,0.04648827286306252
2031-03-05,Gold,0.022434284726088053
2031-03-05,Bond,0.13391828335330114
2031-03-06,Equity,0.04673473067872173
2031-03-06,Gold,0.022191923757809227
2031-03-06,Bond,0.13269384673638948
2031-03-07,Equity,0.045770145676252955
2031-03-07,Gold,0.022466523675742974
2031-03-07,Bond,0.13262993675988108
2031-03-08,Equity,0.04588003707411384
2031-03-08,Gold,0.02255048793393654
2031-03-08,Bond,0.1321716885192784
2031-03-09,Equity,0.04654008301339963
2031-03-09,Gold,0.022448388112309238
2031-03-09,Bond,0.13191417046377044
2031-03-10,Equity,0.046066649937503874
2031-03-10,Gold,0.02213849145176312
2031-03-10,Bond,0.13148269441069751
2031-03-11,Equity,0.04552120206648841
2031-03-11,Gold,0.022251570864419173
2031-03-11,Bond,0.13131675542119597
2031-03-12,Equity,0.04524602662389448
2031-03-12,Gold,0.022242802582634415
2031-03-12,Bond,0.13060683539549084
2031-03-13,Equity,0.04504291904831346
2031-03-13,Gold,0.02228299565565951
2031-03-13,Bond,0.13057543247104958
2031-03-14,Equity,0.04543049658717034
2031-03-14,Gold,0.021974182473564596
2031-03-14,Bond,0.12897413065942268
2031-03-15,Equity,0.045980334206925336
2031-03-15,Gold,0.021856654806805684
2031-03-15,Bond,0.12948650574848572
2031-03-16,Equity,0.046532117170997575
2031-03-16,Gold,0.021938995287257134
2031-03-16,Bond,0.1296890003864685
2031-03-17,Equity,0.046879850824319176
2031-03-17,Gold,0.022374815777784326
2031-03-17,Bond,0.12817887124455826
2031-03-18,Equity,0.04609718893413852
2031-03-18,Gold,0.022308283943157176
2031-03-18,Bond,0.12977019813483867
2031-03-19,Equity,0.12988029135837448
2031-03-19,Gold,0.07013535733352223
2031-03-20,Equity,0.1306398996174231
2031-03-20,Gold,0.0705830635553086
2031-03-21,Equity,0.12882672314685
2031-03-21,Gold,0.07088235508603669
2031-03-22,Equity,0.12954370767499362
2031-03-22,Gold,0.07016815882988049
2031-03-23,Equity,0.12994496922309243
2031-03-23,Gold,0.06951256932253103
2031-03-24,Equity,0.12936614364499333
2031-03-24,Gold,0.06995507616432345
2031-03-25,Equity,0.1265717529456547
2031-03-25,Gold,0.0698405502854688
2031-03-26,Equity,0.1268493286455403
2031-03-26,Gold,0.0694240934396435
2031-03-27,Equity,0.1274332912768894
2031-03-27,Gold,0.06926240982015565
2031-03-28,Equity,0.12683060401368193
2031-03-28,Gold,0.06920578372312089
2031-03-29,Equity,0.1255475375551801
2031-03-29,Gold,0.06988447880454778
2031-03-30,Equity,0.1259142830333097
2031-03-30,Gold,0.06953096245833006
2031-03-31,Equity,0.12425495667167323
2031-03-31,Gold,0.0701784578074618
2031-04-01,Equity,0.12488916147155085
2031-04-01,Gold,0.070411804093665
2031-04-02,Equity,0.12619500102720366
2031-04-02,Gold,0.06923207273007473
2031-04-03,Equity,0.1240239622131415
2031-04-03,Gold,0.06959252435382231
2031-04-04,Equity,0.12367805031211518
2031-04-04,Gold,0.06792933450929907
2031-04-05,Equity,0.12370009691831449
2031-04-05,Gold,0.06736877705723542
2031-04-06,Equity,0.12364040688300441
2031-04-06,Gold,0.06766193589460211
2031-04-07,Equity,0.12269201850046185
2031-04-07,Gold,0.0677285068063179
2031-04-08,Equity,0.12140524444109985
2031-04-08,Gold,0.06672953396346257
2031-04-09,Bond,0.20002322742779494
2031-04-10,Bond,0.20030837992656556
2031-04-11,Bond,0.20022166640471944
2031-04-12,Bond,0.2010619238866506
2031-04-13,Bond,0.20396430035663465
2031-04-14,Bond,0.20388841639291821
2031-04-15,Bond,0.20460315208240235
2031-04-16,Bond,0.20442698266696957
2031-04-17,Bond,0.20425945201510823
2031-04-18,Bond,0.20346402231963687
2031-04-19,Bond,0.2025578218790596
2031-04-20,Bond,0.20531125710398593
2031-04-21,Bond,0.2044091058946431
2031-04-22,Bond,0.2019150300922813
2031-04-23,Bond,0.20211719283820695
2031-04-24,Bond,0.20376356178315513
2031-04-25,Bond,0.2057868907124809
2031-04-26,Bond,0.2038415325279715
2031-04-27,Bond,0.20565337881698828
2031-04-28,Bond,0.20903725082014074
2031-04-29,Bond,0.207908316930849
2031-04-30,Bond,0.2000004572789832
2031-05-01,Bond,0.1980372433786423
2031-05-02,Bond,0.2009977476662112
2031-05-03,Bond,0.19861170150668328
2031-05-04,Bond,0.19797614484924725
2031-05-05,Bond,0.19922503928449478
2031-05-06,Bond,0.1981360477782027
2031-05-07,Bond,0.1965692492845333
2031-05-08,Bond,0.19648675848876407
2031-05-09,Bond,0.2002877230485014
2031-05-10,Bond,0.19987799497099604
2031-05-11,Bond,0.19954703713337016
2031-05-12,Bond,0.19777114699246523
2031-05-13,Bond,0.19838284190703456
2031-05-14,Bond,0.19979194826578606
2031-05-15,Bond,0.19882438290385177
2031-05-16,Bond,0.19967914429025976
2031-05-17,Bond,0.19872437134578144
2031-05-18,Bond,0.19572613747580708
2031-05-19,Bond,0.1964471111439129
2031-05-20,Bond,0.1997422727790321
2031-05-21,Equity,0.03816919036251839
2031-05-21,Gold,0.017557827566758458
2031-05-21,Bond,0.14427953957031947
2031-05-22,Equity,0.03769662599255362
2031-05-22,Gold,0.017643335537662185
2031-05-22,Bond,0.14455817005500557
2031-05-23,Equity,0.03708575682347828
2031-05-23,Gold,0.017637837097458576
2031-05-23,Bond,0.1462644634394703
2031-05-24,Equity,0.03707113730108213
2031-05-24,Gold,0.017755362203572916
2031-05-24,Bond,0.1461225109663634
2031-05-25,Equity,0.037239838236002666
2031-05-25,Gold,0.01790598927264333
2031-05-25,Bond,0.1443198103306497
2031-05-26,Equity,0.03741265575260377
2031-05-26,Gold,0.01806852652467434
2031-05-26,Bond,0.14432354939760061
2031-05-27,Equity,0.037087016363084924
2031-05-27,Gold,0.017900581039702157
2031-05-27,Bond,0.14623164557231874
2031-05-28,Equity,0.036970283167675845
2031-05-28,Gold,0.01783220150243815
2031-05-28,Bond,0.1456351665988288
2031-05-29,Equity,0.03726570428937313
2031-05-29,Gold,0.017678725123429072
2031-05-29,Bond,0.14589959631575578
2031-05-30,Equity,0.036796528903572684
2031-05-30,Gold,0.01784930043124145
2031-05-30,Bond,0.14465022001778388
2031-05-31,Equity,0.03680158199746652
2031-05-31,Gold,0.017978086174445056
2031-05-31,Bond,0.144507929071096
2031-06-01,Equity,0.03725493402312018
2031-06-01,Gold,0.01773615654159526
2031-06-01,Bond,0.14494950489184832
2031-06-02,Equity,0.037150424302186166
2031-06-02,Gold,0.017802884851657118
2031-06-02,Bond,0.14510981571813522
2031-06-03,Equity,0.03701409067278801
2031-06-03,Gold,0.018058526321202237
2031-06-03,Bond,0.14456235315514512
2031-06-04,Equity,0.03743721657103587
2031-06-04,Gold,0.017996961087686402
2031-06-04,Bond,0.1450500923465948
2031-06-05,Equity,0.03689303116670328
2031-06-05,Gold,0.018044435509163296
2031-06-05,Bond,0.14595069075089523
2031-06-06,Equity,0.03656415484529169
2031-06-06,Gold,0.018160124091396525
2031-06-06,Bond,0.14689393770788184
2031-06-07,Equity,0.0363196728848012
2031-06-07,Gold,0.01793886959190371
2031-06-07,Bond,0.14660307255520183
2031-06-08,Equity,0.03659564301861534
2031-06-08,Gold,0.017977432484579735
2031-06-08,Bond,0.14578692707583768
2031-06-09,Equity,0.03592213820427808
2031-06-09,Gold,0.018161491983737836
2031-06-09,Bond,0.14830077683948775
2031-06-10,Equity,0.03634829791783101
2031-06-10,Gold,0.01804428255718467
2031-06-10,Bond,0.14842446393790798
2031-06-11,Equity,0.041841428124288184
2031-06-11,Bond,0.15816059830980939
2031-06-12,Equity,0.04236090130550364
2031-06-12,Bond,0.1561350019598507
2031-06-13,Equity,0.04292930677955684
2031-06-13,Bond,0.15482832312721298
2031-06-14,Equity,0.04264998220404854
2031-06-14,Bond,0.15404146884269596
2031-06-15,Equity,0.04262855265122896
2031-06-15,Bond,0.1546137427881694
2031-06-16,Equity,0.042558971405360246
2031-06-16,Bond,0.15416367628240474
2031-06-17,Equity,0.04253131537224102
2031-06-17,Bond,0.15418778724168714
2031-06-18,Equity,0.04239300262031147
2031-06-18,Bond,0.15236476778651606
2031-06-19,Equity,0.0427555282890936
2031-06-19,Bond,0.15411441075681537
2031-06-20,Equity,0.04272783171838073
2031-06-20,Bond,0.15316763319431123
2031-06-21,Equity,0.04257602056983743
2031-06-21,Bond,0.1534947225404156
2031-06-22,Equity,0.043071343235434066
2031-06-22,Bond,0.1527330774900192
2031-06-23,Equity,0.04343836676933336
2031-06-23,Bond,0.15226675549014468
2031-06-24,Equity,0.04361051578258543
2031-06-24,Bond,0.1512256775208257
2031-06-25,Equity,0.04342765749608123
2031-06-25,Bond,0.15163228028142678
2031-06-26,Equity,0.04410536771954257
2031-06-26,Bond,0.15027904059403568
2031-06-27,Equity,0.04364128781604751
2031-06-27,Bond,0.15075063603320626
2031-06-28,Equity,0.044098953332346515
2031-06-28,Bond,0.1505277339355064
2031-06-29,Equity,0.04432163171185164
2031-06-29,Bond,0.1512932223021055
2031-06-30,Equity,0.04373987933608538
2031-06-30,Bond,0.15231611538954687
2031-07-01,Equity,0.04379195088080624
2031-07-01,Bond,0.15190160670364883
2031-07-02,Equity,0.20001855632939922
2031-07-03,Equity,0.19946245621636458
2031-07-04,Equity,0.199910183366686
2031-07-05,Equity,0.19829278139039663
2031-07-06,Equity,0.19458687206639716
2031-07-07,Equity,0.19438673098658427
2031-07-08,Equity,0.19472294737516654
2031-07-09,Equity,0.19413250768512233
2031-07-10,Equity,0.1941084327701632
2031-07-11,Equity,0.19382761514847938
2031-07-12,Equity,0.19224237665692673
2031-07-13,Equity,0.1952840947493825
2031-07-14,Equity,0.19578271624115326
2031-07-15,Equity,0.19511310779146004
2031-07-16,Equity,0.19382109046905546
2031-07-17,Equity,0.1932006342916677
2031-07-18,Equity,0.19263239260051848
2031-07-19,Equity,0.1926917369849243
2031-07-20,Equity,0.1944810772493716
2031-07-21,Equity,0.19322375014048446
2031-07-22,Equity,0.19350095227277175
2031-07-23,Bond,0.20002368794102038
2031-07-24,Bond,0.1992949743931582
2031-07-25,Bond,0.19560030045127785
2031-07-26,Bond,0.19430633364340139
2031-07-27,Bond,0.19381106692620736
2031-07-28,Bond,0.19213250148956523
2031-07-29,Bond,0.19236696855248583
2031-07-30,Bond,0.19119269499900213
2031-07-31,Bond,0.19112553094640744
2031-08-01,Bond,0.1944994472224398
2031-08-02,Bond,0.19642899363864877
2031-08-03,Bond,0.19736430870997165
2031-08-04,Bond,0.20024603778784578
2031-08-05,Bond,0.20012981849595984
2031-08-06,Bond,0.20002993608282926
2031-08-07,Bond,0.1983461397939381
2031-08-08,Bond,0.20038630807287863
2031-08-09,Bond,0.2035404225505832
2031-08-10,Bond,0.20501539764916366
2031-08-11,Bond,0.20734503270832963
2031-08-12,Bond,0.20288216570007767
2031-08-13,Gold,0.018965771133389424
2031-08-13,Bond,0.18103690627326258
2031-08-14,Gold,0.01882453651903964
2031-08-14,Bond,0.18090895703685955
2031-08-15,Gold,0.018613412017967734
2031-08-15,Bond,0.18445081920652934
2031-08-16,Gold,0.018564923030601276
2031-08-16,Bond,0.1870678132011468
2031-08-17,Gold,0.018466812975824688
2031-08-17,Bond,0.18825896748257737
2031-08-18,Gold,0.018526232881663447
2031-08-18,Bond,0.18772622328102162
2031-08-19,Gold,0.018680971892811246
2031-08-19,Bond,0.18793694432000266
2031-08-20,Gold,0.01861751292725931
2031-08-20,Bond,0.18506382522961665
2031-08-21,Gold,0.01861247298796658
2031-08-21,Bond,0.1864665756076512
2031-08-22,Gold,0.018624256922930963
2031-08-22,Bond,0.1826359017457151
2031-08-23,Gold,0.018669214252187077
2031-08-23,Bond,0.18218397955414517
2031-08-24,Gold,0.01874224549121781
2031-08-24,Bond,0.18447093620563818
2031-08-25,Gold,0.018887225573124604
2031-08-25,Bond,0.18552553350107168
2031-08-26,Gold,0.019065534266257286
2031-08-26,Bond,0.18320151998325454
2031-08-27,Gold,0.01918991436591633
2031-08-27,Bond,0.1811900479428436
2031-08-28,Gold,0.018944876110877577
2031-08-28,Bond,0.18035423745770154
2031-08-29,Gold,0.0187423033331869
2031-08-29,Bond,0.180506898189213
2031-08-30,Gold,0.01856182535169671
2031-08-30,Bond,0.18183508995403366
2031-08-31,Gold,0.01860676844543634
2031-08-31,Bond,0.1827234293092765
2031-09-01,Gold,0.018407915461249823
2031-09-01,Bond,0.18119096896361422
2031-09-02,Gold,0.01844825687600686
2031-09-02,Bond,0.18209941711800445
2031-09-03,Bond,0.20000211792217354
2031-09-04,Bond,0.20078490205463762
2031-09-05,Bond,0.20479115476056425
2031-09-06,Bond,0.20597651419357713
2031-09-07,Bond,0.20756389519463309
2031-09-08,Bond,0.21066625572369682
2031-09-09,Bond,0.21208335839570036
2031-09-10,Bond,0.2111639832625188
2031-09-11,Bond,0.21324143010153457
2031-09-12,Bond,0.21256878808781576
2031-09-13,Bond,0.21092871113407158
2031-09-14,Bond,0.2094396723801506
2031-09-15,Bond,0.21148576935141034
2031-09-16,Bond,0.2125219392423135
2031-09-17,Bond,0.21430273002959366
2031-09-18,Bond,0.21535711922576628
2031-09-19,Bond,0.2156764019496005
2031-09-20,Bond,0.2162148368711096
2031-09-21,Bond,0.21721819391379013
2031-09-22,Bond,0.21619549895227244
2031-09-23,Bond,0.21401702835152564
2031-09-24,Gold,0.020354311486369743
2031-09-24,Bond,0.17964892311882855
2031-09-25,Gold,0.020248888251506197
2031-09-25,Bond,0.18046797161224273
2031-09-26,Gold,0.020484652040036896
2031-09-26,Bond,0.17947293812845558
2031-09-27,Gold,0.020389470309471767
2031-09-27,Bond,0.18263354560373923
2031-09-28,Gold,0.020622690348125278
2031-09-28,Bond,0.18324646413238124
2031-09-29,Gold,0.020755268397161367
2031-09-29,Bond,0.18339968926118183
2031-09-30,Gold,0.020902617267833778
2031-09-30,Bond,0.18247018774547719
2031-10-01,Gold,0.02106852440933588
2031-10-01,Bond,0.18380248348299522
2031-10-02,Gold,0.021288174675358772
2031-10-02,Bond,0.18195915644107646
2031-10-03,Gold,0.02149858323256469
2031-10-03,Bond,0.18238815301795114
2031-10-04,Gold,0.021969038890963716
2031-10-04,Bond,0.18165536458897777
2031-10-05,Gold,0.022314246734231224
2031-10-05,Bond,0.18177012559391886
2031-10-06,Gold,0.0223963880883007
2031-10-06,Bond,0.18247545858530634
2031-10-07,Gold,0.02234632649808102
2031-10-07,Bond,0.1807904780790791
2031-10-08,Gold,0.022493899352837524
2031-10-08,Bond,0.1783142548898336
2031-10-09,Gold,0.022110818917191546
2031-10-09,Bond,0.17702939635996254
2031-10-10,Gold,0.022255985570029557
2031-10-10,Bond,0.17828124037813886
2031-10-11,Gold,0.022011806167966778
2031-10-11,Bond,0.17887047453895535
2031-10-12,Gold,0.02227076046886382
2031-10-12,Bond,0.17823515731573736
2031-10-13,Gold,0.022625947125824317
2031-10-13,Bond,0.18105576719032213
2031-10-14,Gold,0.02225516673237135
2031-10-14,Bond,0.18302856995369182
2031-10-15,Gold,0.02500009295551405
2031-10-15,Bond,0.1750006506885984
2031-10-16,Gold,0.024773240570708104
2031-10-16,Bond,0.17400365157369863
2031-10-17,Gold,0.024315178077675973
2031-10-17,Bond,0.17556679470777106
2031-10-18,Gold,0.024275421156225364
2031-10-18,Bond,0.1760650380190448
2031-10-19,Gold,0.024457307521297343
2031-10-19,Bond,0.1749926242057762
2031-10-20,Gold,0.024642434133622604
2031-10-20,Bond,0.17481000331887678
2031-10-21,Gold,0.024724105010641224
2031-10-21,Bond,0.17331051004100567
2031-10-22,Gold,0.024355992301581687
2031-10-22,Bond,0.17236107445102936
2031-10-23,Gold,0.02443323679970318
2031-10-23,Bond,0.17072984631229507
2031-10-24,Gold,0.024040519444347524
2031-10-24,Bond,0.1721506266955016
2031-10-25,Gold,0.023710870566833193
2031-10-25,Bond,0.17210820094777232
2031-10-26,Gold,0.023519156784205693
2031-10-26,Bond,0.17081092098318634
2031-10-27,Gold,0.023740437001406964
2031-10-27,Bond,0.17150241983266742
2031-10-28,Gold,0.023867077080162682
2031-10-28,Bond,0.17148229762793607
2031-10-29,Gold,0.023899071882795386
2031-10-29,Bond,0.17296665527836916
2031-10-30,Gold,0.02369319726342821
2031-10-30,Bond,0.17319301869924006
2031-10-31,Gold,0.02366214500404565
2031-10-31,Bond,0.17116039628072738
2031-11-01,Gold,0.02336749802840999
2031-11-01,Bond,0.1705117935980659
2031-11-02,Gold,0.02372741754341262
2031-11-02,Bond,0.16882702280095152
2031-11-03,Gold,0.02421868880520263
2031-11-03,Bond,0.16952925671811955
2031-11-04,Gold,0.02430565134123825
2031-11-04,Bond,0.17103845788907746
2031-11-05,Gold,0.20002065932782778
2031-11-06,Gold,0.19976642468641717
2031-11-07,Gold,0.19719015386608307
2031-11-08,Gold,0.1958575189045533
2031-11-09,Gold,0.19512558788681858
2031-11-10,Gold,0.19452124775916277
2031-11-11,Gold,0.1935588444659068
2031-11-12,Gold,0.19363339533661444
2031-11-13,Gold,0.1923094020353693
2031-11-14,Gold,0.19569892696106356
2031-11-15,Gold,0.19355874195234712
2031-11-16,Gold,0.19494754389654062
2031-11-17,Gold,0.19453690950833755
2031-11-18,Gold,0.19526310379804848
2031-11-19,Gold,0.19606276874095888
2031-11-20,Gold,0.1963104218286542
2031-11-21,Gold,0.19452842545781632
2031-11-22,Gold,0.19400868958405726
2031-11-23,Gold,0.19427323952744038
2031-11-24,Gold,0.19443989584528362
2031-11-25,Gold,0.19284234164916117
2031-12-17,Equity,0.04184351496237223
2031-12-17,Bond,0.15816848655776705
2031-12-18,Equity,0.04232497561544589
2031-12-18,Bond,0.1584400948625125
2031-12-19,Equity,0.042299060768394826
2031-12-19,Bond,0.1573238518671173
2031-12-20,Equity,0.0418651571273342
2031-12-20,Bond,0.1580820038820095
2031-12-21,Equity,0.04186447857215504
2031-12-21,Bond,0.1591677599274199
2031-12-22,Equity,0.04197825540558852
2031-12-22,Bond,0.15962749656949238
2031-12-23,Equity,0.042094921661213786
2031-12-23,Bond,0.1604509423704977
2031-12-24,Equity,0.04243936451766483
2031-12-24,Bond,0.16136438412415804
2031-12-25,Equity,0.04231227775914684
2031-12-25,Bond,0.16085502229962573
2031-12-26,Equity,0.04231533037366426
2031-12-26,Bond,0.1602750841750863
2031-12-27,Equity,0.041823642670877924
2031-12-27,Bond,0.1633526508820916
2031-12-28,Equity,0.041826228594107166
2031-12-28,Bond,0.16515651648792096
2031-12-29,Equity,0.04148676329628852
2031-12-29,Bond,0.16514912358464567
2031-12-30,Equity,0.04120617478938176
2031-12-30,Bond,0.1661332205929878
2031-12-31,Equity,0.041661047094328024
2031-12-31,Bond,0.16477107546697542
2032-01-01,Equity,0.04175665059614916
2032-01-01,Bond,0.16393920252653407
2032-01-02,Equity,0.042416515137970075
2032-01-02,Bond,0.16213996552118862
2032-01-03,Equity,0.04287717065125446
2032-01-03,Bond,0.1624468908339185
2032-01-04,Equity,0.04294502254156116
2032-01-04,Bond,0.16283681368828556
2032-01-05,Equity,0.04301431981850423
2032-01-05,Bond,0.16429474397332686
2032-01-06,Equity,0.04293119336750801
2032-01-06,Bond,0.16402063660931626
2032-01-07,Equity,0.039344364977572675
2032-01-07,Bond,0.16065615699175506
2032-01-08,Equity,0.0394403425323998
2032-01-08,Bond,0.16151544159124798
2032-01-09,Equity,0.039627080806061546
2032-01-09,Bond,0.1648145632916445
2032-01-10,Equity,0.03927279661354174
2032-01-10,Bond,0.1671647955979195
2032-01-11,Equity,0.03866524582097943
2032-01-11,Bond,0.16934219696155364
2032-01-12,Equity,0.03879724450746112
2032-01-12,Bond,0.17048781919739495
2032-01-13,Equity,0.03911953882491262
2032-01-13,Bond,0.16918055165883886
2032-01-14,Equity,0.03912840167612094
2032-01-14,Bond,0.1695875096230293
2032-01-15,Equity,0.039195473645077424
2032-01-15,Bond,0.17273716224634778
2032-01-16,Equity,0.038841762679740384
2032-01-16,Bond,0.17352044760175792
2032-01-17,Equity,0.03924967299780783
2032-01-17,Bond,0.17228184472052405
2032-01-18,Equity,0.03967092114651763
2032-01-18,Bond,0.1726816311865251
2032-01-19,Equity,0.04012981443972508
2032-01-19,Bond,0.17120263527599291
2032-01-20,Equity,0.040236318425060966
2032-01-20,Bond,0.1699827055461772
2032-01-21,Equity,0.04066843009768433
2032-01-21,Bond,0.170484236690584
2032-01-22,Equity,0.04017401595053293
2032-01-22,Bond,0.17161185651346583
2032-01-23,Equity,0.04045088864440111
2032-01-23,Bond,0.17044105738582035
2032-01-24,Equity,0.04076865517888285
2032-01-24,Bond,0.16960197789018716
2032-01-25,Equity,0.04106373991328102
2032-01-25,Bond,0.167568157364893
2032-01-26,Equity,0.04070385597529892
2032-01-26,Bond,0.1674522565873605
2032-01-27,Equity,0.04092556912229666
2032-01-27,Bond,0.16474134235674573
2032-01-28,Equity,0.03709731663770338
2032-01-28,Gold,0.021774511939521554
2032-01-28,Bond,0.14113109590430636
2032-01-29,Equity,0.0363981700430554
2032-01-29,Gold,0.021845501929145958
2032-01-29,Bond,0.14132085056001495
2032-01-30,Equity,0.03607647198684941
2032-01-30,Gold,0.021899353289645124
2032-01-30,Bond,0.13926442916649945
2032-01-31,Equity,0.03654055894378027
2032-01-31,Gold,0.021730402049106593
2032-01-31,Bond,0.13803003044103
2032-02-01,Equity,0.03640154590069013
2032-02-01,Gold,0.02179455800816085
2032-02-01,Bond,0.13797022440933002
2032-02-02,Equity,0.036777813599820804
2032-02-02,Gold,0.021950741311578568
2032-02-02,Bond,0.13766102874798525
2032-02-03,Equity,0.03720036107050737
2032-02-03,Gold,0.021747086985419814
2032-02-03,Bond,0.13745243198348778
2032-02-04,Equity,0.037377937205064174
2032-02-04,Gold,0.02183208681206957
2032-02-04,Bond,0.13775238722887334
2032-02-05,Equity,0.03726053243980801
2032-02-05,Gold,0.021414940402175155
2032-02-05,Bond,0.13587553720177104
2032-02-06,Equity,0.03757283417972893
2032-02-06,Gold,0.02116823201546761
2032-02-06,Bond,0.13669199636012802
2032-02-07,Equity,0.03767015764094442
2032-02-07,Gold,0.02108115387251052
2032-02-07,Bond,0.13631852842933287
2032-02-08,Equity,0.03771406709594552
2032-02-08,Gold,0.02117182109504846
2032-02-08,Bond,0.1356055856254608
2032-02-09,Equity,0.03747160490054022
2032-02-09,Gold,0.021413693638022202
2032-02-09,Bond,0.13345553717536618
2032-02-10,Equity,0.03730404690839698
2032-02-10,Gold,0.02144271654881058
2032-02-10,Bond,0.13316897263163255
2032-02-11,Equity,0.03695345199559986
2032-02-11,Gold,0.021554374536115938
2032-02-11,Bond,0.13378939651382074
2032-02-12,Equity,0.03729052988127519
2032-02-12,Gold,0.021508796851095347
2032-02-12,Bond,0.13391049818767897
2032-02-13,Equity,0.03783334072099178
2032-02-13,Gold,0.021576767037982992
2032-02-13,Bond,0.1340197836641648
2032-02-14,Equity,0.03818543155675014
2032-02-14,Gold,0.021653404602572777
2032-02-14,Bond,0.13356970332440316
2032-02-15,Equity,0.038265857918365266
2032-02-15,Gold,0.021545936859594318
2032-02-15,Bond,0.13350417360619185
2032-02-16,Equity,0.038212209590913836
2032-02-16,Gold,0.021505288028142167
2032-02-16,Bond,0.13225389624551048
2032-02-17,Equity,0.038382962199561124
2032-02-17,Gold,0.021628124990734993
2032-02-17,Bond,0.13220718697348124
2032-02-18,Equity,0.13334418792129366
2032-02-18,Gold,0.06667209396064683
2032-02-19,Equity,0.13320012107775359
2032-02-19,Gold,0.06742981580321478
2032-02-20,Equity,0.13235483874419948
2032-02-20,Gold,0.0667960956807657
2032-02-21,Equity,0.13320330503133349
2032-02-21,Gold,0.06604078378069192
2032-02-22,Equity,0.13406190894601885
2032-02-22,Gold,0.06564964683348942
2032-02-23,Equity,0.13511173869434984
2032-02-23,Gold,0.06563002622145175
2032-02-24,Equity,0.1357605779747398
2032-02-24,Gold,0.06561004194244623
2032-02-25,Equity,0.13622266264908586
2032-02-25,Gold,0.06633049578624163
2032-02-26,Equity,0.1348823056152586
2032-02-26,Gold,0.06723210773272129
2032-02-27,Equity,0.13361994418770604
2032-02-27,Gold,0.06733372968209318
2032-02-28,Equity,0.1340241742871169
2032-02-28,Gold,0.06716111427317573
2032-02-29,Equity,0.13526005668855745
2032-02-29,Gold,0.06738564352781225
2032-03-01,Equity,0.13485063091463684
2032-03-01,Gold,0.06808144960448165
2032-03-02,Equity,0.13480633306369247
2032-03-02,Gold,0.06843227070562904
2032-03-03,Equity,0.1348647320758
2032-03-03,Gold,0.06815620488196578
2032-03-04,Equity,0.13278386744026982
2032-03-04,Gold,0.06793579067042238
2032-03-05,Equity,0.1331608479690852
2032-03-05,Gold,0.06721441638481686
2032-03-06,Equity,0.13251017592427927
2032-03-06,Gold,0.06738502444495874
2032-03-07,Equity,0.13315815842262527
2032-03-07,Gold,0.06772269424586284
2032-03-08,Equity,0.13305552819454436
2032-03-08,Gold,0.06819096853439645
2032-03-09,Equity,0.13274399732302544
2032-03-09,Gold,0.06894287435777109
2032-03-10,Equity,0.123077527099578
2032-03-10,Gold,0.07692345443723625
2032-03-11,Equity,0.12285411331472557
2032-03-11,Gold,0.07598336931614173
2032-03-12,Equity,0.12135695215326471
2032-03-12,Gold,0.07639492284924425
2032-03-13,Equity,0.12233608239685399
2032-03-13,Gold,0.07661640044122732
2032-03-14,Equity,0.12166398341876808
2032-03-14,Gold,0.0766233387473511
2032-03-15,Equity,0.12124169703287958
2032-03-15,Gold,0.07608254195430719
2032-03-16,Equity,0.12119180310844534
2032-03-16,Gold,0.07709688393895257
2032-03-17,Equity,0.12006309932665826
2032-03-17,Gold,0.07678239489741662
2032-03-18,Equity,0.11973633317469777
2032-03-18,Gold,0.07528757836583985
2032-03-19,Equity,0.12176923833058406
2032-03-19,Gold,0.07512749582788283
2032-03-20,Equity,0.12215159969385406
2032-03-20,Gold,0.07493160495722576
2032-03-21,Equity,0.12106447525838848
2032-03-21,Gold,0.07630901839653773
2032-03-22,Equity,0.11882255346680617
2032-03-22,Gold,0.07684646270777686
2032-03-23,Equity,0.11990311042177486
2032-03-23,Gold,0.07653863462227777
2032-03-24,Equity,0.11885710991317969
2032-03-24,Gold,0.07649198270323652
2032-03-25,Equity,0.11830858953344509
2032-03-25,Gold,0.07639406106588086
2032-03-26,Equity,0.11767346255097835
2032-03-26,Gold,0.0780114632438866
2032-03-27,Equity,0.11666694558918397
2032-03-27,Gold,0.07858270577280291
2032-03-28,Equity,0.11671657358510482
2032-03-28,Gold,0.07757674462870463
2032-03-29,Equity,0.11617131973376563
2032-03-29,Gold,0.07745172661418775
2032-03-30,Equity,0.11680241419746572
2032-03-30,Gold,0.07737973631311543
2032-03-31,Gold,0.20001442909289158
2032-04-01,Gold,0.19717679855448278
2032-04-02,Gold,0.19812126468064126
2032-04-03,Gold,0.1968460548278661
2032-04-04,Gold,0.1988278104340165
2032-04-05,Gold,0.1988408641031736
2032-04-06,Gold,0.19808641780782124
2032-04-07,Gold,0.19427547202210765
2032-04-08,Gold,0.19619594963976247
2032-04-09,Gold,0.19665926337690445
2032-04-10,Gold,0.19595214819793902
2032-04-11,Gold,0.19455324640235225
2032-04-12,Gold,0.19707130427213043
2032-04-13,Gold,0.1953927718260681
2032-04-14,Gold,0.19481385553790775
2032-04-15,Gold,0.19570912002859936
2032-04-16,Gold,0.19800281455009833
2032-04-17,Gold,0.19765952822647598
2032-04-18,Gold,0.19649676870552674
2032-04-19,Gold,0.19632829725785148
2032-04-20,Gold,0.1977593234303691
2032-04-21,Gold,0.2000000265677989
2032-04-22,Gold,0.19780884590610945
2032-04-23,Gold,0.19799129682337588
2032-04-24,Gold,0.19572367742840127
2032-04-25,Gold,0.19711932185597172
2032-04-26,Gold,0.1977886558304671
2032-04-27,Gold,0.19633109427100773
2032-04-28,Gold,0.19876303088186564
2032-04-29,Gold,0.19929709939001744
2032-04-30,Gold,0.19965669987377868
2032-05-01,Gold,0.19937064460679949
2032-05-02,Gold,0.19935781460604135
2032-05-03,Gold,0.19874961235507818
2032-05-04,Gold,0.19757188626618605
2032-05-05,Gold,0.1995277617547634
2032-05-06,Gold,0.19874193590962871
2032-05-07,Gold,0.19790499410518914
2032-05-08,Gold,0.19769983462904206
2032-05-09,Gold,0.19996905631549142
2032-05-10,Gold,0.20178485490234033
2032-05-11,Gold,0.20114963040808767
2032-05-12,Equity,0.13334412599167686
2032-05-12,Gold,0.06667206299583842
2032-05-13,Equity,0.13297882595404298
2032-05-13,Gold,0.06676676448507465
2032-05-14,Equity,0.13295005075921779
2032-05-14,Gold,0.06625105103808934
2032-05-15,Equity,0.1346940394249676
2032-05-15,Gold,0.06582762714352752
2032-05-16,Equity,0.13414426227875786
2032-05-16,Gold,0.06671007296785494
2032-05-17,Equity,0.1365983747561462
2032-05-17,Gold,0.06781109467561384
2032-05-18,Equity,0.13664109988783452
2032-05-18,Gold,0.06800783701508452
2032-05-19,Equity,0.13835411578264625
2032-05-19,Gold,0.0675195092575505
2032-05-20,Equity,0.13973522560267712
2032-05-20,Gold,0.06733371505300559
2032-05-21,Equity,0.13793709187411354
2032-05-21,Gold,0.06700179055943928
2032-05-22,Equity,0.1363937285007839
2032-05-22,Gold,0.0667409312793677
2032-05-23,Equity,0.13566137579238463
2032-05-23,Gold,0.0663581368245343
2032-05-24,Equity,0.13386851205746622
2032-05-24,Gold,0.06644708759523249
2032-05-25,Equity,0.13337959177357608
2032-05-25,Gold,0.06655871294601587
2032-05-26,Equity,0.13342524390298965
2032-05-26,Gold,0.0664642282764776
2032-05-27,Equity,0.1341966714623968
2032-05-27,Gold,0.06626949127003431
2032-05-28,Equity,0.13433867327362747
2032-05-28,Gold,0.06672544630718819
2032-05-29,Equity,0.1343652930713163
2032-05-29,Gold,0.06658238357603458
2032-05-30,Equity,0.13557534584406122
2032-05-30,Gold,0.06638810146910529
2032-05-31,Equity,0.13663761012681538
2032-05-31,Gold,0.06619852006299919
2032-06-01,Equity,0.13876140207013415
2032-06-01,Gold,0.06698282603844365
2032-06-02,Equity,0.13333356119325573
2032-06-02,Gold,0.06665931806732149
2032-06-03,Equity,0.13051988308939758
2032-06-03,Gold,0.06724476653927798
2032-06-04,Equity,0.1310711307201586
2032-06-04,Gold,0.06673956889289702
2032-06-05,Equity,0.13364589281500242
2032-06-05,Gold,0.06675710294324919
2032-06-06,Equity,0.1347890814813547
2032-06-06,Gold,0.06700589896752766
2032-06-07,Equity,0.13616045558305553
2032-06-07,Gold,0.06757195738865994
2032-06-08,Equity,0.13630735446580564
2032-06-08,Gold,0.06732154838647947
2032-06-09,Equity,0.13748835075184376
2032-06-09,Gold,0.06654219607315434
2032-06-10,Equity,0.13911888976894493
2032-06-10,Gold,0.06593746766035948
2032-06-11,Equity,0.1386304222505554
2032-06-11,Gold,0.06656490068546012
2032-06-12,Equity,0.13784036528445592
2032-06-12,Gold,0.06791707327874526
2032-06-13,Equity,0.13830296676515966
2032-06-13,Gold,0.06840428040482605
2032-06-14,Equity,0.13958173194667134
2032-06-14,Gold,0.0675133275630686
2032-06-15,Equity,0.136231098738566
2032-06-15,Gold,0.0682780009442294
2032-06-16,Equity,0.13608936678231925
2032-06-16,Gold,0.06769799628406514
2032-06-17,Equity,0.13384065557805225
2032-06-17,Gold,0.06765612398646129
2032-06-18,Equity,0.13368166629326236
2032-06-18,Gold,0.06778543522967402
2032-06-19,Equity,0.13561791051206382
2032-06-19,Gold,0.06785580896710951
2032-06-20,Equity,0.13488206594386123
2032-06-20,Gold,0.06795454072248461
2032-06-21,Equity,0.13460342534517633
2032-06-21,Gold,0.06760086226022854
2032-06-22,Equity,0.13527898869980357
2032-06-22,Gold,0.0682111012821564
2032-06-23,Equity,0.04237640487755357
2032-06-23,Gold,0.021188202438776785
2032-06-23,Bond,0.1364520237057225
2032-06-24,Equity,0.0427404151415411
2032-06-24,Gold,0.021434059957442544
2032-06-24,Bond,0.13664847005530784
2032-06-25,Equity,0.042685457059036036
2032-06-25,Gold,0.0211095929694532
2032-06-25,Bond,0.13835332036631004
2032-06-26,Equity,0.042929084161123725
2032-06-26,Gold,0.02115485618209429
2032-06-26,Bond,0.13807511946011067
2032-06-27,Equity,0.04320065727088623
2032-06-27,Gold,0.0209188005818749
2032-06-27,Bond,0.13720915397195296
2032-06-28,Equity,0.04285646586316593
2032-06-28,Gold,0.020725104721268962
2032-06-28,Bond,0.13851477326344488
2032-06-29,Equity,0.04218110039466912
2032-06-29,Gold,0.020652612389281785
2032-06-29,Bond,0.1379640344808543
2032-06-30,Equity,0.041732438015069914
2032-06-30,Gold,0.020932952046584515
2032-06-30,Bond,0.13950843928098153
2032-07-01,Equity,0.04226576383569375
2032-07-01,Gold,0.021172775547191238
2032-07-01,Bond,0.1400813885840589
2032-07-02,Equity,0.04307386014649434
2032-07-02,Gold,0.021290595877820943
2032-07-02,Bond,0.14169473942002384
2032-07-03,Equity,0.043095393183026735
2032-07-03,Gold,0.02132773404067589
2032-07-03,Bond,0.1405158469382573
2032-07-04,Equity,0.04361589278920992
2032-07-04,Gold,0.02132526617595991
2032-07-04,Bond,0.14158341845620387
2032-07-05,Equity,0.043525782322102455
2032-07-05,Gold,0.021616636156312513
2032-07-05,Bond,0.14066306844955487
2032-07-06,Equity,0.04381055976280619
2032-07-06,Gold,0.02183485075073589
2032-07-06,Bond,0.1377491508876674
2032-07-07,Equity,0.0434998709478235
2032-07-07,Gold,0.02181750388485464
2032-07-07,Bond,0.13885338511816253
2032-07-08,Equity,0.043910008767287435
2032-07-08,Gold,0.022127432346179726
2032-07-08,Bond,0.13873885169478695
2032-07-09,Equity,0.04357631468515958
2032-07-09,Gold,0.022280704903826387
2032-07-09,Bond,0.13990661691310177
2032-07-10,Equity,0.04319790569628156
2032-07-10,Gold,0.02233934871406741
2032-07-10,Bond,0.14006403293457853
2032-07-11,Equity,0.04322035397366905
2032-07-11,Gold,0.02223820795210325
2032-07-11,Bond,0.14010140259657172
2032-07-12,Equity,0.04347278938588094
2032-07-12,Gold,0.022064621123395793
2032-07-12,Bond,0.14188253615646104
2032-07-13,Equity,0.04353680476892565
2032-07-13,Gold,0.021986940049393243
2032-07-13,Bond,0.14202702629757605
2032-07-14,Equity,0.13182909691631792
2032-07-14,Gold,0.06818746392223342
2032-07-15,Equity,0.13072791757825827
2032-07-15,Gold,0.06880161226560501
2032-07-16,Equity,0.12895037285175634
2032-07-16,Gold,0.06803094009047353
2032-07-17,Equity,0.12860753216055987
2032-07-17,Gold,0.06684636348227126
2032-07-18,Equity,0.12851763276225905
2032-07-18,Gold,0.06626831493482407
2032-07-19,Equity,0.12917415298397808
2032-07-19,Gold,0.0659693941160243
2032-07-20,Equity,0.12776540817749485
2032-07-20,Gold,0.06681020053298926
2032-07-21,Equity,0.12853592639491523
2032-07-21,Gold,0.06657854164643529
2032-07-22,Equity,0.1278501200784064
2032-07-22,Gold,0.06678789414554924
2032-07-23,Equity,0.12724272510647153
2032-07-23,Gold,0.06709277966383573
2032-07-24,Equity,0.1287237290867963
2032-07-24,Gold,0.06634878943018785
2032-07-25,Equity,0.12584756724635246
2032-07-25,Gold,0.06747119768135526
2032-07-26,Equity,0.12455988875004162
2032-07-26,Gold,0.06715720940485725
2032-07-27,Equity,0.12447826406546077
2032-07-27,Gold,0.06813712503674395
2032-07-28,Equity,0.1244835421085877
2032-07-28,Gold,0.06805747506381292
2032-07-29,Equity,0.12266860617824744
2032-07-29,Gold,0.06798657962063068
2032-07-30,Equity,0.12222957761217662
2032-07-30,Gold,0.06732684921584212
2032-07-31,Equity,0.12324478586195123
2032-07-31,Gold,0.06737157903447612
2032-08-01,Equity,0.12180640910906437
2032-08-01,Gold,0.06889997728957407
2032-08-02,Equity,0.12293216173615361
2032-08-02,Gold,0.06907438085035414
2032-08-03,Equity,0.12213921481649273
2032-08-03,Gold,0.06930927289249987
2032-08-04,Gold,0.2000150709975978
2032-08-05,Gold,0.20096398088661666
2032-08-06,Gold,0.20121719885447467
2032-08-07,Gold,0.20111622469359308
2032-08-08,Gold,0.20191237977518792
2032-08-09,Gold,0.19900208991442123
2032-08-10,Gold,0.19884190209664343
2032-08-11,Gold,0.19694186347628617
2032-08-12,Gold,0.19698757212044457
2032-08-13,Gold,0.19584452175045006
2032-08-14,Gold,0.19481370315315955
2032-08-15,Gold,0.1927305576846176
2032-08-16,Gold,0.19447232337098155
2032-08-17,Gold,0.19341281223015158
2032-08-18,Gold,0.19244083651618887
2032-08-19,Gold,0.19483072887697175
2032-08-20,Gold,0.19572323797343996
2032-08-21,Gold,0.19254021305482372
2032-08-22,Gold,0.19470318989321916
2032-08-23,Gold,0.19729998681272828
2032-08-24,Gold,0.1997732815165399
2032-08-25,Gold,0.2000000506137314
2032-08-26,Gold,0.1982431392520769
2032-08-27,Gold,0.1981649104756518
2032-08-28,Gold,0.19587345305164838
2032-08-29,Gold,0.1945130083878608
2032-08-30,Gold,0.19277840106880426
2032-08-31,Gold,0.19180452755544591
2032-09-01,Gold,0.192058810012932
2032-09-02,Gold,0.191369375956965
2032-09-03,Gold,0.19061556036204638
2032-09-04,Gold,0.19016716858348737
2032-09-05,Gold,0.19248714555585292
2032-09-06,Gold,0.1958727926069989
2032-09-07,Gold,0.19516388907654034
2032-09-08,Gold,0.1956923183123299
2032-09-09,Gold,0.1943715624485649
2032-09-10,Gold,0.19557645824735626
2032-09-11,Gold,0.1948279640106922
2032-09-12,Gold,0.19371487380958327
2032-09-13,Gold,0.19686031972413304
2032-09-14,Gold,0.19472509850820283
2032-10-27,Bond,0.20001200152013926
2032-10-28,Bond,0.2004236216402686
2032-10-29,Bond,0.20146173607743997
2032-10-30,Bond,0.20130825967174346
2032-10-31,Bond,0.19826261151564054
2032-11-01,Bond,0.19935913673831002
2032-11-02,Bond,0.20028258905945426
2032-11-03,Bond,0.19821700755518348
2032-11-04,Bond,0.19637036328721896
2032-11-05,Bond,0.19776754015736442
2032-11-06,Bond,0.19954901919114484
2032-11-07,Bond,0.19532843371078454
2032-11-08,Bond,0.19602226060511144
2032-11-09,Bond,0.1956747606127818
2032-11-10,Bond,0.1957915111866525
2032-11-11,Bond,0.19599830007981517
2032-11-12,Bond,0.19480007496211799
2032-11-13,Bond,0.19582584754147753
2032-11-14,Bond,0.19474443084309798
2032-11-15,Bond,0.19591856104476568
2032-11-16,Bond,0.1974496155510069
2032-12-08,Equity,0.04716440210518568
2032-12-08,Bond,0.15284759941495357
2032-12-09,Equity,0.04702904404895095
2032-12-09,Bond,0.15179237547589375
2032-12-10,Equity,0.047553052996484116
2032-12-10,Bond,0.14961755796174697
2032-12-11,Equity,0.04750124512992731
2032-12-11,Bond,0.1481428989756014
2032-12-12,Equity,0.04729308829500079
2032-12-12,Bond,0.14954105457635336
2032-12-13,Equity,0.04718102818263648
2032-12-13,Bond,0.1483828270831277
2032-12-14,Equity,0.0465413401281918
2032-12-14,Bond,0.1464206689757423
2032-12-15,Equity,0.04676930709800061
2032-12-15,Bond,0.1462874098672516
2032-12-16,Equity,0.04685660238312853
2032-12-16,Bond,0.1469870626593133
2032-12-17,Equity,0.04692676518618635
2032-12-17,Bond,0.1470242967125191
2032-12-18,Equity,0.047584415332019146
2032-12-18,Bond,0.14767791064536306
2032-12-19,Equity,0.04826179952642447
2032-12-19,Bond,0.14901881815303394
2032-12-20,Equity,0.04882447878561728
2032-12-20,Bond,0.14964971852437828
2032-12-21,Equity,0.04872653274843668
2032-12-21,Bond,0.14947094255811494
2032-12-22,Equity,0.04863357814455917
2032-12-22,Bond,0.1488010019474338
2032-12-23,Equity,0.04810923244108321
2032-12-23,Bond,0.14985368372657631
2032-12-24,Equity,0.048117679731301884
2032-12-24,Bond,0.1502002978098214
2032-12-25,Equity,0.04818348769737662
2032-12-25,Bond,0.14910432595206957
2032-12-26,Equity,0.04833659009412832
2032-12-26,Bond,0.15072486029532403
2032-12-27,Equity,0.04782835214901173
2032-12-27,Bond,0.15113839272343552
2032-12-28,Equity,0.04761105386499581
2032-12-28,Bond,0.1520050928558295
2032-12-29,Bond,0.2000057154328396
2032-12-30,Bond,0.20182103676645927
2032-12-31,Bond,0.1992792628580135
2033-01-01,Bond,0.2019662804503231
2033-01-02,Bond,0.19885938863637656
2033-01-03,Bond,0.19667532139423957
2033-01-04,Bond,0.19707350235651896
2033-01-05,Bond,0.19623500764047166
2033-01-06,Bond,0.1957176565975788
2033-01-07,Bond,0.19488300601945346
2033-01-08,Bond,0.1936572673032342
2033-01-09,Bond,0.1941527213794122
2033-01-10,Bond,0.19407675417828738
2033-01-11,Bond,0.19546447900524133
2033-01-12,Bond,0.19559058650123187
2033-01-13,Bond,0.19493562197726189
2033-01-14,Bond,0.19615391152008452
2033-01-15,Bond,0.19328095875000104
2033-01-16,Bond,0.18928726907681723
2033-01-17,Bond,0.18686264831045468
2033-01-18,Bond,0.1863412455434628
2033-03-02,Equity,0.20001200152013923
2033-03-03,Equity,0.19765941226863912
2033-03-04,Equity,0.19814923809386195
2033-03-05,Equity,0.20020015702852154
2033-03-06,Equity,0.2009153204162383
2033-03-07,Equity,0.20186151374443037
2033-03-08,Equity,0.20016056508787464
2033-03-09,Equity,0.2002684005500527
2033-03-10,Equity,0.20210387287219925
2033-03-11,Equity,0.20282373395527256
2033-03-12,Equity,0.20299297883406617
2033-03-13,Equity,0.2039558918384849
2033-03-14,Equity,0.20432394611712543
2033-03-15,Equity,0.20624009222018724
2033-03-16,Equity,0.20660996315717808
2033-03-17,Equity,0.20655956561540662
2033-03-18,Equity,0.2048482906883725
2033-03-19,Equity,0.2068334495372764
2033-03-20,Equity,0.20529491347015286
2033-03-21,Equity,0.20568262799861634
2033-03-22,Equity,0.20699429331269134
2033-03-23,Equity,0.20000059677282342
2033-03-24,Equity,0.2003634512015676
2033-03-25,Equity,0.20260184626436512
2033-03-26,Equity,0.20264609376589213
2033-03-27,Equity,0.20174206133079428
2033-03-28,Equity,0.20623394403507808
2033-03-29,Equity,0.20424705229648688
2033-03-30,Equity,0.209036122987592
2033-03-31,Equity,0.2117412220934213
2033-04-01,Equity,0.21078342691627924
2033-04-02,Equity,0.21186650547708616
2033-04-03,Equity,0.2095419479925632
2033-04-04,Equity,0.2105259038176011
2033-04-05,Equity,0.211061747646379
2033-04-06,Equity,0.21250816656498844
2033-04-07,Equity,0.21183290081926937
2033-04-08,Equity,0.21209852942302582
2033-04-09,Equity,0.2128955364442506
2033-04-10,Equity,0.21207816174027935
2033-04-11,Equity,0.214437273235919
2033-04-12,Equity,0.21465657816822833
2033-04-13,Equity,0.2000009142047046
2033-04-14,Equity,0.19867179329107895
2033-04-15,Equity,0.19605591192651994
2033-04-16,Equity,0.19394251679506733
2033-04-17,Equity,0.19487642986470058
2033-04-18,Equity,0.19363945594157686
2033-04-19,Equity,0.19478009102701166
2033-04-20,Equity,0.1973885156163974
2033-04-21,Equity,0.19861279536754173
2033-04-22,Equity,0.19929220782394294
2033-04-23,Equity,0.20034057495585708
2033-04-24,Equity,0.20211512020281405
2033-04-25,Equity,0.20261827965647855
2033-04-26,Equity,0.20369268915129726
2033-04-27,Equity,0.20277711021748118
2033-04-28,Equity,0.2012035577416582
2033-04-29,Equity,0.20039187182007812
2033-04-30,Equity,0.19986944444641574
2033-05-01,Equity,0.1992829149755733
2033-05-02,Equity,0.20111891436739399
2033-05-03,Equity,0.19679089029962793
2033-05-04,Equity,0.2000002128179148
2033-05-05,Equity,0.20119211482518554
2033-05-06,Equity,0.20233038016917412
2033-05-07,Equity,0.20101190317253761
2033-05-08,Equity,0.20381891204653424
2033-05-09,Equity,0.20158260383985413
2033-05-10,Equity,0.20101993024436904
2033-05-11,Equity,0.20052277280011538
2033-05-12,Equity,0.20001050128640896
2033-05-13,Equity,0.20219498439428982
2033-05-14,Equity,0.20222073591770703
2033-05-15,Equity,0.20273711299600236
2033-05-16,Equity,0.20416211112857593
2033-05-17,Equity,0.20312488518530178
2033-05-18,Equity,0.20287454631910568
2033-05-19,Equity,0.20559852583340282
2033-05-20,Equity,0.20621698953964068
2033-05-21,Equity,0.20443036994433406
2033-05-22,Equity,0.20304112513411587
2033-05-23,Equity,0.2044882334340533
2033-05-24,Equity,0.20265701782135606
2033-06-15,Equity,0.13024037308288133
2033-06-15,Gold,0.06977162843725787
2033-06-16,Equity,0.1307120964699842
2033-06-16,Gold,0.07002563884595867
2033-06-17,Equity,0.12947335539424368
2033-06-17,Gold,0.07087967940119816
2033-06-18,Equity,0.12885479377804518
2033-06-18,Gold,0.07095143011034907
2033-06-19,Equity,0.1267299135850108
2033-06-19,Gold,0.07088356994776462
2033-06-20,Equity,0.12697030612931035
2033-06-20,Gold,0.0699783071256931
2033-06-21,Equity,0.12820251585574322
2033-06-21,Gold,0.06943436505988541
2033-06-22,Equity,0.12812915392272786
2033-06-22,Gold,0.07021613206284269
2033-06-23,Equity,0.12901073590172454
2033-06-23,Gold,0.07027291391062002
2033-06-24,Equity,0.12950205153793684
2033-06-24,Gold,0.07016887094191603
2033-06-25,Equity,0.13075292294001736
2033-06-25,Gold,0.07090723026028578
2033-06-26,Equity,0.1295426476928606
2033-06-26,Gold,0.07171977451913289
2033-06-27,Equity,0.13061004587646144
2033-06-27,Gold,0.07114970719704104
2033-06-28,Equity,0.13265371855893612
2033-06-28,Gold,0.07176912655874039
2033-06-29,Equity,0.1357929382056378
2033-06-29,Gold,0.07042897035136166
2033-06-30,Equity,0.13742388185628496
2033-06-30,Gold,0.0705933425454278
2033-07-01,Equity,0.13759406712984928
2033-07-01,Gold,0.07080090918138582
2033-07-02,Equity,0.13634087957558144
2033-07-02,Gold,0.0716557070548284
2033-07-03,Equity,0.13534507880304597
2033-07-03,Gold,0.0719893785935351
2033-07-04,Equity,0.1351663191379978
2033-07-04,Gold,0.07184299363228065
2033-07-05,Equity,0.1373715764706964
2033-07-05,Gold,0.07155108858833512
2033-07-06,Equity,0.046515400625855796
2033-07-06,Gold,0.023257700312927898
2033-07-06,Bond,0.1302431217523962
2033-07-07,Equity,0.04657933800459017
2033-07-07,Gold,0.023267099031821996
2033-07-07,Bond,0.13050760663640154
2033-07-08,Equity,0.04704179399118324
2033-07-08,Gold,0.023417481385217202
2033-07-08,Bond,0.1295174460705668
2033-07-09,Equity,0.04550313388516574
2033-07-09,Gold,0.022939782155521858
2033-07-09,Bond,0.131852613711698
2033-07-10,Equity,0.04503780559429816
2033-07-10,Gold,0.022758853460948657
2033-07-10,Bond,0.13221477608812476
2033-07-11,Equity,0.04593658978677942
2033-07-11,Gold,0.022882442248919332
2033-07-11,Bond,0.13100999355695322
2033-07-12,Equity,0.046436664887630534
2033-07-12,Gold,0.02252493750170831
2033-07-12,Bond,0.13054861028525744
2033-07-13,Equity,0.04685124601643161
2033-07-13,Gold,0.02261263537115359
2033-07-13,Bond,0.1313326283308977
2033-07-14,Equity,0.046507398880512855
2033-07-14,Gold,0.0224948487737862
2033-07-14,Bond,0.1301712274626725
2033-07-15,Equity,0.04699757853636646
2033-07-15,Gold,0.02217393444347367
2033-07-15,Bond,0.13322307914603523
2033-07-16,Equity,0.046730535332573285
2033-07-16,Gold,0.02206737470468361
2033-07-16,Bond,0.1316232439753875
2033-07-17,Equity,0.046698314450386566
2033-07-17,Gold,0.02237111076423096
2033-07-17,Bond,0.13263419931166828
2033-07-18,Equity,0.0470353108576741
2033-07-18,Gold,0.02245129344324022
2033-07-18,Bond,0.13202251616751798
2033-07-19,Equity,0.04747017080865793
2033-07-19,Gold,0.02226727058808129
2033-07-19,Bond,0.13107345255985917
2033-07-20,Equity,0.04765191051176702
2033-07-20,Gold,0.0224155973259197
2033-07-20,Bond,0.1316334157893398
2033-07-21,Equity,0.04758029228876964
2033-07-21,Gold,0.0226137839074941
2033-07-21,Bond,0.13110343000053312
2033-07-22,Equity,0.04665580086215814
2033-07-22,Gold,0.022501928319187924
2033-07-22,Bond,0.1330541973412642
2033-07-23,Equity,0.046768889955782544
2033-07-23,Gold,0.02275512024982421
2033-07-23,Bond,0.131412478383562
2033-07-24,Equity,0.04576709191036394
2033-07-24,Gold,0.022986100739567805
2033-07-24,Bond,0.1321576973457367
2033-07-25,Equity,0.046023278115812916
2033-07-25,Gold,0.0231804498101982
2033-07-25,Bond,0.13178210866789217
2033-07-26,Equity,0.04558476602406635
2033-07-26,Gold,0.023029697808020833
2033-07-26,Bond,0.13220126884016686
2033-07-27,Equity,0.0444444903840583
2033-07-27,Gold,0.023931648668339082
2033-07-27,Bond,0.131624067675865
2033-07-28,Equity,0.04434579767507674
2033-07-28,Gold,0.023598081008023512
2033-07-28,Bond,0.12973916032325225
2033-07-29,Equity,0.04457961396550558
2033-07-29,Gold,0.023434489418359742
2033-07-29,Bond,0.1299909251283938
2033-07-30,Equity,0.04418518641720612
2033-07-30,Gold,0.023325441786883137
2033-07-30,Bond,0.13128481558382993
2033-07-31,Equity,0.04426930544689267
2033-07-31,Gold,0.023243375871803827
2033-07-31,Bond,0.13181149789440685
2033-08-01,Equity,0.0443694652170629
2033-08-01,Gold,0.023242037851185723
2033-08-01,Bond,0.13138075295730134
2033-08-02,Equity,0.04446129882867276
2033-08-02,Gold,0.023681695532687504
2033-08-02,Bond,0.12971911754086257
2033-08-03,Equity,0.04460254531364047
2033-08-03,Gold,0.023583603106377173
2033-08-03,Bond,0.13028130949261896
2033-08-04,Equity,0.04398484940083231
2033-08-04,Gold,0.023526869016779743
2033-08-04,Bond,0.13249385780249331
2033-08-05,Equity,0.043477349775345495
2033-08-05,Gold,0.023104351247498097
2033-08-05,Bond,0.13338087158446205
2033-08-06,Equity,0.043986250531469796
2033-08-06,Gold,0.023561238196465474
2033-08-06,Bond,0.134570490306766
2033-08-07,Equity,0.04330192654246273
2033-08-07,Gold,0.02324668622932742
2033-08-07,Bond,0.13579373449612278
2033-08-08,Equity,0.0442390906199282
2033-08-08,Gold,0.023077133682377467
2033-08-08,Bond,0.13522695080445993
2033-08-09,Equity,0.044168354413037764
2033-08-09,Gold,0.02323307383114163
2033-08-09,Bond,0.13531924435524256
2033-08-10,Equity,0.04375651568858803
2033-08-10,Gold,0.02327024580572777
2033-08-10,Bond,0.13638186037793767
2033-08-11,Equity,0.044195656594649
2033-08-11,Gold,0.023688315345434804
2033-08-11,Bond,0.13442898225656974
2033-08-12,Equity,0.0439126363725179
2033-08-12,Gold,0.02384036087713527
2033-08-12,Bond,0.1351994934522279
2033-08-13,Equity,0.04398037821416196
2033-08-13,Gold,0.023777187972008364
2033-08-13,Bond,0.1366605465371453
2033-08-14,Equity,0.04449804061821259
2033-08-14,Gold,0.0240092273300299
2033-08-14,Bond,0.13649080549434606
2033-08-15,Equity,0.044739850534632905
2033-08-15,Gold,0.024248098794663126
2033-08-15,Bond,0.13737087119619878
2033-08-16,Equity,0.04496379370815265
2033-08-16,Gold,0.024106093681085655
2033-08-16,Bond,0.13671092666484608
2033-08-17,Equity,0.03561665788019113
2033-08-17,Gold,0.020548071853956424
2033-08-17,Bond,0.14383650297769493
2033-08-18,Equity,0.03564603494805105
2033-08-18,Gold,0.02051114159002749
2033-08-18,Bond,0.14350499858842894
2033-08-19,Equity,0.03590292754089515
2033-08-19,Gold,0.02047088075553647
2033-08-19,Bond,0.1440323559805018
2033-08-20,Equity,0.03553774868844193
2033-08-20,Gold,0.020510504654843904
2033-08-20,Bond,0.14395447898174007
2033-08-21,Equity,0.03613048519956951
2033-08-21,Gold,0.020472442374613802
2033-08-21,Bond,0.14183801634816218
2033-08-22,Equity,0.036115989287800784
2033-08-22,Gold,0.02040733858990838
2033-08-22,Bond,0.14098664607167033
2033-08-23,Equity,0.036070690631069234
2033-08-23,Gold,0.02054699946831133
2033-08-23,Bond,0.14331763670599448
2033-08-24,Equity,0.035943713528551226
2033-08-24,Gold,0.020227328790312086
2033-08-24,Bond,0.14407699223681475
2033-08-25,Equity,0.03627054564171895
2033-08-25,Gold,0.020073670237134553
2033-08-25,Bond,0.1415084308169681
2033-08-26,Equity,0.03657298848164058
2033-08-26,Gold,0.02016440805821949
2033-08-26,Bond,0.1429078761354621
2033-08-27,Equity,0.03628502152740793
2033-08-27,Gold,0.020190371885213797
2033-08-27,Bond,0.14155491863007447
2033-08-28,Equity,0.03620752273186433
2033-08-28,Gold,0.020362107250196573
2033-08-28,Bond,0.14261892531978138
2033-08-29,Equity,0.03619706154144985
2033-08-29,Gold,0.020394545537912416
2033-08-29,Bond,0.14418699563204215
2033-08-30,Equity,0.03635407836265333
2033-08-30,Gold,0.020123648404626108
2033-08-30,Bond,0.1443286738876318
2033-08-31,Equity,0.03630359646046404
2033-08-31,Gold,0.020167048581112845
2033-08-31,Bond,0.14311524807423265
2033-09-01,Equity,0.03618577348252627
2033-09-01,Gold,0.02029682170308954
2033-09-01,Bond,0.14224734571406275
2033-09-02,Equity,0.03646162425466319
2033-09-02,Gold,0.020318625049393562
2033-09-02,Bond,0.14296405662966882
2033-09-03,Equity,0.03670345912473472
2033-09-03,Gold,0.02025455126665343
2033-09-03,Bond,0.14156552887732404
2033-09-04,Equity,0.036811988974791696
2033-09-04,Gold,0.020215265695851015
2033-09-04,Bond,0.14085650927663065
2033-09-05,Equity,0.037234807100885774
2033-09-05,Gold,0.02008078848357015
2033-09-05,Bond,0.14142888532407177
2033-09-06,Equity,0.03680174362719812
2033-09-06,Gold,0.019849723815466184
2033-09-06,Bond,0.14074697423468885
2033-09-07,Equity,0.04978600556217549
2033-09-07,Bond,0.1502163960927709
2033-09-08,Equity,0.050040670151810296
2033-09-08,Bond,0.14886829228261686
2033-09-09,Equity,0.049592542530712186
2033-09-09,Bond,0.14485510931233325
2033-09-10,Equity,0.05020150510639814
2033-09-10,Bond,0.14381001028954613
2033-09-11,Equity,0.050460973804867575
2033-09-11,Bond,0.14414949054314724
2033-09-12,Equity,0.05074528780765001
2033-09-12,Bond,0.14516474818734412
2033-09-13,Equity,0.05062917379913531
2033-09-13,Bond,0.1446809782472677
2033-09-14,Equity,0.05101740433953023
2033-09-14,Bond,0.14428230649958204
2033-09-15,Equity,0.05066694028367903
2033-09-15,Bond,0.1442977925971892
2033-09-16,Equity,0.049897092506068545
2033-09-16,Bond,0.1465609777123167
2033-09-17,Equity,0.04986317132864802
2033-09-17,Bond,0.1470363243813127
2033-09-18,Equity,0.05022022834296716
2033-09-18,Bond,0.1463699113961641
2033-09-19,Equity,0.05055323552183867
2033-09-19,Bond,0.14887611263985015
2033-09-20,Equity,0.05062476776413844
2033-09-20,Bond,0.14887896556337588
2033-09-21,Equity,0.05081550257045219
2033-09-21,Bond,0.14626290155491803
2033-09-22,Equity,0.05141048601145346
2033-09-22,Bond,0.1444646597785214
2033-09-23,Equity,0.051206459197540674
2033-09-23,Bond,0.1451808433886691
2033-09-24,Equity,0.0510646729268088
2033-09-24,Bond,0.14303028330942938
2033-09-25,Equity,0.05181757089918926
2033-09-25,Bond,0.14352236464922746
2033-09-26,Equity,0.05173897060653869
2033-09-26,Bond,0.14258677921662902
2033-09-27,Equity,0.052102562966998306
2033-09-27,Bond,0.14396420214770683
2033-09-28,Equity,0.2000174796963706
2033-09-29,Equity,0.200353723043357
2033-09-30,Equity,0.20077678009480293
2033-10-01,Equity,0.20367715889352925
2033-10-02,Equity,0.20156394295737148
2033-10-03,Equity,0.19944008108473926
2033-10-04,Equity,0.20074539301066546
2033-10-05,Equity,0.2000903604194916
2033-10-06,Equity,0.20147278295543722
2033-10-07,Equity,0.20138201695462613
2033-10-08,Equity,0.20272467292610372
2033-10-09,Equity,0.20130372314706177
2033-10-10,Equity,0.20229130959558886
2033-10-11,Equity,0.20148410968307262
2033-10-12,Equity,0.2026453680804853
2033-10-13,Equity,0.20649296242810117
2033-10-14,Equity,0.20517788429419817
2033-10-15,Equity,0.20460104076012822
2033-10-16,Equity,0.20439323173399782
2033-10-17,Equity,0.2049185794129734
2033-10-18,Equity,0.20121058530288963
2033-10-19,Equity,0.04170281847435451
2033-10-19,Gold,0.023168232485752508
2033-10-19,Bond,0.13514802283355629
2033-10-20,Equity,0.04163645654127133
2033-10-20,Gold,0.02370905529514775
2033-10-20,Bond,0.13419962771330082
2033-10-21,Equity,0.04154842444030063
2033-10-21,Gold,0.023351506835294338
2033-10-21,Bond,0.13464690507868837
2033-10-22,Equity,0.04158284010080365
2033-10-22,Gold,0.023047747675623776
2033-10-22,Bond,0.13660930394256182
2033-10-23,Equity,0.04164353168903055
2033-10-23,Gold,0.023009754548798875
2033-10-23,Bond,0.1382480957499618
2033-10-24,Equity,0.04175727879705406
2033-10-24,Gold,0.023004961926174558
2033-10-24,Bond,0.1386635436964974
2033-10-25,Equity,0.041382366346476664
2033-10-25,Gold,0.022921177695323494
2033-10-25,Bond,0.13772579766486362
2033-10-26,Equity,0.041176197214348134
2033-10-26,Gold,0.023005457857676312
2033-10-26,Bond,0.13983262050395953
2033-10-27,Equity,0.04099133035521571
2033-10-27,Gold,0.023177367597324944
2033-10-27,Bond,0.14109910475005324
2033-10-28,Equity,0.04128490002256078
2033-10-28,Gold,0.023216375828707534
2033-10-28,Bond,0.13928432764675894
2033-10-29,Equity,0.04100626444136645
2033-10-29,Gold,0.023221112897031316
2033-10-29,Bond,0.1372547025212703
2033-10-30,Equity,0.041162542258631335
2033-10-30,Gold,0.02325940163712123
2033-10-30,Bond,0.13556539826877342
2033-10-31,Equity,0.04183497232406275
2033-10-31,Gold,0.023146676530832834
2033-10-31,Bond,0.13491337134114942
2033-11-01,Equity,0.040747324591415564
2033-11-01,Gold,0.022762967985852003
2033-11-01,Bond,0.1361717385876786
2033-11-02,Equity,0.0406293858530309
2033-11-02,Gold,0.022804200592538737
2033-11-02,Bond,0.13720784518216522
2033-11-03,Equity,0.03983708067900448
2033-11-03,Gold,0.022983073139503794
2033-11-03,Bond,0.13769746205917094
2033-11-04,Equity,0.03984629491614865
2033-11-04,Gold,0.022952968044964668
2033-11-04,Bond,0.137535623947861
2033-11-05,Equity,0.0400555929685266
2033-11-05,Gold,0.0223691040934976
2033-11-05,Bond,0.14039786705783008
2033-11-06,Equity,0.03986278340727149
2033-11-06,Gold,0.022247898143879806
2033-11-06,Bond,0.14048548079295037
2033-11-07,Equity,0.04021550853385748
2033-11-07,Gold,0.0224401939232119
2033-11-07,Bond,0.14030003738734362
2033-11-08,Equity,0.04078608491805521
2033-11-08,Gold,0.022130375193697278
2033-11-08,Bond,0.139656709801653
2033-11-09,Bond,0.2000072439063262
2033-11-10,Bond,0.20116321003608578
2033-11-11,Bond,0.19950596131574252
2033-11-12,Bond,0.1976710184017733
2033-11-13,Bond,0.19502005363339447
2033-11-14,Bond,0.19486818250970978
2033-11-15,Bond,0.1925278975431156
2033-11-16,Bond,0.1907192453606163
2033-11-17,Bond,0.19237363189234918
2033-11-18,Bond,0.19376173289914708
2033-11-19,Bond,0.19610221927728444
2033-11-20,Bond,0.19379466847149612
2033-11-21,Bond,0.19223346523440793
2033-11-22,Bond,0.1912593193152384
2033-11-23,Bond,0.19380904312955072
2033-11-24,Bond,0.19390731353242546
2033-11-25,Bond,0.19677116445326068
2033-11-26,Bond,0.1977647414065524
2033-11-27,Bond,0.19758644118787752
2033-11-28,Bond,0.1984978175854037
2033-11-29,Bond,0.1957607735694648
2033-11-30,Equity,0.126597187096569
2033-11-30,Gold,0.07342636851601003
2033-12-01,Equity,0.1282351249523819
2033-12-01,Gold,0.07302990690734347
2033-12-02,Equity,0.12938645967810272
2033-12-02,Gold,0.0721518055486693
2033-12-03,Equity,0.13101603295369188
2033-12-03,Gold,0.07152130322255162
2033-12-04,Equity,0.1323307372515517
2033-12-04,Gold,0.07183811558763124
2033-12-05,Equity,0.1333042322696491
2033-12-05,Gold,0.07226667964423854
2033-12-06,Equity,0.13282664168519973
2033-12-06,Gold,0.07246297643503061
2033-12-07,Equity,0.134330016732661
2033-12-07,Gold,0.07200604040720078
2033-12-08,Equity,0.13393825855371747
2033-12-08,Gold,0.07131311055264114
2033-12-09,Equity,0.13423837966032554
2033-12-09,Gold,0.07132880984231094
2033-12-10,Equity,0.13383660970752592
2033-12-10,Gold,0.07112329377228152
2033-12-11,Equity,0.13459962864942634
2033-12-11,Gold,0.07119850602243555
2033-12-12,Equity,0.1361281080505398
2033-12-12,Gold,0.0708635067465087
2033-12-13,Equity,0.13567875439097057
2033-12-13,Gold,0.07070817326898228
2033-12-14,Equity,0.13401661219164282
2033-12-14,Gold,0.07094761975788806
2033-12-15,Equity,0.1351599615405862
2033-12-15,Gold,0.07108338386218493
2033-12-16,Equity,0.13625596738430193
2033-12-16,Gold,0.07179487418870661
2033-12-17,Equity,0.13814098432064828
2033-12-17,Gold,0.07141715526274206
2033-12-18,Equity,0.13915438965415988
2033-12-18,Gold,0.07169086800935272
2033-12-19,Equity,0.14007394187514755
2033-12-19,Gold,0.07280730545523942
2033-12-20,Equity,0.13915383262620074
2033-12-20,Gold,0.07326777260237204
2033-12-21,Equity,0.6424615658966483
2033-12-21,Oil,0.07120200111582352
2033-12-21,Gold,0.15257571667676473
2033-12-21,Bond,0.07628785833838235
2033-12-22,Equity,0.6478340716435397
2033-12-22,Oil,0.07055429891253738
2033-12-22,Gold,0.14965221431405076
2033-12-22,Bond,0.07523684863674976
2033-12-23,Equity,0.647418291868894
2033-12-23,Oil,0.07104312276162525
2033-12-23,Gold,0.14930607448513955
2033-12-23,Bond,0.07523201055984638
2033-12-24,Equity,0.6453204795476699
2033-12-24,Oil,0.07094618439277939
2033-12-24,Gold,0.15040609552465517
2033-12-24,Bond,0.07581519945321186
2033-12-25,Equity,0.6454796820973124
2033-12-25,Oil,0.07089666990154249
2033-12-25,Gold,0.15015237150234115
2033-12-25,Bond,0.07602585050691713
2033-12-26,Equity,0.6472731936158905
2033-12-26,Oil,0.06967815808304756
2033-12-26,Gold,0.15077055155744226
2033-12-26,Bond,0.07521054381083896
2033-12-27,Equity,0.6488185659938641
2033-12-27,Oil,0.0697499894926945
2033-12-27,Gold,0.14970727118232335
2033-12-27,Bond,0.07464409004849142
2033-12-28,Equity,0.653488334004569
2033-12-28,Oil,0.06867908021178955
2033-12-28,Gold,0.1479877404829022
2033-12-28,Bond,0.0733703511887413
2033-12-29,Equity,0.6488491588228783
2033-12-29,Oil,0.07054973051867097
2033-12-29,Gold,0.1498083914200762
2033-12-29,Bond,0.07423461499777742
2033-12-30,Equity,0.6445755228002187
2033-12-30,Oil,0.07112694573376305
2033-12-30,Gold,0.15142036704872802
2033-12-30,Bond,0.07583356729711893
2033-12-31,Equity,0.6487409092139027
2033-12-31,Oil,0.0695868262578651
2033-12-31,Gold,0.1502203333878768
2033-12-31,Bond,0.0748542929752143
2034-01-01,Equity,0.6454282973855971
2034-01-01,Oil,0.07011898384304154
2034-01-01,Gold,0.15193429849385906
2034-01-01,Bond,0.07541138295440201
2034-01-02,Equity,0.6478429299364938
2034-01-02,Oil,0.07052378964401242
2034-01-02,Gold,0.1503153761477592
2034-01-02,Bond,0.07417871012341697
2034-01-03,Equity,0.6514567536115311
2034-01-03,Oil,0.07111002062960835
2034-01-03,Gold,0.14735469820167565
2034-01-03,Bond,0.07342043531957133
2034-01-04,Equity,0.6544295889155664
2034-01-04,Oil,0.07086125540016698
2034-01-04,Gold,0.14537993132905488
2034-01-04,Bond,0.07253555301902212
2034-01-05,Equity,0.6536145417844887
2034-01-05,Oil,0.070149765259603
2034-01-05,Gold,0.14651829096801122
2034-01-05,Bond,0.07259720175550285
2034-01-06,Equity,0.6547270573842677
2034-01-06,Oil,0.0699498514318172
2034-01-06,Gold,0.1462498657235635
2034-01-06,Bond,0.07257916148271157
2034-01-07,Equity,0.6557136749793911
2034-01-07,Oil,0.06897682201466858
2034-01-07,Gold,0.1473440573247199
2034-01-07,Bond,0.07148279544698612
2034-01-08,Equity,0.6547213735428987
2034-01-08,Oil,0.06872432808136177
2034-01-08,Gold,0.1491423075132579
2034-01-08,Bond,0.07089011245436182
2034-01-09,Equity,0.6575329409953791
2034-01-09,Oil,0.0677196968759649
2034-01-09,Gold,0.14949952046016718
2034-01-09,Bond,0.06940854736474564
2034-01-10,Equity,0.6573308389847684
2034-01-10,Oil,0.06790670586564847
2034-01-10,Gold,0.15023394358678463
2034-01-10,Bond,0.06849601240199364
2034-01-11,Equity,0.650007161396679
2034-01-11,Oil,0.05555616764074178
2034-01-11,Gold,0.16111288615815114
2034-01-11,Bond,0.07712421651305605
2034-01-12,Equity,0.6464997222294544
2034-01-12,Oil,0.05537758903754796
2034-01-12,Gold,0.1641009371069523
2034-01-12,Bond,0.07761855349277805
2034-01-13,Equity,0.6491971774161845
2034-01-13,Oil,0.05478634555161959
2034-01-13,Gold,0.16165668554375212
2034-01-13,Bond,0.0784058339272056
2034-01-14,Equity,0.6519116668837078
2034-01-14,Oil,0.05477283788960656
2034-01-14,Gold,0.1597460963187882
2034-01-14,Bond,0.07762125345712051
2034-01-15,Equity,0.6519962967829178
2034-01-15,Oil,0.05513004983465847
2034-01-15,Gold,0.16000441475832097
2034-01-15,Bond,0.07664039637622568
2034-01-16,Equity,0.648690635518414
2034-01-16,Oil,0.05569999513637844
2034-01-16,Gold,0.16076615010992548
2034-01-16,Bond,0.07808862074013682
2034-01-17,Equity,0.6518684966933538
2034-01-17,Oil,0.05543104517299853
2034-01-17,Gold,0.15937083693682552
2034-01-17,Bond,0.07709478728165925
2034-01-18,Equity,0.6516040797778686
2034-01-18,Oil,0.05614290222402111
2034-01-18,Gold,0.15870635156370938
2034-01-18,Bond,0.07706825666473119
2034-01-19,Equity,0.6461837703641555
2034-01-19,Oil,0.05692105363590275
2034-01-19,Gold,0.16086920726046824
2034-01-19,Bond,0.07898914361303487
2034-01-20,Equity,0.646719514236485
2034-01-20,Oil,0.05717726888918118
2034-01-20,Gold,0.1599491289175582
2034-01-20,Bond,0.07911981327451108
2034-01-21,Equity,0.6479183199608575
2034-01-21,Oil,0.05580477090217511
2034-01-21,Gold,0.1605592500689417
2034-01-21,Bond,0.07916469747537501
2034-01-22,Equity,0.6510951850872081
2034-01-22,Oil,0.05570397620316272
2034-01-22,Gold,0.15828659248022203
2034-01-22,Bond,0.07849177754564277
2034-01-23,Equity,0.6516182719347294
2034-01-23,Oil,0.0559712243550289
2034-01-23,Gold,0.15806457312230568
2034-01-23,Bond,0.077923963952058
2034-01-24,Equity,0.650877863416381
2034-01-24,Oil,0.05656600400256516
2034-01-24,Gold,0.15805381024460918
2034-01-24,Bond,0.07789492843474213
2034-01-25,Equity,0.6492776549835491
2034-01-25,Oil,0.0563526583770957
2034-01-25,Gold,0.1589181357236524
2034-01-25,Bond,0.07866586045330982
2034-01-26,Equity,0.6514351063021554
2034-01-26,Oil,0.0554563709888744
2034-01-26,Gold,0.15889026795244401
2034-01-26,Bond,0.07796623506793993
2034-01-27,Equity,0.6466789213750256
2034-01-27,Oil,0.05581573302651374
2034-01-27,Gold,0.16126937787840404
2034-01-27,Bond,0.07929345939261295
2034-01-28,Equity,0.6457706619804414
2034-01-28,Oil,0.056571550588933296
2034-01-28,Gold,0.16236980910325996
2034-01-28,Bond,0.07788314927941775
2034-01-29,Equity,0.6453821180977486
2034-01-29,Oil,0.05717984497655077
2034-01-29,Gold,0.16355437476310333
2034-01-29,Bond,0.07645836773881164
2034-01-30,Equity,0.6411144406721822
2034-01-30,Oil,0.05771028837625372
2034-01-30,Gold,0.16714878453404405
2034-01-30,Bond,0.07583183405598136
2034-01-31,Equity,0.640170560628989
2034-01-31,Oil,0.05827780248460761
2034-01-31,Gold,0.16771775297123137
2034-01-31,Bond,0.0755981208131561
2034-02-01,Gold,0.2000481158630647
2034-02-02,Gold,0.20108492678378873
2034-02-03,Gold,0.19845693512180895
2034-02-04,Gold,0.19789949327723505
2034-02-05,Gold,0.19849738814061654
2034-02-06,Gold,0.19803385965244724
2034-02-07,Gold,0.19757663314320284
2034-02-08,Gold,0.19817167640804834
2034-02-09,Gold,0.198804291366157
2034-02-10,Gold,0.19954927551607127
2034-02-11,Gold,0.19828687345765436
2034-02-12,Gold,0.19604264069569285
2034-02-13,Gold,0.19731353456356324
2034-02-14,Gold,0.19614033197335048
2034-02-15,Gold,0.1948639600156178
2034-02-16,Gold,0.19345307574433068
2034-02-17,Gold,0.19525535572261177
2034-02-18,Gold,0.19558873022223985
2034-02-19,Gold,0.19612819719220057
2034-02-20,Gold,0.19721763531769979
2034-02-21,Gold,0.19715056169668796
2034-02-22,Equity,0.13334395118417558
2034-02-22,Gold,0.06667197559208779
2034-02-23,Equity,0.13242781977375814
2034-02-23,Gold,0.06600885107603344
2034-02-24,Equity,0.13314335871983266
2034-02-24,Gold,0.06529591778004767
2034-02-25,Equity,0.13281436714535297
2034-02-25,Gold,0.06463499883326075
2034-02-26,Equity,0.13426549404680407
2034-02-26,Gold,0.06477910182039871
2034-02-27,Equity,0.13581270655195993
2034-02-27,Gold,0.06496694747551494
2034-02-28,Equity,0.13565007280840352
2034-02-28,Gold,0.06469574874465925
2034-03-01,Equity,0.1346530314019476
2034-03-01,Gold,0.06463123130555484
2034-03-02,Equity,0.13238840069090874
2034-03-02,Gold,0.06556482728997297
2034-03-03,Equity,0.1327074907614552
2034-03-03,Gold,0.06512120807126355
2034-03-04,Equity,0.13024691853557505
2034-03-04,Gold,0.06548463442342901
2034-03-05,Equity,0.13020888509176928
2034-03-05,Gold,0.06507345733308091
2034-03-06,Equity,0.1294819685571672
2034-03-06,Gold,0.06579130929903196
2034-03-07,Equity,0.13005839404584185
2034-03-07,Gold,0.0661307142260873
2034-03-08,Equity,0.1301625401952021
2034-03-08,Gold,0.0652731610954353
2034-03-09,Equity,0.12954470498021672
2034-03-09,Gold,0.06516212785933669
2034-03-10,Equity,0.13068017077496139
2034-03-10,Gold,0.06383646193294586
2034-03-11,Equity,0.12937060797252606
2034-03-11,Gold,0.06446809056433318
2034-03-12,Equity,0.12983314527314616
2034-03-12,Gold,0.0656660220819739
2034-03-13,Equity,0.1323677249431455
2034-03-13,Gold,0.06416700705231945
2034-03-14,Equity,0.13360191016988576
2034-03-14,Gold,0.0632340663780986
2034-03-15,Equity,0.2000078152181331
2034-03-16,Equity,0.19838342601119613
2034-03-17,Equity,0.19987398221550903
2034-03-18,Equity,0.19792320380377473
2034-03-19,Equity,0.19793275238887545
2034-03-20,Equity,0.19908546693862722
2034-03-21,Equity,0.19748157352573872
2034-03-22,Equity,0.1958005349066832
2034-03-23,Equity,0.19373369630760953
2034-03-24,Equity,0.19623647528746702
2034-03-25,Equity,0.1989293222297642
2034-03-26,Equity,0.20162588118186817
2034-03-27,Equity,0.20456730296173004
2034-03-28,Equity,0.20353915760886232
2034-03-29,Equity,0.2006164154920997
2034-03-30,Equity,0.20336183784850478
2034-03-31,Equity,0.20487130844508816
2034-04-01,Equity,0.2062574214340533
2034-04-02,Equity,0.20455994876997713
2034-04-03,Equity,0.20471791073213091
2034-04-04,Equity,0.2049773329111055
2034-04-05,Equity,0.13954015014907362
2034-04-05,Gold,0.0604673983979319
2034-04-06,Equity,0.13842783836114603
2034-04-06,Gold,0.06118008151315265
2034-04-07,Equity,0.13606120603950408
2034-04-07,Gold,0.062132906644481935
2034-04-08,Equity,0.13528218633898903
2034-04-08,Gold,0.061479682772494985
2034-04-09,Equity,0.131975280731537
2034-04-09,Gold,0.06159427232351107
2034-04-10,Equity,0.1315380557284451
2034-04-10,Gold,0.06137773748953807
2034-04-11,Equity,0.13081175402728662
2034-04-11,Gold,0.06160908528421029
2034-04-12,Equity,0.1296690481279957
2034-04-12,Gold,0.060403675201557296
2034-04-13,Equity,0.1302361429457033
2034-04-13,Gold,0.059548837704052095
2034-04-14,Equity,0.1298567681731573
2034-04-14,Gold,0.05950963987049935
2034-04-15,Equity,0.12948984943457859
2034-04-15,Gold,0.059972219774333486
2034-04-16,Equity,0.13105999377488944
2034-04-16,Gold,0.059906028072107126
2034-04-17,Equity,0.13064202383835088
2034-04-17,Gold,0.060310649993992174
2034-04-18,Equity,0.13114263749182292
2034-04-18,Gold,0.060386693471451175
2034-04-19,Equity,0.12981257421066794
2034-04-19,Gold,0.061201334450685416
2034-04-20,Equity,0.12998234069930178
2034-04-20,Gold,0.06204007003056161
2034-04-21,Equity,0.12992748714303656
2034-04-21,Gold,0.061607231160485415
2034-04-22,Equity,0.12996109582877305
2034-04-22,Gold,0.062112597075115725
2034-04-23,Equity,0.1285416758979821
2034-04-23,Gold,0.0625081234515068
2034-04-24,Equity,0.1270796966143438
2034-04-24,Gold,0.06408445579094792
2034-04-25,Equity,0.12676076415708237
2034-04-25,Gold,0.0636355541910579
2034-04-26,Gold,0.20001588883006685
2034-04-27,Gold,0.198369266256602
2034-04-28,Gold,0.19682665299491856
2034-04-29,Gold,0.19743688799655326
2034-04-30,Gold,0.197762785541781
2034-05-01,Gold,0.19862321810555592
2034-05-02,Gold,0.19945181675798881
2034-05-03,Gold,0.19907583694674608
2034-05-04,Gold,0.1986894036133272
2034-05-05,Gold,0.19714829629473532
2034-05-06,Gold,0.19604085946549404
2034-05-07,Gold,0.1959513503003979
2034-05-08,Gold,0.19626196518542338
2034-05-09,Gold,0.19738560592951843
2034-05-10,Gold,0.1983519680959696
2034-05-11,Gold,0.2008394852978448
2034-05-12,Gold,0.19928283383186
2034-05-13,Gold,0.1989119587516235
2034-05-14,Gold,0.1975050208765378
2034-05-15,Gold,0.1995373044134517
2034-05-16,Gold,0.19873595374525138
2034-05-17,Gold,0.20000003489493856
2034-05-18,Gold,0.2023346269395405
2034-05-19,Gold,0.203002716111303
2034-05-20,Gold,0.20347727635393453
2034-05-21,Gold,0.20353991737041177
2034-05-22,Gold,0.20302633551913096
2034-05-23,Gold,0.2023195371171583
2034-05-24,Gold,0.20208173105891866
2034-05-25,Gold,0.20503943817902678
2034-05-26,Gold,0.20334645020522102
2034-05-27,Gold,0.20367811153336263
2034-05-28,Gold,0.20483423437247097
2034-05-29,Gold,0.20437143982008427
2034-05-30,Gold,0.20504883763868473
2034-05-31,Gold,0.20260716116469726
2034-06-01,Gold,0.2047563051748726
2034-06-02,Gold,0.20660431975932533
2034-06-03,Gold,0.20644302762465283
2034-06-04,Gold,0.20500536513922477
2034-06-05,Gold,0.20630063886196487
2034-06-06,Gold,0.20442703857803515
2034-06-07,Gold,0.02673547513819508
2034-06-07,Bond,0.17328548700682
2034-06-08,Gold,0.026731461392979893
2034-06-08,Bond,0.17298068479340276
2034-06-09,Gold,0.02708959858617335
2034-06-09,Bond,0.17411910815888115
2034-06-10,Gold,0.02722887610417596
2034-06-10,Bond,0.17499973478288602
2034-06-11,Gold,0.027010227749238752
2034-06-11,Bond,0.17648780720826937
2034-06-12,Gold,0.026519571728781454
2034-06-12,Bond,0.17818154941285325
2034-06-13,Gold,0.02654054331745863
2034-06-13,Bond,0.17786206204607632
2034-06-14,Gold,0.026512132627957468
2034-06-14,Bond,0.18073778502349647
2034-06-15,Gold,0.026498332486352444
2034-06-15,Bond,0.18058735508982277
2034-06-16,Gold,0.02699232342579492
2034-06-16,Bond,0.1797707526960277
2034-06-17,Gold,0.02694152428412591
2034-06-17,Bond,0.18026919902559607
2034-06-18,Gold,0.026326640180633062
2034-06-18,Bond,0.18109508382206863
2034-06-19,Gold,0.026257612329048496
2034-06-19,Bond,0.18001723437799946
2034-06-20,Gold,0.02638163499413441
2034-06-20,Bond,0.17976165067136454
2034-06-21,Gold,0.02650243894399697
2034-06-21,Bond,0.17908521672331482
2034-06-22,Gold,0.026450184236107135
2034-06-22,Bond,0.17930178481697043
2034-06-23,Gold,0.026324485711023818
2034-06-23,Bond,0.1804921894113988
2034-06-24,Gold,0.025829164591204618
2034-06-24,Bond,0.1801931593965394
2034-06-25,Gold,0.02582402893299981
2034-06-25,Bond,0.18103673637613704
2034-06-26,Gold,0.025803413067488016
2034-06-26,Bond,0.17900237718915765
2034-06-27,Gold,0.025824829548543066
2034-06-27,Bond,0.18030215594567692
2034-09-20,Bond,0.20001200152013923
2034-09-21,Bond,0.19887616058832655
2034-09-22,Bond,0.19768145162306316
2034-09-23,Bond,0.19673747014472132
2034-09-24,Bond,0.1984344010964541
2034-09-25,Bond,0.20031642607447858
2034-09-26,Bond,0.20546464146645468
2034-09-27,Bond,0.2061603747772201
2034-09-28,Bond,0.20487303434392518
2034-09-29,Bond,0.20409402453739273
2034-09-30,Bond,0.20383829779392484
2034-10-01,Bond,0.20629366908762647
2034-10-02,Bond,0.20749634171797673
2034-10-03,Bond,0.20529035172730764
2034-10-04,Bond,0.20519762911104494
2034-10-05,Bond,0.20280818345346316
2034-10-06,Bond,0.20376777099786073
2034-10-07,Bond,0.20262340116352426
2034-10-08,Bond,0.2016376424755612
2034-10-09,Bond,0.19863020901317968
2034-10-10,Bond,0.19983763231725815
2034-11-22,Equity,0.044447111448919836
2034-11-22,Bond,0.1555648900712194
2034-11-23,Equity,0.045126260501279374
2034-11-23,Bond,0.15532120350984788
2034-11-24,Equity,0.04644275396538309
2034-11-24,Bond,0.15432009329615123
2034-11-25,Equity,0.046134250793476994
2034-11-25,Bond,0.15385829580278612
2034-11-26,Equity,0.046523401580518146
2034-11-26,Bond,0.15537260242384549
2034-11-27,Equity,0.04638674998122807
2034-11-27,Bond,0.15580785760076538
2034-11-28,Equity,0.046203223111177735
2034-11-28,Bond,0.15366469390977014
2034-11-29,Equity,0.04545495010798442
2034-11-29,Bond,0.1557440814586011
2034-11-30,Equity,0.04635607322748456
2034-11-30,Bond,0.15616234880150767
2034-12-01,Equity,0.046754271561692505
2034-12-01,Bond,0.156933230432668
2034-12-02,Equity,0.04658565783536691
2034-12-02,Bond,0.158182990663816
2034-12-03,Equity,0.04678974976556574
2034-12-03,Bond,0.15944705801251277
2034-12-04,Equity,0.04605676384963799
2034-12-04,Bond,0.15835210099147787
2034-12-05,Equity,0.04609301592890351
2034-12-05,Bond,0.15693779384950363
2034-12-06,Equity,0.04558559574978886
2034-12-06,Bond,0.1601903913740888
2034-12-07,Equity,0.046270203091299485
2034-12-07,Bond,0.15914774417858374
2034-12-08,Equity,0.04691408183636862
2034-12-08,Bond,0.15954265527258676
2034-12-09,Equity,0.047190055356274505
2034-12-09,Bond,0.16167477355778992
2034-12-10,Equity,0.04765192888287488
2034-12-10,Bond,0.16100219309922945
2034-12-11,Equity,0.047385309802493655
2034-12-11,Bond,0.16056592226225563
2034-12-12,Equity,0.04763882316820234
2034-12-12,Bond,0.16176351134200656
2034-12-13,Equity,0.05106409457278632
2034-12-13,Bond,0.14893694250396008
2034-12-14,Equity,0.05029814003487246
2034-12-14,Bond,0.14968038775149953
2034-12-15,Equity,0.050253825023762494
2034-12-15,Bond,0.1495859857886282
2034-12-16,Equity,0.050547167426765516
2034-12-16,Bond,0.14887782544375963
2034-12-17,Equity,0.05086015888176243
2034-12-17,Bond,0.14841141054164764
2034-12-18,Equity,0.0501672803985002
2034-12-18,Bond,0.150021908404026
2034-12-19,Equity,0.049455004675814235
2034-12-19,Bond,0.14976106179025
2034-12-20,Equity,0.04921149561674099
2034-12-20,Bond,0.15034126314015633
2034-12-21,Equity,0.04887391346585066
2034-12-21,Bond,0.14917206609382966
2034-12-22,Equity,0.04900855249704964
2034-12-22,Bond,0.1517347753749461
2034-12-23,Equity,0.04851511834338052
2034-12-23,Bond,0.15222080231397525
2034-12-24,Equity,0.04939500072883032
2034-12-24,Bond,0.15251439191319316
2034-12-25,Equity,0.0494951910206186
2034-12-25,Bond,0.15368798020197716
2034-12-26,Equity,0.04946258621002661
2034-12-26,Bond,0.1530746617866975
2034-12-27,Equity,0.048836112524203786
2034-12-27,Bond,0.1547158268753438
2034-12-28,Equity,0.048338695732550056
2034-12-28,Bond,0.15284137791719277
2034-12-29,Equity,0.04823644739018498
2034-12-29,Bond,0.15207109126481685
2034-12-30,Equity,0.048029700941387
2034-12-30,Bond,0.151082935361354
2034-12-31,Equity,0.04737749300902391
2034-12-31,Bond,0.1488097926255792
2035-01-01,Equity,0.048038076641765966
2035-01-01,Bond,0.14804442911894686
2035-01-02,Equity,0.047538829533150105
2035-01-02,Bond,0.14805709655085655
2035-02-14,Equity,0.20001200152013923
2035-02-15,Equity,0.2003734193720505
2035-02-16,Equity,0.19940459790445927
2035-02-17,Equity,0.20102757519429965
2035-02-18,Equity,0.19702000687916113
2035-02-19,Equity,0.19861658845852026
2035-02-20,Equity,0.19927296546518797
2035-02-21,Equity,0.19640617287230547
2035-02-22,Equity,0.19476714017161362
2035-02-23,Equity,0.19154757204149278
2035-02-24,Equity,0.19418891117806036
2035-02-25,Equity,0.1926418972885152
2035-02-26,Equity,0.19406149704748016
2035-02-27,Equity,0.1955451563663925
2035-02-28,Equity,0.1953554021180248
2035-03-01,Equity,0.19431286484812535
2035-03-02,Equity,0.19511688516808562
2035-03-03,Equity,0.1954554257002036
2035-03-04,Equity,0.19693188282911625
2035-03-05,Equity,0.19508289871668694
2035-03-06,Equity,0.1966933855563612
2035-03-07,Equity,0.20000007011491494
2035-03-08,Equity,0.19958955758324273
2035-03-09,Equity,0.19806672395464245
2035-03-10,Equity,0.19730021129244701
2035-03-11,Equity,0.19628838300654308
2035-03-12,Equity,0.19600325443322575
2035-03-13,Equity,0.19484267188218218
2035-03-14,Equity,0.1955598346569564
2035-03-15,Equity,0.1965633951008144
2035-03-16,Equity,0.19599705582932192
2035-03-17,Equity,0.19293543682526482
2035-03-18,Equity,0.19362621731387464
2035-03-19,Equity,0.191333430571234
2035-03-20,Equity,0.19171990399137434
2035-03-21,Equity,0.19183129784260267
2035-03-22,Equity,0.19132180569520266
2035-03-23,Equity,0.192321462584753
2035-03-24,Equity,0.19288683421937913
2035-03-25,Equity,0.1934911020542369
2035-03-26,Equity,0.19477554946650502
2035-03-27,Equity,0.19412890430011237
2035-04-18,Gold,0.20001200152013923
2035-04-19,Gold,0.19678002784736226
2035-04-20,Gold,0.1992882457900802
2035-04-21,Gold,0.1997143451864769
2035-04-22,Gold,0.2003687273566206
2035-04-23,Gold,0.20180820728356055
2035-04-24,Gold,0.20184254773947408
2035-04-25,Gold,0.20012364399326926
2035-04-26,Gold,0.20245062926391075
2035-04-27,Gold,0.2012130593123591
2035-04-28,Gold,0.1996334167536478
2035-04-29,Gold,0.19925931439927344
2035-04-30,Gold,0.19864414056823376
2035-05-01,Gold,0.198650200533343
2035-05-02,Gold,0.1984939107107414
2035-05-03,Gold,0.20064582222457739
2035-05-04,Gold,0.2013835293630913
2035-05-05,Gold,0.2000074831040366
2035-05-06,Gold,0.19885713534706984
2035-05-07,Gold,0.19823942334612107
2035-05-08,Gold,0.19762948003774358
2035-05-09,Equity,0.20002381171798556
2035-05-10,Equity,0.20095340407456794
2035-05-11,Equity,0.20303524564668918
2035-05-12,Equity,0.20640705032198356
2035-05-13,Equity,0.20816924091888447
2035-05-14,Equity,0.20850375051030895
2035-05-15,Equity,0.20943101179502646
2035-05-16,Equity,0.21150649434825192
2035-05-17,Equity,0.21269283221341972
2035-05-18,Equity,0.2120250360107568
2035-05-19,Equity,0.21305398410171003
2035-05-20,Equity,0.21524787224099376
2035-05-21,Equity,0.21832515801564512
2035-05-22,Equity,0.2184312182320544
2035-05-23,Equity,0.21653069393612012
2035-05-24,Equity,0.21352679427673443
2035-05-25,Equity,0.21486597855629394
2035-05-26,Equity,0.21229041225158585
2035-05-27,Equity,0.21282608676066234
2035-05-28,Equity,0.21463711940479815
2035-05-29,Equity,0.21436218030453677
2035-05-30,Equity,0.20000071117185278
2035-05-31,Equity,0.19799241716806765
2035-06-01,Equity,0.19653588402817584
2035-06-02,Equity,0.1963400606773198
2035-06-03,Equity,0.19824704241374935
2035-06-04,Equity,0.19826572989359537
2035-06-05,Equity,0.2017107855192486
2035-06-06,Equity,0.20339205104752517
2035-06-07,Equity,0.2038712193571475
2035-06-08,Equity,0.20375510077113287
2035-06-09,Equity,0.2029488809829942
2035-06-10,Equity,0.203190484367463
2035-06-11,Equity,0.20406999765302516
2035-06-12,Equity,0.20459222505637323
2035-06-13,Equity,0.20378201285381964
2035-06-14,Equity,0.20211278549656023
2035-06-15,Equity,0.20513308913483197
2035-06-16,Equity,0.2061691868845241
2035-06-17,Equity,0.20675162264232988
2035-06-18,Equity,0.2075833590559738
2035-06-19,Equity,0.20940085261124766
2035-06-20,Equity,0.20000051760738968
2035-06-21,Equity,0.19979315703079933
2035-06-22,Equity,0.19859280677916033
2035-06-23,Equity,0.19858136496065304
2035-06-24,Equity,0.19750781493493288
2035-06-25,Equity,0.1959175824671903
2035-06-26,Equity,0.1933785905645472
2035-06-27,Equity,0.19597800661788453
2035-06-28,Equity,0.1954514007360831
2035-06-29,Equity,0.19621795899837619
2035-06-30,Equity,0.19636997660304523
2035-07-01,Equity,0.1971558280625225
2035-07-02,Equity,0.1940037956919315
2035-07-03,Equity,0.1932701080175741
2035-07-04,Equity,0.1950844600150291
2035-07-05,Equity,0.19815367935971415
2035-07-06,Equity,0.1975751429790652
2035-07-07,Equity,0.1971802682909337
2035-07-08,Equity,0.19887385937990482
2035-07-09,Equity,0.19957697283275316
2035-07-10,Equity,0.19962432188633092
2035-07-11,Equity,0.20000002872961395
2035-07-12,Equity,0.19908882820939788
2035-07-13,Equity,0.19812517978559055
2035-07-14,Equity,0.19833503800594124
2035-07-15,Equity,0.1988390025595072
2035-07-16,Equity,0.19942701046844913
2035-07-17,Equity,0.19833487563001082
2035-07-18,Equity,0.20046220107806567
2035-07-19,Equity,0.1978762740069709
2035-07-20,Equity,0.19871823270468836
2035-07-21,Equity,0.1978598989823403
2035-07-22,Equity,0.19648922596004836
2035-07-23,Equity,0.1959768896758129
2035-07-24,Equity,0.1934811200559369
2035-07-25,Equity,0.19403455229768735
2035-07-26,Equity,0.19657184442675574
2035-07-27,Equity,0.19555631638907017
2035-07-28,Equity,0.19928104328561072
2035-07-29,Equity,0.19791093860974698
2035-07-30,Equity,0.19723994284688964
2035-07-31,Equity,0.19940188543248774
2035-08-01,Equity,0.20000015015052752
2035-08-02,Equity,0.1996378052339314
2035-08-03,Equity,0.20239873792353213
2035-08-04,Equity,0.20050223767178793
2035-08-05,Equity,0.20145057373103434
2035-08-06,Equity,0.2022731968219494
2035-08-07,Equity,0.1991884468123436
2035-08-08,Equity,0.19820835909136778
2035-08-09,Equity,0.2020202844326701
2035-08-10,Equity,0.20238130127179876
2035-08-11,Equity,0.20300160722638497
2035-08-12,Equity,0.20338684055168754
2035-08-13,Equity,0.20671666000855932
2035-08-14,Equity,0.2051243735801761
2035-08-15,Equity,0.2040203692926926
2035-08-16,Equity,0.20384056585074256
2035-08-17,Equity,0.20474394876909582
2035-08-18,Equity,0.2049943363355922
2035-08-19,Equity,0.20529108822616543
2035-08-20,Equity,0.20439168024805118
2035-08-21,Equity,0.20538071020394388
2035-08-22,Equity,0.20000013857507448
2035-08-23,Equity,0.19912548548855957
2035-08-24,Equity,0.19781914489257243
2035-08-25,Equity,0.1960774429186233
2035-08-26,Equity,0.1932857402174084
2035-08-27,Equity,0.19364855275367235
2035-08-28,Equity,0.1943202417951029
2035-08-29,Equity,0.1950048903603869
2035-08-30,Equity,0.19648677010293955
2035-08-31,Equity,0.1982538534508481
2035-09-01,Equity,0.19503234653223608
2035-09-02,Equity,0.19602478168129442
2035-09-03,Equity,0.19631254812756588
2035-09-04,Equity,0.19658304737264012
2035-09-05,Equity,0.19638749353350343
2035-09-06,Equity,0.19552031664371905
2035-09-07,Equity,0.19635196802268107
2035-09-08,Equity,0.19480954308190845
2035-09-09,Equity,0.1965452937180981
2035-09-10,Equity,0.19576059560487155
2035-09-11,Equity,0.19256676030353784
2035-09-12,Gold,0.20002356732038976
2035-09-13,Gold,0.20022787571715614
2035-09-14,Gold,0.2009877419591592
2035-09-15,Gold,0.20077857153555015
2035-09-16,Gold,0.20138731295938983
2035-09-17,Gold,0.20124582858888815
2035-09-18,Gold,0.1976584975596225
2035-09-19,Gold,0.19558779646532598
2035-09-20,Gold,0.19712632489701867
2035-09-21,Gold,0.1967398365508267
2035-09-22,Gold,0.19703978389663296
2035-09-23,Gold,0.19703399834594768
2035-09-24,Gold,0.19573154470035192
2035-09-25,Gold,0.19499731127441916
2035-09-26,Gold,0.19551419244373136
2035-09-27,Gold,0.19619298908849817
2035-09-28,Gold,0.19966709838616364
2035-09-29,Gold,0.19890476094105997
2035-09-30,Gold,0.20158018076925815
2035-10-01,Gold,0.200198935847403
2035-10-02,Gold,0.20098242528362253
2035-10-03,Gold,0.20000007608816617
2035-10-04,Gold,0.19979876718894832
2035-10-05,Gold,0.19978972065393
2035-10-06,Gold,0.19879618276568248
2035-10-07,Gold,0.20023980871960956
2035-10-08,Gold,0.19889382043452183
2035-10-09,Gold,0.1994002343294279
2035-10-10,Gold,0.20060962703026317
2035-10-11,Gold,0.20283861162428546
2035-10-12,Gold,0.20441445352366203
2035-10-13,Gold,0.20534696614786355
2035-10-14,Gold,0.20430827307230368
2035-10-15,Gold,0.20303383435472477
2035-10-16,Gold,0.20119771548639767
2035-10-17,Gold,0.19922135243132413
2035-10-18,Gold,0.19921911254777025
2035-10-19,Gold,0.19806119698756203
2035-10-20,Gold,0.1999728616395669
2035-10-21,Gold,0.19904822608323072
2035-10-22,Gold,0.1991985389350104
2035-10-23,Gold,0.1987767192522046
2035-10-24,Bond,0.200023795864097
2035-10-25,Bond,0.20180541037826444
2035-10-26,Bond,0.20124632356991543
2035-10-27,Bond,0.20201067059107597
2035-10-28,Bond,0.20296663159703576
2035-10-29,Bond,0.2043649166349548
2035-10-30,Bond,0.2036185017977075
2035-10-31,Bond,0.20505472974361785
2035-11-01,Bond,0.2043353363395102
2035-11-02,Bond,0.20552633987995
2035-11-03,Bond,0.20549714782052997
2035-11-04,Bond,0.2025351964546311
2035-11-05,Bond,0.2013478294146674
2035-11-06,Bond,0.2027151239873936
2035-11-07,Bond,0.20222480197547724
2035-11-08,Bond,0.20418969419102362
2035-11-09,Bond,0.20222521363785692
2035-11-10,Bond,0.20335062212357646
2035-11-11,Bond,0.203273631068767
2035-11-12,Bond,0.20287424651860325
2035-11-13,Bond,0.2009754042540061
2035-11-14,Gold,0.20002408166657756
2035-11-15,Gold,0.19982125800715175
2035-11-16,Gold,0.20181039116852334
2035-11-17,Gold,0.20191796357294942
2035-11-18,Gold,0.20191155916347558
2035-11-19,Gold,0.20498568774887976
2035-11-20,Gold,0.20278745267473292
2035-11-21,Gold,0.20151496822988044
2035-11-22,Gold,0.20218811188584046
2035-11-23,Gold,0.1995882520691459
2035-11-24,Gold,0.19899302719999415
2035-11-25,Gold,0.1983845757191544
2035-11-26,Gold,0.19991850458238475
2035-11-27,Gold,0.20102903509330664
2035-11-28,Gold,0.19833909696901997
2035-11-29,Gold,0.19723932989301354
2035-11-30,Gold,0.19614900479077277
2035-12-01,Gold,0.19580774440842594
2035-12-02,Gold,0.19408523713533646
2035-12-03,Gold,0.1947926637120861
2035-12-04,Gold,0.19370614820684334
2036-01-16,Equity,0.20001200152013923
2036-01-17,Equity,0.20318043708572797
2036-01-18,Equity,0.203610958427123
2036-01-19,Equity,0.20442341575432224
2036-01-20,Equity,0.2041222829579808
2036-01-21,Equity,0.20424543861070407
2036-01-22,Equity,0.20307005854014387
2036-01-23,Equity,0.20288009991665595
2036-01-24,Equity,0.2015145706824313
2036-01-25,Equity,0.20158895826841958
2036-01-26,Equity,0.20154768148145757
2036-01-27,Equity,0.2015152159107191
2036-01-28,Equity,0.2013699622281147
2036-01-29,Equity,0.20037782440223764
2036-01-30,Equity,0.20127587141385092
2036-01-31,Equity,0.20178260990079797
2036-02-01,Equity,0.20222795802672436
2036-02-02,Equity,0.20071282461061205
2036-02-03,Equity,0.20179521156908017
2036-02-04,Equity,0.2005677430632615
2036-02-05,Equity,0.19973085056715226
2036-02-06,Bond,0.20002399553120787
2036-02-07,Bond,0.1991738281251182
2036-02-08,Bond,0.20122176419110865
2036-02-09,Bond,0.20075842003572567
2036-02-10,Bond,0.20286342480503497
2036-02-11,Bond,0.20226843080267243
2036-02-12,Bond,0.20268727038019188
2036-02-13,Bond,0.20307096810232142
2036-02-14,Bond,0.20577493598314556
2036-02-15,Bond,0.20698859985302884
2036-02-16,Bond,0.20623840836955468
2036-02-17,Bond,0.2057930727761425
2036-02-18,Bond,0.20534206219924672
2036-02-19,Bond,0.20537224732441167
2036-02-20,Bond,0.20383508123996558
2036-02-21,Bond,0.20370312300545068
2036-02-22,Bond,0.20593124896704645
2036-02-23,Bond,0.2081041549859044
2036-02-24,Bond,0.205537108932517
2036-02-25,Bond,0.2027375504813527
2036-02-26,Bond,0.20178053225636872
2036-03-19,Gold,0.0250015001900174
2036-03-19,Bond,0.1750105013301218
2036-03-20,Gold,0.025184198760644944
2036-03-20,Bond,0.17434149535432747
2036-03-21,Gold,0.02540181346355217
2036-03-21,Bond,0.1759562951865623
2036-03-22,Gold,0.024998079562436583
2036-03-22,Bond,0.17541774382794262
2036-03-23,Gold,0.025109137226146192
2036-03-23,Bond,0.17355539397716552
2036-03-24,Gold,0.025185104723929666
2036-03-24,Bond,0.17344803952586343
2036-03-25,Gold,0.025202855717556403
2036-03-25,Bond,0.1749963850875203
2036-03-26,Gold,0.025209668437313173
2036-03-26,Bond,0.17514276537216758
2036-03-27,Gold,0.025554945047467137
2036-03-27,Bond,0.1734028705475214
2036-03-28,Gold,0.025520180266810924
2036-03-28,Bond,0.1728351455602921
2036-03-29,Gold,0.025466515390842194
2036-03-29,Bond,0.17455225879314512
2036-03-30,Gold,0.02553275503243889
2036-03-30,Bond,0.1749330689435757
2036-03-31,Gold,0.025489329054829545
2036-03-31,Bond,0.17491376704153816
2036-04-01,Gold,0.02515304237492429
2036-04-01,Bond,0.17478697319289976
2036-04-02,Gold,0.025157861449344558
2036-04-02,Bond,0.1763405343028354
2036-04-03,Gold,0.025167954787161415
2036-04-03,Bond,0.1778090483563734
2036-04-04,Gold,0.02514072350722689
2036-04-04,Bond,0.1757860290476068
2036-04-05,Gold,0.02506670184436735
2036-04-05,Bond,0.17715787884400605
2036-04-06,Gold,0.02427893132589092
2036-04-06,Bond,0.1780515012482387
2036-04-07,Gold,0.02449683095719517
2036-04-07,Bond,0.1803417116007455
2036-04-08,Gold,0.024716152458268418
2036-04-08,Bond,0.18019958593314686
2036-04-09,Gold,0.021929865926965827
2036-04-09,Bond,0.17807051132696244
2036-04-10,Gold,0.021767230513094957
2036-04-10,Bond,0.17878425646877913
2036-04-11,Gold,0.022121612560984563
2036-04-11,Bond,0.1770983168658929
2036-04-12,Gold,0.021833490959887698
2036-04-12,Bond,0.17863587625543098
2036-04-13,Gold,0.021904111776138702
2036-04-13,Bond,0.17980779001060054
2036-04-14,Gold,0.02182437251329745
2036-04-14,Bond,0.17887054451396647
2036-04-15,Gold,0.02190074508532978
2036-04-15,Bond,0.17928009091471978
2036-04-16,Gold,0.021828129501709433
2036-04-16,Bond,0.1824004091868805
2036-04-17,Gold,0.021786887187200562
2036-04-17,Bond,0.18169238269827614
2036-04-18,Gold,0.021840924651464956
2036-04-18,Bond,0.18275906908691683
2036-04-19,Gold,0.021779185444911062
2036-04-19,Bond,0.181148950771359
2036-04-20,Gold,0.02142436240663921
2036-04-20,Bond,0.18037406845689244
2036-04-21,Gold,0.02119959631687743
2036-04-21,Bond,0.1816113827089177
2036-04-22,Gold,0.020973459492303264
2036-04-22,Bond,0.18203340377152025
2036-04-23,Gold,0.02065415612982157
2036-04-23,Bond,0.18179465539874318
2036-04-24,Gold,0.020664508961604433
2036-04-24,Bond,0.1843267262958533
2036-04-25,Gold,0.020664526240281506
2036-04-25,Bond,0.18295134561863705
2036-04-26,Gold,0.020741811819027615
2036-04-26,Bond,0.18271984522309054
2036-04-27,Gold,0.0208290887213763
2036-04-27,Bond,0.18343552425272908
2036-04-28,Gold,0.021017381131005767
2036-04-28,Bond,0.18210487135248532
2036-04-29,Gold,0.021081673406513887
2036-04-29,Bond,0.18284890537290296
2036-04-30,Bond,0.200002180481906
2036-05-01,Bond,0.19981887875990784
2036-05-02,Bond,0.19872546198451163
2036-05-03,Bond,0.1982284204077484
2036-05-04,Bond,0.19400590323229316
2036-05-05,Bond,0.19558399992786318
2036-05-06,Bond,0.1960006175995104
2036-05-07,Bond,0.19572274639918702
2036-05-08,Bond,0.19311226258280473
2036-05-09,Bond,0.1948462506002484
2036-05-10,Bond,0.19416066031691662
2036-05-11,Bond,0.19504658200413355
2036-05-12,Bond,0.19502869483631954
2036-05-13,Bond,0.19250590489599997
2036-05-14,Bond,0.19448551725305976
2036-05-15,Bond,0.19618080593207549
2036-05-16,Bond,0.19738843762615868
2036-05-17,Bond,0.19788771348071893
2036-05-18,Bond,0.19599385152744053
2036-05-19,Bond,0.1973667856534452
2036-05-20,Bond,0.20088311571402284
2036-05-21,Equity,0.04193655250459765
2036-05-21,Bond,0.15806854405579115
2036-05-22,Equity,0.042096204324776454
2036-05-22,Bond,0.15822134896604648
2036-05-23,Equity,0.04198974819995356
2036-05-23,Bond,0.15678874724010097
2036-05-24,Equity,0.04213061917687617
2036-05-24,Bond,0.15407007299844586
2036-05-25,Equity,0.04206324247585911
2036-05-25,Bond,0.15361714811764793
2036-05-26,Equity,0.04291541757586807
2036-05-26,Bond,0.15539950888498988
2036-05-27,Equity,0.04295528532568776
2036-05-27,Bond,0.15715004721602607
2036-05-28,Equity,0.04264561673609407
2036-05-28,Bond,0.1571149761357692
2036-05-29,Equity,0.04258375332774135
2036-05-29,Bond,0.15769087165333112
2036-05-30,Equity,0.04198406465048102
2036-05-30,Bond,0.15619038357514056
2036-05-31,Equity,0.04121780998961589
2036-05-31,Bond,0.15646088241358994
2036-06-01,Equity,0.04183396873807008
2036-06-01,Bond,0.15567535624573525
2036-06-02,Equity,0.04194024132592436
2036-06-02,Bond,0.1557293767329335
2036-06-03,Equity,0.041777009936491104
2036-06-03,Bond,0.15539798808774108
2036-06-04,Equity,0.04178536030121972
2036-06-04,Bond,0.15501618032995698
2036-06-05,Equity,0.0416789710428422
2036-06-05,Bond,0.1563326065869425
2036-06-06,Equity,0.041577065974171705
2036-06-06,Bond,0.15893592982987065
2036-06-07,Equity,0.04204814892948093
2036-06-07,Bond,0.15863338396772175
2036-06-08,Equity,0.04216880091297704
2036-06-08,Bond,0.1604998451708744
2036-06-09,Equity,0.042087040402089035
2036-06-09,Bond,0.1588614451761832
2036-06-10,Equity,0.04139365312794284
2036-06-10,Bond,0.15885415597991132
2036-06-11,Gold,0.020354494544660717
2036-06-11,Bond,0.1796505388072228
2036-06-12,Gold,0.020379915173361397
2036-06-12,Bond,0.17918808671493486
2036-06-13,Gold,0.020532239071528922
2036-06-13,Bond,0.18021030698569263
2036-06-14,Gold,0.020593903342951282
2036-06-14,Bond,0.18184966970945934
2036-06-15,Gold,0.020644451244972373
2036-06-15,Bond,0.1806902842012026
2036-06-16,Gold,0.02020700864856656
2036-06-16,Bond,0.18144724473694762
2036-06-17,Gold,0.020288558682136748
2036-06-17,Bond,0.18325752323843936
2036-06-18,Gold,0.020393151273205914
2036-06-18,Bond,0.18486378707062315
2036-06-19,Gold,0.020137336767527343
2036-06-19,Bond,0.18530085486583883
2036-06-20,Gold,0.019929153012140155
2036-06-20,Bond,0.18445635662101273
2036-06-21,Gold,0.020055894736851286
2036-06-21,Bond,0.18340338568214162
2036-06-22,Gold,0.020125092771838316
2036-06-22,Bond,0.18213762642247164
2036-06-23,Gold,0.019740467109682344
2036-06-23,Bond,0.18216223214883337
2036-06-24,Gold,0.019611316659750293
2036-06-24,Bond,0.18096839837110484
2036-06-25,Gold,0.019647560724849026
2036-06-25,Bond,0.18196435174088266
2036-06-26,Gold,0.019770101012517752
2036-06-26,Bond,0.1822801790602389
2036-06-27,Gold,0.019650619272700183
2036-06-27,Bond,0.18257415442822894
2036-06-28,Gold,0.019687785035595273
2036-06-28,Bond,0.17984866856213616
2036-06-29,Gold,0.01951780797208345
2036-06-29,Bond,0.17992065909287328
2036-06-30,Gold,0.019789088706833748
2036-06-30,Bond,0.17919757771864533
2036-07-01,Gold,0.019745493833271566
2036-07-01,Bond,0.1823999623642925
2036-07-02,Equity,0.049786897684808935
2036-07-02,Bond,0.15021908784209592
2036-07-03,Equity,0.04978849047965929
2036-07-03,Bond,0.14995921645552798
2036-07-04,Equity,0.04933051704201074
2036-07-04,Bond,0.15051618747111742
2036-07-05,Equity,0.04940753719159854
2036-07-05,Bond,0.1492758983309976
2036-07-06,Equity,0.048497329538123975
2036-07-06,Bond,0.151863653738009
2036-07-07,Equity,0.048131352555187794
2036-07-07,Bond,0.15442670994212068
2036-07-08,Equity,0.04775448351376517
2036-07-08,Bond,0.15338006767779663
2036-07-09,Equity,0.047714799312743944
2036-07-09,Bond,0.15262644638123457
2036-07-10,Equity,0.046779431450908064
2036-07-10,Bond,0.1555506411999083
2036-07-11,Equity,0.045886894587444556
2036-07-11,Bond,0.15752272862886352
2036-07-12,Equity,0.045543039050317605
2036-07-12,Bond,0.15709417465465814
2036-07-13,Equity,0.04549548767212791
2036-07-13,Bond,0.15766905687007093
2036-07-14,Equity,0.04517283989692608
2036-07-14,Bond,0.15590492764593628
2036-07-15,Equity,0.04521579673055592
2036-07-15,Bond,0.1587846366278764
2036-07-16,Equity,0.04551460129101448
2036-07-16,Bond,0.15883139015565031
2036-07-17,Equity,0.04510719333231277
2036-07-17,Bond,0.1596763542056345
2036-07-18,Equity,0.045777893380275304
2036-07-18,Bond,0.15832555573106635
2036-07-19,Equity,0.0457275584957784
2036-07-19,Bond,0.15683924103366353
2036-07-20,Equity,0.04650051396827086
2036-07-20,Bond,0.15730382707000493
2036-07-21,Equity,0.04624477473007153
2036-07-21,Bond,0.1598799920089285
2036-07-22,Equity,0.045792057171647776
2036-07-22,Bond,0.15923756954395282
2036-07-23,Bond,0.2000053138427436
2036-07-24,Bond,0.20049397991378648
2036-07-25,Bond,0.20313120994538109
2036-07-26,Bond,0.20209949239605854
2036-07-27,Bond,0.20169682689930138
2036-07-28,Bond,0.20304809089978743
2036-07-29,Bond,0.20458062645566996
2036-07-30,Bond,0.20411814746373977
2036-07-31,Bond,0.20590547392421488
2036-08-01,Bond,0.20677139921471843
2036-08-02,Bond,0.20679795667608605
2036-08-03,Bond,0.20828219631456232
2036-08-04,Bond,0.2095458475374579
2036-08-05,Bond,0.2078168871992585
2036-08-06,Bond,0.21026976619668766
2036-08-07,Bond,0.21084389806489084
2036-08-08,Bond,0.21314186866342855
2036-08-09,Bond,0.2132287459859932
2036-08-10,Bond,0.21364448632458158
2036-08-11,Bond,0.2143153834132469
2036-08-12,Bond,0.21523763062027515
2036-08-13,Equity,0.17191242253288222
2036-08-13,Oil,0.09064473188097424
2036-08-13,Gold,0.1437812988456833
2036-08-13,Bond,0.537261078126425
2036-08-14,Equity,0.17274920501923832
2036-08-14,Oil,0.0911461072176722
2036-08-14,Gold,0.14007943467848052
2036-08-14,Bond,0.5396388005713841
2036-08-15,Equity,0.172915868594768
2036-08-15,Oil,0.08983705702158713
2036-08-15,Gold,0.14100369020303222
2036-08-15,Bond,0.5398219996615198
2036-08-16,Equity,0.17376547331985298
2036-08-16,Oil,0.08926158661377225
2036-08-16,Gold,0.14021157768591186
2036-08-16,Bond,0.5408049956572705
2036-08-17,Equity,0.17296096133960767
2036-08-17,Oil,0.08930159029563557
2036-08-17,Gold,0.14108236889543393
2036-08-17,Bond,0.5409265218424055
2036-08-18,Equity,0.17120128694265746
2036-08-18,Oil,0.08928538895322025
2036-08-18,Gold,0.13711676985021745
2036-08-18,Bond,0.5476213298410086
2036-08-19,Equity,0.17282152549274057
2036-08-19,Oil,0.08840309563319397
2036-08-19,Gold,0.13612162739268405
2036-08-19,Bond,0.5480001397387609
2036-08-20,Equity,0.17124485689583036
2036-08-20,Oil,0.08671970652070123
2036-08-20,Gold,0.13647096272634068
2036-08-20,Bond,0.5512618257791273
2036-08-21,Equity,0.17140526284424346
2036-08-21,Oil,0.08565381182553299
2036-08-21,Gold,0.13457235822327537
2036-08-21,Bond,0.5542509459211464
2036-08-22,Equity,0.17287175088516377
2036-08-22,Oil,0.085612751482413
2036-08-22,Gold,0.13664842285695966
2036-08-22,Bond,0.5500475708097957
2036-08-23,Equity,0.17502491336073775
2036-08-23,Oil,0.08684433920274544
2036-08-23,Gold,0.13675055297722283
2036-08-23,Bond,0.5465104253876025
2036-08-24,Equity,0.17521486480530482
2036-08-24,Oil,0.08831949225197286
2036-08-24,Gold,0.1366682296444437
2036-08-24,Bond,0.5448531283164197
2036-08-25,Equity,0.17845805778146798
2036-08-25,Oil,0.08901433141387483
2036-08-25,Gold,0.1380916614907942
2036-08-25,Bond,0.5392364404401141
2036-08-26,Equity,0.17920933896706603
2036-08-26,Oil,0.09030770402240446
2036-08-26,Gold,0.13686227247884106
2036-08-26,Bond,0.53829891489785
2036-08-27,Equity,0.18450417759560472
2036-08-27,Oil,0.09076023278781446
2036-08-27,Gold,0.1362965205236202
2036-08-27,Bond,0.532914513631245
2036-08-28,Equity,0.18457996873447519
2036-08-28,Oil,0.09135493805981731
2036-08-28,Gold,0.13712906352604806
2036-08-28,Bond,0.5309944686283748
2036-08-29,Equity,0.1859993730989022
2036-08-29,Oil,0.09096596632680541
2036-08-29,Gold,0.1353649151299786
2036-08-29,Bond,0.5317805503430909
2036-08-30,Equity,0.18378357120258101
2036-08-30,Oil,0.08964241393232508
2036-08-30,Gold,0.13546732567055145
2036-08-30,Bond,0.5358594638452904
2036-08-31,Equity,0.18524459609857696
2036-08-31,Oil,0.0891677967577682
2036-08-31,Gold,0.13576319980459284
2036-08-31,Bond,0.5340124850016151
2036-09-01,Equity,0.18334338919882368
2036-09-01,Oil,0.09018171012133672
2036-09-01,Gold,0.13802566185060416
2036-09-01,Bond,0.5321516534578556
2036-09-02,Equity,0.1842014285130406
2036-09-02,Oil,0.090501327464049
2036-09-02,Gold,0.13736282898952734
2036-09-02,Bond,0.5314145105872145
2036-09-03,Equity,0.556020901040283
2036-09-03,Oil,0.051165309994583984
2036-09-03,Gold,0.07309329999226286
2036-09-03,Bond,0.2631358799721462
2036-09-04,Equity,0.5581330642692216
2036-09-04,Oil,0.051567178135174516
2036-09-04,Gold,0.07242391841485908
2036-09-04,Bond,0.2609001078131647
2036-09-05,Equity,0.5563147763504999
2036-09-05,Oil,0.051797652665050084
2036-09-05,Gold,0.07389973530501064
2036-09-05,Bond,0.2606642650373322
2036-09-06,Equity,0.5552625523926888
2036-09-06,Oil,0.05166348729119416
2036-09-06,Gold,0.07520208552868012
2036-09-06,Bond,0.2601965011932792
2036-09-07,Equity,0.5523606085200714
2036-09-07,Oil,0.051985228071757004
2036-09-07,Gold,0.07519914858162992
2036-09-07,Bond,0.262462319389827
2036-09-08,Equity,0.5492427138231689
2036-09-08,Oil,0.05263097786520847
2036-09-08,Gold,0.07495188742737736
2036-09-08,Bond,0.264893197880649
2036-09-09,Equity,0.5456629654936559
2036-09-09,Oil,0.0525226366355506
2036-09-09,Gold,0.07600485297971087
2036-09-09,Bond,0.2669794979098198
2036-09-10,Equity,0.5477498547320118
2036-09-10,Oil,0.05257149560515504
2036-09-10,Gold,0.0748578668605829
2036-09-10,Bond,0.26598749560839813
2036-09-11,Equity,0.5487452122712264
2036-09-11,Oil,0.052780354435796845
2036-09-11,Gold,0.0750063877986322
2036-09-11,Bond,0.26453851355674046
2036-09-12,Equity,0.5509607229988651
2036-09-12,Oil,0.05224320118574623
2036-09-12,Gold,0.07417660167836769
2036-09-12,Bond,0.26386932337952623
2036-09-13,Equity,0.5516814823843665
2036-09-13,Oil,0.05220913367489596
2036-09-13,Gold,0.07437589621501035
2036-09-13,Bond,0.2626754899140844
2036-09-14,Equity,0.547992750734393
2036-09-14,Oil,0.05232385026433238
2036-09-14,Gold,0.07389034415583012
2036-09-14,Bond,0.2667416279078091
2036-09-15,Equity,0.5506082541072367
2036-09-15,Oil,0.052026763613584
2036-09-15,Gold,0.07371738486277382
2036-09-15,Bond,0.2642621684089553
2036-09-16,Equity,0.5524973538638636
2036-09-16,Oil,0.05202194090913275
2036-09-16,Gold,0.07471603007153722
2036-09-16,Bond,0.26159217229274284
2036-09-17,Equity,0.5519146255773419
2036-09-17,Oil,0.0513496620056336
2036-09-17,Gold,0.07499687337838756
2036-09-17,Bond,0.26280571659481705
2036-09-18,Equity,0.5528302934278572
2036-09-18,Oil,0.05197772107253149
2036-09-18,Gold,0.07400821416728752
2036-09-18,Bond,0.2621605128473692
2036-09-19,Equity,0.5531759969523081
2036-09-19,Oil,0.05288791015138517
2036-09-19,Gold,0.0729226480149278
2036-09-19,Bond,0.262344362310849
2036-09-20,Equity,0.5505905654065337
2036-09-20,Oil,0.052186923438881906
2036-09-20,Gold,0.07320315381358068
2036-09-20,Bond,0.26562743073627204
2036-09-21,Equity,0.54736134987522
2036-09-21,Oil,0.052468187192650444
2036-09-21,Gold,0.07391814761965618
2036-09-21,Bond,0.267858462069411
2036-09-22,Equity,0.5521345027866393
2036-09-22,Oil,0.052067799207663065
2036-09-22,Gold,0.07287274001632818
2036-09-22,Bond,0.2645540436748959
2036-09-23,Equity,0.5501425177782275
2036-09-23,Oil,0.05308134474474498
2036-09-23,Gold,0.07403737123033306
2036-09-23,Bond,0.2638478400344895
2036-10-15,Equity,0.035939656523150024
2036-10-15,Bond,0.1640723449969892
2036-10-16,Equity,0.035603322474304304
2036-10-16,Bond,0.1656461089184602
2036-10-17,Equity,0.035643071894197846
2036-10-17,Bond,0.16318441115001614
2036-10-18,Equity,0.03613994397632293
2036-10-18,Bond,0.1645562074064609
2036-10-19,Equity,0.03604474788850686
2036-10-19,Bond,0.1635898398493165
2036-10-20,Equity,0.036757331530057794
2036-10-20,Bond,0.1612363941963256
2036-10-21,Equity,0.03672263263423557
2036-10-21,Bond,0.15857317294569861
2036-10-22,Equity,0.03707176861409544
2036-10-22,Bond,0.15788617875020053
2036-10-23,Equity,0.03705745975537266
2036-10-23,Bond,0.15882944236665855
2036-10-24,Equity,0.03741760058896745
2036-10-24,Bond,0.1569358616843308
2036-10-25,Equity,0.03822142540040985
2036-10-25,Bond,0.15518998814693993
2036-10-26,Equity,0.038405376743746264
2036-10-26,Bond,0.15451828232920406
2036-10-27,Equity,0.038825197728659465
2036-10-27,Bond,0.15550054064212013
2036-10-28,Equity,0.03843669825816882
2036-10-28,Bond,0.15678321306880363
2036-10-29,Equity,0.03808556427261707
2036-10-29,Bond,0.15702415643030104
2036-10-30,Equity,0.037433886512563554
2036-10-30,Bond,0.15842776034647552
2036-10-31,Equity,0.03701488386911899
2036-10-31,Bond,0.15940928940205237
2036-11-01,Equity,0.0375844426535894
2036-11-01,Bond,0.15876142593142295
2036-11-02,Equity,0.03764991666596809
2036-11-02,Bond,0.15995997768432835
2036-11-03,Equity,0.03762996202512191
2036-11-03,Bond,0.15825786267558736
2036-11-04,Equity,0.037674904502738166
2036-11-04,Bond,0.15889478809543625
2036-11-05,Equity,0.04193554307494274
2036-11-05,Bond,0.1580647392824764
2036-11-06,Equity,0.042239902891867916
2036-11-06,Bond,0.15820303292865104
2036-11-07,Equity,0.04224648451340058
2036-11-07,Bond,0.15981788253707563
2036-11-08,Equity,0.04279492198651046
2036-11-08,Bond,0.1600102774283866
2036-11-09,Equity,0.04239987783075896
2036-11-09,Bond,0.16005954712706763
2036-11-10,Equity,0.04224242606394418
2036-11-10,Bond,0.1603874543125172
2036-11-11,Equity,0.042672909068759875
2036-11-11,Bond,0.16120262957034043
2036-11-12,Equity,0.042916152941925696
2036-11-12,Bond,0.1640420174924907
2036-11-13,Equity,0.04302253775480989
2036-11-13,Bond,0.1649124206239834
2036-11-14,Equity,0.04283498087771554
2036-11-14,Bond,0.16425983684043402
2036-11-15,Equity,0.04317382646928773
2036-11-15,Bond,0.1639180659090729
2036-11-16,Equity,0.04286286255608838
2036-11-16,Bond,0.1627505056144223
2036-11-17,Equity,0.04343744336011441
2036-11-17,Bond,0.16098672266295497
2036-11-18,Equity,0.04424519843136365
2036-11-18,Bond,0.15762281610559273
2036-11-19,Equity,0.04403418382390896
2036-11-19,Bond,0.15705082581261842
2036-11-20,Equity,0.045235659533245626
2036-11-20,Bond,0.15502110689422577
2036-11-21,Equity,0.04480011850876946
2036-11-21,Bond,0.1552179473772132
2036-11-22,Equity,0.0447546019118877
2036-11-22,Bond,0.15456415695705275
2036-11-23,Equity,0.04473801860236071
2036-11-23,Bond,0.15316562819302193
2036-11-24,Equity,0.044836627695387966
2036-11-24,Bond,0.15046412441812326
2036-11-25,Equity,0.045474648130903496
2036-11-25,Bond,0.14992161531353076
2036-11-26,Equity,0.20001811495763228
2036-11-27,Equity,0.19869109243283786
2036-11-28,Equity,0.19886474834610046
2036-11-29,Equity,0.19992347338472816
2036-11-30,Equity,0.2007578534507086
2036-12-01,Equity,0.20272606905086266
2036-12-02,Equity,0.20287058579191997
2036-12-03,Equity,0.20416671845919174
2036-12-04,Equity,0.20393552717315794
2036-12-05,Equity,0.20288754851031077
2036-12-06,Equity,0.2010479388287258
2036-12-07,Equity,0.20357593598355397
2036-12-08,Equity,0.20114054629165024
2036-12-09,Equity,0.2015490649280344
2036-12-10,Equity,0.20220909841214557
2036-12-11,Equity,0.20063166632638807
2036-12-12,Equity,0.20208049611814494
2036-12-13,Equity,0.19991168905721254
2036-12-14,Equity,0.19898611345602932
2036-12-15,Equity,0.200528205741514
2036-12-16,Equity,0.19845098941206646
2036-12-17,Equity,0.04184497198821927
2036-12-17,Bond,0.1581739941154688
2036-12-18,Equity,0.04231755609367893
2036-12-18,Bond,0.157643362321898
2036-12-19,Equity,0.04268724912247471
2036-12-19,Bond,0.15889850866393435
2036-12-20,Equity,0.0428138024313793
2036-12-20,Bond,0.15939725710303382
2036-12-21,Equity,0.04250922376539952
2036-12-21,Bond,0.15870715707444652
2036-12-22,Equity,0.04214220659119157
2036-12-22,Bond,0.15809026174114896
2036-12-23,Equity,0.04194046355068425
2036-12-23,Bond,0.1581040025534013
2036-12-24,Equity,0.04074721869853638
2036-12-24,Bond,0.15786220360175351
2036-12-25,Equity,0.040663074061524036
2036-12-25,Bond,0.1597868814190392
2036-12-26,Equity,0.040565586840650696
2036-12-26,Bond,0.1608824538445942
2036-12-27,Equity,0.04054234186140508
2036-12-27,Bond,0.16196869500198743
2036-12-28,Equity,0.040433666304399984
2036-12-28,Bond,0.16230223462932317
2036-12-29,Equity,0.040556452863397076
2036-12-29,Bond,0.16117010936050227
2036-12-30,Equity,0.04054166706748541
2036-12-30,Bond,0.16210822053004656
2036-12-31,Equity,0.04011261189833032
2036-12-31,Bond,0.1593724129960285
2037-01-01,Equity,0.04020938094219899
2037-01-01,Bond,0.159587796609424
2037-01-02,Equity,0.04025320206926676
2037-01-02,Bond,0.15850294097622963
2037-01-03,Equity,0.039647399679570226
2037-01-03,Bond,0.1574292161032455
2037-01-04,Equity,0.040018628502780415
2037-01-04,Bond,0.15675969568521267
2037-01-05,Equity,0.039909439384087086
2037-01-05,Bond,0.1566674512593411
2037-01-06,Equity,0.04015517788378759
2037-01-06,Bond,0.1565966635005012
2037-01-07,Bond,0.20000494666982355
2037-01-08,Bond,0.1997268709879185
2037-01-09,Bond,0.19956431379729914
2037-01-10,Bond,0.1973443285188778
2037-01-11,Bond,0.19534763302345048
2037-01-12,Bond,0.19579926272375434
2037-01-13,Bond,0.19679423075816652
2037-01-14,Bond,0.19638283773949833
2037-01-15,Bond,0.19785937220821884
2037-01-16,Bond,0.19563439367960353
2037-01-17,Bond,0.19626230133167036
2037-01-18,Bond,0.19492215357928758
2037-01-19,Bond,0.1934656966796354
2037-01-20,Bond,0.19227494475142043
2037-01-21,Bond,0.19214954272387344
2037-01-22,Bond,0.19283175474383565
2037-01-23,Bond,0.19339735341913683
2037-01-24,Bond,0.19294461980227345
2037-01-25,Bond,0.19393107933576728
2037-01-26,Bond,0.1965814440215394
2037-01-27,Bond,0.19639291766596562
2037-01-28,Equity,0.20002379539879875
2037-01-29,Equity,0.19966439764172167
2037-01-30,Equity,0.20334649370929572
2037-01-31,Equity,0.20339901991824622
2037-02-01,Equity,0.20447510091511267
2037-02-02,Equity,0.20550577734151465
2037-02-03,Equity,0.2037254531295666
2037-02-04,Equity,0.2059671565654123
2037-02-05,Equity,0.20632644091379151
2037-02-06,Equity,0.20541760970588213
2037-02-07,Equity,0.20419405283274586
2037-02-08,Equity,0.2032164291350956
2037-02-09,Equity,0.20309185726433857
2037-02-10,Equity,0.2013701066467441
2037-02-11,Equity,0.2000603952812779
2037-02-12,Equity,0.19730904883797296
2037-02-13,Equity,0.1960304525391331
2037-02-14,Equity,0.19818966494724158
2037-02-15,Equity,0.20010552608506382
2037-02-16,Equity,0.20053814373370285
2037-02-17,Equity,0.20393635048495642
2037-02-18,Equity,0.04754541721667013
2037-02-18,Gold,0.020493714317530238
2037-02-18,Bond,0.13197952020489473
2037-02-19,Equity,0.0477156374756595
2037-02-19,Gold,0.020510048014011996
2037-02-19,Bond,0.1324113425388038
2037-02-20,Equity,0.048025719007387356
2037-02-20,Gold,0.020511766638036798
2037-02-20,Bond,0.1312658012369756
2037-02-21,Equity,0.04819432070837704
2037-02-21,Gold,0.020857048553096034
2037-02-21,Bond,0.12865539239287652
2037-02-22,Equity,0.047606937712179984
2037-02-22,Gold,0.02083352563617323
2037-02-22,Bond,0.12900078412919228
2037-02-23,Equity,0.04741224110061365
2037-02-23,Gold,0.02108192281688124
2037-02-23,Bond,0.13009631248309006
2037-02-24,Equity,0.0461535786781041
2037-02-24,Gold,0.02078932154265384
2037-02-24,Bond,0.13241656028061372
2037-02-25,Equity,0.04567303537735811
2037-02-25,Gold,0.021092227585148313
2037-02-25,Bond,0.13221190374710762
2037-02-26,Equity,0.04618420718688244
2037-02-26,Gold,0.020853890742493882
2037-02-26,Bond,0.13413890825796504
2037-02-27,Equity,0.04629385922145497
2037-02-27,Gold,0.0210663414184635
2037-02-27,Bond,0.13253991031876522
2037-02-28,Equity,0.04585462534488778
2037-02-28,Gold,0.0209086125740076
2037-02-28,Bond,0.1322339390872359
2037-03-01,Equity,0.0461413480022203
2037-03-01,Gold,0.021058571977248204
2037-03-01,Bond,0.13102546724600259
2037-03-02,Equity,0.04636912370568572
2037-03-02,Gold,0.02083350493352589
2037-03-02,Bond,0.13191969935425818
2037-03-03,Equity,0.04712588200018424
2037-03-03,Gold,0.02106673438812594
2037-03-03,Bond,0.13031447116069533
2037-03-04,Equity,0.04789721836641821
2037-03-04,Gold,0.021212697535100626
2037-03-04,Bond,0.13063671403119143
2037-03-05,Equity,0.04833878502019289
2037-03-05,Gold,0.021114450059619257
2037-03-05,Bond,0.12920064406221818
2037-03-06,Equity,0.04753196553308047
2037-03-06,Gold,0.02120109838009046
2037-03-06,Bond,0.1312703444061423
2037-03-07,Equity,0.04858906818402979
2037-03-07,Gold,0.021385643629970686
2037-03-07,Bond,0.13067441598505966
2037-03-08,Equity,0.04920388207532578
2037-03-08,Gold,0.02116876510832772
2037-03-08,Bond,0.13104340670408424
2037-03-09,Equity,0.04972899311309297
2037-03-09,Gold,0.020995546514578096
2037-03-09,Bond,0.12899382211387908
2037-03-10,Equity,0.049827626703720436
2037-03-10,Gold,0.020816490430118392
2037-03-10,Bond,0.12735324410424098
2037-03-11,Equity,0.2000178859498839
2037-03-12,Equity,0.1991232855464704
2037-03-13,Equity,0.19904210640808678
2037-03-14,Equity,0.1984037409127203
2037-03-15,Equity,0.2001485067084397
2037-03-16,Equity,0.20002603271896324
2037-03-17,Equity,0.19878614090665295
2037-03-18,Equity,0.1995848505849127
2037-03-19,Equity,0.1982634593585025
2037-03-20,Equity,0.19568250189360054
2037-03-21,Equity,0.19648554907651733
2037-03-22,Equity,0.19637111587068828
2037-03-23,Equity,0.19661870872491272
2037-03-24,Equity,0.1988016875318535
2037-03-25,Equity,0.19920175600565398
2037-03-26,Equity,0.20011129130545924
2037-03-27,Equity,0.20013875714704152
2037-03-28,Equity,0.20143854543883885
2037-03-29,Equity,0.19803033799002878
2037-03-30,Equity,0.19680343271996845
2037-03-31,Equity,0.19619373278731586
2037-04-01,Bond,0.20002372915872488
2037-04-02,Bond,0.1995593361117288
2037-04-03,Bond,0.20078298116123913
2037-04-04,Bond,0.20285954977475143
2037-04-05,Bond,0.20083636939946284
2037-04-06,Bond,0.20018164740955516
2037-04-07,Bond,0.20211743124547482
2037-04-08,Bond,0.2019136249388044
2037-04-09,Bond,0.1986803388514987
2037-04-10,Bond,0.1978696814643648
2037-04-11,Bond,0.19913365787829443
2037-04-12,Bond,0.2011772226180376
2037-04-13,Bond,0.201258945943657
2037-04-14,Bond,0.2020377672544805
2037-04-15,Bond,0.2014434282712044
2037-04-16,Bond,0.20290024471030244
2037-04-17,Bond,0.20521500029695436
2037-04-18,Bond,0.20647078579063047
2037-04-19,Bond,0.2062772478355835
2037-04-20,Bond,0.2069889109318784
2037-04-21,Bond,0.2085567312197271
2037-04-22,Bond,0.20000051611449474
2037-04-23,Bond,0.20128444161623435
2037-04-24,Bond,0.20188044230991473
2037-04-25,Bond,0.20417705803356656
2037-04-26,Bond,0.20531705967987632
2037-04-27,Bond,0.2045047986628895
2037-04-28,Bond,0.20679915016901274
2037-04-29,Bond,0.20755481167450057
2037-04-30,Bond,0.20732507377477113
2037-05-01,Bond,0.20510870228101483
2037-05-02,Bond,0.2054861978596522
2037-05-03,Bond,0.20849805879719163
2037-05-04,Bond,0.2040296900281179
2037-05-05,Bond,0.19969631171864166
2037-05-06,Bond,0.2009254821893374
2037-05-07,Bond,0.20130493514419825
2037-05-08,Bond,0.2023881736127541
2037-05-09,Bond,0.20153977459274633
2037-05-10,Bond,0.19811521640496751
2037-05-11,Bond,0.19679679762133603
2037-05-12,Bond,0.19927433242397483
2037-05-13,Bond,0.2000000867216157
2037-05-14,Bond,0.1992923422173013
2037-05-15,Bond,0.1951296332541786
2037-05-16,Bond,0.19231120574717056
2037-05-17,Bond,0.19404149447720748
2037-05-18,Bond,0.19363609852427646
2037-05-19,Bond,0.19518847401040137
2037-05-20,Bond,0.1940072075571477
2037-05-21,Bond,0.19172236306653512
2037-05-22,Bond,0.19131834831025993
2037-05-23,Bond,0.19043346765870947
2037-05-24,Bond,0.18915241571517966
2037-05-25,Bond,0.18791777879710164
2037-05-26,Bond,0.18771194363974228
2037-05-27,Bond,0.18696356896736066
2037-05-28,Bond,0.18555057855036172
2037-05-29,Bond,0.18829338181786814
2037-05-30,Bond,0.18899431496614708
2037-05-31,Bond,0.18923734988138335
2037-06-01,Bond,0.189135272663185
2037-06-02,Bond,0.19015819290178212
2037-08-26,Equity,0.20001200152013926
2037-08-27,Equity,0.20109706901525554
2037-08-28,Equity,0.20340296083739304
2037-08-29,Equity,0.20304352620400376
2037-08-30,Equity,0.2050829435653118
2037-08-31,Equity,0.2052005139275246
2037-09-01,Equity,0.2062197665368645
2037-09-02,Equity,0.20522801566289958
2037-09-03,Equity,0.20481431259856403
2037-09-04,Equity,0.20658653233927984
2037-09-05,Equity,0.2033853325101471
2037-09-06,Equity,0.20452255390942928
2037-09-07,Equity,0.20514070076634067
2037-09-08,Equity,0.207862398824989
2037-09-09,Equity,0.20952386490064082
2037-09-10,Equity,0.20981692702416524
2037-09-11,Equity,0.20771607759540245
2037-09-12,Equity,0.2067622352671786
2037-09-13,Equity,0.20639030745492906
2037-09-14,Equity,0.208844851821944
2037-09-15,Equity,0.21017103377830373
2037-09-16,Bond,0.2000245342334013
2037-09-17,Bond,0.20049356892881096
2037-09-18,Bond,0.19849674889915442
2037-09-19,Bond,0.19875467903484145
2037-09-20,Bond,0.19914167006152167
2037-09-21,Bond,0.20096596428748983
2037-09-22,Bond,0.2021556528069276
2037-09-23,Bond,0.20410755662557817
2037-09-24,Bond,0.20248270975982127
2037-09-25,Bond,0.2008790669393002
2037-09-26,Bond,0.20140627133991026
2037-09-27,Bond,0.20323453547707604
2037-09-28,Bond,0.2029101653570553
2037-09-29,Bond,0.20171547157977024
2037-09-30,Bond,0.19914900225041676
2037-10-01,Bond,0.19972862523832607
2037-10-02,Bond,0.19954820826017455
2037-10-03,Bond,0.19885597497247323
2037-10-04,Bond,0.20030198566709212
2037-10-05,Bond,0.20016299324892659
2037-10-06,Bond,0.20016441313776573
2037-10-07,Equity,0.2000240994363167
2037-10-08,Equity,0.1985304520033438
2037-10-09,Equity,0.19780850930768942
2037-10-10,Equity,0.19838851669232205
2037-10-11,Equity,0.19858508565569832
2037-10-12,Equity,0.19957637633165637
2037-10-13,Equity,0.2006924894881933
2037-10-14,Equity,0.20283826918731265
2037-10-15,Equity,0.20283706486197461
2037-10-16,Equity,0.2047956811835345
2037-10-17,Equity,0.20427113027617358
2037-10-18,Equity,0.2055384108248928
2037-10-19,Equity,0.20737917582180357
2037-10-20,Equity,0.20922585309613778
2037-10-21,Equity,0.20682248405751583
2037-10-22,Equity,0.20171082195757165
2037-10-23,Equity,0.2026061132685701
2037-10-24,Equity,0.20261017728720895
2037-10-25,Equity,0.2030635933593929
2037-10-26,Equity,0.20321198233481472
2037-10-27,Equity,0.20266324967818222
2037-10-28,Equity,0.20000021538997265
2037-10-29,Equity,0.20054307598525942
2037-10-30,Equity,0.20037510115291493
2037-10-31,Equity,0.200421470854078
2037-11-01,Equity,0.2014118894611967
2037-11-02,Equity,0.20045787479830418
2037-11-03,Equity,0.198682006963714
2037-11-04,Equity,0.1968936158673558
2037-11-05,Equity,0.1960906779336742
2037-11-06,Equity,0.19844130432238036
2037-11-07,Equity,0.19865257502980666
2037-11-08,Equity,0.1975738564691087
2037-11-09,Equity,0.19789478035652175
2037-11-10,Equity,0.19624238049417475
2037-11-11,Equity,0.19594942760580633
2037-11-12,Equity,0.1953036020160396
2037-11-13,Equity,0.19323231670100552
2037-11-14,Equity,0.19494231075076207
2037-11-15,Equity,0.19435191267385885
2037-11-16,Equity,0.19429173932167054
2037-11-17,Equity,0.19538487333118093
2037-11-18,Bond,0.20002375914873213
2037-11-19,Bond,0.20152698698007385
2037-11-20,Bond,0.20424310478982968
2037-11-21,Bond,0.20554819530085186
2037-11-22,Bond,0.20487500853575435
2037-11-23,Bond,0.20310837840648796
2037-11-24,Bond,0.20397732146358455
2037-11-25,Bond,0.20351343681603268
2037-11-26,Bond,0.2045912190944336
2037-11-27,Bond,0.20376781602975602
2037-11-28,Bond,0.20226392246816394
2037-11-29,Bond,0.20187414820322028
2037-11-30,Bond,0.20268249278786987
2037-12-01,Bond,0.20288004045301564
2037-12-02,Bond,0.20156829660720818
2037-12-03,Bond,0.20448159266951726
2037-12-04,Bond,0.2042559936939339
2037-12-05,Bond,0.20060430942427354
2037-12-06,Bond,0.20210353608590914
2037-12-07,Bond,0.20208563077899191
2037-12-08,Bond,0.2018108088414037
2037-12-09,Equity,0.20002409315341557
2037-12-10,Equity,0.19866708922023316
2037-12-11,Equity,0.2006071517171734
2037-12-12,Equity,0.20167015645138991
2037-12-13,Equity,0.19939945098890274
2037-12-14,Equity,0.19942202145079735
2037-12-15,Equity,0.1972113582442938
2037-12-16,Equity,0.19594866737976085
2037-12-17,Equity,0.19740376903408072
2037-12-18,Equity,0.19349459781609862
2037-12-19,Equity,0.19513099917529778
2037-12-20,Equity,0.19572660429229305
2037-12-21,Equity,0.19560051358398953
2037-12-22,Equity,0.19698549013019684
2037-12-23,Equity,0.20129588251257008
2037-12-24,Equity,0.1991672862875848
2037-12-25,Equity,0.2018822007148466
2037-12-26,Equity,0.20344381885862375
2037-12-27,Equity,0.20230406804917353
2037-12-28,Equity,0.20315227970609614
2037-12-29,Equity,0.20135789825132988
2037-12-30,Equity,0.042109259616981004
2037-12-30,Bond,0.15790972356367866
2037-12-31,Equity,0.04115494456500691
2037-12-31,Bond,0.1603611659199552
2038-01-01,Equity,0.040668169718169715
2038-01-01,Bond,0.1595794159537713
2038-01-02,Equity,0.04081006584904032
2038-01-02,Bond,0.15970454096853365
2038-01-03,Equity,0.04087925819901419
2038-01-03,Bond,0.16203673735041355
2038-01-04,Equity,0.04104637349842226
2038-01-04,Bond,0.16227748776677373
2038-01-05,Equity,0.041183667099333326
2038-01-05,Bond,0.16454454230471124
2038-01-06,Equity,0.04125677007270021
2038-01-06,Bond,0.1640035150437077
2038-01-07,Equity,0.041483907746842165
2038-01-07,Bond,0.1648034606788084
2038-01-08,Equity,0.04190869439701278
2038-01-08,Bond,0.16480974035329077
2038-01-09,Equity,0.04190403700226114
2038-01-09,Bond,0.16685461614665228
2038-01-10,Equity,0.04174819332352282
2038-01-10,Bond,0.16652150877512242
2038-01-11,Equity,0.04175680502266353
2038-01-11,Bond,0.16519746768321059
2038-01-12,Equity,0.04145543503532436
2038-01-12,Bond,0.16461088139888042
2038-01-13,Equity,0.04182414420924746
2038-01-13,Bond,0.16397151401205656
2038-01-14,Equity,0.04122911080293084
2038-01-14,Bond,0.16319511758212707
2038-01-15,Equity,0.0412123285245897
2038-01-15,Bond,0.162267425515831
2038-01-16,Equity,0.04136211153862151
2038-01-16,Bond,0.16375958397379814
2038-01-17,Equity,0.04086460719400161
2038-01-17,Bond,0.16576604715657914
2038-01-18,Equity,0.04029392438072448
2038-01-18,Bond,0.16640308587936126
2038-01-19,Equity,0.03946397153547209
2038-01-19,Bond,0.16565769924286725
2038-01-20,Bond,0.20000447151054743
2038-01-21,Bond,0.1967083730987192
2038-01-22,Bond,0.19730902135434597
2038-01-23,Bond,0.1962299598570363
2038-01-24,Bond,0.1985606077679356
2038-01-25,Bond,0.19637666301675447
2038-01-26,Bond,0.19544353562390177
2038-01-27,Bond,0.19529331306512054
2038-01-28,Bond,0.19602547573170642
2038-01-29,Bond,0.19888248933457106
2038-01-30,Bond,0.19670801307566863
2038-01-31,Bond,0.1962313457472438
2038-02-01,Bond,0.19398853986371953
2038-02-02,Bond,0.1952266709119632
2038-02-03,Bond,0.19421231804430295
2038-02-04,Bond,0.19405070509740413
2038-02-05,Bond,0.19378143546909962
2038-02-06,Bond,0.19396317547040018
2038-02-07,Bond,0.1937189769641539
2038-02-08,Bond,0.19220580321907654
2038-02-09,Bond,0.19233765568808184
2038-03-24,Equity,0.20001200152013923
2038-03-25,Equity,0.2001148009330835
2038-03-26,Equity,0.19874923949323253
2038-03-27,Equity,0.19981657380330942
2038-03-28,Equity,0.2027888584788877
2038-03-29,Equity,0.20535044515874465
2038-03-30,Equity,0.2033820328619788
2038-03-31,Equity,0.20641147512607047
2038-04-01,Equity,0.20505947714917497
2038-04-02,Equity,0.20353042008494518
2038-04-03,Equity,0.2020981555779571
2038-04-04,Equity,0.20146834251822815
2038-04-05,Equity,0.19837700976078598
2038-04-06,Equity,0.1984608987902989
2038-04-07,Equity,0.19804833068423253
2038-04-08,Equity,0.1981142803732626
2038-04-09,Equity,0.19732749053459095
2038-04-10,Equity,0.194818084641668
2038-04-11,Equity,0.194409897180091
2038-04-12,Equity,0.19632836018538924
2038-04-13,Equity,0.1947393628589615
2038-04-14,Gold,0.025002950606362134
2038-04-14,Bond,0.17502065424453486
2038-04-15,Gold,0.025010019756643735
2038-04-15,Bond,0.17718914236172542
2038-04-16,Gold,0.0249186201123136
2038-04-16,Bond,0.1760045155950219
2038-04-17,Gold,0.025558922717057977
2038-04-17,Bond,0.17507691444938933
2038-04-18,Gold,0.0255713163693374
2038-04-18,Bond,0.17238936035499183
2038-04-19,Gold,0.02542574724487374
2038-04-19,Bond,0.17369055293385247
2038-04-20,Gold,0.02567862679101626
2038-04-20,Bond,0.1744856572471387
2038-04-21,Gold,0.02567086374217346
2038-04-21,Bond,0.17450166140727263
2038-04-22,Gold,0.02563287926271612
2038-04-22,Bond,0.17557141590248215
2038-04-23,Gold,0.025959033974741835
2038-04-23,Bond,0.17644406262548037
2038-04-24,Gold,0.026148005991498777
2038-04-24,Bond,0.17588244339252962
2038-04-25,Gold,0.026370642995041618
2038-04-25,Bond,0.17471424055216664
2038-04-26,Gold,0.026086615544901257
2038-04-26,Bond,0.1723189457146104
2038-04-27,Gold,0.026196583243334296
2038-04-27,Bond,0.17204766375605446
2038-04-28,Gold,0.025999417554295547
2038-04-28,Bond,0.17023694894938612
2038-04-29,Gold,0.025877272896046875
2038-04-29,Bond,0.17048696771385852
2038-04-30,Gold,0.02592867004724326
2038-04-30,Bond,0.17025247641887062
2038-05-01,Gold,0.025937244058821154
2038-05-01,Bond,0.16968688791767542
2038-05-02,Gold,0.026056536419545872
2038-05-02,Bond,0.171137376642588
2038-05-03,Gold,0.02629700071805862
2038-05-03,Bond,0.16970849063818327
2038-05-04,Gold,0.026597027472944092
2038-05-04,Bond,0.1670829858032348
2038-05-05,Gold,0.20002043617825915
2038-05-06,Gold,0.2038277865464769
2038-05-07,Gold,0.20378790236534053
2038-05-08,Gold,0.20576306077869763
2038-05-09,Gold,0.20168444310136538
2038-05-10,Gold,0.201257581081454
2038-05-11,Gold,0.19891973444327524
2038-05-12,Gold,0.19755070183862297
2038-05-13,Gold,0.19763085730613592
2038-05-14,Gold,0.19710057264674768
2038-05-15,Gold,0.19918830947789967
2038-05-16,Gold,0.20202509126285145
2038-05-17,Gold,0.20047093810975164
2038-05-18,Gold,0.1996902787735251
2038-05-19,Gold,0.19804755585751538
2038-05-20,Gold,0.19988982058508337
2038-05-21,Gold,0.20014430660742058
2038-05-22,Gold,0.20019606948403337
2038-05-23,Gold,0.2006968519306683
2038-05-24,Gold,0.20019814384714826
2038-05-25,Gold,0.19883029452244888
2038-05-26,Equity,0.13334395731477705
2038-05-26,Gold,0.06667197865738853
2038-05-27,Equity,0.13503047224228634
2038-05-27,Gold,0.06637841506854404
2038-05-28,Equity,0.13409623611954444
2038-05-28,Gold,0.0666633236349279
2038-05-29,Equity,0.13552275675155878
2038-05-29,Gold,0.06555787518451273
2038-05-30,Equity,0.13518160653584682
2038-05-30,Gold,0.06569678801104292
2038-05-31,Equity,0.13253330669404814
2038-05-31,Gold,0.0654794980026825
2038-06-01,Equity,0.13085365657618794
2038-06-01,Gold,0.06569811561384202
2038-06-02,Equity,0.1308161162607805
2038-06-02,Gold,0.06625277236011055
2038-06-03,Equity,0.1322581770635834
2038-06-03,Gold,0.06580377880934132
2038-06-04,Equity,0.13339857708912292
2038-06-04,Gold,0.06644781093569627
2038-06-05,Equity,0.13367369740908502
2038-06-05,Gold,0.0653668842733259
2038-06-06,Equity,0.13221827383316678
2038-06-06,Gold,0.0664174240620359
2038-06-07,Equity,0.130730483083566
2038-06-07,Gold,0.06729621772788433
2038-06-08,Equity,0.13128706103727997
2038-06-08,Gold,0.06670508733366584
2038-06-09,Equity,0.13131544973209058
2038-06-09,Gold,0.06616409315316986
2038-06-10,Equity,0.1325569854648381
2038-06-10,Gold,0.06516281192797274
2038-06-11,Equity,0.13209590321123166
2038-06-11,Gold,0.06575521764656378
2038-06-12,Equity,0.1312418892155047
2038-06-12,Gold,0.0656192025991495
2038-06-13,Equity,0.1309596545024563
2038-06-13,Gold,0.06539592208388907
2038-06-14,Equity,0.13104044669274575
2038-06-14,Gold,0.06471411483116142
2038-06-15,Equity,0.1285905379486729
2038-06-15,Gold,0.06599332891592577
2038-07-28,Equity,0.2000120015201392
2038-07-29,Equity,0.20137317284957748
2038-07-30,Equity,0.20218825804795587
2038-07-31,Equity,0.19897033654487212
2038-08-01,Equity,0.19871499969760062
2038-08-02,Equity,0.19857132264422198
2038-08-03,Equity,0.201836740923688
2038-08-04,Equity,0.20306285768413154
2038-08-05,Equity,0.2025924294942288
2038-08-06,Equity,0.20134700380544646
2038-08-07,Equity,0.2007943304307644
2038-08-08,Equity,0.1995001900131368
2038-08-09,Equity,0.20300421131230414
2038-08-10,Equity,0.20297950898510458
2038-08-11,Equity,0.20431717904375318
2038-08-12,Equity,0.20515624637594826
2038-08-13,Equity,0.2062302204619983
2038-08-14,Equity,0.20479233811353467
2038-08-15,Equity,0.2069787194034918
2038-08-16,Equity,0.2068337887263317
2038-08-17,Equity,0.2093060788299694
2038-08-18,Equity,0.2000006006469283
2038-08-19,Equity,0.20282174751957913
2038-08-20,Equity,0.20379410349303342
2038-08-21,Equity,0.20349309224284692
2038-08-22,Equity,0.2057808771627595
2038-08-23,Equity,0.2060070167363275
2038-08-24,Equity,0.20688854266113146
2038-08-25,Equity,0.20703503126461809
2038-08-26,Equity,0.20614837532676694
2038-08-27,Equity,0.2058876003461174
2038-08-28,Equity,0.20705356980218667
2038-08-29,Equity,0.20865424133338897
2038-08-30,Equity,0.20533908586468994
2038-08-31,Equity,0.2058622523882316
2038-09-01,Equity,0.20573492704815985
2038-09-02,Equity,0.20350502523505626
2038-09-03,Equity,0.20489850561848114
2038-09-04,Equity,0.20785749394223213
2038-09-05,Equity,0.2103076690913653
2038-09-06,Equity,0.2064587733055461
2038-09-07,Equity,0.20699096810436632
2038-09-08,Equity,0.2000003555730955
2038-09-09,Equity,0.19928415073227268
2038-09-10,Equity,0.1988820520242752
2038-09-11,Equity,0.1953644504065658
2038-09-12,Equity,0.1921492649362804
2038-09-13,Equity,0.19228154669634342
2038-09-14,Equity,0.1926665447704993
2038-09-15,Equity,0.19236283092841444
2038-09-16,Equity,0.19043027322673983
2038-09-17,Equity,0.18980812166329034
2038-09-18,Equity,0.1920409060337356
2038-09-19,Equity,0.19147866801406152
2038-09-20,Equity,0.19070147355297443
2038-09-21,Equity,0.19261769475090118
2038-09-22,Equity,0.1922823972694568
2038-09-23,Equity,0.19334139031519243
2038-09-24,Equity,0.19406115499810342
2038-09-25,Equity,0.19266947546112306
2038-09-26,Equity,0.19113314400624257
2038-09-27,Equity,0.18905792933950352
2038-09-28,Equity,0.1875147770367523
2038-10-20,Bond,0.2000120015201392
2038-10-21,Bond,0.2000539756926345
2038-10-22,Bond,0.19742146941773006
2038-10-23,Bond,0.19848120945586065
2038-10-24,Bond,0.1986180165866735
2038-10-25,Bond,0.19802376253531537
2038-10-26,Bond,0.195547130171157
2038-10-27,Bond,0.19460719473746774
2038-10-28,Bond,0.19542224985489842
2038-10-29,Bond,0.19535783959112352
2038-10-30,Bond,0.19723922911460146
2038-10-31,Bond,0.19903097467729478
2038-11-01,Bond,0.20076677876783766
2038-11-02,Bond,0.19990526634679637
2038-11-03,Bond,0.20037747678489137
2038-11-04,Bond,0.19883538903667305
2038-11-05,Bond,0.19683592841986455
2038-11-06,Bond,0.19871103532228163
2038-11-07,Bond,0.19682854466205776
2038-11-08,Bond,0.19479099269593514
2038-11-09,Bond,0.19495604081969545
2038-11-10,Equity,0.20002367471824423
2038-11-11,Equity,0.1979398039734157
2038-11-12,Equity,0.19392227854523358
2038-11-13,Equity,0.19478656123392615
2038-11-14,Equity,0.1951512845569258
2038-11-15,Equity,0.19574513300147836
2038-11-16,Equity,0.19611141930841783
2038-11-17,Equity,0.1943132761525798
2038-11-18,Equity,0.19401634683912075
2038-11-19,Equity,0.19353884189075057
2038-11-20,Equity,0.1934120331946475
2038-11-21,Equity,0.19478599884536613
2038-11-22,Equity,0.1938819823847051
2038-11-23,Equity,0.19208164440545403
2038-11-24,Equity,0.19416964258266242
2038-11-25,Equity,0.1930295694927373
2038-11-26,Equity,0.1948310590879251
2038-11-27,Equity,0.19822827198712295
2038-11-28,Equity,0.20063445670382227
2038-11-29,Equity,0.2017022946071182
2038-11-30,Equity,0.2013833730599544
2038-12-01,Equity,0.14458324494636354
2038-12-01,Gold,0.055423577229439344
2038-12-02,Equity,0.14452747833991006
2038-12-02,Gold,0.055604678097203236
2038-12-03,Equity,0.146266706695456
2038-12-03,Gold,0.055616995904214026
2038-12-04,Equity,0.14702039593355817
2038-12-04,Gold,0.055856940350891116
2038-12-05,Equity,0.1474891958808991
2038-12-05,Gold,0.05586598676412051
2038-12-06,Equity,0.14751272418837194
2038-12-06,Gold,0.0561077574271807
2038-12-07,Equity,0.14675399750872561
2038-12-07,Gold,0.05703779594233507
2038-12-08,Equity,0.14666203238419365
2038-12-08,Gold,0.05761073789305728
2038-12-09,Equity,0.14700019478597964
2038-12-09,Gold,0.05776988498379976
2038-12-10,Equity,0.1466354047271126
2038-12-10,Gold,0.05806723108517817
2038-12-11,Equity,0.14703418292606843
2038-12-11,Gold,0.05787862644583526
2038-12-12,Equity,0.14828822013256976
2038-12-12,Gold,0.05770783359270771
2038-12-13,Equity,0.14859681471083064
2038-12-13,Gold,0.05795232645256252
2038-12-14,Equity,0.14791444862506237
2038-12-14,Gold,0.05804616670227602
2038-12-15,Equity,0.14440792731907937
2038-12-15,Gold,0.058717241822939296
2038-12-16,Equity,0.1458050859159525
2038-12-16,Gold,0.059316951332610335
2038-12-17,Equity,0.14567621077809825
2038-12-17,Gold,0.059269744167618724
2038-12-18,Equity,0.14609806955678012
2038-12-18,Gold,0.05814232247911983
2038-12-19,Equity,0.14660425062448132
2038-12-19,Gold,0.05921912102758638
2038-12-20,Equity,0.14734443700850794
2038-12-20,Gold,0.058809489379963026
2038-12-21,Equity,0.14828199903649225
2038-12-21,Gold,0.058851653460965714
2038-12-22,Equity,0.1402601530221494
2038-12-22,Gold,0.059740435546471043
2038-12-23,Equity,0.14105427428117723
2038-12-23,Gold,0.060472531875062255
2038-12-24,Equity,0.13716799949928626
2038-12-24,Gold,0.06177394147725726
2038-12-25,Equity,0.13766463729988831
2038-12-25,Gold,0.06153014407819314
2038-12-26,Equity,0.1378661425612402
2038-12-26,Gold,0.062198868935677616
2038-12-27,Equity,0.13754897998920104
2038-12-27,Gold,0.062336146816274515
2038-12-28,Equity,0.1378799517614987
2038-12-28,Gold,0.06391675357726542
2038-12-29,Equity,0.1378065645220838
2038-12-29,Gold,0.06457653120229175
2038-12-30,Equity,0.13714884385867918
2038-12-30,Gold,0.06451976946892707
2038-12-31,Equity,0.13868954264575772
2038-12-31,Gold,0.0639335725607838
2039-01-01,Equity,0.1393363402784814
2039-01-01,Gold,0.062349374100624
2039-01-02,Equity,0.1394844677129031
2039-01-02,Gold,0.06272988566524884
2039-01-03,Equity,0.13691505435388526
2039-01-03,Gold,0.06350796508525196
2039-01-04,Equity,0.13938390028449432
2039-01-04,Gold,0.06376503000885048
2039-01-05,Equity,0.13736678819733292
2039-01-05,Gold,0.0625356417206009
2039-01-06,Equity,0.1380970197229298
2039-01-06,Gold,0.06175755761105591
2039-01-07,Equity,0.13890653030662553
2039-01-07,Gold,0.061975531038764686
2039-01-08,Equity,0.14072838191751624
2039-01-08,Gold,0.06287704186755222
2039-01-09,Equity,0.1395743928285726
2039-01-09,Gold,0.06292907446475533
2039-01-10,Equity,0.1385101706883858
2039-01-10,Gold,0.0636473192949799
2039-01-11,Equity,0.13955929375983672
2039-01-11,Gold,0.06296349864362236
2039-01-12,Equity,0.13333375850314413
2039-01-12,Gold,0.06666687925157207
2039-01-13,Equity,0.13533727785219027
2039-01-13,Gold,0.06634432627471942
2039-01-14,Equity,0.13650679717265665
2039-01-14,Gold,0.06698471229775818
2039-01-15,Equity,0.136157526031979
2039-01-15,Gold,0.06667887539203905
2039-01-16,Equity,0.13587371675572357
2039-01-16,Gold,0.0677403679828514
2039-01-17,Equity,0.13651736986006402
2039-01-17,Gold,0.06749819769574673
2039-01-18,Equity,0.1348226522804989
2039-01-18,Gold,0.06696668082314208
2039-01-19,Equity,0.13557200596906113
2039-01-19,Gold,0.06627176377365639
2039-01-20,Equity,0.13637207802198362
2039-01-20,Gold,0.06583091018863232
2039-01-21,Equity,0.13538771903880065
2039-01-21,Gold,0.06613190806406785
2039-01-22,Equity,0.13519298232251623
2039-01-22,Gold,0.06577514327615717
2039-01-23,Equity,0.13296405399249128
2039-01-23,Gold,0.06544649653306826
2039-01-24,Equity,0.1339603159805056
2039-01-24,Gold,0.06591110332166693
2039-01-25,Equity,0.1347264169496191
2039-01-25,Gold,0.06392546202089487
2039-01-26,Equity,0.13324712422912666
2039-01-26,Gold,0.06378028035716718
2039-01-27,Equity,0.13213944882017475
2039-01-27,Gold,0.06307689755682719
2039-01-28,Equity,0.13171374464718513
2039-01-28,Gold,0.06260143319402954
2039-01-29,Equity,0.1326678357992044
2039-01-29,Gold,0.06267422693645014
2039-01-30,Equity,0.13326657998978356
2039-01-30,Gold,0.06251181494335675
2039-01-31,Equity,0.13234415185541967
2039-01-31,Gold,0.062406940236429266
2039-02-01,Equity,0.1315660580976621
2039-02-01,Gold,0.0631559870478064
2039-02-23,Equity,0.04724692949294628
2039-02-23,Gold,0.020473669446943385
2039-02-23,Bond,0.13229140258024957
2039-02-24,Equity,0.04738528829005785
2039-02-24,Gold,0.020354744717100935
2039-02-24,Bond,0.13210804617531244
2039-02-25,Equity,0.04752765408270646
2039-02-25,Gold,0.0204161028845996
2039-02-25,Bond,0.13160295841007857
2039-02-26,Equity,0.04790098734591471
2039-02-26,Gold,0.020529372452793005
2039-02-26,Bond,0.13227532932108044
2039-02-27,Equity,0.047675786654087574
2039-02-27,Gold,0.020754366683705214
2039-02-27,Bond,0.13437456503406728
2039-02-28,Equity,0.048004501959537677
2039-02-28,Gold,0.020745103457284805
2039-02-28,Bond,0.13476022388556286
2039-03-01,Equity,0.04811227816545922
2039-03-01,Gold,0.020643296845506066
2039-03-01,Bond,0.1369667138884419
2039-03-02,Equity,0.048601795937142964
2039-03-02,Gold,0.020598194782065163
2039-03-02,Bond,0.13781974619553453
2039-03-03,Equity,0.048438178570373795
2039-03-03,Gold,0.020386224060518172
2039-03-03,Bond,0.13693200544856812
2039-03-04,Equity,0.04843699729157265
2039-03-04,Gold,0.020525913372189553
2039-03-04,Bond,0.13748218085664238
2039-03-05,Equity,0.04803277406510089
2039-03-05,Gold,0.0202324374076661
2039-03-05,Bond,0.13804326338443698
2039-03-06,Equity,0.04859274707397771
2039-03-06,Gold,0.020321709693318195
2039-03-06,Bond,0.13700264133840057
2039-03-07,Equity,0.04827820733721155
2039-03-07,Gold,0.020357188026038107
2039-03-07,Bond,0.13656784328514163
2039-03-08,Equity,0.04847442827383926
2039-03-08,Gold,0.02005864009871579
2039-03-08,Bond,0.13608526711522342
2039-03-09,Equity,0.048273365640191634
2039-03-09,Gold,0.019768722230721132
2039-03-09,Bond,0.1362735665356625
2039-03-10,Equity,0.04882716942001808
2039-03-10,Gold,0.01960058035092053
2039-03-10,Bond,0.13589181389979016
2039-03-11,Equity,0.0487854404124081
2039-03-11,Gold,0.019528014478916975
2039-03-11,Bond,0.13622065992640664
2039-03-12,Equity,0.049045386593068854
2039-03-12,Gold,0.019795560167319624
2039-03-12,Bond,0.1366449210529646
2039-03-13,Equity,0.04845889088350529
2039-03-13,Gold,0.01975009730894223
2039-03-13,Bond,0.13822330367002186
2039-03-14,Equity,0.04812681495667488
2039-03-14,Gold,0.01984712189268522
2039-03-14,Bond,0.13890602618984574
2039-03-15,Equity,0.04844046958159218
2039-03-15,Gold,0.020108663667591883
2039-03-15,Bond,0.13799313238393532
2039-03-16,Equity,0.0471546546354705
2039-03-16,Gold,0.021951304744098347
2039-03-16,Bond,0.13089481717777154
2039-03-17,Equity,0.04743468288235406
2039-03-17,Gold,0.02196425152077405
2039-03-17,Bond,0.13007349340777172
2039-03-18,Equity,0.0485550057261938
2039-03-18,Gold,0.021799231707333246
2039-03-18,Bond,0.12950732964737208
2039-03-19,Equity,0.04887871066707844
2039-03-19,Gold,0.021880440625422114
2039-03-19,Bond,0.1301180715534115
2039-03-20,Equity,0.04870726424186384
2039-03-20,Gold,0.0216512554453803
2039-03-20,Bond,0.1334492587629886
2039-03-21,Equity,0.04851345085327594
2039-03-21,Gold,0.022030643770681632
2039-03-21,Bond,0.13388216819075216
2039-03-22,Equity,0.049391899172264386
2039-03-22,Gold,0.02221764990069566
2039-03-22,Bond,0.13299597947566635
2039-03-23,Equity,0.049877898943132645
2039-03-23,Gold,0.022302328070726046
2039-03-23,Bond,0.1310583610591363
2039-03-24,Equity,0.04973878273292813
2039-03-24,Gold,0.022469953821147484
2039-03-24,Bond,0.12914628162866162
2039-03-25,Equity,0.04942560091465605
2039-03-25,Gold,0.022516183756213195
2039-03-25,Bond,0.12919562682201366
2039-03-26,Equity,0.04908410359805249
2039-03-26,Gold,0.022426765184285456
2039-03-26,Bond,0.12986290119847188
2039-03-27,Equity,0.04940817599635129
2039-03-27,Gold,0.022571981768221058
2039-03-27,Bond,0.12822022940088657
2039-03-28,Equity,0.048688789796618184
2039-03-28,Gold,0.022528808317017427
2039-03-28,Bond,0.12857127710360436
2039-03-29,Equity,0.048512713963755574
2039-03-29,Gold,0.023003543114582182
2039-03-29,Bond,0.12708221309044904
2039-03-30,Equity,0.048714925506519215
2039-03-30,Gold,0.022871818120246547
2039-03-30,Bond,0.1260620769989679
2039-03-31,Equity,0.04868315010498917
2039-03-31,Gold,0.02296714856599037
2039-03-31,Bond,0.12674324383111552
2039-04-01,Equity,0.04852737391593195
2039-04-01,Gold,0.022818751080002905
2039-04-01,Bond,0.12596852581668005
2039-04-02,Equity,0.048776991747524784
2039-04-02,Gold,0.02259736704556334
2039-04-02,Bond,0.1273979080460209
2039-04-03,Equity,0.04915413043621764
2039-04-03,Gold,0.022215218711736318
2039-04-03,Bond,0.12675760303161904
2039-04-04,Equity,0.04897930033559063
2039-04-04,Gold,0.02227564361379129
2039-04-04,Bond,0.12799261641713228
2039-04-05,Equity,0.0485955641217863
2039-04-05,Gold,0.022100891861924304
2039-04-05,Bond,0.1305914157660388
2039-04-06,Equity,0.04462820361940724
2039-04-06,Gold,0.02234855604452231
2039-04-06,Bond,0.13305816264304748
2039-04-07,Equity,0.044408929558031
2039-04-07,Gold,0.022366323689540505
2039-04-07,Bond,0.1359256964736435
2039-04-08,Equity,0.04441260392228335
2039-04-08,Gold,0.022398207217038505
2039-04-08,Bond,0.13593617869751812
2039-04-09,Equity,0.04479846797145571
2039-04-09,Gold,0.022102663164588338
2039-04-09,Bond,0.135190108882693
2039-04-10,Equity,0.044342066618556955
2039-04-10,Gold,0.02224923266485246
2039-04-10,Bond,0.13489301088206535
2039-04-11,Equity,0.044153442071302874
2039-04-11,Gold,0.022122731404049256
2039-04-11,Bond,0.13447349135222209
2039-04-12,Equity,0.04397381053373309
2039-04-12,Gold,0.0217760296511137
2039-04-12,Bond,0.13617182897232147
2039-04-13,Equity,0.044697717793301124
2039-04-13,Gold,0.02181006725787027
2039-04-13,Bond,0.13760023483943112
2039-04-14,Equity,0.04409812077299712
2039-04-14,Gold,0.021516272864270155
2039-04-14,Bond,0.13927259143114915
2039-04-15,Equity,0.04421407529500465
2039-04-15,Gold,0.02111801554290596
2039-04-15,Bond,0.13778123686037702
2039-04-16,Equity,0.04381739341533474
2039-04-16,Gold,0.021390594719404892
2039-04-16,Bond,0.13802208415909992
2039-04-17,Equity,0.04489570749943671
2039-04-17,Gold,0.02129693526047883
2039-04-17,Bond,0.13606543788999373
2039-04-18,Equity,0.04496464969717461
2039-04-18,Gold,0.0209049204040455
2039-04-18,Bond,0.13729242997113247
2039-04-19,Equity,0.04459560839883063
2039-04-19,Gold,0.02073138395868614
2039-04-19,Bond,0.1368063865512288
2039-04-20,Equity,0.04387578690100817
2039-04-20,Gold,0.02058628715689043
2039-04-20,Bond,0.1375220796738912
2039-04-21,Equity,0.04415317811813662
2039-04-21,Gold,0.020826988194349493
2039-04-21,Bond,0.13685857571082097
2039-04-22,Equity,0.04435563653530723
2039-04-22,Gold,0.020537729571169703
2039-04-22,Bond,0.13483249808214356
2039-04-23,Equity,0.044584635090232375
2039-04-23,Gold,0.020240121056424615
2039-04-23,Bond,0.13586707422776326
2039-04-24,Equity,0.0440910719513364
2039-04-24,Gold,0.02041775073629483
2039-04-24,Bond,0.1370347749119141
2039-04-25,Equity,0.04488077729825584
2039-04-25,Gold,0.020307225828393848
2039-04-25,Bond,0.13709825553943952
2039-04-26,Equity,0.04504282367037915
2039-04-26,Gold,0.020410335391517875
2039-04-26,Bond,0.13460828461352425
2039-04-27,Equity,0.04705938303371648
2039-04-27,Bond,0.15294299485957857
2039-04-28,Equity,0.047393223580158336
2039-04-28,Bond,0.15194507993998405
2039-04-29,Equity,0.04740230035625901
2039-04-29,Bond,0.15260450205398038
2039-04-30,Equity,0.048031172830791426
2039-04-30,Bond,0.15187647542879368
2039-05-01,Equity,0.04781757219005484
2039-05-01,Bond,0.1514158783345805
2039-05-02,Equity,0.04824877758731434
2039-05-02,Bond,0.151981751319358
2039-05-03,Equity,0.04892541893278257
2039-05-03,Bond,0.15082897390729375
2039-05-04,Equity,0.0494224552976747
2039-05-04,Bond,0.1505388430933421
2039-05-05,Equity,0.05006220533259032
2039-05-05,Bond,0.15108387290701739
2039-05-06,Equity,0.049551996294287394
2039-05-06,Bond,0.15393945593666117
2039-05-07,Equity,0.049792126526568205
2039-05-07,Bond,0.15380454129894156
2039-05-08,Equity,0.04992527145033679
2039-05-08,Bond,0.15486809027401896
2039-05-09,Equity,0.05005110765549533
2039-05-09,Bond,0.1533348301659718
2039-05-10,Equity,0.05021846720349877
2039-05-10,Bond,0.15549898697026057
2039-05-11,Equity,0.050860919787524154
2039-05-11,Bond,0.1543465888144274
2039-05-12,Equity,0.05052364167310632
2039-05-12,Bond,0.15423059784081722
2039-05-13,Equity,0.04990823845826844
2039-05-13,Bond,0.15499250787161759
2039-05-14,Equity,0.04987117192632434
2039-05-14,Bond,0.15398956072665243
2039-05-15,Equity,0.04862552856092947
2039-05-15,Bond,0.1555930986898352
2039-05-16,Equity,0.048643369551218264
2039-05-16,Bond,0.15473079442014878
2039-05-17,Equity,0.04924574765634511
2039-05-17,Bond,0.15571135501162486
2039-05-18,Equity,0.03561693871021352
2039-05-18,Gold,0.020548233871277032
2039-05-18,Bond,0.14383763709893915
2039-05-19,Equity,0.035428521919575184
2039-05-19,Gold,0.02096654119801142
2039-05-19,Bond,0.14450905348328963
2039-05-20,Equity,0.035005785405216976
2039-05-20,Gold,0.020963165635412027
2039-05-20,Bond,0.14544379955334916
2039-05-21,Equity,0.03501024170863187
2039-05-21,Gold,0.020862982109949083
2039-05-21,Bond,0.1486000809230872
2039-05-22,Equity,0.03519272324570682
2039-05-22,Gold,0.02116459079963895
2039-05-22,Bond,0.14904592520561918
2039-05-23,Equity,0.03519524550863963
2039-05-23,Gold,0.021132837414850298
2039-05-23,Bond,0.1491884515317219
2039-05-24,Equity,0.03493937636518546
2039-05-24,Gold,0.02130922872801453
2039-05-24,Bond,0.14962385543599524
2039-05-25,Equity,0.03493526673097393
2039-05-25,Gold,0.02130760043093276
2039-05-25,Bond,0.15123236081693037
2039-05-26,Equity,0.03522239833649908
2039-05-26,Gold,0.021414886918194338
2039-05-26,Bond,0.15414950834267924
2039-05-27,Equity,0.035529550570285645
2039-05-27,Gold,0.021566184255469596
2039-05-27,Bond,0.1538601446683526
2039-05-28,Equity,0.03544300226404068
2039-05-28,Gold,0.021514458120315303
2039-05-28,Bond,0.15271142077259253
2039-05-29,Equity,0.035283202269372656
2039-05-29,Gold,0.02109440774050961
2039-05-29,Bond,0.154299946363016
2039-05-30,Equity,0.03524966809284438
2039-05-30,Gold,0.02079754995018778
2039-05-30,Bond,0.1526020934186244
2039-05-31,Equity,0.03541631172834218
2039-05-31,Gold,0.02041446101097636
2039-05-31,Bond,0.15296720387928367
2039-06-01,Equity,0.034931600369915605
2039-06-01,Gold,0.020396626433051773
2039-06-01,Bond,0.153439715285394
2039-06-02,Equity,0.03513745453084856
2039-06-02,Gold,0.01993131556222733
2039-06-02,Bond,0.15334392351341755
2039-06-03,Equity,0.034958080356734665
2039-06-03,Gold,0.01990534485987062
2039-06-03,Bond,0.15331488933850818
2039-06-04,Equity,0.03495571658130554
2039-06-04,Gold,0.019983518125043908
2039-06-04,Bond,0.15119204585619567
2039-06-05,Equity,0.034749526267831655
2039-06-05,Gold,0.02018340646609931
2039-06-05,Bond,0.15009354635801408
2039-06-06,Equity,0.034942715965331786
2039-06-06,Gold,0.020249618186805676
2039-06-06,Bond,0.1512389425767015
2039-06-07,Equity,0.034843495736439675
2039-06-07,Gold,0.020496179103747358
2039-06-07,Bond,0.14864070140525779
2039-06-08,Gold,0.023232778821760242
2039-06-08,Bond,0.17677114320904536
2039-06-09,Gold,0.023172254881292747
2039-06-09,Bond,0.1763299872771458
2039-06-10,Gold,0.023229081746093845
2039-06-10,Bond,0.17345912392468094
2039-06-11,Gold,0.022968617223675745
2039-06-11,Bond,0.17593348143705778
2039-06-12,Gold,0.02306144207323666
2039-06-12,Bond,0.1744356078244371
2039-06-13,Gold,0.022685423345136745
2039-06-13,Bond,0.17529099347553992
2039-06-14,Gold,0.022941786341637682
2039-06-14,Bond,0.1745716896482001
2039-06-15,Gold,0.022761774028644294
2039-06-15,Bond,0.17339554980479038
2039-06-16,Gold,0.022805340176276858
2039-06-16,Bond,0.17305151355137488
2039-06-17,Gold,0.02289118274893305
2039-06-17,Bond,0.17252947113651948
2039-06-18,Gold,0.023160151395210743
2039-06-18,Bond,0.1722169278718277
2039-06-19,Gold,0.02281365170062586
2039-06-19,Bond,0.1711641320014056
2039-06-20,Gold,0.02278054959501919
2039-06-20,Bond,0.16974302012608974
2039-06-21,Gold,0.022864101530356052
2039-06-21,Bond,0.1711418441801289
2039-06-22,Gold,0.02325834970008849
2039-06-22,Bond,0.17108258010626673
2039-06-23,Gold,0.02325192925100672
2039-06-23,Bond,0.17099860863182195
2039-06-24,Gold,0.023152469508325103
2039-06-24,Bond,0.16976199696002717
2039-06-25,Gold,0.02355194426296279
2039-06-25,Bond,0.17191126906253862
2039-06-26,Gold,0.023740784596980584
2039-06-26,Bond,0.1717542431017587
2039-06-27,Gold,0.024139075247845383
2039-06-27,Bond,0.16901858514068907
2039-06-28,Gold,0.023844650438634478
2039-06-28,Bond,0.16945549207730648
2039-06-29,Gold,0.20002066403368027
2039-06-30,Gold,0.19829284119919038
2039-07-01,Gold,0.19622634231757582
2039-07-02,Gold,0.1971457151471615
2039-07-03,Gold,0.19817949169806862
2039-07-04,Gold,0.19741466779922257
2039-07-05,Gold,0.19969345323765883
2039-07-06,Gold,0.1991043541661447
2039-07-07,Gold,0.19867418726601005
2039-07-08,Gold,0.19861681877400458
2039-07-09,Gold,0.19823041429367697
2039-07-10,Gold,0.20026825929419734
2039-07-11,Gold,0.1986050660815026
2039-07-12,Gold,0.19740717435766686
2039-07-13,Gold,0.1955263399201915
2039-07-14,Gold,0.19850603287890248
2039-07-15,Gold,0.19799022326058963
2039-07-16,Gold,0.196772726871206
2039-07-17,Gold,0.19631902339325524
2039-07-18,Gold,0.19766210092974723
2039-07-19,Gold,0.19871689140113216
2039-07-20,Gold,0.023425889859906023
2039-07-20,Bond,0.1765951697131376
2039-07-21,Gold,0.02330109670369437
2039-07-21,Bond,0.1777956306963727
2039-07-22,Gold,0.022997240213563107
2039-07-22,Bond,0.17695744296053964
2039-07-23,Gold,0.023008246299317806
2039-07-23,Bond,0.17767315963927868
2039-07-24,Gold,0.02321872828235411
2039-07-24,Bond,0.18042795461028588
2039-07-25,Gold,0.02319507622730662
2039-07-25,Bond,0.17662105062246058
2039-07-26,Gold,0.023315086526419893
2039-07-26,Bond,0.1774586977364152
2039-07-27,Gold,0.02312839294097397
2039-07-27,Bond,0.17941652297242414
2039-07-28,Gold,0.02294572887314909
2039-07-28,Bond,0.1771813858001149
2039-07-29,Gold,0.02312815672746678
2039-07-29,Bond,0.1761056655900211
2039-07-30,Gold,0.023680924838357265
2039-07-30,Bond,0.17543870822089716
2039-07-31,Gold,0.02383734211719728
2039-07-31,Bond,0.17436135282072815
2039-08-01,Gold,0.023774503831935724
2039-08-01,Bond,0.17322142729293372
2039-08-02,Gold,0.023708916045455365
2039-08-02,Bond,0.17269972209915993
2039-08-03,Gold,0.024119261458964213
2039-08-03,Bond,0.17384064402378432
2039-08-04,Gold,0.024128760345783467
2039-08-04,Bond,0.17597457353678772
2039-08-05,Gold,0.02389392779432607
2039-08-05,Bond,0.17790417671516445
2039-08-06,Gold,0.023837064352110294
2039-08-06,Bond,0.17936496969273286
2039-08-07,Gold,0.023808221423940908
2039-08-07,Bond,0.18206826099106999
2039-08-08,Gold,0.023828498625000534
2039-08-08,Bond,0.18509221181329105
2039-08-09,Gold,0.024175319244428305
2039-08-09,Bond,0.18527557427503824
2039-08-10,Gold,0.025000097301989797
2039-08-10,Bond,0.17500068111392864
2039-08-11,Gold,0.025029856537382836
2039-08-11,Bond,0.17560485468279746
2039-08-12,Gold,0.025029226390182072
2039-08-12,Bond,0.17529385070672548
2039-08-13,Gold,0.02512823128044895
2039-08-13,Bond,0.17520451289464142
2039-08-14,Gold,0.024935197167629385
2039-08-14,Bond,0.1766993721685677
2039-08-15,Gold,0.025109096136424505
2039-08-15,Bond,0.1787977850094373
2039-08-16,Gold,0.025033279720332566
2039-08-16,Bond,0.17966081071438528
2039-08-17,Gold,0.02517124422523135
2039-08-17,Bond,0.17905578560259722
2039-08-18,Gold,0.025617461511525948
2039-08-18,Bond,0.17825980275463701
2039-08-19,Gold,0.025840380803189445
2039-08-19,Bond,0.1755362104870341
2039-08-20,Gold,0.025882091724298475
2039-08-20,Bond,0.17604867730723753
2039-08-21,Gold,0.025738673454480547
2039-08-21,Bond,0.17649749913691634
2039-08-22,Gold,0.025766363332320956
2039-08-22,Bond,0.1749878082148921
2039-08-23,Gold,0.02546158278490606
2039-08-23,Bond,0.17572297047329855
2039-08-24,Gold,0.025573671438259067
2039-08-24,Bond,0.17636093459040905
2039-08-25,Gold,0.025112408938490757
2039-08-25,Bond,0.17431044760288444
2039-08-26,Gold,0.02536478462610438
2039-08-26,Bond,0.17380536160733548
2039-08-27,Gold,0.025483457721988796
2039-08-27,Bond,0.17580535193775215
2039-08-28,Gold,0.025536187116936306
2039-08-28,Bond,0.1748853869358613
2039-08-29,Gold,0.025403101681465565
2039-08-29,Bond,0.17493459208297588
2039-08-30,Gold,0.02539194326722183
2039-08-30,Bond,0.17516702744758014
2039-08-31,Equity,0.03750084562474601
2039-08-31,Gold,0.02031295804673743
2039-08-31,Bond,0.1421907063271619
2039-09-01,Equity,0.03750366261819366
2039-09-01,Gold,0.020456471513265774
2039-09-01,Bond,0.14300197929097502
2039-09-02,Equity,0.03714841966878553
2039-09-02,Gold,0.02040275132244624
2039-09-02,Bond,0.14420262181005555
2039-09-03,Equity,0.036380782686592866
2039-09-03,Gold,0.020684653025154837
2039-09-03,Bond,0.14582907061717326
2039-09-04,Equity,0.03647970962391766
2039-09-04,Gold,0.020771850262983248
2039-09-04,Bond,0.14541431260458035
2039-09-05,Equity,0.03645347346087108
2039-09-05,Gold,0.020803016390866784
2039-09-05,Bond,0.1460589930823622
2039-09-06,Equity,0.03592333059561533
2039-09-06,Gold,0.020869594743428865
2039-09-06,Bond,0.14717093311921364
2039-09-07,Equity,0.035723626236187245
2039-09-07,Gold,0.020679359490569704
2039-09-07,Bond,0.14708479645626432
2039-09-08,Equity,0.03528283778998709
2039-09-08,Gold,0.02062024561662948
2039-09-08,Bond,0.14627156118721735
2039-09-09,Equity,0.035401103192333395
2039-09-09,Gold,0.020640063646308663
2039-09-09,Bond,0.14642770550250436
2039-09-10,Equity,0.03542545427640866
2039-09-10,Gold,0.02059740285975248
2039-09-10,Bond,0.14568272272948016
2039-09-11,Equity,0.03552138214187306
2039-09-11,Gold,0.02050120668940117
2039-09-11,Bond,0.1448172674306046
2039-09-12,Equity,0.035690584770218775
2039-09-12,Gold,0.020434270470209414
2039-09-12,Bond,0.1450716407280668
2039-09-13,Equity,0.03607931450168748
2039-09-13,Gold,0.020440643338756625
2039-09-13,Bond,0.1447799574587218
2039-09-14,Equity,0.03611476698408773
2039-09-14,Gold,0.02090346336636416
2039-09-14,Bond,0.14491863811970165
2039-09-15,Equity,0.03641320520021717
2039-09-15,Gold,0.020878894655471034
2039-09-15,Bond,0.14298476462380708
2039-09-16,Equity,0.037071384918455616
2039-09-16,Gold,0.02073219647964839
2039-09-16,Bond,0.1426944970589402
2039-09-17,Equity,0.037538823227378254
2039-09-17,Gold,0.020759944238006228
2039-09-17,Bond,0.1399056261669199
2039-09-18,Equity,0.03766071352443939
2039-09-18,Gold,0.021096366946978157
2039-09-18,Bond,0.13859734303482485
2039-09-19,Equity,0.03770959395952506
2039-09-19,Gold,0.021425063680227625
2039-09-19,Bond,0.13843671052962192
2039-09-20,Equity,0.03733100361834616
2039-09-20,Gold,0.02180750345820549
2039-09-20,Bond,0.13987458106750783
2039-09-21,Equity,0.12308732420284332
2039-09-21,Gold,0.07692957762677709
2039-09-22,Equity,0.12292000449616354
2039-09-22,Gold,0.07739580904588139
2039-09-23,Equity,0.12263848540747933
2039-09-23,Gold,0.07668264836731407
2039-09-24,Equity,0.12471536728687684
2039-09-24,Gold,0.07625473146509702
2039-09-25,Equity,0.12522879755190888
2039-09-25,Gold,0.07543779359744224
2039-09-26,Equity,0.12550255482760522
2039-09-26,Gold,0.07574095062133297
2039-09-27,Equity,0.12679211948124394
2039-09-27,Gold,0.07565579970094442
2039-09-28,Equity,0.1269731868858898
2039-09-28,Gold,0.07579652462967118
2039-09-29,Equity,0.12674870203756972
2039-09-29,Gold,0.07523219667588099
2039-09-30,Equity,0.12695333947660412
2039-09-30,Gold,0.07580134636859527
2039-10-01,Equity,0.12763453594900642
2039-10-01,Gold,0.07409383070427056
2039-10-02,Equity,0.1292257537860062
2039-10-02,Gold,0.07378829468438595
2039-10-03,Equity,0.12771598916692006
2039-10-03,Gold,0.07384411424367775
2039-10-04,Equity,0.1270826468270289
2039-10-04,Gold,0.07254171347138723
2039-10-05,Equity,0.1269663304136779
2039-10-05,Gold,0.07280731977026653
2039-10-06,Equity,0.12802496189978096
2039-10-06,Gold,0.07260362924391435
2039-10-07,Equity,0.12885378770447312
2039-10-07,Gold,0.07290860736610191
2039-10-08,Equity,0.1287858057963384
2039-10-08,Gold,0.07426159235666195
2039-10-09,Equity,0.12990246967713182
2039-10-09,Gold,0.07438694509388198
2039-10-10,Equity,0.12904879343204287
2039-10-10,Gold,0.07512492947948243
2039-10-11,Equity,0.13104386815470465
2039-10-11,Gold,0.07590404457447049
2039-10-12,Gold,0.2000152239333178
2039-10-13,Gold,0.19863334197656915
2039-10-14,Gold,0.19603545355496446
2039-10-15,Gold,0.1966261657614073
2039-10-16,Gold,0.1959946688825898
2039-10-17,Gold,0.19802527315814028
2039-10-18,Gold,0.19727180651405915
2039-10-19,Gold,0.1972491514570261
2039-10-20,Gold,0.19542038906672646
2039-10-21,Gold,0.1948803427151928
2039-10-22,Gold,0.19340527017169132
2039-10-23,Gold,0.1920803577789516
2039-10-24,Gold,0.19199841105613594
2039-10-25,Gold,0.19105862837500087
2039-10-26,Gold,0.19515529391441092
2039-10-27,Gold,0.1964715768535297
2039-10-28,Gold,0.19818954229435207
2039-10-29,Gold,0.19801338071304525
2039-10-30,Gold,0.19818137312332348
2039-10-31,Gold,0.19749961124947224
2039-11-01,Gold,0.2016921275455125
2039-11-02,Gold,0.2000000910079862
2039-11-03,Gold,0.1990358385132632
2039-11-04,Gold,0.19783652791696318
2039-11-05,Gold,0.19836925846053846
2039-11-06,Gold,0.20063864094988332
2039-11-07,Gold,0.20238761060293392
2039-11-08,Gold,0.20116944603096004
2039-11-09,Gold,0.19991739599694125
2039-11-10,Gold,0.20191826486743633
2039-11-11,Gold,0.2053258026364439
2039-11-12,Gold,0.20508930731686348
2039-11-13,Gold,0.20706343842387134
2039-11-14,Gold,0.20466663169574625
2039-11-15,Gold,0.20329697789887854
2039-11-16,Gold,0.20166665620667182
2039-11-17,Gold,0.20233112514462326
2039-11-18,Gold,0.2020424238265442
2039-11-19,Gold,0.20242655216752106
2039-11-20,Gold,0.2044019572979992
2039-11-21,Gold,0.20334181734199047
2039-11-22,Gold,0.203494122919831
2039-11-23,Gold,0.02193217661896076
2039-11-23,Bond,0.17808927414596126
2039-11-24,Gold,0.02217345389721285
2039-11-24,Bond,0.17840527949277057
2039-11-25,Gold,0.02251564023058078
2039-11-25,Bond,0.17457783624702564
2039-11-26,Gold,0.022548987491555324
2039-11-26,Bond,0.17625999543114268
2039-11-27,Gold,0.022541960890878114
2039-11-27,Bond,0.17747672710458856
2039-11-28,Gold,0.022347117032178274
2039-11-28,Bond,0.18053811629104563
2039-11-29,Gold,0.02206322560622671
2039-11-29,Bond,0.17988852330944957
2039-11-30,Gold,0.02220217215678378
2039-11-30,Bond,0.17717372874765458
2039-12-01,Gold,0.022374077580168506
2039-12-01,Bond,0.1768809994350473
2039-12-02,Gold,0.022801618450284358
2039-12-02,Bond,0.1774659490947768
2039-12-03,Gold,0.02273188808339608
2039-12-03,Bond,0.1768374666120521
2039-12-04,Gold,0.022736455046101472
2039-12-04,Bond,0.17883222018094994
2039-12-05,Gold,0.023012462425992034
2039-12-05,Bond,0.17781949098150152
2039-12-06,Gold,0.02327536840330804
2039-12-06,Bond,0.17762498387666875
2039-12-07,Gold,0.023144379051889673
2039-12-07,Bond,0.17729155842600294
2039-12-08,Gold,0.022966794722406782
2039-12-08,Bond,0.18138608543436313
2039-12-09,Gold,0.022886698091808263
2039-12-09,Bond,0.18006627282856322
2039-12-10,Gold,0.02266199027723076
2039-12-10,Bond,0.18096686304273552
2039-12-11,Gold,0.023040009614276703
2039-12-11,Bond,0.17913296250761157
2039-12-12,Gold,0.02303995120636832
2039-12-12,Bond,0.1796352330479219
2039-12-13,Gold,0.02306259988824945
2039-12-13,Bond,0.17823602043694958
2039-12-14,Gold,0.026605584247037142
2039-12-14,Bond,0.1733950145755179
2039-12-15,Gold,0.02657747070877227
2039-12-15,Bond,0.17469799541868958
2039-12-16,Gold,0.026507769649304357
2039-12-16,Bond,0.17510008280895614
2039-12-17,Gold,0.026375785625428295
2039-12-17,Bond,0.1731342810793221
2039-12-18,Gold,0.026783210636979887
2039-12-18,Bond,0.17298614098207504
2039-12-19,Gold,0.026648965953375965
2039-12-19,Bond,0.1725777661905042
2039-12-20,Gold,0.026370704606271937
2039-12-20,Bond,0.17380958724596424
2039-12-21,Gold,0.02639124183215564
2039-12-21,Bond,0.17252109736130655
2039-12-22,Gold,0.026897432097330098
2039-12-22,Bond,0.17407628276359569
2039-12-23,Gold,0.026638141616563766
2039-12-23,Bond,0.1755100799151133
2039-12-24,Gold,0.026887155547880837
2039-12-24,Bond,0.17349710524040388
2039-12-25,Gold,0.026832992784452538
2039-12-25,Bond,0.17319389041482364
2039-12-26,Gold,0.0268993842136306
2039-12-26,Bond,0.17310900518161784
2039-12-27,Gold,0.02709442038488538
2039-12-27,Bond,0.17451026685316048
2039-12-28,Gold,0.02667665195774749
2039-12-28,Bond,0.17360336134049772
2039-12-29,Gold,0.026435362010194717
2039-12-29,Bond,0.17394279433912957
2039-12-30,Gold,0.026618904048984274
2039-12-30,Bond,0.17548542520510338
2039-12-31,Gold,0.026632407823761618
2039-12-31,Bond,0.17584472231192236
2040-01-01,Gold,0.026774019491471755
2040-01-01,Bond,0.17315940251364045
2040-01-02,Gold,0.026983055682298706
2040-01-02,Bond,0.17241953002284385
2040-01-03,Gold,0.026708631769746815
2040-01-03,Bond,0.1737550715323115
2040-01-04,Equity,0.035461766295741395
2040-01-04,Gold,0.020567824451530013
2040-01-04,Bond,0.14397477116071003
2040-01-05,Equity,0.035837759306955486
2040-01-05,Gold,0.020794435893131444
2040-01-05,Bond,0.14116139072743333
2040-01-06,Equity,0.03587883561031159
2040-01-06,Gold,0.02083596169548449
2040-01-06,Bond,0.14139014179162612
2040-01-07,Equity,0.0354440287548985
2040-01-07,Gold,0.020911900923820993
2040-01-07,Bond,0.14258520606675498
2040-01-08,Equity,0.03468284946761392
2040-01-08,Gold,0.021151370197803256
2040-01-08,Bond,0.14331794223342925
2040-01-09,Equity,0.034696242068116584
2040-01-09,Gold,0.021008119154912255
2040-01-09,Bond,0.1441340798323677
2040-01-10,Equity,0.0348565595283063
2040-01-10,Gold,0.021075390443617753
2040-01-10,Bond,0.14663560196204395
2040-01-11,Equity,0.033941165342324775
2040-01-11,Gold,0.02145975699346091
2040-01-11,Bond,0.1466642396975649
2040-01-12,Equity,0.03353863141983189
2040-01-12,Gold,0.02159358493446572
2040-01-12,Bond,0.14708405953409404
2040-01-13,Equity,0.03325804829982383
2040-01-13,Gold,0.021583657869371626
2040-01-13,Bond,0.1459659544013631
2040-01-14,Equity,0.033211639838330344
2040-01-14,Gold,0.0221004557198782
2040-01-14,Bond,0.14511208129141792
2040-01-15,Equity,0.03325909457941598
2040-01-15,Gold,0.02216029158359617
2040-01-15,Bond,0.14468837931881437
2040-01-16,Equity,0.03355668276264813
2040-01-16,Gold,0.022429595708515517
2040-01-16,Bond,0.14564511828407634
2040-01-17,Equity,0.03317166771687312
2040-01-17,Gold,0.022371439995919416
2040-01-17,Bond,0.1447945750054759
2040-01-18,Equity,0.03321452959858995
2040-01-18,Gold,0.0225630179400333
2040-01-18,Bond,0.14627834308116403
2040-01-19,Equity,0.03282826205103461
2040-01-19,Gold,0.022488884032764153
2040-01-19,Bond,0.14500276437021403
2040-01-20,Equity,0.03306150430874356
2040-01-20,Gold,0.022532912596366143
2040-01-20,Bond,0.14574680323938527
2040-01-21,Equity,0.03288582344832456
2040-01-21,Gold,0.022385156066955476
2040-01-21,Bond,0.1464786962299565
2040-01-22,Equity,0.03247625578982009
2040-01-22,Gold,0.02280542944487435
2040-01-22,Bond,0.1467959897920807
2040-01-23,Equity,0.03222049582596234
2040-01-23,Gold,0.022728131849535538
2040-01-23,Bond,0.1480731343607418
2040-01-24,Equity,0.031917486488857665
2040-01-24,Gold,0.022516059346282834
2040-01-24,Bond,0.14722846559350686
2040-01-25,Gold,0.02654917258222109
2040-01-25,Bond,0.17345459420384443
2040-01-26,Gold,0.02673278371138445
2040-01-26,Bond,0.17205315403096452
2040-01-27,Gold,0.02672544909116968
2040-01-27,Bond,0.17206721550810863
2040-01-28,Gold,0.026520178266461386
2040-01-28,Bond,0.17193364131422426
2040-01-29,Gold,0.02674975209933976
2040-01-29,Bond,0.17310862667333624
2040-01-30,Gold,0.027061381038821924
2040-01-30,Bond,0.1736042121620113
2040-01-31,Gold,0.026598895293426236
2040-01-31,Bond,0.17467268292041185
2040-02-01,Gold,0.02638183835156376
2040-02-01,Bond,0.17442920640946627
2040-02-02,Gold,0.02632225430032489
2040-02-02,Bond,0.17502151459811913
2040-02-03,Gold,0.02610293991012814
2040-02-03,Bond,0.17767902884111297
2040-02-04,Gold,0.026299425176378073
2040-02-04,Bond,0.17569734453357116
2040-02-05,Gold,0.026860558994077667
2040-02-05,Bond,0.17296496964317043
2040-02-06,Gold,0.026731625460550364
2040-02-06,Bond,0.17389569893510168
2040-02-07,Gold,0.027184844193793335
2040-02-07,Bond,0.17260665225018623
2040-02-08,Gold,0.02686286706471665
2040-02-08,Bond,0.1707100737281357
2040-02-09,Gold,0.02695764728159692
2040-02-09,Bond,0.17144622504314735
2040-02-10,Gold,0.02684809443838718
2040-02-10,Bond,0.17005141742638658
2040-02-11,Gold,0.026902162084627437
2040-02-11,Bond,0.17221252400901366
2040-02-12,Gold,0.026438926185760225
2040-02-12,Bond,0.1725164951609423
2040-02-13,Gold,0.026119197369377962
2040-02-13,Bond,0.17228565376106944
2040-02-14,Gold,0.02627741303618817
2040-02-14,Bond,0.1710958836620885
2040-02-15,Equity,0.13334714767074546
2040-02-15,Gold,0.06667357383537273
2040-02-16,Equity,0.13413007634833854
2040-02-16,Gold,0.06641493217688937
2040-02-17,Equity,0.13518079480126494
2040-02-17,Gold,0.06746777354996238
2040-02-18,Equity,0.1348750378431777
2040-02-18,Gold,0.06757728221175302
2040-02-19,Equity,0.13348396586524341
2040-02-19,Gold,0.06825062208502997
2040-02-20,Equity,0.1324741256575236
2040-02-20,Gold,0.06785373961593305
2040-02-21,Equity,0.13376282892679894
2040-02-21,Gold,0.06692003721150235
2040-02-22,Equity,0.13292456577388717
2040-02-22,Gold,0.06693491070154005
2040-02-23,Equity,0.1367854145769521
2040-02-23,Gold,0.06572609355041972
2040-02-24,Equity,0.13636957967328042
2040-02-24,Gold,0.06533461094343872
2040-02-25,Equity,0.13676248312703232
2040-02-25,Gold,0.06544855137561553
2040-02-26,Equity,0.13718549636138697
2040-02-26,Gold,0.06534924655085174
2040-02-27,Equity,0.1373680027425309
2040-02-27,Gold,0.06553771652937956
2040-02-28,Equity,0.13587514487260105
2040-02-28,Gold,0.06601623661300066
2040-02-29,Equity,0.13627319601940743
2040-02-29,Gold,0.06526077673897944
2040-03-01,Equity,0.13663832197505707
2040-03-01,Gold,0.06466742756813344
2040-03-02,Equity,0.13647583145555509
2040-03-02,Gold,0.0633880553519934
2040-03-03,Equity,0.1387049442458939
2040-03-03,Gold,0.06300770239192324
2040-03-04,Equity,0.13666760731511468
2040-03-04,Gold,0.06358937297639375
2040-03-05,Equity,0.13476521549471795
2040-03-05,Gold,0.06461549381178087
2040-03-06,Equity,0.1356297966786645
2040-03-06,Gold,0.06466479470213422
2040-03-28,Equity,0.20001200152013923
2040-03-29,Equity,0.20085495955003332
2040-03-30,Equity,0.19912709374540735
2040-03-31,Equity,0.20021404504359375
2040-04-01,Equity,0.19891036265645068
2040-04-02,Equity,0.19848672008675158
2040-04-03,Equity,0.19663173411762797
2040-04-04,Equity,0.19717468086773784
2040-04-05,Equity,0.19890159295846208
2040-04-06,Equity,0.2003154626174269
2040-04-07,Equity,0.19886538621705022
2040-04-08,Equity,0.19879182278281537
2040-04-09,Equity,0.1962989932559545
2040-04-10,Equity,0.198460379946622
2040-04-11,Equity,0.19849074825216187
2040-04-12,Equity,0.19952685974554552
2040-04-13,Equity,0.19984512259108078
2040-04-14,Equity,0.19884579733638752
2040-04-15,Equity,0.1979649299002388
2040-04-16,Equity,0.19868953312037874
2040-04-17,Equity,0.2013085570352182
2040-04-18,Equity,0.20000004546607594
2040-04-19,Equity,0.2018853031621204
2040-04-20,Equity,0.20337609566464576
2040-04-21,Equity,0.20285917166877204
2040-04-22,Equity,0.20464405605045408
2040-04-23,Equity,0.206308051946801
2040-04-24,Equity,0.20281731123077765
2040-04-25,Equity,0.20395406012159284
2040-04-26,Equity,0.20604095805275732
2040-04-27,Equity,0.20413774654702505
2040-04-28,Equity,0.20201177455897568
2040-04-29,Equity,0.20234721936356712
2040-04-30,Equity,0.2049071541603989
2040-05-01,Equity,0.2031403354189898
2040-05-02,Equity,0.2005981214801955
2040-05-03,Equity,0.19987196686275965
2040-05-04,Equity,0.19892561514958582
2040-05-05,Equity,0.19627597785115752
2040-05-06,Equity,0.1953560678801083
2040-05-07,Equity,0.1959049474425188
2040-05-08,Equity,0.1988455572693044
2040-05-30,Equity,0.039346623249863454
2040-05-30,Bond,0.16066537827027572
2040-05-31,Equity,0.03836359523389431
2040-05-31,Bond,0.16123656023456615
2040-06-01,Equity,0.038420333815403516
2040-06-01,Bond,0.16178328872502473
2040-06-02,Equity,0.038180566446426645
2040-06-02,Bond,0.16092018455841822
2040-06-03,Equity,0.037769144338825486
2040-06-03,Bond,0.1621249886264016
2040-06-04,Equity,0.037132554073491184
2040-06-04,Bond,0.1613339371014196
2040-06-05,Equity,0.036776439132838644
2040-06-05,Bond,0.16231046750927383
2040-06-06,Equity,0.037283790646834306
2040-06-06,Bond,0.16228097896791333
2040-06-07,Equity,0.03702560317467888
2040-06-07,Bond,0.16234466701620917
2040-06-08,Equity,0.03711495316714722
2040-06-08,Bond,0.1636853973287249
2040-06-09,Equity,0.03669324737321315
2040-06-09,Bond,0.16452128662200316
2040-06-10,Equity,0.03704036951140353
2040-06-10,Bond,0.1648477499260761
2040-06-11,Equity,0.03728729637863953
2040-06-11,Bond,0.16412673283816306
2040-06-12,Equity,0.03710724817491122
2040-06-12,Bond,0.1663508526131805
2040-06-13,Equity,0.03716952032042767
2040-06-13,Bond,0.16679876117562706
2040-06-14,Equity,0.03723676084724217
2040-06-14,Bond,0.16782022754361503
2040-06-15,Equity,0.0368745377734707
2040-06-15,Bond,0.16799560503424185
2040-06-16,Equity,0.03662928800507528
2040-06-16,Bond,0.1670781559813992
2040-06-17,Equity,0.036932645214485554
2040-06-17,Bond,0.16751614380779806
2040-06-18,Equity,0.037524048822393415
2040-06-18,Bond,0.166590970026594
2040-06-19,Equity,0.03754967614533127
2040-06-19,Bond,0.16719044865326113
2040-06-20,Bond,0.20000452136093314
2040-06-21,Bond,0.19936397922507898
2040-06-22,Bond,0.19934107712252755
2040-06-23,Bond,0.19782213946775287
2040-06-24,Bond,0.1984000547535446
2040-06-25,Bond,0.19772941576888362
2040-06-26,Bond,0.19772004141352617
2040-06-27,Bond,0.1968466320461157
2040-06-28,Bond,0.19838773277073019
2040-06-29,Bond,0.19925742197592994
2040-06-30,Bond,0.19973316843754912
2040-07-01,Bond,0.19983227292636918
2040-07-02,Bond,0.20390949035994235
2040-07-03,Bond,0.20365408551294467
2040-07-04,Bond,0.20252621530864798
2040-07-05,Bond,0.20063822226581962
2040-07-06,Bond,0.20209418981046406
2040-07-07,Bond,0.20473735069241863
2040-07-08,Bond,0.20336000326523174
2040-07-09,Bond,0.20289884726312862
2040-07-10,Bond,0.20231815827349853
2040-07-11,Equity,0.042106353649417644
2040-07-11,Bond,0.15789882618531614
2040-07-12,Equity,0.04206289442966197
2040-07-12,Bond,0.15558849938848002
2040-07-13,Equity,0.04243462988554352
2040-07-13,Bond,0.15658188554125252
2040-07-14,Equity,0.04232050915790494
2040-07-14,Bond,0.15816593508657328
2040-07-15,Equity,0.04167223530104882
2040-07-15,Bond,0.1557724713427318
2040-07-16,Equity,0.04140945264162035
2040-07-16,Bond,0.15812270980818874
2040-07-17,Equity,0.041345292269193756
2040-07-17,Bond,0.1602808226834934
2040-07-18,Equity,0.040861685744048824
2040-07-18,Bond,0.15630366332455908
2040-07-19,Equity,0.0403591087881499
2040-07-19,Bond,0.15356147597905676
2040-07-20,Equity,0.04029473930632797
2040-07-20,Bond,0.1534003779914931
2040-07-21,Equity,0.04060254668779899
2040-07-21,Bond,0.15505435555805075
2040-07-22,Equity,0.04083084573645509
2040-07-22,Bond,0.15539442599732417
2040-07-23,Equity,0.0408238329034539
2040-07-23,Bond,0.15542341088156728
2040-07-24,Equity,0.04045507898124299
2040-07-24,Bond,0.15623203108122438
2040-07-25,Equity,0.040157158102187625
2040-07-25,Bond,0.1552261459154478
2040-07-26,Equity,0.0403276525614402
2040-07-26,Bond,0.15686760521342005
2040-07-27,Equity,0.04041098769678586
2040-07-27,Bond,0.15671807042287075
2040-07-28,Equity,0.04084726642427756
2040-07-28,Bond,0.15451826352372056
2040-07-29,Equity,0.04137222160986274
2040-07-29,Bond,0.15340589204215035
2040-07-30,Equity,0.04116917093777714
2040-07-30,Bond,0.15391457611565404
2040-07-31,Equity,0.04136166741215591
2040-07-31,Bond,0.15350983092910156
2040-08-01,Equity,0.20001868270589215
2040-08-02,Equity,0.19890508084288955
2040-08-03,Equity,0.1978793137573177
2040-08-04,Equity,0.1990289961538017
2040-08-05,Equity,0.19903176037211626
2040-08-06,Equity,0.19764388285441742
2040-08-07,Equity,0.19634811626718066
2040-08-08,Equity,0.19433018198159246
2040-08-09,Equity,0.1937698910857368
2040-08-10,Equity,0.1921675626587886
2040-08-11,Equity,0.19232630446137522
2040-08-12,Equity,0.19589475692275643
2040-08-13,Equity,0.1966209183047607
2040-08-14,Equity,0.19831199445152217
2040-08-15,Equity,0.19894971587328783
2040-08-16,Equity,0.19633427945670215
2040-08-17,Equity,0.19653403892119853
2040-08-18,Equity,0.19545829433076714
2040-08-19,Equity,0.1941650403201197
2040-08-20,Equity,0.1938108705658142
2040-08-21,Equity,0.19479876082560463
2040-08-22,Gold,0.021279112984166793
2040-08-22,Bond,0.17874454906700102
2040-08-23,Gold,0.02139062972679027
2040-08-23,Bond,0.1790306217197971
2040-08-24,Gold,0.02150893299621384
2040-08-24,Bond,0.17874156548096287
2040-08-25,Gold,0.021422388933190078
2040-08-25,Bond,0.17745119721084804
2040-08-26,Gold,0.021522354440750402
2040-08-26,Bond,0.17461713291041525
2040-08-27,Gold,0.020980033423908754
2040-08-27,Bond,0.17690802168640296
2040-08-28,Gold,0.02121351063720247
2040-08-28,Bond,0.17573926636363124
2040-08-29,Gold,0.021575306133210733
2040-08-29,Bond,0.1754001677220623
2040-08-30,Gold,0.02161960360526291
2040-08-30,Bond,0.17523960733215532
2040-08-31,Gold,0.02122877615183323
2040-08-31,Bond,0.17738148099136353
2040-09-01,Gold,0.0214126865973814
2040-09-01,Bond,0.17623815413244165
2040-09-02,Gold,0.021243579638863214
2040-09-02,Bond,0.17664084530914365
2040-09-03,Gold,0.02126223616727199
2040-09-03,Bond,0.1773800937946532
2040-09-04,Gold,0.021457684634046795
2040-09-04,Bond,0.1753432579170308
2040-09-05,Gold,0.02162837487724985
2040-09-05,Bond,0.1731952630339987
2040-09-06,Gold,0.021885275955593534
2040-09-06,Bond,0.17213324785473186
2040-09-07,Gold,0.021907432892421638
2040-09-07,Bond,0.17247523616658741
2040-09-08,Gold,0.021940200197630516
2040-09-08,Bond,0.17263500227821368
2040-09-09,Gold,0.022103405459010638
2040-09-09,Bond,0.17243699668453952
2040-09-10,Gold,0.02206307783359605
2040-09-10,Bond,0.17337268987830348
2040-09-11,Gold,0.02194760862493418
2040-09-11,Bond,0.17217429111766425
2040-09-12,Equity,0.1445934896411718
2040-09-12,Gold,0.05542750436244917
2040-09-13,Equity,0.1440138761809442
2040-09-13,Gold,0.054882376472733696
2040-09-14,Equity,0.1436443626304686
2040-09-14,Gold,0.05486451686480103
2040-09-15,Equity,0.1452458425844043
2040-09-15,Gold,0.054059982911511435
2040-09-16,Equity,0.14479971559002267
2040-09-16,Gold,0.0538077702952332
2040-09-17,Equity,0.1469589685386543
2040-09-17,Gold,0.05341430765230187
2040-09-18,Equity,0.14799838451773542
2040-09-18,Gold,0.05285914331225091
2040-09-19,Equity,0.14621095834198822
2040-09-19,Gold,0.05351946502189961
2040-09-20,Equity,0.14721774650842012
2040-09-20,Gold,0.053968700709852054
2040-09-21,Equity,0.14442768440125545
2040-09-21,Gold,0.054815557508058055
2040-09-22,Equity,0.14401253138482398
2040-09-22,Gold,0.05474581722755277
2040-09-23,Equity,0.14510429147868636
2040-09-23,Gold,0.054454494658125116
2040-09-24,Equity,0.14274164689015398
2040-09-24,Gold,0.055017279098201734
2040-09-25,Equity,0.14523286794673013
2040-09-25,Gold,0.05492335698152862
2040-09-26,Equity,0.14642928615757128
2040-09-26,Gold,0.054909906849838916
2040-09-27,Equity,0.14541088384214776
2040-09-27,Gold,0.053681329314858924
2040-09-28,Equity,0.1472500572191499
2040-09-28,Gold,0.0539468376137959
2040-09-29,Equity,0.1448192520780349
2040-09-29,Gold,0.054417697370662856
2040-09-30,Equity,0.14357628232766192
2040-09-30,Gold,0.05449402735581577
2040-10-01,Equity,0.1417815684462255
2040-10-01,Gold,0.05502688436705426
2040-10-02,Equity,0.13934900862311994
2040-10-02,Gold,0.05549441737129395
2040-10-03,Gold,0.023531862144710782
2040-10-03,Bond,0.1764889660853309
2040-10-04,Gold,0.023462525099228478
2040-10-04,Bond,0.17716046438262253
2040-10-05,Gold,0.02321029992955263
2040-10-05,Bond,0.17799640292461175
2040-10-06,Gold,0.023500611764210328
2040-10-06,Bond,0.17945519145068922
2040-10-07,Gold,0.02366015878936207
2040-10-07,Bond,0.18168771412465273
2040-10-08,Gold,0.02351048713877688
2040-10-08,Bond,0.18041114802301142
2040-10-09,Gold,0.02353124255849475
2040-10-09,Bond,0.18460345865961839
2040-10-10,Gold,0.02358931629508068
2040-10-10,Bond,0.18479955025732434
2040-10-11,Gold,0.023425831900377645
2040-10-11,Bond,0.18503826585120928
2040-10-12,Gold,0.023472187327460495
2040-10-12,Bond,0.1844110335177376
2040-10-13,Gold,0.023687576286388217
2040-10-13,Bond,0.18375934206217687
2040-10-14,Gold,0.023878798941320546
2040-10-14,Bond,0.1846443938744416
2040-10-15,Gold,0.02439964843149301
2040-10-15,Bond,0.18550117973101687
2040-10-16,Gold,0.024396451944346524
2040-10-16,Bond,0.1863524126848648
2040-10-17,Gold,0.024360521349560144
2040-10-17,Bond,0.18567451853256156
2040-10-18,Gold,0.02461627496701831
2040-10-18,Bond,0.18159990970482334
2040-10-19,Gold,0.024652052146828463
2040-10-19,Bond,0.17895468163259784
2040-10-20,Gold,0.024511223151554233
2040-10-20,Bond,0.17899994051667373
2040-10-21,Gold,0.024276212812955437
2040-10-21,Bond,0.17953460827680837
2040-10-22,Gold,0.023495092710275525
2040-10-22,Bond,0.1790638049913308
2040-10-23,Gold,0.023693569914580086
2040-10-23,Bond,0.17801661691580928
2040-10-24,Bond,0.20000268715432157
2040-10-25,Bond,0.19983053096257614
2040-10-26,Bond,0.19906971693954786
2040-10-27,Bond,0.19650645598259572
2040-10-28,Bond,0.1951773656336717
2040-10-29,Bond,0.19664647701185112
2040-10-30,Bond,0.1951301816104585
2040-10-31,Bond,0.19617458942122365
2040-11-01,Bond,0.19837002425637407
2040-11-02,Bond,0.19711508313301648
2040-11-03,Bond,0.1964123183681493
2040-11-04,Bond,0.1979753699595611
2040-11-05,Bond,0.1999401649972103
2040-11-06,Bond,0.19891072040040747
2040-11-07,Bond,0.19633981811200385
2040-11-08,Bond,0.1983274416762003
2040-11-09,Bond,0.19925737353352102
2040-11-10,Bond,0.19989736402176303
2040-11-11,Bond,0.20136577203509187
2040-11-12,Bond,0.19946665232676303
2040-11-13,Bond,0.200092052275174
2040-11-14,Gold,0.2000239810280945
2040-11-15,Gold,0.19860864040381188
2040-11-16,Gold,0.1967466080167501
2040-11-17,Gold,0.19650370935209205
2040-11-18,Gold,0.19498278287553136
2040-11-19,Gold,0.19717947224674592
2040-11-20,Gold,0.19500965757582525
2040-11-21,Gold,0.19870447173915715
2040-11-22,Gold,0.1991857968157594
2040-11-23,Gold,0.1992964037890141
2040-11-24,Gold,0.19843566169585744
2040-11-25,Gold,0.1994826236994065
2040-11-26,Gold,0.1991566185933471
2040-11-27,Gold,0.19963628792057841
2040-11-28,Gold,0.20098476849855082
2040-11-29,Gold,0.20206176325697417
2040-11-30,Gold,0.20406821243635875
2040-12-01,Gold,0.20494318798932287
2040-12-02,Gold,0.20339752834383146
2040-12-03,Gold,0.20004848858319568
2040-12-04,Gold,0.2003864177248057
2040-12-05,Gold,0.20000004487253187
2040-12-06,Gold,0.20309934439371782
2040-12-07,Gold,0.20291192083623708
2040-12-08,Gold,0.20351829364333096
2040-12-09,Gold,0.20478098882828685
2040-12-10,Gold,0.20561831934323802
2040-12-11,Gold,0.20700023734628295
2040-12-12,Gold,0.20566035708565444
2040-12-13,Gold,0.20406990760448449
2040-12-14,Gold,0.20361458394563706
2040-12-15,Gold,0.2001119194815884
2040-12-16,Gold,0.20004857308344837
2040-12-17,Gold,0.19899513589297346
2040-12-18,Gold,0.1995092294526917
2040-12-19,Gold,0.19908623772009484
2040-12-20,Gold,0.19747206697648093
2040-12-21,Gold,0.19955771283499155
2040-12-22,Gold,0.19968955693706764
2040-12-23,Gold,0.20107209697680908
2040-12-24,Gold,0.2013670602034525
2040-12-25,Gold,0.2021142836414789
2041-01-16,Equity,0.20001200152013923
2041-01-17,Equity,0.20161119765437333
2041-01-18,Equity,0.20298904107237548
2041-01-19,Equity,0.19971733636212605
2041-01-20,Equity,0.19943262523566593
2041-01-21,Equity,0.2005173066687489
2041-01-22,Equity,0.2007260301815475
2041-01-23,Equity,0.19806335401877448
2041-01-24,Equity,0.19641125147903982
2041-01-25,Equity,0.19501372893151295
2041-01-26,Equity,0.19552951349122488
2041-01-27,Equity,0.19589807973858625
2041-01-28,Equity,0.1983095875943237
2041-01-29,Equity,0.19832964852133572
2041-01-30,Equity,0.1986535036270841
2041-01-31,Equity,0.19653374903692875
2041-02-01,Equity,0.1962877981190763
2041-02-02,Equity,0.1998990435744649
2041-02-03,Equity,0.20044677578112852
2041-02-04,Equity,0.19955096275597364
2041-02-05,Equity,0.20021552406045953
2041-02-06,Gold,0.20002411625171937
2041-02-07,Gold,0.19844488532895788
2041-02-08,Gold,0.20241754013537958
2041-02-09,Gold,0.20310933054033897
2041-02-10,Gold,0.20208277125485913
2041-02-11,Gold,0.19829294376022014
2041-02-12,Gold,0.19953068287608378
2041-02-13,Gold,0.1970660848498319
2041-02-14,Gold,0.19763204773342358
2041-02-15,Gold,0.2007162151974644
2041-02-16,Gold,0.19889725887396598
2041-02-17,Gold,0.20007586913532197
2041-02-18,Gold,0.19878010159414924
2041-02-19,Gold,0.2005909917095211
2041-02-20,Gold,0.20069656197337196
2041-02-21,Gold,0.20066598270113994
2041-02-22,Gold,0.2026094626333018
2041-02-23,Gold,0.20362155677737925
2041-02-24,Gold,0.2023197861434028
2041-02-25,Gold,0.20521929364352184
2041-02-26,Gold,0.20272563268517532
2041-02-27,Gold,0.03261200205912467
2041-02-27,Bond,0.16740827723683982
2041-02-28,Gold,0.03233703095076268
2041-02-28,Bond,0.1678741746639877
2041-03-01,Gold,0.031952530902357716
2041-03-01,Bond,0.165927421115548
2041-03-02,Gold,0.031547720150449314
2041-03-02,Bond,0.1674610281629271
2041-03-03,Gold,0.031562789468472296
2041-03-03,Bond,0.16666866161793736
2041-03-04,Gold,0.03167851654421741
2041-03-04,Bond,0.16642256144408948
2041-03-05,Gold,0.03195880579057596
2041-03-05,Bond,0.1675686255737429
2041-03-06,Gold,0.03237664001213146
2041-03-06,Bond,0.16856712899538243
2041-03-07,Gold,0.0324377737154011
2041-03-07,Bond,0.1692171964825858
2041-03-08,Gold,0.032242496263196814
2041-03-08,Bond,0.17069384543715288
2041-03-09,Gold,0.03254551766551886
2041-03-09,Bond,0.1712160446569817
2041-03-10,Gold,0.032271963942655545
2041-03-10,Bond,0.17331437321735232
2041-03-11,Gold,0.03187109071431357
2041-03-11,Bond,0.17096449847964387
2041-03-12,Gold,0.03216537654699763
2041-03-12,Bond,0.1708287172543428
2041-03-13,Gold,0.032585759201086924
2041-03-13,Bond,0.17061104435196703
2041-03-14,Gold,0.032339756432177395
2041-03-14,Bond,0.17034686565655552
2041-03-15,Gold,0.03293107741981961
2041-03-15,Bond,0.1709416538175578
2041-03-16,Gold,0.0331051456281238
2041-03-16,Bond,0.17121218622004264
2041-03-17,Gold,0.03319726712971857
2041-03-17,Bond,0.17236098957405796
2041-03-18,Gold,0.033098987948698914
2041-03-18,Bond,0.17070797247749175
2041-03-19,Gold,0.033294365807240746
2041-03-19,Bond,0.17391889039696595
2041-03-20,Gold,0.02843142606599933
2041-03-20,Bond,0.17156895039827186
2041-03-21,Gold,0.02832375951944075
2041-03-21,Bond,0.17199348934128664
2041-03-22,Gold,0.028132649145264494
2041-03-22,Bond,0.17173552048828467
2041-03-23,Gold,0.027773103506264607
2041-03-23,Bond,0.17191374616549565
2041-03-24,Gold,0.02803278084974471
2041-03-24,Bond,0.17111235937840477
2041-03-25,Gold,0.028115970056993487
2041-03-25,Bond,0.1713880412619158
2041-03-26,Gold,0.02830847254032347
2041-03-26,Bond,0.17217435989746266
2041-03-27,Gold,0.028347856508474843
2041-03-27,Bond,0.16879139786194192
2041-03-28,Gold,0.028636303713436534
2041-03-28,Bond,0.16828369252333547
2041-03-29,Gold,0.028675426385053823
2041-03-29,Bond,0.16776752603728518
2041-03-30,Gold,0.028432186093505635
2041-03-30,Bond,0.17105628939568837
2041-03-31,Gold,0.02821453551451509
2041-03-31,Bond,0.17231044313213148
2041-04-01,Gold,0.027603982721244244
2041-04-01,Bond,0.17455679484940015
2041-04-02,Gold,0.02789100895384676
2041-04-02,Bond,0.17530580737869178
2041-04-03,Gold,0.02817329192536506
2041-04-03,Bond,0.17537323988699835
2041-04-04,Gold,0.028967441357040657
2041-04-04,Bond,0.17575349903787144
2041-04-05,Gold,0.028816266852878025
2041-04-05,Bond,0.17740334797725854
2041-04-06,Gold,0.028540834111534668
2041-04-06,Bond,0.1800061199102794
2041-04-07,Gold,0.028057569441670094
2041-04-07,Bond,0.18053927190689073
2041-04-08,Gold,0.028352323266456855
2041-04-08,Bond,0.17957085670744802
2041-04-09,Gold,0.028506534816283957
2041-04-09,Bond,0.18089951844824773
2041-04-10,Gold,0.024267844615505747
2041-04-10,Bond,0.17573266790538647
2041-04-11,Gold,0.02403521221268832
2041-04-11,Bond,0.17633789838111436
2041-04-12,Gold,0.024174690065303064
2041-04-12,Bond,0.17729904084810286
2041-04-13,Gold,0.02405645242024587
2041-04-13,Bond,0.17716375612231947
2041-04-14,Gold,0.02441289737042134
2041-04-14,Bond,0.17579128942942604
2041-04-15,Gold,0.02456051168882011
2041-04-15,Bond,0.17511066347077583
2041-04-16,Gold,0.02420394828994755
2041-04-16,Bond,0.174720351594908
2041-04-17,Gold,0.024217328978324213
2041-04-17,Bond,0.17321185283941418
2041-04-18,Gold,0.023777093115075733
2041-04-18,Bond,0.1727403847728282
2041-04-19,Gold,0.023567264583363372
2041-04-19,Bond,0.17072242461263912
2041-04-20,Gold,0.023291238480532224
2041-04-20,Bond,0.1716052614609986
2041-04-21,Gold,0.023132620298898083
2041-04-21,Bond,0.17210524273348296
2041-04-22,Gold,0.02306277334624363
2041-04-22,Bond,0.17249461625159038
2041-04-23,Gold,0.023115240978155413
2041-04-23,Bond,0.17193794505276422
2041-04-24,Gold,0.023151140655248006
2041-04-24,Bond,0.17157483876125165
2041-04-25,Gold,0.023178575253058505
2041-04-25,Bond,0.1704007495470948
2041-04-26,Gold,0.023233901984122916
2041-04-26,Bond,0.17110287760194715
2041-04-27,Gold,0.023005057984647855
2041-04-27,Bond,0.169234638368537
2041-04-28,Gold,0.023018246912188085
2041-04-28,Bond,0.16934958710992756
2041-04-29,Gold,0.02336804081170429
2041-04-29,Bond,0.16840396428172502
2041-04-30,Gold,0.023260782625178552
2041-04-30,Bond,0.17088592972526112
2041-05-01,Bond,0.20000310438125135
2041-05-02,Bond,0.20000239169676723
2041-05-03,Bond,0.19823860899130336
2041-05-04,Bond,0.19608034460962337
2041-05-05,Bond,0.19686306648484925
2041-05-06,Bond,0.19972262129485271
2041-05-07,Bond,0.20037706854420767
2041-05-08,Bond,0.2006580772264433
2041-05-09,Bond,0.20096259330136176
2041-05-10,Bond,0.20112806811269324
2041-05-11,Bond,0.20145498126794747
2041-05-12,Bond,0.20035501418775203
2041-05-13,Bond,0.19879978339146953
2041-05-14,Bond,0.19897382561677446
2041-05-15,Bond,0.20136478750986989
2041-05-16,Bond,0.20261728504261373
2041-05-17,Bond,0.20063183121562628
2041-05-18,Bond,0.20022287464258415
2041-05-19,Bond,0.20139279507080773
2041-05-20,Bond,0.2038434860048229
2041-05-21,Bond,0.20676601596227626
2041-05-22,Equity,0.044445715268601325
2041-05-22,Bond,0.15556000344010465
2041-05-23,Equity,0.0439689796262426
2041-05-23,Bond,0.15671457810347217
2041-05-24,Equity,0.04395194154272165
2041-05-24,Bond,0.15704426025696516
2041-05-25,Equity,0.04355245861950501
2041-05-25,Bond,0.1569527386826281
2041-05-26,Equity,0.04330727199194396
2041-05-26,Bond,0.15707480871485663
2041-05-27,Equity,0.04305451348521422
2041-05-27,Bond,0.1572143304997081
2041-05-28,Equity,0.04291881834228644
2041-05-28,Bond,0.15878694104027868
2041-05-29,Equity,0.04357938320819019
2041-05-29,Bond,0.15682722223099135
2041-05-30,Equity,0.043591660153387016
2041-05-30,Bond,0.15743996198290527
2041-05-31,Equity,0.043553889712537604
2041-05-31,Bond,0.15948141358307558
2041-06-01,Equity,0.04325611345996305
2041-06-01,Bond,0.16144343700392577
2041-06-02,Equity,0.04333360608129305
2041-06-02,Bond,0.16219530689336784
2041-06-03,Equity,0.04337294958082595
2041-06-03,Bond,0.16117150853599782
2041-06-04,Equity,0.043283789615948906
2041-06-04,Bond,0.16223032874775384
2041-06-05,Equity,0.043483477009654145
2041-06-05,Bond,0.16398888795080863
2041-06-06,Equity,0.04312991629958496
2041-06-06,Bond,0.16335048785355952
2041-06-07,Equity,0.04363010593716432
2041-06-07,Bond,0.16374985111082604
2041-06-08,Equity,0.042533334303759385
2041-06-08,Bond,0.1636589322125031
2041-06-09,Equity,0.04253805518526587
2041-06-09,Bond,0.16282672416724464
2041-06-10,Equity,0.043116974555508884
2041-06-10,Bond,0.16230306375606954
2041-06-11,Equity,0.04360850381362222
2041-06-11,Bond,0.16239290242094312
2041-06-12,Equity,0.04444452825340216
2041-06-12,Bond,0.15555584888690754
2041-06-13,Equity,0.04417581437886244
2041-06-13,Bond,0.1541950738113934
2041-06-14,Equity,0.04417985737971061
2041-06-14,Bond,0.15304745047804574
2041-06-15,Equity,0.045264478323143634
2041-06-15,Bond,0.15329525801225521
2041-06-16,Equity,0.04567361156799844
2041-06-16,Bond,0.1513535095593288
2041-06-17,Equity,0.04508782517879968
2041-06-17,Bond,0.14864270911761007
2041-06-18,Equity,0.045031038269043505
2041-06-18,Bond,0.15038236224638257
2041-06-19,Equity,0.04484231842231143
2041-06-19,Bond,0.1491325158057604
2041-06-20,Equity,0.044314337275040104
2041-06-20,Bond,0.14897082320381405
2041-06-21,Equity,0.044457839889242304
2041-06-21,Bond,0.1501117374172294
2041-06-22,Equity,0.04414211840845589
2041-06-22,Bond,0.14834987295614308
2041-06-23,Equity,0.0448951559710482
2041-06-23,Bond,0.1464393625378158
2041-06-24,Equity,0.045515732156157084
2041-06-24,Bond,0.14556212140402155
2041-06-25,Equity,0.04513632275497556
2041-06-25,Bond,0.14681031931036295
2041-06-26,Equity,0.04479755764380808
2041-06-26,Bond,0.14683550369490458
2041-06-27,Equity,0.04508707016566004
2041-06-27,Bond,0.14678096692602158
2041-06-28,Equity,0.04554700670357975
2041-06-28,Bond,0.14634384957573418
2041-06-29,Equity,0.04540027374111022
2041-06-29,Bond,0.14706432807967437
2041-06-30,Equity,0.04572927533536567
2041-06-30,Bond,0.14880319100742675
2041-07-01,Equity,0.04625281369359645
2041-07-01,Bond,0.15250599806601514
2041-07-02,Equity,0.046409037504664664
2041-07-02,Bond,0.1522914168736354
2041-07-03,Equity,0.04444447930340274
2041-07-03,Bond,0.15555567756190955
2041-07-04,Equity,0.044709457569912306
2041-07-04,Bond,0.1568179374052867
2041-07-05,Equity,0.04475188993397496
2041-07-05,Bond,0.15716123332595375
2041-07-06,Equity,0.04476843758175942
2041-07-06,Bond,0.154278213214354
2041-07-07,Equity,0.04511724754345524
2041-07-07,Bond,0.15373384232377027
2041-07-08,Equity,0.04566382885444129
2041-07-08,Bond,0.15321029134745093
2041-07-09,Equity,0.04571978258826075
2041-07-09,Bond,0.153663310730949
2041-07-10,Equity,0.044749215781849164
2041-07-10,Bond,0.15356493480117928
2041-07-11,Equity,0.0448391298558255
2041-07-11,Bond,0.15282609491813068
2041-07-12,Equity,0.04479605483979199
2041-07-12,Bond,0.15545712841972273
2041-07-13,Equity,0.04582197877119169
2041-07-13,Bond,0.15699852806577883
2041-07-14,Equity,0.046023369860476275
2041-07-14,Bond,0.15433065727794865
2041-07-15,Equity,0.04596812521769139
2041-07-15,Bond,0.15397629424998693
2041-07-16,Equity,0.04622655689120226
2041-07-16,Bond,0.15475078550925134
2041-07-17,Equity,0.04599901784880657
2041-07-17,Bond,0.15652130082857554
2041-07-18,Equity,0.045728866760724046
2041-07-18,Bond,0.15601674134194274
2041-07-19,Equity,0.04505325205171361
2041-07-19,Bond,0.15584612652397722
2041-07-20,Equity,0.044791108014415326
2041-07-20,Bond,0.1560125920569835
2041-07-21,Equity,0.04393635601876243
2041-07-21,Bond,0.15701881644650711
2041-07-22,Equity,0.044161140085608216
2041-07-22,Bond,0.1549776472213066
2041-07-23,Equity,0.044389580833870734
2041-07-23,Bond,0.1523420495865167
2041-07-24,Equity,0.04444446830947373
2041-07-24,Bond,0.15555563908315806
2041-07-25,Equity,0.04407619756552672
2041-07-25,Bond,0.1543299956140416
2041-07-26,Equity,0.04333042538649191
2041-07-26,Bond,0.15721935497978978
2041-07-27,Equity,0.044251130101771355
2041-07-27,Bond,0.15593784320233206
2041-07-28,Equity,0.04423063102850782
2041-07-28,Bond,0.15569997165011704
2041-07-29,Equity,0.04450183684680751
2041-07-29,Bond,0.1561366681617809
2041-07-30,Equity,0.04470561741590469
2041-07-30,Bond,0.15333908655554282
2041-07-31,Equity,0.04482517927921629
2041-07-31,Bond,0.1570425915769422
2041-08-01,Equity,0.04495074246809947
2041-08-01,Bond,0.15650437623223193
2041-08-02,Equity,0.044666082077379946
2041-08-02,Bond,0.15545652860424947
2041-08-03,Equity,0.0449789163400372
2041-08-03,Bond,0.15389394102464973
2041-08-04,Equity,0.04508451234984167
2041-08-04,Bond,0.15434445232875718
2041-08-05,Equity,0.04434580477179442
2041-08-05,Bond,0.15484087103433278
2041-08-06,Equity,0.04454847210993005
2041-08-06,Bond,0.15334434715386627
2041-08-07,Equity,0.04447693944948418
2041-08-07,Bond,0.15159776359839353
2041-08-08,Equity,0.04412345321566363
2041-08-08,Bond,0.15300513714044045
2041-08-09,Equity,0.044581214413521905
2041-08-09,Bond,0.15209146867420087
2041-08-10,Equity,0.044666537085636476
2041-08-10,Bond,0.14989012837920065
2041-08-11,Equity,0.04465876056060464
2041-08-11,Bond,0.1497045092158779
2041-08-12,Equity,0.04472369572947178
2041-08-12,Bond,0.1491879063026724
2041-08-13,Equity,0.04457890970107304
2041-08-13,Bond,0.15168225434142196
2041-08-14,Gold,0.20002373827344053
2041-08-15,Gold,0.20218731909265825
2041-08-16,Gold,0.2024812779981482
2041-08-17,Gold,0.20188786462230743
2041-08-18,Gold,0.20062552851895485
2041-08-19,Gold,0.20037782423711376
2041-08-20,Gold,0.20118556622097447
2041-08-21,Gold,0.2005803514768672
2041-08-22,Gold,0.20194731861821855
2041-08-23,Gold,0.2012600877091783
2041-08-24,Gold,0.2010595656984829
2041-08-25,Gold,0.1990006370481711
2041-08-26,Gold,0.1998939416911519
2041-08-27,Gold,0.19946697323046253
2041-08-28,Gold,0.20200007910997847
2041-08-29,Gold,0.20313859154026062
2041-08-30,Gold,0.2032754084280023
2041-08-31,Gold,0.2052668511095975
2041-09-01,Gold,0.20592850388252537
2041-09-02,Gold,0.20758211951631214
2041-09-03,Gold,0.2061671661560872
2041-09-04,Gold,0.20000041535204113
2041-09-05,Gold,0.20080598481571038
2041-09-06,Gold,0.19833839263795547
2041-09-07,Gold,0.20074482275356612
2041-09-08,Gold,0.1988895750200351
2041-09-09,Gold,0.19682799811109855
2041-09-10,Gold,0.19236346359233847
2041-09-11,Gold,0.19310071840678367
2041-09-12,Gold,0.19055351337931822
2041-09-13,Gold,0.18975747702175366
2041-09-14,Gold,0.1910490459020304
2041-09-15,Gold,0.19134603847392886
2041-09-16,Gold,0.19038283202162298
2041-09-17,Gold,0.18794307032571642
2041-09-18,Gold,0.18777888618246813
2041-09-19,Gold,0.18908681937100394
2041-09-20,Gold,0.1901637751495322
2041-09-21,Gold,0.1929306889673505
2041-09-22,Gold,0.19191524001192334
2041-09-23,Gold,0.18988101779091582
2041-09-24,Gold,0.19035826200893285
2041-10-16,Bond,0.20001200152013923
2041-10-17,Bond,0.19809202451804298
2041-10-18,Bond,0.19802648392367708
2041-10-19,Bond,0.19860022057261556
2041-10-20,Bond,0.19841436179488553
2041-10-21,Bond,0.2000021401934693
2041-10-22,Bond,0.19723954074970632
2041-10-23,Bond,0.2002392468090252
2041-10-24,Bond,0.19805346352957368
2041-10-25,Bond,0.19626465587692224
2041-10-26,Bond,0.1955566344349591
2041-10-27,Bond,0.19453989760866375
2041-10-28,Bond,0.19520593222838076
2041-10-29,Bond,0.19569134519654888
2041-10-30,Bond,0.1958701414064901
2041-10-31,Bond,0.19364653229721754
2041-11-01,Bond,0.19342887377133516
2041-11-02,Bond,0.1934596612218513
2041-11-03,Bond,0.19538968225911396
2041-11-04,Bond,0.19570342305973223
2041-11-05,Bond,0.19630644103338166
2041-11-06,Equity,0.03666746698373337
2041-11-06,Bond,0.163336898382085
2041-11-07,Equity,0.036337326899468704
2041-11-07,Bond,0.16182476724422515
2041-11-08,Equity,0.03638538355746735
2041-11-08,Bond,0.16129480942615002
2041-11-09,Equity,0.03698808906354555
2041-11-09,Bond,0.15967522748442725
2041-11-10,Equity,0.03673669822707577
2041-11-10,Bond,0.1618688561379309
2041-11-11,Equity,0.03679155431077357
2041-11-11,Bond,0.1641275450979139
2041-11-12,Equity,0.03588623557599704
2041-11-12,Bond,0.1663755246501308
2041-11-13,Equity,0.03531105505194782
2041-11-13,Bond,0.16723015506548894
2041-11-14,Equity,0.035243306503998845
2041-11-14,Bond,0.16776859807041056
2041-11-15,Equity,0.03524473806419174
2041-11-15,Bond,0.1671344795844427
2041-11-16,Equity,0.03521334076590122
2041-11-16,Bond,0.16820583138212797
2041-11-17,Equity,0.03604238120449371
2041-11-17,Bond,0.16629067092536248
2041-11-18,Equity,0.03591666313337904
2041-11-18,Bond,0.16455164943083564
2041-11-19,Equity,0.035970703521590014
2041-11-19,Bond,0.1639702682390557
2041-11-20,Equity,0.03561184741794025
2041-11-20,Bond,0.16661612267512604
2041-11-21,Equity,0.03589641356982264
2041-11-21,Bond,0.16586065982685874
2041-11-22,Equity,0.035522677424591344
2041-11-22,Bond,0.16540578460246025
2041-11-23,Equity,0.035267153315761815
2041-11-23,Bond,0.16584444414080504
2041-11-24,Equity,0.03490944829063505
2041-11-24,Bond,0.16714414270775385
2041-11-25,Equity,0.0351141021881131
2041-11-25,Bond,0.1688456642242828
2041-11-26,Equity,0.035223069920976485
2041-11-26,Bond,0.16727177369192134
2041-11-27,Gold,0.02035439878021214
2041-11-27,Bond,0.17964969358187233
2041-11-28,Gold,0.020805857920471446
2041-11-28,Bond,0.1798963590336771
2041-11-29,Gold,0.0207992889970845
2041-11-29,Bond,0.18037496427124716
2041-11-30,Gold,0.02082914660103527
2041-11-30,Bond,0.18164691464341268
2041-12-01,Gold,0.020743642343390135
2041-12-01,Bond,0.18287932284497485
2041-12-02,Gold,0.02068317863952009
2041-12-02,Bond,0.1829285369712086
2041-12-03,Gold,0.02018986478907633
2041-12-03,Bond,0.18474200856802087
2041-12-04,Gold,0.020309718556994937
2041-12-04,Bond,0.18617591313376514
2041-12-05,Gold,0.020217119081508056
2041-12-05,Bond,0.1875369709277953
2041-12-06,Gold,0.020199881224608612
2041-12-06,Bond,0.18673967328535915
2041-12-07,Gold,0.02022702858715815
2041-12-07,Bond,0.18781438499066827
2041-12-08,Gold,0.020099318805577537
2041-12-08,Bond,0.18967304719896064
2041-12-09,Gold,0.020170954059649426
2041-12-09,Bond,0.18887449528500705
2041-12-10,Gold,0.020405033263349494
2041-12-10,Bond,0.18902999008106205
2041-12-11,Gold,0.020425222717287677
2041-12-11,Bond,0.19142459175662746
2041-12-12,Gold,0.02037903508658785
2041-12-12,Bond,0.1920450471388822
2041-12-13,Gold,0.020357828709381343
2041-12-13,Bond,0.19191359742738656
2041-12-14,Gold,0.02034040057693735
2041-12-14,Bond,0.19418258986687773
2041-12-15,Gold,0.02019365016987483
2041-12-15,Bond,0.1934800750286468
2041-12-16,Gold,0.02030087414805687
2041-12-16,Bond,0.19083905366623402
2041-12-17,Gold,0.020467786996031394
2041-12-17,Bond,0.18961228332201624
2041-12-18,Gold,0.02044113160484652
2041-12-18,Bond,0.17964664900294777
2041-12-19,Gold,0.020337303793654556
2041-12-19,Bond,0.18043089025811793
2041-12-20,Gold,0.02027768785674897
2041-12-20,Bond,0.1805421577346962
2041-12-21,Gold,0.020368433035444757
2041-12-21,Bond,0.1820932756023272
2041-12-22,Gold,0.02014393623740006
2041-12-22,Bond,0.18238255234000064
2041-12-23,Gold,0.01999151142303157
2041-12-23,Bond,0.1820810743627272
2041-12-24,Gold,0.019649093146502483
2041-12-24,Bond,0.18338645436163561
2041-12-25,Gold,0.01966939704205001
2041-12-25,Bond,0.18281381875218536
2041-12-26,Gold,0.019818477837855373
2041-12-26,Bond,0.18351613346526457
2041-12-27,Gold,0.020107990781183655
2041-12-27,Bond,0.18227982505897056
2041-12-28,Gold,0.02045451259614536
2041-12-28,Bond,0.18065644003377546
2041-12-29,Gold,0.02034831715446606
2041-12-29,Bond,0.17940382375897107
2041-12-30,Gold,0.020399172517705514
2041-12-30,Bond,0.1793563180999443
2041-12-31,Gold,0.020342499593560295
2041-12-31,Bond,0.17841922315753878
2042-01-01,Gold,0.020696272520045886
2042-01-01,Bond,0.1774523490789894
2042-01-02,Gold,0.020967814557810934
2042-01-02,Bond,0.17718036893941183
2042-01-03,Gold,0.02100503108088909
2042-01-03,Bond,0.17706885901125022
2042-01-04,Gold,0.020935105582252457
2042-01-04,Bond,0.17484278438693068
2042-01-05,Gold,0.020328514340324164
2042-01-05,Bond,0.1713555258997579
2042-01-06,Gold,0.02003120362514092
2042-01-06,Bond,0.1719739253174813
2042-01-07,Gold,0.019666100172809838
2042-01-07,Bond,0.17223556757980268
2042-01-29,Equity,0.20001200152013923
2042-01-30,Equity,0.20202407850313053
2042-01-31,Equity,0.20449462362644294
2042-02-01,Equity,0.20530830095020733
2042-02-02,Equity,0.20503753770003685
2042-02-03,Equity,0.20643420822626876
2042-02-04,Equity,0.2050092276797356
2042-02-05,Equity,0.20439531223749202
2042-02-06,Equity,0.20647677772829093
2042-02-07,Equity,0.20956040990785277
2042-02-08,Equity,0.21145486116406187
2042-02-09,Equity,0.2113188434863465
2042-02-10,Equity,0.20769253731575435
2042-02-11,Equity,0.20898557532439233
2042-02-12,Equity,0.20985258893361802
2042-02-13,Equity,0.21077012002366355
2042-02-14,Equity,0.20839452399020075
2042-02-15,Equity,0.2078496605278236
2042-02-16,Equity,0.21093758207620034
2042-02-17,Equity,0.20923845914733485
2042-02-18,Equity,0.21019703593657088
2042-02-19,Equity,0.0373739912213265
2042-02-19,Gold,0.017302773713577083
2042-02-19,Bond,0.14534329919404748
2042-02-20,Equity,0.03746175911273532
2042-02-20,Gold,0.017311902643018566
2042-02-20,Bond,0.1474267207310794
2042-02-21,Equity,0.03748775466316244
2042-02-21,Gold,0.0175957424724184
2042-02-21,Bond,0.14497326357926932
2042-02-22,Equity,0.03791773110401692
2042-02-22,Gold,0.0179371630804511
2042-02-22,Bond,0.14473002784359038
2042-02-23,Equity,0.03792091273685063
2042-02-23,Gold,0.017821972318831657
2042-02-23,Bond,0.14510474161225814
2042-02-24,Equity,0.03830150820622085
2042-02-24,Gold,0.017786736141874593
2042-02-24,Bond,0.14472780863734117
2042-02-25,Equity,0.03916398474801702
2042-02-25,Gold,0.01762684508337016
2042-02-25,Bond,0.1431010595095697
2042-02-26,Equity,0.03958412958200697
2042-02-26,Gold,0.01770169380417647
2042-02-26,Bond,0.14195787470250634
2042-02-27,Equity,0.0399013550204546
2042-02-27,Gold,0.01789943631371018
2042-02-27,Bond,0.13966621819896183
2042-02-28,Equity,0.040299897701889194
2042-02-28,Gold,0.017701440247630984
2042-02-28,Bond,0.14077629421696666
2042-03-01,Equity,0.040431207666174626
2042-03-01,Gold,0.017860839408406874
2042-03-01,Bond,0.1423849415580604
2042-03-02,Equity,0.040121007406746116
2042-03-02,Gold,0.017751239636334966
2042-03-02,Bond,0.14410015464866438
2042-03-03,Equity,0.039801976979660446
2042-03-03,Gold,0.017664955925355323
2042-03-03,Bond,0.14412604324319825
2042-03-04,Equity,0.040042828126826996
2042-03-04,Gold,0.017850182517199664
2042-03-04,Bond,0.14439302919349312
2042-03-05,Equity,0.03974582955876602
2042-03-05,Gold,0.017717816193593108
2042-03-05,Bond,0.1457724075885138
2042-03-06,Equity,0.039494208719188066
2042-03-06,Gold,0.01748613318991231
2042-03-06,Bond,0.14556025983553073
2042-03-07,Equity,0.039471100918822735
2042-03-07,Gold,0.017639938158078683
2042-03-07,Bond,0.14437558557710917
2042-03-08,Equity,0.0388547036687394
2042-03-08,Gold,0.017643544983730778
2042-03-08,Bond,0.14377253607278934
2042-03-09,Equity,0.03859328441656755
2042-03-09,Gold,0.017852411155099904
2042-03-09,Bond,0.14399461673232253
2042-03-10,Equity,0.0383548345823091
2042-03-10,Gold,0.01802260154775413
2042-03-10,Bond,0.1431363478951886
2042-03-11,Equity,0.03925890798331226
2042-03-11,Gold,0.017686856360275782
2042-03-11,Bond,0.14362543772286981
2042-03-12,Equity,0.03961054358920447
2042-03-12,Gold,0.02137408676211489
2042-03-12,Bond,0.13893156395374673
2042-03-13,Equity,0.03944767493645458
2042-03-13,Gold,0.02178605575543268
2042-03-13,Bond,0.13860778668258236
2042-03-14,Equity,0.039127214281108026
2042-03-14,Gold,0.02200166247680997
2042-03-14,Bond,0.13910313334367114
2042-03-15,Equity,0.038204729913193305
2042-03-15,Gold,0.022250781510419506
2042-03-15,Bond,0.13936010292768308
2042-03-16,Equity,0.037710753928599995
2042-03-16,Gold,0.022232006505907644
2042-03-16,Bond,0.13856542688673198
2042-03-17,Equity,0.03707891660590546
2042-03-17,Gold,0.022119739535519753
2042-03-17,Bond,0.1395464412022552
2042-03-18,Equity,0.03671657172672961
2042-03-18,Gold,0.022165597286099646
2042-03-18,Bond,0.1399057409371215
2042-03-19,Equity,0.03681184192658674
2042-03-19,Gold,0.022430807853017147
2042-03-19,Bond,0.1373831650430735
2042-03-20,Equity,0.036714874731375045
2042-03-20,Gold,0.022615228790175818
2042-03-20,Bond,0.13790538623975823
2042-03-21,Equity,0.03642513498669194
2042-03-21,Gold,0.022539118166175556
2042-03-21,Bond,0.1374626933809669
2042-03-22,Equity,0.03643791550830276
2042-03-22,Gold,0.02243720761021554
2042-03-22,Bond,0.1368605811685992
2042-03-23,Equity,0.03599074626232765
2042-03-23,Gold,0.022149226206144346
2042-03-23,Bond,0.13599892169475802
2042-03-24,Equity,0.03618908350537222
2042-03-24,Gold,0.022316484780882287
2042-03-24,Bond,0.1347836034773392
2042-03-25,Equity,0.03644950476704349
2042-03-25,Gold,0.0222192379158688
2042-03-25,Bond,0.13499895711869425
2042-03-26,Equity,0.036598403891805874
2042-03-26,Gold,0.022133580779120768
2042-03-26,Bond,0.13562249091101453
2042-03-27,Equity,0.03696413289413787
2042-03-27,Gold,0.022496932868332622
2042-03-27,Bond,0.1356952050130139
2042-03-28,Equity,0.03637573826117308
2042-03-28,Gold,0.022612217885836734
2042-03-28,Bond,0.1368702324398032
2042-03-29,Equity,0.036358010708373516
2042-03-29,Gold,0.022665275933001598
2042-03-29,Bond,0.1375464958675649
2042-03-30,Equity,0.03611757969786843
2042-03-30,Gold,0.022920438410179666
2042-03-30,Bond,0.1352040851736486
2042-03-31,Equity,0.035751118557438254
2042-03-31,Gold,0.023279082970339145
2042-03-31,Bond,0.13414754160159348
2042-04-01,Equity,0.03522329566924514
2042-04-01,Gold,0.022888912572644034
2042-04-01,Bond,0.13565252407297723
2042-04-02,Gold,0.20002084799022377
2042-04-03,Gold,0.19964966192057562
2042-04-04,Gold,0.19809096512260205
2042-04-05,Gold,0.1976699955038649
2042-04-06,Gold,0.1952214802974747
2042-04-07,Gold,0.1966743898881357
2042-04-08,Gold,0.19585804913982946
2042-04-09,Gold,0.196174744246869
2042-04-10,Gold,0.19625566553191587
2042-04-11,Gold,0.19713642439379628
2042-04-12,Gold,0.19327049294737775
2042-04-13,Gold,0.19397350040617461
2042-04-14,Gold,0.19354376265172082
2042-04-15,Gold,0.1941796064126154
2042-04-16,Gold,0.19234072431529242
2042-04-17,Gold,0.19298416748231786
2042-04-18,Gold,0.19501455233349702
2042-04-19,Gold,0.1953126271890176
2042-04-20,Gold,0.19418783418519744
2042-04-21,Gold,0.19313606987885323
2042-04-22,Gold,0.19403564099392345
2042-04-23,Equity,0.20002369851026144
2042-04-24,Equity,0.19964524512220938
2042-04-25,Equity,0.1989191776994304
2042-04-26,Equity,0.198503778418429
2042-04-27,Equity,0.19950117889641955
2042-04-28,Equity,0.1985067634800905
2042-04-29,Equity,0.1975137758259238
2042-04-30,Equity,0.19794372095701787
2042-05-01,Equity,0.19876866995337583
2042-05-02,Equity,0.19908877685270004
2042-05-03,Equity,0.19928647464614696
2042-05-04,Equity,0.19851456841783205
2042-05-05,Equity,0.1985469391420045
2042-05-06,Equity,0.1947817057545569
2042-05-07,Equity,0.19722391092205308
2042-05-08,Equity,0.19747913127276495
2042-05-09,Equity,0.20083476570744796
2042-05-10,Equity,0.20291099189654158
2042-05-11,Equity,0.20159585858146037
2042-05-12,Equity,0.2010104581444174
2042-05-13,Equity,0.19924606942159986
2042-05-14,Equity,0.20000010921149977
2042-05-15,Equity,0.19750969785996636
2042-05-16,Equity,0.19604985851154888
2042-05-17,Equity,0.19442352139761626
2042-05-18,Equity,0.19580791976813838
2042-05-19,Equity,0.1932686462427698
2042-05-20,Equity,0.19676284943747038
2042-05-21,Equity,0.19625481347800602
2042-05-22,Equity,0.19838844525801558
2042-05-23,Equity,0.1968595691238011
2042-05-24,Equity,0.19809277437433548
2042-05-25,Equity,0.19577045736163368
2042-05-26,Equity,0.19346005349313303
2042-05-27,Equity,0.19517355897194502
2042-05-28,Equity,0.1949821087929553
2042-05-29,Equity,0.19467116004979057
2042-05-30,Equity,0.19310308961228376
2042-05-31,Equity,0.19174921187916014
2042-06-01,Equity,0.1892878514870559
2042-06-02,Equity,0.18848610157995863
2042-06-03,Equity,0.18887833383485142
2042-06-04,Gold,0.025002917844126088
2042-06-04,Bond,0.17502042490888262
2042-06-05,Gold,0.02529608765790223
2042-06-05,Bond,0.17658723545618307
2042-06-06,Gold,0.025603645979430895
2042-06-06,Bond,0.17634897113414832
2042-06-07,Gold,0.02580428320189229
2042-06-07,Bond,0.17308135087454454
2042-06-08,Gold,0.025901656252961234
2042-06-08,Bond,0.17321148807341957
2042-06-09,Gold,0.025884399837080057
2042-06-09,Bond,0.17227029980599665
2042-06-10,Gold,0.025859727306074946
2042-06-10,Bond,0.17339579276463582
2042-06-11,Gold,0.02582177774573701
2042-06-11,Bond,0.1708935549636232
2042-06-12,Gold,0.025793078657320376
2042-06-12,Bond,0.17206886962704587
2042-06-13,Gold,0.02581985311755434
2042-06-13,Bond,0.17233141568964844
2042-06-14,Gold,0.026281246542664373
2042-06-14,Bond,0.1727519802830628
2042-06-15,Gold,0.026398078484879153
2042-06-15,Bond,0.17361218254205937
2042-06-16,Gold,0.02634561450463806
2042-06-16,Bond,0.17358093400062588
2042-06-17,Gold,0.0263354524226304
2042-06-17,Bond,0.1731082897547504
2042-06-18,Gold,0.026101591446147192
2042-06-18,Bond,0.17477159691211466
2042-06-19,Gold,0.02593557037516765
2042-06-19,Bond,0.17565379088092
2042-06-20,Gold,0.026134910427748015
2042-06-20,Bond,0.17661160398788928
2042-06-21,Gold,0.026013270691100362
2042-06-21,Bond,0.17651436350235164
2042-06-22,Gold,0.02585226358581805
2042-06-22,Bond,0.1767019229902952
2042-06-23,Gold,0.025704065551571505
2042-06-23,Bond,0.17670965076280432
2042-06-24,Gold,0.025600317865618928
2042-06-24,Bond,0.17421911748367183
2042-06-25,Gold,0.20002077692540987
2042-06-26,Gold,0.2002492173876901
2042-06-27,Gold,0.19979747460054037
2042-06-28,Gold,0.19984429374591203
2042-06-29,Gold,0.20019198213683953
2042-06-30,Gold,0.1989981322883458
2042-07-01,Gold,0.19679240780657925
2042-07-02,Gold,0.1989167038330185
2042-07-03,Gold,0.20049579288147582
2042-07-04,Gold,0.20110208529372087
2042-07-05,Gold,0.20258292070561248
2042-07-06,Gold,0.20569305639775792
2042-07-07,Gold,0.20481967380269367
2042-07-08,Gold,0.203001520334248
2042-07-09,Gold,0.20407390365973463
2042-07-10,Gold,0.20170171086580252
2042-07-11,Gold,0.20176286064905596
2042-07-12,Gold,0.20128265085827796
2042-07-13,Gold,0.20236822758218123
2042-07-14,Gold,0.20159087944984247
2042-07-15,Gold,0.20352884797549284
2042-07-16,Gold,0.20000013923846258
2042-07-17,Gold,0.2011318123942812
2042-07-18,Gold,0.20006316583896316
2042-07-19,Gold,0.20094234493174254
2042-07-20,Gold,0.1993181262299216
2042-07-21,Gold,0.1992796456388065
2042-07-22,Gold,0.20139766102734089
2042-07-23,Gold,0.201582695052519
2042-07-24,Gold,0.20349354759990626
2042-07-25,Gold,0.2034509642096385
2042-07-26,Gold,0.2026337138470334
2042-07-27,Gold,0.202911733740759
2042-07-28,Gold,0.203913757308092
2042-07-29,Gold,0.20083788571220865
2042-07-30,Gold,0.20167747373763412
2042-07-31,Gold,0.20016854636129153
2042-08-01,Gold,0.19827262248474506
2042-08-02,Gold,0.19913013854942183
2042-08-03,Gold,0.20127334625808313
2042-08-04,Gold,0.20162147091882082
2042-08-05,Gold,0.19944848960489422
2042-08-06,Equity,0.20002390566181563
2042-08-07,Equity,0.19914214958641963
2042-08-08,Equity,0.19763272183775332
2042-08-09,Equity,0.19883721792963197
2042-08-10,Equity,0.20202738071068227
2042-08-11,Equity,0.20066942938802984
2042-08-12,Equity,0.20376736320543123
2042-08-13,Equity,0.2022134612980132
2042-08-14,Equity,0.20185885009450055
2042-08-15,Equity,0.20004528697854204
2042-08-16,Equity,0.20073549501683086
2042-08-17,Equity,0.20095322975121158
2042-08-18,Equity,0.20103299896818463
2042-08-19,Equity,0.20002671370469013
2042-08-20,Equity,0.19934389830687424
2042-08-21,Equity,0.19923781740500793
2042-08-22,Equity,0.19882166622642394
2042-08-23,Equity,0.1987536773921487
2042-08-24,Equity,0.19638119963534173
2042-08-25,Equity,0.1930089458598974
2042-08-26,Equity,0.19354995309395112
2042-08-27,Gold,0.20002365140878092
2042-08-28,Gold,0.2001810381973486
2042-08-29,Gold,0.20091341297388726
2042-08-30,Gold,0.20256570750211067
2042-08-31,Gold,0.20197484282032047
2042-09-01,Gold,0.20066576843622194
2042-09-02,Gold,0.20281239156079742
2042-09-03,Gold,0.2033088212971542
2042-09-04,Gold,0.20249112427370755
2042-09-05,Gold,0.2026431545653725
2042-09-06,Gold,0.20346607810325437
2042-09-07,Gold,0.200934584080674
2042-09-08,Gold,0.20208664336444748
2042-09-09,Gold,0.20274605466122872
2042-09-10,Gold,0.20543452382416735
2042-09-11,Gold,0.20507729229564792
2042-09-12,Gold,0.20733139661823288
2042-09-13,Gold,0.20725803345088306
2042-09-14,Gold,0.20748679262265476
2042-09-15,Gold,0.20794915736050565
2042-09-16,Gold,0.21141795694843513
2042-09-17,Gold,0.0314168786423056
2042-09-17,Bond,0.16860391538037345
2042-09-18,Gold,0.03157165544936017
2042-09-18,Bond,0.1684781757277776
2042-09-19,Gold,0.03171148563534392
2042-09-19,Bond,0.16513463842863224
2042-09-20,Gold,0.031701370587988616
2042-09-20,Bond,0.16517179550663494
2042-09-21,Gold,0.03188806528402807
2042-09-21,Bond,0.16495153984492564
2042-09-22,Gold,0.032212820815356875
2042-09-22,Bond,0.16537119866841754
2042-09-23,Gold,0.032485683535146866
2042-09-23,Bond,0.16259199162412302
2042-09-24,Gold,0.03284875798136843
2042-09-24,Bond,0.1632244706624051
2042-09-25,Gold,0.03276759133044993
2042-09-25,Bond,0.16327698949051325
2042-09-26,Gold,0.032725683885122196
2042-09-26,Bond,0.16395716575729577
2042-09-27,Gold,0.032496463632390934
2042-09-27,Bond,0.16178911247052866
2042-09-28,Gold,0.0331915649133053
2042-09-28,Bond,0.16001730449681237
2042-09-29,Gold,0.03323048004555189
2042-09-29,Bond,0.15752292022866005
2042-09-30,Gold,0.03312748682581328
2042-09-30,Bond,0.15773274650754307
2042-10-01,Gold,0.033340464463141685
2042-10-01,Bond,0.15724313688886854
2042-10-02,Gold,0.03370673665310486
2042-10-02,Bond,0.1569941283971117
2042-10-03,Gold,0.033554909565066154
2042-10-03,Bond,0.15519620807568152
2042-10-04,Gold,0.0340053163508271
2042-10-04,Bond,0.15355497822717198
2042-10-05,Gold,0.03403467481094848
2042-10-05,Bond,0.1503541849025118
2042-10-06,Gold,0.034577609003944465
2042-10-06,Bond,0.14857034538988248
2042-10-07,Gold,0.034430646764181096
2042-10-07,Bond,0.14777753614359318
2042-10-08,Gold,0.20001873872487594
2042-10-09,Gold,0.20008708799452352
2042-10-10,Gold,0.1982903835040679
2042-10-11,Gold,0.19604901908611302
2042-10-12,Gold,0.19488066660375103
2042-10-13,Gold,0.19644272798003823
2042-10-14,Gold,0.19339348174217624
2042-10-15,Gold,0.19391494566634584
2042-10-16,Gold,0.19430115669212109
2042-10-17,Gold,0.19168108903978195
2042-10-18,Gold,0.19044941680351596
2042-10-19,Gold,0.18922090700101754
2042-10-20,Gold,0.18930175757331089
2042-10-21,Gold,0.19156235176516279
2042-10-22,Gold,0.19323262649552647
2042-10-23,Gold,0.1926715488119029
2042-10-24,Gold,0.19138468399305417
2042-10-25,Gold,0.18898458938189264
2042-10-26,Gold,0.18840498157481494
2042-10-27,Gold,0.1870345064652115
2042-10-28,Gold,0.18697954873723782
2042-10-29,Equity,0.044449604817772166
2042-10-29,Bond,0.15557361686220256
2042-10-30,Equity,0.04392056895067561
2042-10-30,Bond,0.1549419169647945
2042-10-31,Equity,0.04336458700564856
2042-10-31,Bond,0.15621621522110646
2042-11-01,Equity,0.04288562058093347
2042-11-01,Bond,0.15585977461142925
2042-11-02,Equity,0.042262712386431034
2042-11-02,Bond,0.15864298787099473
2042-11-03,Equity,0.04172515502357042
2042-11-03,Bond,0.1606531900856249
2042-11-04,Equity,0.04201058162600159
2042-11-04,Bond,0.16160142904300323
2042-11-05,Equity,0.041972438329043626
2042-11-05,Bond,0.16301610513680767
2042-11-06,Equity,0.04237673373395735
2042-11-06,Bond,0.16200888615236334
2042-11-07,Equity,0.041807159727879
2042-11-07,Bond,0.16443161018403413
2042-11-08,Equity,0.041254963176641
2042-11-08,Bond,0.16329742346554146
2042-11-09,Equity,0.04088765778616246
2042-11-09,Bond,0.16391240036750804
2042-11-10,Equity,0.0412082971743056
2042-11-10,Bond,0.16288993515544348
2042-11-11,Equity,0.041446575599492164
2042-11-11,Bond,0.16401585575344527
2042-11-12,Equity,0.04123737028536657
2042-11-12,Bond,0.16643826115972302
2042-11-13,Equity,0.04133390728991847
2042-11-13,Bond,0.16704343083139112
2042-11-14,Equity,0.04111195548159658
2042-11-14,Bond,0.16751726534296704
2042-11-15,Equity,0.040834616566908954
2042-11-15,Bond,0.16740864976099762
2042-11-16,Equity,0.04098375576627171
2042-11-16,Bond,0.1675214718739302
2042-11-17,Equity,0.04126825776585832
2042-11-17,Bond,0.1670082319129427
2042-11-18,Equity,0.04186746352146933
2042-11-18,Bond,0.16916708548118461
2042-11-19,Equity,0.049785833600713376
2042-11-19,Bond,0.15021587724353178
2042-11-20,Equity,0.049282807124487356
2042-11-20,Bond,0.14985632527557277
2042-11-21,Equity,0.04904680120301277
2042-11-21,Bond,0.1499698001350253
2042-11-22,Equity,0.049115719124658945
2042-11-22,Bond,0.15367884862024156
2042-11-23,Equity,0.05004101253786674
2042-11-23,Bond,0.15387993459001392
2042-11-24,Equity,0.04999580416438118
2042-11-24,Bond,0.15577019357676808
2042-11-25,Equity,0.049632385558769046
2042-11-25,Bond,0.15508010408803227
2042-11-26,Equity,0.04906170671653593
2042-11-26,Bond,0.15578918429393113
2042-11-27,Equity,0.04883805801260017
2042-11-27,Bond,0.1550138244338563
2042-11-28,Equity,0.04898525733761306
2042-11-28,Bond,0.15429662534680413
2042-11-29,Equity,0.049257745032735036
2042-11-29,Bond,0.15528088760057304
2042-11-30,Equity,0.04942863491163026
2042-11-30,Bond,0.15409314093876933
2042-12-01,Equity,0.04918134173971049
2042-12-01,Bond,0.15259993782766015
2042-12-02,Equity,0.048522367038176466
2042-12-02,Bond,0.15358618778331878
2042-12-03,Equity,0.04886257914321993
2042-12-03,Bond,0.1529037749622324
2042-12-04,Equity,0.048628079551117295
2042-12-04,Bond,0.15258242009060305
2042-12-05,Equity,0.04854432231817734
2042-12-05,Bond,0.15030231391568813
2042-12-06,Equity,0.04816947269169697
2042-12-06,Bond,0.14876145559375792
2042-12-07,Equity,0.04744629346444205
2042-12-07,Bond,0.14915187872364802
2042-12-08,Equity,0.04821204481773442
2042-12-08,Bond,0.1487386138723427
2042-12-09,Equity,0.04784570256572455
2042-12-09,Bond,0.14994084075207556
2042-12-10,Gold,0.02872424948685786
2042-12-10,Bond,0.17128163582904132
2042-12-11,Gold,0.029195479225466767
2042-12-11,Bond,0.17096450095269033
2042-12-12,Gold,0.029265687900718824
2042-12-12,Bond,0.17101761931363965
2042-12-13,Gold,0.02954713762017697
2042-12-13,Bond,0.17068071459439382
2042-12-14,Gold,0.029885465902602323
2042-12-14,Bond,0.17146301121803337
2042-12-15,Gold,0.030005333253802384
2042-12-15,Bond,0.16991473213245312
2042-12-16,Gold,0.03021686050507219
2042-12-16,Bond,0.1705967034150901
2042-12-17,Gold,0.03016163104927263
2042-12-17,Bond,0.1722138584893529
2042-12-18,Gold,0.030189004361711014
2042-12-18,Bond,0.17104600551119847
2042-12-19,Gold,0.029975333272367826
2042-12-19,Bond,0.17164900408568678
2042-12-20,Gold,0.03000724415358996
2042-12-20,Bond,0.17214880939314753
2042-12-21,Gold,0.03053032658484756
2042-12-21,Bond,0.17289081253000274
2042-12-22,Gold,0.03026425486468439
2042-12-22,Bond,0.17294038143002236
2042-12-23,Gold,0.030370812051355053
2042-12-23,Bond,0.17494573180565615
2042-12-24,Gold,0.030352235069914087
2042-12-24,Bond,0.1779953251240572
2042-12-25,Gold,0.030755000416071272
2042-12-25,Bond,0.17883119040160414
2042-12-26,Gold,0.031237027070903076
2042-12-26,Bond,0.17920027570374442
2042-12-27,Gold,0.030957772803443383
2042-12-27,Bond,0.17927206325111888
2042-12-28,Gold,0.030858177585926207
2042-12-28,Bond,0.17737905676662724
2042-12-29,Gold,0.030780561682269017
2042-12-29,Bond,0.17533392836808578
2042-12-30,Gold,0.030698201266231056
2042-12-30,Bond,0.17369751091707358
2042-12-31,Gold,0.026605541828895015
2042-12-31,Bond,0.1733947381262468
2043-01-01,Gold,0.02670448611616364
2043-01-01,Bond,0.17310265706654474
2043-01-02,Gold,0.026413712626418166
2043-01-02,Bond,0.1753390571888346
2043-01-03,Gold,0.0263458491371466
2043-01-03,Bond,0.17177836269137164
2043-01-04,Gold,0.026141976893425314
2043-01-04,Bond,0.1718719686279892
2043-01-05,Gold,0.02624809380676867
2043-01-05,Bond,0.17246744916822518
2043-01-06,Gold,0.02619106753707415
2043-01-06,Bond,0.1737553174128165
2043-01-07,Gold,0.026123083124520375
2043-01-07,Bond,0.1739721539652622
2043-01-08,Gold,0.02589328904331617
2043-01-08,Bond,0.1745352089634422
2043-01-09,Gold,0.025483923702479594
2043-01-09,Bond,0.17486099376994085
2043-01-10,Gold,0.025872328951036857
2043-01-10,Bond,0.1754229174438619
2043-01-11,Gold,0.025800533266398137
2043-01-11,Bond,0.1754081124486461
2043-01-12,Gold,0.026391701275864845
2043-01-12,Bond,0.17836404263343902
2043-01-13,Gold,0.02656354804942286
2043-01-13,Bond,0.17917580294603613
2043-01-14,Gold,0.027031108706845244
2043-01-14,Bond,0.17937835762618906
2043-01-15,Gold,0.027329674032146162
2043-01-15,Bond,0.1782462253309951
2043-01-16,Gold,0.027388524693240268
2043-01-16,Bond,0.17773769515095095
2043-01-17,Gold,0.02715631310946612
2043-01-17,Bond,0.17998473600521803
2043-01-18,Gold,0.027018817975978295
2043-01-18,Bond,0.1763930469777407
2043-01-19,Gold,0.027311988444890387
2043-01-19,Bond,0.176421913806642
2043-01-20,Gold,0.02738368959059203
2043-01-20,Bond,0.17637292003904612
2043-01-21,Gold,0.02654870915831127
2043-01-21,Bond,0.1734515665009669
2043-01-22,Gold,0.026747735236505487
2043-01-22,Bond,0.17379440190907403
2043-01-23,Gold,0.026769507943886963
2043-01-23,Bond,0.1759649873632482
2043-01-24,Gold,0.026642242636689663
2043-01-24,Bond,0.17612962426408652
2043-01-25,Gold,0.026909160357647084
2043-01-25,Bond,0.1759888878182396
2043-01-26,Gold,0.026812185187360487
2043-01-26,Bond,0.17738283822828202
2043-01-27,Gold,0.026762502354250595
2043-01-27,Bond,0.17962623682168782
2043-01-28,Gold,0.026916675035896852
2043-01-28,Bond,0.180605850600307
2043-01-29,Gold,0.02685192983254768
2043-01-29,Bond,0.18211053100989824
2043-01-30,Gold,0.026391415962170543
2043-01-30,Bond,0.18187495010953347
2043-01-31,Gold,0.02665403440286275
2043-01-31,Bond,0.18201138793238628
2043-02-01,Gold,0.026908265327745415
2043-02-01,Bond,0.18417202980322514
2043-02-02,Gold,0.026407236448321315
2043-02-02,Bond,0.18505500787328513
2043-02-03,Gold,0.02615203081718665
2043-02-03,Bond,0.1847409366707115
2043-02-04,Gold,0.026670844402850186
2043-02-04,Bond,0.18469122226045012
2043-02-05,Gold,0.02667977706832153
2043-02-05,Bond,0.18624656130497036
2043-02-06,Gold,0.02662453712758721
2043-02-06,Bond,0.18795931416899003
2043-02-07,Gold,0.026556122729058756
2043-02-07,Bond,0.18669852337445583
2043-02-08,Gold,0.026273150279197553
2043-02-08,Bond,0.187300684518178
2043-02-09,Gold,0.026223843670053478
2043-02-09,Bond,0.1872983044797898
2043-02-10,Gold,0.026477073940440906
2043-02-10,Bond,0.1871505053669659
2043-02-11,Gold,0.02203400135321397
2043-02-11,Bond,0.1779669340067282
2043-02-12,Gold,0.022175254720918046
2043-02-12,Bond,0.17759572963458123
2043-02-13,Gold,0.022584380031856803
2043-02-13,Bond,0.17668675981489793
2043-02-14,Gold,0.022488854019313897
2043-02-14,Bond,0.17552730348745038
2043-02-15,Gold,0.022562437833848595
2043-02-15,Bond,0.17526288717597133
2043-02-16,Gold,0.02281429025389637
2043-02-16,Bond,0.17416293780541445
2043-02-17,Gold,0.022641194587472383
2043-02-17,Bond,0.1729593187622312
2043-02-18,Gold,0.022715437666095035
2043-02-18,Bond,0.17168303139654884
2043-02-19,Gold,0.02316770274458953
2043-02-19,Bond,0.1704318794107252
2043-02-20,Gold,0.023120694832317653
2043-02-20,Bond,0.16937221920441234
2043-02-21,Gold,0.023347418516927263
2043-02-21,Bond,0.1698922072065223
2043-02-22,Gold,0.023392395179392973
2043-02-22,Bond,0.167151445283662
2043-02-23,Gold,0.02383490807112561
2043-02-23,Bond,0.16610616155028685
2043-02-24,Gold,0.023458946416422873
2043-02-24,Bond,0.16603210808300375
2043-02-25,Gold,0.023428893777338214
2043-02-25,Bond,0.16762611296020646
2043-02-26,Gold,0.023102421469018038
2043-02-26,Bond,0.16734083451430606
2043-02-27,Gold,0.022950655221722998
2043-02-27,Bond,0.16715428376574754
2043-02-28,Gold,0.022796042252722543
2043-02-28,Bond,0.1670588943531768
2043-03-01,Gold,0.022805504199129627
2043-03-01,Bond,0.16454664416369122
2043-03-02,Gold,0.022517676774234056
2043-03-02,Bond,0.16549924647400432
2043-03-03,Gold,0.02247885090471336
2043-03-03,Bond,0.16635640839151966
2043-03-04,Gold,0.20002069750818396
2043-03-05,Gold,0.19758072262108167
2043-03-06,Gold,0.19657601683528142
2043-03-07,Gold,0.2006200664150955
2043-03-08,Gold,0.20114858993709825
2043-03-09,Gold,0.19824356205898705
2043-03-10,Gold,0.19602702218496487
2043-03-11,Gold,0.1963832927394087
2043-03-12,Gold,0.19654220931354746
2043-03-13,Gold,0.19561621197653584
2043-03-14,Gold,0.19909045936768033
2043-03-15,Gold,0.203299035870677
2043-03-16,Gold,0.2028711539001428
2043-03-17,Gold,0.20428651346518698
2043-03-18,Gold,0.20579124983394545
2043-03-19,Gold,0.20752234319196505
2043-03-20,Gold,0.20647164982203414
2043-03-21,Gold,0.20966735736143374
2043-03-22,Gold,0.20955370967376397
2043-03-23,Gold,0.2102535581138987
2043-03-24,Gold,0.21025695132140654
2043-03-25,Gold,0.20000060146757362
2043-03-26,Gold,0.20044642167447688
2043-03-27,Gold,0.1985525804949323
2043-03-28,Gold,0.1954345238911847
2043-03-29,Gold,0.19509922274029626
2043-03-30,Gold,0.19372034905524782
2043-03-31,Gold,0.1945769445240217
2043-04-01,Gold,0.19525766721247825
2043-04-02,Gold,0.1952788495220609
2043-04-03,Gold,0.19761758637840623
2043-04-04,Gold,0.19760771165310187
2043-04-05,Gold,0.19530587401813296
2043-04-06,Gold,0.19495463089087098
2043-04-07,Gold,0.19679900043376278
2043-04-08,Gold,0.19383758145458113
2043-04-09,Gold,0.19369067829402645
2043-04-10,Gold,0.1945909883078056
2043-04-11,Gold,0.1987814216611604
2043-04-12,Gold,0.2007127875016925
2043-04-13,Gold,0.20092562464979638
2043-04-14,Gold,0.20176302944547772
2043-04-15,Gold,0.20000007656557015
2043-04-16,Gold,0.1983258085076868
2043-04-17,Gold,0.19936281316088506
2043-04-18,Gold,0.1996201888290168
2043-04-19,Gold,0.2000819164531943
2043-04-20,Gold,0.20013652225061546
2043-04-21,Gold,0.20012837276971876
2043-04-22,Gold,0.20029319192977585
2043-04-23,Gold,0.19860703120140272
2043-04-24,Gold,0.19824291720312212
2043-04-25,Gold,0.1962729252733079
2043-04-26,Gold,0.19529735174044952
2043-04-27,Gold,0.19718364283551698
2043-04-28,Gold,0.19689766446156967
2043-04-29,Gold,0.19784156119978952
2043-04-30,Gold,0.19802459772209058
2043-05-01,Gold,0.1974140583399198
2043-05-02,Gold,0.19582093981534604
2043-05-03,Gold,0.1951917183090159
2043-05-04,Gold,0.19547963750828545
2043-05-05,Gold,0.19639364164311482
2043-05-06,Equity,0.05085293904835101
2043-05-06,Gold,0.018646077651062038
2043-05-06,Bond,0.13052254355743428
2043-05-07,Equity,0.0508328090600537
2043-05-07,Gold,0.018742874862059573
2043-05-07,Bond,0.1314987070877918
2043-05-08,Equity,0.04992049231606835
2043-05-08,Gold,0.01846913104119851
2043-05-08,Bond,0.13229417793760087
2043-05-09,Equity,0.049929137367410045
2043-05-09,Gold,0.018605613098006433
2043-05-09,Bond,0.13319072535339518
2043-05-10,Equity,0.05078436516042338
2043-05-10,Gold,0.018412169455306448
2043-05-10,Bond,0.13186523690009005
2043-05-11,Equity,0.051009921234179335
2043-05-11,Gold,0.018566967114864226
2043-05-11,Bond,0.13265274384456982
2043-05-12,Equity,0.05064433071500837
2043-05-12,Gold,0.018671022194618667
2043-05-12,Bond,0.1324637245655369
2043-05-13,Equity,0.04994092419488935
2043-05-13,Gold,0.018336092062550862
2043-05-13,Bond,0.13302254543050704
2043-05-14,Equity,0.050358451615379225
2043-05-14,Gold,0.018448423211496298
2043-05-14,Bond,0.13350007932720492
2043-05-15,Equity,0.050203802616619164
2043-05-15,Gold,0.01866130014642421
2043-05-15,Bond,0.13222684526610362
2043-05-16,Equity,0.050792362521446664
2043-05-16,Gold,0.018865474610113085
2043-05-16,Bond,0.13278882129030642
2043-05-17,Equity,0.0514489536520621
2043-05-17,Gold,0.01871580366180227
2043-05-17,Bond,0.13250458354630462
2043-05-18,Equity,0.05145870837531548
2043-05-18,Gold,0.018780882619528576
2043-05-18,Bond,0.131091441015397
2043-05-19,Equity,0.05162074325010275
2043-05-19,Gold,0.018909748050662097
2043-05-19,Bond,0.13088551885767663
2043-05-20,Equity,0.051832822694091125
2043-05-20,Gold,0.019041907294649333
2043-05-20,Bond,0.1308595564780223
2043-05-21,Equity,0.051202217935717706
2043-05-21,Gold,0.019115481015738144
2043-05-21,Bond,0.13160724955771802
2043-05-22,Equity,0.052203869053163515
2043-05-22,Gold,0.01907809602289186
2043-05-22,Bond,0.12879833647241692
2043-05-23,Equity,0.05241515711542496
2043-05-23,Gold,0.019249196189382832
2043-05-23,Bond,0.1291763150296963
2043-05-24,Equity,0.05251575446275162
2043-05-24,Gold,0.019448978702982758
2043-05-24,Bond,0.12856655531931718
2043-05-25,Equity,0.05295503478341829
2043-05-25,Gold,0.019389212589848253
2043-05-25,Bond,0.12941321829508703
2043-05-26,Equity,0.053116381458388984
2043-05-26,Gold,0.01923772672726603
2043-05-26,Bond,0.12940976456387462
2043-05-27,Equity,0.13334363031872684
2043-05-27,Gold,0.06667181515936342
2043-05-28,Equity,0.1322941407337983
2043-05-28,Gold,0.06759838674869005
2043-05-29,Equity,0.1297664111885916
2043-05-29,Gold,0.06839200328348392
2043-05-30,Equity,0.12984281902633588
2043-05-30,Gold,0.06837337205669088
2043-05-31,Equity,0.13048606346774605
2043-05-31,Gold,0.06819754565170541
2043-06-01,Equity,0.13042941550955928
2043-06-01,Gold,0.06709888544867908
2043-06-02,Equity,0.12913160252231806
2043-06-02,Gold,0.06714670730552534
2043-06-03,Equity,0.12867825713003506
2043-06-03,Gold,0.06644685953478635
2043-06-04,Equity,0.12825172145096003
2043-06-04,Gold,0.06657709395654052
2043-06-05,Equity,0.12912223046199353
2043-06-05,Gold,0.06724238725969749
2043-06-06,Equity,0.13082654747138417
2043-06-06,Gold,0.06650612049622628
2043-06-07,Equity,0.12772593714635358
2043-06-07,Gold,0.06689057333113886
2043-06-08,Equity,0.12755258013319198
2043-06-08,Gold,0.06752283824895942
2043-06-09,Equity,0.12686291957700724
2043-06-09,Gold,0.06771368801959976
2043-06-10,Equity,0.12661926791593192
2043-06-10,Gold,0.06740592419445929
2043-06-11,Equity,0.12755253699026925
2043-06-11,Gold,0.0673403503015298
2043-06-12,Equity,0.12691544616675873
2043-06-12,Gold,0.0679872331880939
2043-06-13,Equity,0.12765298425804442
2043-06-13,Gold,0.06809446242386477
2043-06-14,Equity,0.12988731194249512
2043-06-14,Gold,0.06791794265576828
2043-06-15,Equity,0.12927715475874832
2043-06-15,Gold,0.06869355668188167
2043-06-16,Equity,0.12898731163989965
2043-06-16,Gold,0.06904304900725064
2043-06-17,Gold,0.20001563303270337
2043-06-18,Gold,0.20102786646380846
2043-06-19,Gold,0.2025573371034602
2043-06-20,Gold,0.20056608023411812
2043-06-21,Gold,0.19695309789628
2043-06-22,Gold,0.1953103522606712
2043-06-23,Gold,0.1951493097361324
2043-06-24,Gold,0.1967402283508545
2043-06-25,Gold,0.1953360288648546
2043-06-26,Gold,0.19621004208052437
2043-06-27,Gold,0.19168846498510966
2043-06-28,Gold,0.19196799474182966
2043-06-29,Gold,0.19133786441850692
2043-06-30,Gold,0.19460602759693638
2043-07-01,Gold,0.19165760011669852
2043-07-02,Gold,0.1916351347041844
2043-07-03,Gold,0.18871177843323025
2043-07-04,Gold,0.18787161763375784
2043-07-05,Gold,0.18528983656612788
2043-07-06,Gold,0.18878822690388475
2043-07-07,Gold,0.18824431759683866
2043-08-19,Gold,0.20001200152013923
2043-08-20,Gold,0.20038645113754008
2043-08-21,Gold,0.2014653637045939
2043-08-22,Gold,0.20463482149509257
2043-08-23,Gold,0.20137090908190433
2043-08-24,Gold,0.20224074601153036
2043-08-25,Gold,0.20231169268858187
2043-08-26,Gold,0.2020260258352861
2043-08-27,Gold,0.1982429655170931
2043-08-28,Gold,0.19916677806123767
2043-08-29,Gold,0.19896752561503092
2043-08-30,Gold,0.19764095802099474
2043-08-31,Gold,0.197708330993574
2043-09-01,Gold,0.19724431888979607
2043-09-02,Gold,0.19449997738033153
2043-09-03,Gold,0.19463817336883
2043-09-04,Gold,0.19554907367231122
2043-09-05,Gold,0.19468652108319054
2043-09-06,Gold,0.19509717198621446
2043-09-07,Gold,0.19526700079657686
2043-09-08,Gold,0.19691510003166338
2043-09-09,Gold,0.20000019494281213
2043-09-10,Gold,0.20128502374694335
2043-09-11,Gold,0.2007817200375985
2043-09-12,Gold,0.2039572410853477
2043-09-13,Gold,0.2032489079803868
2043-09-14,Gold,0.20214188331578015
2043-09-15,Gold,0.20197985759235912
2043-09-16,Gold,0.20080895325412376
2043-09-17,Gold,0.19881253479850014
2043-09-18,Gold,0.19997404455365722
2043-09-19,Gold,0.19511927230008363
2043-09-20,Gold,0.19399486696410534
2043-09-21,Gold,0.19190548346355293
2043-09-22,Gold,0.1921260531733422
2043-09-23,Gold,0.18875112803177652
2043-09-24,Gold,0.18959145072423111
2043-09-25,Gold,0.19060156367858683
2043-09-26,Gold,0.18809559529520273
2043-09-27,Gold,0.18838684849846135
2043-09-28,Gold,0.18917715806952987
2043-09-29,Gold,0.19062369401079723
2043-09-30,Bond,0.20002330481961975
2043-10-01,Bond,0.20105220556098163
2043-10-02,Bond,0.19884187132643405
2043-10-03,Bond,0.1993587708336526
2043-10-04,Bond,0.20170053226818288
2043-10-05,Bond,0.20251413175530192
2043-10-06,Bond,0.20315629704906807
2043-10-07,Bond,0.20228864997968846
2043-10-08,Bond,0.20083384326324866
2043-10-09,Bond,0.19832182836776982
2043-10-10,Bond,0.1995288759182757
2043-10-11,Bond,0.19917631999085858
2043-10-12,Bond,0.19704538160587515
2043-10-13,Bond,0.1985948117650036
2043-10-14,Bond,0.197662366104648
2043-10-15,Bond,0.19630538922994673
2043-10-16,Bond,0.195523640567012
2043-10-17,Bond,0.195220101012271
2043-10-18,Bond,0.1959407005512214
2043-10-19,Bond,0.19456533128762593
2043-10-20,Bond,0.19615357263688823
2043-10-21,Equity,0.20002381794145413
2043-10-22,Equity,0.19957958560863326
2043-10-23,Equity,0.20033649373114126
2043-10-24,Equity,0.19881070335374368
2043-10-25,Equity,0.19924133154078413
2043-10-26,Equity,0.19949557023853703
2043-10-27,Equity,0.19811838558614212
2043-10-28,Equity,0.19446695000233516
2043-10-29,Equity,0.19176043560394854
2043-10-30,Equity,0.19140496251404895
2043-10-31,Equity,0.19281267820597417
2043-11-01,Equity,0.19211450552078996
2043-11-02,Equity,0.19346218205563534
2043-11-03,Equity,0.19289069124050423
2043-11-04,Equity,0.19125956053501625
2043-11-05,Equity,0.18929001743768026
2043-11-06,Equity,0.18787219327644247
2043-11-07,Equity,0.18808701895709376
2043-11-08,Equity,0.18801738772083992
2043-11-09,Equity,0.18763880888476922
2043-11-10,Equity,0.18732415456812035
2043-11-11,Bond,0.20002334350118137
2043-11-12,Bond,0.19982851957419595
2043-11-13,Bond,0.20025524531611036
2043-11-14,Bond,0.19961672964050828
2043-11-15,Bond,0.19905858003692994
2043-11-16,Bond,0.1976293644847702
2043-11-17,Bond,0.19756254845601764
2043-11-18,Bond,0.19827333474118344
2043-11-19,Bond,0.19784585867629545
2043-11-20,Bond,0.19662114291081137
2043-11-21,Bond,0.196469202183383
2043-11-22,Bond,0.1970968366616333
2043-11-23,Bond,0.19729942614675086
2043-11-24,Bond,0.20085426094280823
2043-11-25,Bond,0.19980270442811088
2043-11-26,Bond,0.19956248383451458
2043-11-27,Bond,0.20081022758610828
2043-11-28,Bond,0.199697684089194
2043-11-29,Bond,0.20279718653578327
2043-11-30,Bond,0.20280464946146742
2043-12-01,Bond,0.20371339136992392
2043-12-02,Gold,0.02051309602191988
2043-12-02,Bond,0.17948959019179891
2043-12-03,Gold,0.020490706075022996
2043-12-03,Bond,0.18099185488307099
2043-12-04,Gold,0.020365180429877804
2043-12-04,Bond,0.17945188871257306
2043-12-05,Gold,0.020142666733448816
2043-12-05,Bond,0.18180866399920328
2043-12-06,Gold,0.02006735321553915
2043-12-06,Bond,0.1821660316762173
2043-12-07,Gold,0.020195334592190455
2043-12-07,Bond,0.1831206406196326
2043-12-08,Gold,0.020472892448809305
2043-12-08,Bond,0.18197220445601572
2043-12-09,Gold,0.020494606963179434
2043-12-09,Bond,0.18246836914755943
2043-12-10,Gold,0.020416909488600393
2043-12-10,Bond,0.18104984920872713
2043-12-11,Gold,0.02030108905648854
2043-12-11,Bond,0.1828129998701206
2043-12-12,Gold,0.020368613329155336
2043-12-12,Bond,0.18089033589082623
2043-12-13,Gold,0.020406468812971403
2043-12-13,Bond,0.1811108359255758
2043-12-14,Gold,0.02050799670713203
2043-12-14,Bond,0.1805194066603162
2043-12-15,Gold,0.02047724567841446
2043-12-15,Bond,0.17823537664876088
2043-12-16,Gold,0.02061788934233924
2043-12-16,Bond,0.17685025007757366
2043-12-17,Gold,0.0206925130270331
2043-12-17,Bond,0.17748919367341537
2043-12-18,Gold,0.020645310097181603
2043-12-18,Bond,0.17619852076829104
2043-12-19,Gold,0.020324387683410414
2043-12-19,Bond,0.17529107394298066
2043-12-20,Gold,0.0201357265386731
2043-12-20,Bond,0.175862920846691
2043-12-21,Gold,0.02041437105430456
2043-12-21,Bond,0.17713651985659348
2043-12-22,Gold,0.020054873960970224
2043-12-22,Bond,0.17816272414906925
2043-12-23,Equity,0.039149836565033215
2043-12-23,Bond,0.16085476327807127
2043-12-24,Equity,0.03938003813585922
2043-12-24,Bond,0.1611078425140984
2043-12-25,Equity,0.0394918440018416
2043-12-25,Bond,0.1612483594611401
2043-12-26,Equity,0.039325719425773356
2043-12-26,Bond,0.15989022608148507
2043-12-27,Equity,0.04001808442683672
2043-12-27,Bond,0.1601475037356862
2043-12-28,Equity,0.03967567169230011
2043-12-28,Bond,0.15881428159325137
2043-12-29,Equity,0.03912099581921446
2043-12-29,Bond,0.1597223819159234
2043-12-30,Equity,0.03954875219416648
2043-12-30,Bond,0.15983124251262262
2043-12-31,Equity,0.03952468375263263
2043-12-31,Bond,0.15697251955143762
2044-01-01,Equity,0.040112657935423436
2044-01-01,Bond,0.1581656354696755
2044-01-02,Equity,0.04004966468618172
2044-01-02,Bond,0.15748755221331429
2044-01-03,Equity,0.0399386520222519
2044-01-03,Bond,0.1567110625182886
2044-01-04,Equity,0.04006921486452429
2044-01-04,Bond,0.15794710493026823
2044-01-05,Equity,0.040409784176647076
2044-01-05,Bond,0.15767582397109303
2044-01-06,Equity,0.04121704034790989
2044-01-06,Bond,0.15833128822487716
2044-01-07,Equity,0.04160192062442704
2044-01-07,Bond,0.15740632738760732
2044-01-08,Equity,0.0419777821582124
2044-01-08,Bond,0.15840429505763307
2044-01-09,Equity,0.04173251951545387
2044-01-09,Bond,0.15870581127216574
2044-01-10,Equity,0.04209058343133304
2044-01-10,Bond,0.15918323141100113
2044-01-11,Equity,0.042355564458960784
2044-01-11,Bond,0.15890244883444454
2044-01-12,Equity,0.04201064515573206
2044-01-12,Bond,0.16113226683963652
2044-01-13,Equity,0.0393443225464864
2044-01-13,Bond,0.16065598373148607
2044-01-14,Equity,0.0391415739755667
2044-01-14,Bond,0.15776253213448882
2044-01-15,Equity,0.03889063745648555
2044-01-15,Bond,0.1590293453693436
2044-01-16,Equity,0.03888445662614563
2044-01-16,Bond,0.15760254531621534
2044-01-17,Equity,0.03913266885880127
2044-01-17,Bond,0.15823436615868144
2044-01-18,Equity,0.03960064094490473
2044-01-18,Bond,0.1558227523259233
2044-01-19,Equity,0.040245818738580005
2044-01-19,Bond,0.1562448272498509
2044-01-20,Equity,0.04046350231601858
2044-01-20,Bond,0.1551188473570485
2044-01-21,Equity,0.039931442216586885
2044-01-21,Bond,0.15460879433594552
2044-01-22,Equity,0.039613912799322464
2044-01-22,Bond,0.15410009214507664
2044-01-23,Equity,0.039571450002694915
2044-01-23,Bond,0.15315891642941093
2044-01-24,Equity,0.04002358488526535
2044-01-24,Bond,0.1521787540793436
2044-01-25,Equity,0.04028746872519067
2044-01-25,Bond,0.15162807820779067
2044-01-26,Equity,0.04000433753024528
2044-01-26,Bond,0.15147632968969704
2044-01-27,Equity,0.03955943810186933
2044-01-27,Bond,0.15195941278142763
2044-01-28,Equity,0.03920720843436728
2044-01-28,Bond,0.15441134092472014
2044-01-29,Equity,0.038800323428295466
2044-01-29,Bond,0.1532530444304744
2044-01-30,Equity,0.03874819958603874
2044-01-30,Bond,0.15342465852604212
2044-01-31,Equity,0.038868016769012255
2044-01-31,Bond,0.15440426443201546
2044-02-01,Equity,0.03902126548302232
2044-02-01,Bond,0.1534632798000165
2044-02-02,Equity,0.03897701941955005
2044-02-02,Bond,0.15058163918828532
2044-02-24,Equity,0.20001200152013923
2044-02-25,Equity,0.19869276398097008
2044-02-26,Equity,0.19864863110630163
2044-02-27,Equity,0.1996503369096161
2044-02-28,Equity,0.20040430899826212
2044-02-29,Equity,0.20304420357780106
2044-03-01,Equity,0.20210375454919888
2044-03-02,Equity,0.2011961901659371
2044-03-03,Equity,0.2000694996231033
2044-03-04,Equity,0.1957317039624038
2044-03-05,Equity,0.19670023767970563
2044-03-06,Equity,0.19670691805463542
2044-03-07,Equity,0.1963221922184144
2044-03-08,Equity,0.19503907411975271
2044-03-09,Equity,0.19590655813858565
2044-03-10,Equity,0.1959338550211163
2044-03-11,Equity,0.1983789535126341
2044-03-12,Equity,0.19841746142312378
2044-03-13,Equity,0.19908474706001275
2044-03-14,Equity,0.20160322432004757
2044-03-15,Equity,0.2010720929328178
2044-03-16,Equity,0.1367140678638364
2044-03-16,Gold,0.06329354993696128
2044-03-17,Equity,0.13843832386666954
2044-03-17,Gold,0.0629540934301453
2044-03-18,Equity,0.13670974836869196
2044-03-18,Gold,0.06226209384284079
2044-03-19,Equity,0.13626911003965933
2044-03-19,Gold,0.06320897762978399
2044-03-20,Equity,0.13584269638795837
2044-03-20,Gold,0.06386919569514997
2044-03-21,Equity,0.13474631601987463
2044-03-21,Gold,0.06469390662171737
2044-03-22,Equity,0.13545696443726055
2044-03-22,Gold,0.06400224211844635
2044-03-23,Equity,0.13466517202990613
2044-03-23,Gold,0.06492325553242038
2044-03-24,Equity,0.13461441288298182
2044-03-24,Gold,0.06611820169839278
2044-03-25,Equity,0.1334388286639832
2044-03-25,Gold,0.06684975831302362
2044-03-26,Equity,0.133620917626124
2044-03-26,Gold,0.06785919250268602
2044-03-27,Equity,0.13597317811563808
2044-03-27,Gold,0.0681742813623483
2044-03-28,Equity,0.13598980816090886
2044-03-28,Gold,0.06764324276476033
2044-03-29,Equity,0.13593130779166573
2044-03-29,Gold,0.0679650181192925
2044-03-30,Equity,0.13463595775678847
2044-03-30,Gold,0.06742976389712704
2044-03-31,Equity,0.13567496948506205
2044-03-31,Gold,0.0669787625602172
2044-04-01,Equity,0.13554503408651808
2044-04-01,Gold,0.0671845469758285
2044-04-02,Equity,0.1359894010489815
2044-04-02,Gold,0.06726282410466158
2044-04-03,Equity,0.13706576149347566
2044-04-03,Gold,0.0674664627127002
2044-04-04,Equity,0.13701598745595717
2044-04-04,Gold,0.06636415002913164
2044-04-05,Equity,0.13824177849662847
2044-04-05,Gold,0.06617559425739164
2044-04-06,Equity,0.2000076157773976
2044-04-07,Equity,0.20055195621764904
2044-04-08,Equity,0.200871915933553
2044-04-09,Equity,0.20091666361531088
2044-04-10,Equity,0.20181989703141978
2044-04-11,Equity,0.20265338865480037
2044-04-12,Equity,0.20035234957879744
2044-04-13,Equity,0.1992783805731795
2044-04-14,Equity,0.2008101947446111
2044-04-15,Equity,0.20120873376884418
2044-04-16,Equity,0.2008598481491259
2044-04-17,Equity,0.20370287124504496
2044-04-18,Equity,0.20502315634172696
2044-04-19,Equity,0.20678876064146406
2044-04-20,Equity,0.2064270531650566
2044-04-21,Equity,0.2070592401117072
2044-04-22,Equity,0.2069255667117049
2044-04-23,Equity,0.20523196306589964
2044-04-24,Equity,0.2055533903177339
2044-04-25,Equity,0.20545931915136711
2044-04-26,Equity,0.20533803396022055
2044-04-27,Equity,0.13333894525815215
2044-04-27,Gold,0.06666947262907606
2044-04-28,Equity,0.13301981824246878
2044-04-28,Gold,0.06801882420428466
2044-04-29,Equity,0.13317266294883223
2044-04-29,Gold,0.06750816911675725
2044-04-30,Equity,0.13322428906469558
2044-04-30,Gold,0.06809580445598812
2044-05-01,Equity,0.13374341176079702
2044-05-01,Gold,0.06848492870115226
2044-05-02,Equity,0.1339058276615401
2044-05-02,Gold,0.0697306525322863
2044-05-03,Equity,0.1346381656824856
2044-05-03,Gold,0.0701249156677051
2044-05-04,Equity,0.13309373749892778
2044-05-04,Gold,0.07063930303968831
2044-05-05,Equity,0.13317980127603368
2044-05-05,Gold,0.07118665845789394
2044-05-06,Equity,0.13296281235391313
2044-05-06,Gold,0.0718089119441982
2044-05-07,Equity,0.13131427436164197
2044-05-07,Gold,0.07291097979617091
2044-05-08,Equity,0.12975454888000457
2044-05-08,Gold,0.0724955004384651
2044-05-09,Equity,0.1290838605588067
2044-05-09,Gold,0.07229086339799526
2044-05-10,Equity,0.1281904873563867
2044-05-10,Gold,0.07352488882765648
2044-05-11,Equity,0.12810611842153735
2044-05-11,Gold,0.07222388152674203
2044-05-12,Equity,0.12825718110492804
2044-05-12,Gold,0.07215527206587834
2044-05-13,Equity,0.12879672700609493
2044-05-13,Gold,0.07220959676136944
2044-05-14,Equity,0.12743015428962035
2044-05-14,Gold,0.07220560875805136
2044-05-15,Equity,0.1262835772530871
2044-05-15,Gold,0.07335587504094729
2044-05-16,Equity,0.12528342519539337
2044-05-16,Gold,0.07376066304805233
2044-05-17,Equity,0.12518881754653172
2044-05-17,Gold,0.07350743845396691
2044-05-18,Gold,0.20001513338099583
2044-05-19,Gold,0.20046646116494987
2044-05-20,Gold,0.20234177647131785
2044-05-21,Gold,0.2025652586196691
2044-05-22,Gold,0.20234821280330076
2044-05-23,Gold,0.20122832334539117
2044-05-24,Gold,0.20183020840487645
2044-05-25,Gold,0.20234389638035774
2044-05-26,Gold,0.2011775209335051
2044-05-27,Gold,0.2028320846317214
2044-05-28,Gold,0.2056045959121853
2044-05-29,Gold,0.20568463649671204
2044-05-30,Gold,0.20617870331256494
2044-05-31,Gold,0.2043761377923283
2044-06-01,Gold,0.2055774687443185
2044-06-02,Gold,0.20633657265233513
2044-06-03,Gold,0.20580304951580167
2044-06-04,Gold,0.2045904825885475
2044-06-05,Gold,0.2076135064473081
2044-06-06,Gold,0.20824390704717316
2044-06-07,Gold,0.20673491616469536
2044-06-08,Equity,0.045287948795330435
2044-06-08,Gold,0.022643974397665214
2044-06-08,Bond,0.13208985065304707
2044-06-09,Equity,0.0456503155002531
2044-06-09,Gold,0.02266122943821477
2044-06-09,Bond,0.1329371326110306
2044-06-10,Equity,0.045795289991485216
2044-06-10,Gold,0.02268235290222439
2044-06-10,Bond,0.1324971888276225
2044-06-11,Equity,0.04642258264771046
2044-06-11,Gold,0.02292577841240849
2044-06-11,Bond,0.13091567558797124
2044-06-12,Equity,0.047381407557216
2044-06-12,Gold,0.02231956338194165
2044-06-12,Bond,0.1310993214072073
2044-06-13,Equity,0.0475719573366037
2044-06-13,Gold,0.02194575885221394
2044-06-13,Bond,0.1303383855333785
2044-06-14,Equity,0.04821544816751332
2044-06-14,Gold,0.022245736305746625
2044-06-14,Bond,0.12956751045683693
2044-06-15,Equity,0.048888898031935205
2044-06-15,Gold,0.022220893360410086
2044-06-15,Bond,0.12878141964397247
2044-06-16,Equity,0.04887640789943991
2044-06-16,Gold,0.02212531079952084
2044-06-16,Bond,0.1289239183593789
2044-06-17,Equity,0.049036498599796044
2044-06-17,Gold,0.021845902474234315
2044-06-17,Bond,0.12850804267436516
2044-06-18,Equity,0.04913634252460938
2044-06-18,Gold,0.021873440066900365
2044-06-18,Bond,0.1289238898661053
2044-06-19,Equity,0.04886536991768888
2044-06-19,Gold,0.021917357332361123
2044-06-19,Bond,0.13008390331112168
2044-06-20,Equity,0.04861745209844524
2044-06-20,Gold,0.02221729335246138
2044-06-20,Bond,0.13068377272687656
2044-06-21,Equity,0.049066254480044
2044-06-21,Gold,0.02223210581223682
2044-06-21,Bond,0.13265815702170827
2044-06-22,Equity,0.048605499521248124
2044-06-22,Gold,0.02211325482938508
2044-06-22,Bond,0.1350921149735528
2044-06-23,Equity,0.04855112346513162
2044-06-23,Gold,0.022211456856466742
2044-06-23,Bond,0.1347509937285268
2044-06-24,Equity,0.04846328448176794
2044-06-24,Gold,0.022491983652590197
2044-06-24,Bond,0.13340081237747678
2044-06-25,Equity,0.04868492804670722
2044-06-25,Gold,0.022692429796819975
2044-06-25,Bond,0.13301037329833418
2044-06-26,Equity,0.04974662780724329
2044-06-26,Gold,0.02280123829033197
2044-06-26,Bond,0.13297747837952356
2044-06-27,Equity,0.04950586765276762
2044-06-27,Gold,0.0227964206759064
2044-06-27,Bond,0.13556894930984928
2044-06-28,Equity,0.048863231360874074
2044-06-28,Gold,0.02269487138559373
2044-06-28,Bond,0.13524406594771923
2044-06-29,Equity,0.044628192309777395
2044-06-29,Gold,0.022314096154888698
2044-06-29,Bond,0.13305812892359553
2044-06-30,Equity,0.044266943736827255
2044-06-30,Gold,0.022085235606393604
2044-06-30,Bond,0.13236658873189083
2044-07-01,Equity,0.044392257969982286
2044-07-01,Gold,0.02217811540568574
2044-07-01,Bond,0.13194241163229758
2044-07-02,Equity,0.0441355578618563
2044-07-02,Gold,0.022329512990102985
2044-07-02,Bond,0.13058732178966984
2044-07-03,Equity,0.044277485574227504
2044-07-03,Gold,0.022610899273723277
2044-07-03,Bond,0.1288945424264943
2044-07-04,Equity,0.04369232804996208
2044-07-04,Gold,0.022707202528931884
2044-07-04,Bond,0.1304821799076014
2044-07-05,Equity,0.04351009763121204
2044-07-05,Gold,0.022912199581690263
2044-07-05,Bond,0.13168033171275012
2044-07-06,Equity,0.04312100077860308
2044-07-06,Gold,0.022903964989389323
2044-07-06,Bond,0.13131870611578902
2044-07-07,Equity,0.04357222423106332
2044-07-07,Gold,0.023032259046374567
2044-07-07,Bond,0.1324411508026635
2044-07-08,Equity,0.04335595483233876
2044-07-08,Gold,0.022854480899813484
2044-07-08,Bond,0.13101809484272686
2044-07-09,Equity,0.04359698701841174
2044-07-09,Gold,0.022840721736360693
2044-07-09,Bond,0.1307911078398622
2044-07-10,Equity,0.043679850352751244
2044-07-10,Gold,0.022428632917983186
2044-07-10,Bond,0.13103341262772747
2044-07-11,Equity,0.04368977249188898
2044-07-11,Gold,0.022396221035104944
2044-07-11,Bond,0.1324692956554103
2044-07-12,Equity,0.043822311763054546
2044-07-12,Gold,0.022656327027859004
2044-07-12,Bond,0.1326382292474862
2044-07-13,Equity,0.044043066972390264
2044-07-13,Gold,0.02264946637357132
2044-07-13,Bond,0.133228791048516
2044-07-14,Equity,0.04461683743162171
2044-07-14,Gold,0.02281084464488869
2044-07-14,Bond,0.1325884273916867
2044-07-15,Equity,0.04499780970265756
2044-07-15,Gold,0.022854248871131612
2044-07-15,Bond,0.13282845830442896
2044-07-16,Equity,0.04558709816244418
2044-07-16,Gold,0.022673192304589238
2044-07-16,Bond,0.13421628850975714
2044-07-17,Equity,0.04522568024887957
2044-07-17,Gold,0.022691656994040448
2044-07-17,Bond,0.13241858782389307
2044-07-18,Equity,0.044570495221187716
2044-07-18,Gold,0.022933878909722646
2044-07-18,Bond,0.13377373774094242
2044-07-19,Equity,0.0452867690702203
2044-07-19,Gold,0.02308430753032468
2044-07-19,Bond,0.1334092152787575
2044-07-20,Equity,0.041096074226224556
2044-07-20,Gold,0.019863102542675197
2044-07-20,Bond,0.13904171779872637
2044-07-21,Equity,0.040705067933187816
2044-07-21,Gold,0.019610581738407285
2044-07-21,Bond,0.13882065617932476
2044-07-22,Equity,0.04052135677516026
2044-07-22,Gold,0.01961725995076726
2044-07-22,Bond,0.14038037263426753
2044-07-23,Equity,0.040762830511970376
2044-07-23,Gold,0.019514587247139784
2044-07-23,Bond,0.13978472988942386
2044-07-24,Equity,0.040728777578180324
2044-07-24,Gold,0.019472879031358612
2044-07-24,Bond,0.14015259194850804
2044-07-25,Equity,0.04107236097198301
2044-07-25,Gold,0.019235447452023983
2044-07-25,Bond,0.13822409671260988
2044-07-26,Equity,0.04070586536095371
2044-07-26,Gold,0.019490851240938176
2044-07-26,Bond,0.13610170757857068
2044-07-27,Equity,0.04075426103117597
2044-07-27,Gold,0.019500991084054557
2044-07-27,Bond,0.13484486165546625
2044-07-28,Equity,0.04074390855460566
2044-07-28,Gold,0.01948376641439785
2044-07-28,Bond,0.13602283326267603
2044-07-29,Equity,0.040477940918269006
2044-07-29,Gold,0.019332161681319127
2044-07-29,Bond,0.13602412263477193
2044-07-30,Equity,0.04030956744364447
2044-07-30,Gold,0.01925288891945819
2044-07-30,Bond,0.13734473201684913
2044-07-31,Equity,0.040065662065399354
2044-07-31,Gold,0.019248817554443003
2044-07-31,Bond,0.1387451928740934
2044-08-01,Equity,0.039687438423584916
2044-08-01,Gold,0.01916193934431875
2044-08-01,Bond,0.13791899438488994
2044-08-02,Equity,0.03936863846854571
2044-08-02,Gold,0.019084501247218052
2044-08-02,Bond,0.1398325604533264
2044-08-03,Equity,0.039460367068232645
2044-08-03,Gold,0.019358992539515767
2044-08-03,Bond,0.13913149450141035
2044-08-04,Equity,0.0390511087717374
2044-08-04,Gold,0.01901021728283024
2044-08-04,Bond,0.14043476509023892
2044-08-05,Equity,0.03874480386101836
2044-08-05,Gold,0.019023906732740153
2044-08-05,Bond,0.14162917873227066
2044-08-06,Equity,0.03811769690977966
2044-08-06,Gold,0.018888493701755195
2044-08-06,Bond,0.14182213908291694
2044-08-07,Equity,0.038635840028408766
2044-08-07,Gold,0.01912538579790293
2044-08-07,Bond,0.14178886319194114
2044-08-08,Equity,0.03896488478364769
2044-08-08,Gold,0.019075972758538447
2044-08-08,Bond,0.1421331042674411
2044-08-09,Equity,0.039419905669279956
2044-08-09,Gold,0.018869000482598864
2044-08-09,Bond,0.14223501275105815
2044-08-10,Bond,0.2000070005655254
2044-08-11,Bond,0.19924662590095987
2044-08-12,Bond,0.19863763080736818
2044-08-13,Bond,0.20058391771943185
2044-08-14,Bond,0.19804912243310288
2044-08-15,Bond,0.19726119388485752
2044-08-16,Bond,0.19674557842415655
2044-08-17,Bond,0.19638534870574592
2044-08-18,Bond,0.19685413558852408
2044-08-19,Bond,0.19473122717392483
2044-08-20,Bond,0.19634406932058357
2044-08-21,Bond,0.1977473913658052
2044-08-22,Bond,0.19881935820857904
2044-08-23,Bond,0.19848894434310116
2044-08-24,Bond,0.19731690667021334
2044-08-25,Bond,0.19680234975866226
2044-08-26,Bond,0.1968985777132335
2044-08-27,Bond,0.19795414162993671
2044-08-28,Bond,0.1978250769169683
2044-08-29,Bond,0.1983977033909808
2044-08-30,Bond,0.19770853499805802
2044-08-31,Gold,0.02660591464466519
2044-08-31,Bond,0.17339716785661108
2044-09-01,Gold,0.02691435140078633
2044-09-01,Bond,0.17298748942544628
2044-09-02,Gold,0.027086869197156613
2044-09-02,Bond,0.17333820332198205
2044-09-03,Gold,0.027008586109335875
2044-09-03,Bond,0.17084914073424
2044-09-04,Gold,0.02704723869028805
2044-09-04,Bond,0.17152949477057508
2044-09-05,Gold,0.02710150612426731
2044-09-05,Bond,0.17228418518679722
2044-09-06,Gold,0.027039373829277583
2044-09-06,Bond,0.17304645643490424
2044-09-07,Gold,0.027045155741745177
2044-09-07,Bond,0.17164507593996922
2044-09-08,Gold,0.026679215004587534
2044-09-08,Bond,0.17070769299146932
2044-09-09,Gold,0.026540001621066487
2044-09-09,Bond,0.16951268709147224
2044-09-10,Gold,0.026463658060936524
2044-09-10,Bond,0.16998846974176288
2044-09-11,Gold,0.026287030433027776
2044-09-11,Bond,0.17094499242675099
2044-09-12,Gold,0.02609987706489485
2044-09-12,Bond,0.16999818509005873
2044-09-13,Gold,0.026311734003461276
2044-09-13,Bond,0.1718148374006135
2044-09-14,Gold,0.026226050788881246
2044-09-14,Bond,0.17368072691172579
2044-09-15,Gold,0.02677869865600805
2044-09-15,Bond,0.1737790049424737
2044-09-16,Gold,0.026819494637845644
2044-09-16,Bond,0.1743017651522066
2044-09-17,Gold,0.027171174507638077
2044-09-17,Bond,0.17184942175748497
2044-09-18,Gold,0.027140827282588882
2044-09-18,Bond,0.17110748840132053
2044-09-19,Gold,0.02702422177637927
2044-09-19,Bond,0.16936895982303862
2044-09-20,Gold,0.027135049911950242
2044-09-20,Bond,0.16808063825766273
2044-09-21,Equity,0.13334698619360177
2044-09-21,Gold,0.06667349309680087
2044-09-22,Equity,0.13347437619589717
2044-09-22,Gold,0.06660890253708394
2044-09-23,Equity,0.13211760176947598
2044-09-23,Gold,0.06698886547694616
2044-09-24,Equity,0.13213814406830388
2044-09-24,Gold,0.06714666889156842
2044-09-25,Equity,0.133997508232217
2044-09-25,Gold,0.06694225156943999
2044-09-26,Equity,0.13241116459379124
2044-09-26,Gold,0.0670359068150795
2044-09-27,Equity,0.1331528238965619
2044-09-27,Gold,0.06636410891253568
2044-09-28,Equity,0.1347714141245118
2044-09-28,Gold,0.06623341041552766
2044-09-29,Equity,0.13640541879184104
2044-09-29,Gold,0.06650825305782902
2044-09-30,Equity,0.13532190430828575
2044-09-30,Gold,0.06677367984558716
2044-10-01,Equity,0.13466898933635751
2044-10-01,Gold,0.06693776137207103
2044-10-02,Equity,0.13472103163897975
2044-10-02,Gold,0.06738284842780617
2044-10-03,Equity,0.13523319468807282
2044-10-03,Gold,0.06746411585314677
2044-10-04,Equity,0.13673785029696714
2044-10-04,Gold,0.0673553725989215
2044-10-05,Equity,0.13643277489666664
2044-10-05,Gold,0.06783729108099161
2044-10-06,Equity,0.13753801299259003
2044-10-06,Gold,0.06783579539509647
2044-10-07,Equity,0.1345463923374544
2044-10-07,Gold,0.06792285956299558
2044-10-08,Equity,0.13419416797972944
2044-10-08,Gold,0.06824430187322696
2044-10-09,Equity,0.13529881055223536
2044-10-09,Gold,0.06813512346657892
2044-10-10,Equity,0.13630298990714723
2044-10-10,Gold,0.06787971665070307
2044-10-11,Equity,0.1351645220915366
2044-10-11,Gold,0.06806659176767267
2044-10-12,Equity,0.11892000481050574
2044-10-12,Gold,0.08108182146170846
2044-10-13,Equity,0.11754476162434888
2044-10-13,Gold,0.08039827540389843
2044-10-14,Equity,0.11875967497587399
2044-10-14,Gold,0.08053108682360667
2044-10-15,Equity,0.1183683007958895
2044-10-15,Gold,0.0819288172949409
2044-10-16,Equity,0.11799239981214021
2044-10-16,Gold,0.08123833654622897
2044-10-17,Equity,0.11773052061281887
2044-10-17,Gold,0.08089242783528172
2044-10-18,Equity,0.11785616355697522
2044-10-18,Gold,0.08294657465117379
2044-10-19,Equity,0.12011767434271471
2044-10-19,Gold,0.08211975556484281
2044-10-20,Equity,0.1212822890842653
2044-10-20,Gold,0.08297259877722755
2044-10-21,Equity,0.12008780898199535
2044-10-21,Gold,0.08291346797335944
2044-10-22,Equity,0.1189858974320351
2044-10-22,Gold,0.08306253336385265
2044-10-23,Equity,0.11701530860181228
2044-10-23,Gold,0.08314947423982894
2044-10-24,Equity,0.11729322533077033
2044-10-24,Gold,0.08344439167135334
2044-10-25,Equity,0.11727121090881067
2044-10-25,Gold,0.08226046313821841
2044-10-26,Equity,0.11790415442911202
2044-10-26,Gold,0.08234042593281675
2044-10-27,Equity,0.11742304752915662
2044-10-27,Gold,0.08208453831279418
2044-10-28,Equity,0.11719040996760756
2044-10-28,Gold,0.08072922730528616
2044-10-29,Equity,0.11559108587466994
2044-10-29,Gold,0.08170288569339533
2044-10-30,Equity,0.11692279742918565
2044-10-30,Gold,0.08003274152193575
2044-10-31,Equity,0.11610076790757322
2044-10-31,Gold,0.08168614980000455
2044-11-01,Equity,0.11518771171539567
2044-11-01,Gold,0.08222954678353041
2044-11-02,Gold,0.20001411230044222
2044-11-03,Gold,0.20216377229477475
2044-11-04,Gold,0.20095616293160018
2044-11-05,Gold,0.1998267926896085
2044-11-06,Gold,0.19696267330733475
2044-11-07,Gold,0.19559973402675632
2044-11-08,Gold,0.19442837450400874
2044-11-09,Gold,0.1957130082896824
2044-11-10,Gold,0.1975568090080674
2044-11-11,Gold,0.19559718890162175
2044-11-12,Gold,0.19602320416788543
2044-11-13,Gold,0.19313921194850786
2044-11-14,Gold,0.19356710107787617
2044-11-15,Gold,0.19696446025716588
2044-11-16,Gold,0.19416451583201233
2044-11-17,Gold,0.19258184624614444
2044-11-18,Gold,0.1937152451713991
2044-11-19,Gold,0.19503876978660506
2044-11-20,Gold,0.19356546852960593
2044-11-21,Gold,0.1958760902953885
2044-11-22,Gold,0.19459466923681001
2044-12-14,Gold,0.20001200152013923
2044-12-15,Gold,0.20019274729484535
2044-12-16,Gold,0.2004489472983659
2044-12-17,Gold,0.20363354237599773
2044-12-18,Gold,0.20510311570570267
2044-12-19,Gold,0.20427690413518135
2044-12-20,Gold,0.20508164969171425
2044-12-21,Gold,0.20211929271870635
2044-12-22,Gold,0.2023488007901831
2044-12-23,Gold,0.20249214473059324
2044-12-24,Gold,0.2010392650849984
2044-12-25,Gold,0.20071629126177645
2044-12-26,Gold,0.19960756092416476
2044-12-27,Gold,0.19812185831365112
2044-12-28,Gold,0.19919561459097343
2044-12-29,Gold,0.20085000633676411
2044-12-30,Gold,0.20166984552623604
2044-12-31,Gold,0.20096542267466638
2045-01-01,Gold,0.19990361284000646
2045-01-02,Gold,0.1992534432924967
2045-01-03,Gold,0.19890264962801274
2045-03-08,Equity,0.04444711144891982
2045-03-08,Bond,0.15556489007121937
2045-03-09,Equity,0.0441823520038655
2045-03-09,Bond,0.15740400817250114
2045-03-10,Equity,0.043892664161057034
2045-03-10,Bond,0.15828283706975874
2045-03-11,Equity,0.043615573777618995
2045-03-11,Bond,0.160524517570727
2045-03-12,Equity,0.04360742081955351
2045-03-12,Bond,0.16100129190750478
2045-03-13,Equity,0.04396507751536612
2045-03-13,Bond,0.16143071167767586
2045-03-14,Equity,0.04340822615232439
2045-03-14,Bond,0.16199013150449895
2045-03-15,Equity,0.04363075586031444
2045-03-15,Bond,0.1637894721142635
2045-03-16,Equity,0.04335720898441428
2045-03-16,Bond,0.16456760396024647
2045-03-17,Equity,0.04310485449563151
2045-03-17,Bond,0.1638902490245518
2045-03-18,Equity,0.043285900071028616
2045-03-18,Bond,0.16443503875046658
2045-03-19,Equity,0.043100044090157816
2045-03-19,Bond,0.16505817479000748
2045-03-20,Equity,0.04331212494305424
2045-03-20,Bond,0.16473183799800484
2045-03-21,Equity,0.043399754280851174
2045-03-21,Bond,0.16611576198003453
2045-03-22,Equity,0.043728874018784315
2045-03-22,Bond,0.16618418601373833
2045-03-23,Equity,0.044231517985187284
2045-03-23,Bond,0.1670669417728107
2045-03-24,Equity,0.04347290833504209
2045-03-24,Bond,0.16790404511231208
2045-03-25,Equity,0.04361094730098436
2045-03-25,Bond,0.16687762811813417
2045-03-26,Equity,0.04337401732368147
2045-03-26,Bond,0.16557351138881923
2045-03-27,Equity,0.04359924242065719
2045-03-27,Bond,0.16455773840200857
2045-03-28,Equity,0.04302264602664809
2045-03-28,Bond,0.16454633695604548
2045-03-29,Bond,0.2000045713497834
2045-03-30,Bond,0.1999287220252588
2045-03-31,Bond,0.2005272401692315
2045-04-01,Bond,0.2019304845085897
2045-04-02,Bond,0.20135279494896574
2045-04-03,Bond,0.2006867869110128
2045-04-04,Bond,0.20237895232977574
2045-04-05,Bond,0.20329765354845025
2045-04-06,Bond,0.2023857021259385
2045-04-07,Bond,0.20172088702734992
2045-04-08,Bond,0.20185830711407785
2045-04-09,Bond,0.20238988624221085
2045-04-10,Bond,0.2044054533715356
2045-04-11,Bond,0.20527196480249238
2045-04-12,Bond,0.20367216783569111
2045-04-13,Bond,0.2023998750556899
2045-04-14,Bond,0.20290033391204723
2045-04-15,Bond,0.20313135410160968
2045-04-16,Bond,0.20176864739919545
2045-04-17,Bond,0.20346974883831767
2045-04-18,Bond,0.19985080600501715
2045-04-19,Gold,0.023364816245258758
2045-04-19,Bond,0.1766380108141562
2045-04-20,Gold,0.023466097621082937
2045-04-20,Bond,0.1743926578438456
2045-04-21,Gold,0.023436446623502968
2045-04-21,Bond,0.17566315665334034
2045-04-22,Gold,0.023347274504308894
2045-04-22,Bond,0.17529772773796984
2045-04-23,Gold,0.02354810773338826
2045-04-23,Bond,0.17633952130456584
2045-04-24,Gold,0.023793339374775867
2045-04-24,Bond,0.17573111838734862
2045-04-25,Gold,0.0240187108216464
2045-04-25,Bond,0.17760857268169414
2045-04-26,Gold,0.023918877463339348
2045-04-26,Bond,0.17493175879959894
2045-04-27,Gold,0.023963888888006376
2045-04-27,Bond,0.1761899759245216
2045-04-28,Gold,0.02424660415144387
2045-04-28,Bond,0.17526325773213688
2045-04-29,Gold,0.02458853462917282
2045-04-29,Bond,0.17574162879957372
2045-04-30,Gold,0.024211498101143557
2045-04-30,Bond,0.17641152916279684
2045-05-01,Gold,0.02427001981651464
2045-05-01,Bond,0.17439770239637215
2045-05-02,Gold,0.024182973908333072
2045-05-02,Bond,0.1758465326502761
2045-05-03,Gold,0.024544219110577716
2045-05-03,Bond,0.17634949348739962
2045-05-04,Gold,0.02401582250877417
2045-05-04,Bond,0.1766141174351631
2045-05-05,Gold,0.02375536570576627
2045-05-05,Bond,0.17721925912360784
2045-05-06,Gold,0.02408463219169252
2045-05-06,Bond,0.17734114429822231
2045-05-07,Gold,0.023938885691372695
2045-05-07,Bond,0.17858227500891558
2045-05-08,Gold,0.023656540888193047
2045-05-08,Bond,0.17794691762763004
2045-05-09,Gold,0.02397249474648508
2045-05-09,Bond,0.17910894106542538
2045-05-10,Bond,0.20000261615504306
2045-05-11,Bond,0.19972752722373338
2045-05-12,Bond,0.20269486471489312
2045-05-13,Bond,0.20342567653879984
2045-05-14,Bond,0.2037418445672693
2045-05-15,Bond,0.20467457099871106
2045-05-16,Bond,0.20450408054311725
2045-05-17,Bond,0.20646499288721715
2045-05-18,Bond,0.20643000340404777
2045-05-19,Bond,0.20777559283617225
2045-05-20,Bond,0.2060226406364517
2045-05-21,Bond,0.20310059081833234
2045-05-22,Bond,0.20375303522895347
2045-05-23,Bond,0.2031310642166474
2045-05-24,Bond,0.20281938123151505
2045-05-25,Bond,0.19906004403460867
2045-05-26,Bond,0.201785320700023
2045-05-27,Bond,0.2019537810562941
2045-05-28,Bond,0.204113251719816
2045-05-29,Bond,0.20186031226779882
2045-05-30,Bond,0.2020192950017318
2045-05-31,Bond,0.20000016061209883
2045-06-01,Bond,0.2002145942823548
2045-06-02,Bond,0.20058875289277173
2045-06-03,Bond,0.19836925606268868
2045-06-04,Bond,0.1988738462353289
2045-06-05,Bond,0.19753466839879266
2045-06-06,Bond,0.1965573291466631
2045-06-07,Bond,0.1965833999297919
2045-06-08,Bond,0.19602818959941204
2045-06-09,Bond,0.195564598570442
2045-06-10,Bond,0.19733887954387697
2045-06-11,Bond,0.1970918191344676
2045-06-12,Bond,0.19646450107053076
2045-06-13,Bond,0.19627036537927808
2045-06-14,Bond,0.19452292970042862
2045-06-15,Bond,0.1947777649318736
2045-06-16,Bond,0.19591239009237324
2045-06-17,Bond,0.19640748315312598
2045-06-18,Bond,0.19646534562134338
2045-06-19,Bond,0.19741661215168438
2045-06-20,Bond,0.19654013015902258
2045-06-21,Gold,0.20002379897208472
2045-06-22,Gold,0.20082715018457659
2045-06-23,Gold,0.20052741625450177
2045-06-24,Gold,0.20371264894686567
2045-06-25,Gold,0.2045116257061419
2045-06-26,Gold,0.20378440308197884
2045-06-27,Gold,0.20320384575545017
2045-06-28,Gold,0.202971550721731
2045-06-29,Gold,0.20171729620027967
2045-06-30,Gold,0.20445154835522938
2045-07-01,Gold,0.2046532419482262
2045-07-02,Gold,0.20275460004726573
2045-07-03,Gold,0.2034103785733525
2045-07-04,Gold,0.20575208016010227
2045-07-05,Gold,0.20749105856860856
2045-07-06,Gold,0.20624441413936984
2045-07-07,Gold,0.20443469406336182
2045-07-08,Gold,0.20676590246188992
2045-07-09,Gold,0.20411449692822523
2045-07-10,Gold,0.2047177204059455
2045-07-11,Gold,0.20379366735386165
2045-07-12,Gold,0.02500266978339142
2045-07-12,Bond,0.1750186884837399
2045-07-13,Gold,0.024782718143414647
2045-07-13,Bond,0.17386847024424268
2045-07-14,Gold,0.024609039548318723
2045-07-14,Bond,0.17329497171722277
2045-07-15,Gold,0.024742246454758973
2045-07-15,Bond,0.17378070896861345
2045-07-16,Gold,0.02501317087604418
2045-07-16,Bond,0.17115383550661817
2045-07-17,Gold,0.025271459970584175
2045-07-17,Bond,0.1735620857079732
2045-07-18,Gold,0.025446743627808056
2045-07-18,Bond,0.17163609216962247
2045-07-19,Gold,0.025450277698846526
2045-07-19,Bond,0.17432261134532565
2045-07-20,Gold,0.025749273000226
2045-07-20,Bond,0.17307191836613034
2045-07-21,Gold,0.025444897881446014
2045-07-21,Bond,0.17192087702147527
2045-07-22,Gold,0.025244900826151242
2045-07-22,Bond,0.17139379570206092
2045-07-23,Gold,0.024948933126498048
2045-07-23,Bond,0.17082581554998622
2045-07-24,Gold,0.02432895340436208
2045-07-24,Bond,0.1700831205721626
2045-07-25,Gold,0.024545098067183885
2045-07-25,Bond,0.16952578042277233
2045-07-26,Gold,0.024885869521733703
2045-07-26,Bond,0.16959501034698163
2045-07-27,Gold,0.025059110965456776
2045-07-27,Bond,0.16831150686532045
2045-07-28,Gold,0.025116448622167404
2045-07-28,Bond,0.16947549601657189
2045-07-29,Gold,0.025076818128839565
2045-07-29,Bond,0.17146888023939294
2045-07-30,Gold,0.02517343359995683
2045-07-30,Bond,0.1687213718465635
2045-07-31,Gold,0.025512227289316878
2045-07-31,Bond,0.17126617626690716
2045-08-01,Gold,0.025865877912358764
2045-08-01,Bond,0.17229692339223318
2045-08-02,Gold,0.026605517374308132
2045-08-02,Bond,0.17339457874980121
2045-08-03,Gold,0.026920903567133142
2045-08-03,Bond,0.1725218535148104
2045-08-04,Gold,0.027237013302586734
2045-08-04,Bond,0.1727023453462853
2045-08-05,Gold,0.0273672664539685
2045-08-05,Bond,0.17395749281067607
2045-08-06,Gold,0.027344852666039067
2045-08-06,Bond,0.17772101133920915
2045-08-07,Gold,0.02733133515079448
2045-08-07,Bond,0.18092943943968304
2045-08-08,Gold,0.02701427495988194
2045-08-08,Bond,0.17874722248860128
2045-08-09,Gold,0.026614361904100842
2045-08-09,Bond,0.17851753452953342
2045-08-10,Gold,0.026814324230113158
2045-08-10,Bond,0.178593879331596
2045-08-11,Gold,0.026464717448986822
2045-08-11,Bond,0.18062624370549218
2045-08-12,Gold,0.026113077376806845
2045-08-12,Bond,0.18056811150064464
2045-08-13,Gold,0.025625253151000206
2045-08-13,Bond,0.17954975350171695
2045-08-14,Gold,0.02550427930567834
2045-08-14,Bond,0.1796508500054174
2045-08-15,Gold,0.025615178032108235
2045-08-15,Bond,0.17906651844106145
2045-08-16,Gold,0.025683377982356634
2045-08-16,Bond,0.18050026028016036
2045-08-17,Gold,0.025784655332788738
2045-08-17,Bond,0.18401876471990564
2045-08-18,Gold,0.025643325477478683
2045-08-18,Bond,0.18540860655035044
2045-08-19,Gold,0.0256247539166712
2045-08-19,Bond,0.18684386476533796
2045-08-20,Gold,0.02577692305093547
2045-08-20,Bond,0.18868742774371444
2045-08-21,Gold,0.0258714593496555
2045-08-21,Bond,0.18936156321690986
2045-08-22,Gold,0.025743870486472087
2045-08-22,Bond,0.18877873826183705
2045-08-23,Equity,0.04027892201998341
2045-08-23,Gold,0.018750532664475038
2045-08-23,Bond,0.14097622706994192
2045-08-24,Equity,0.04028571188011944
2045-08-24,Gold,0.01835934257149876
2045-08-24,Bond,0.1423530200515693
2045-08-25,Equity,0.039744955553994994
2045-08-25,Gold,0.018361828582691128
2045-08-25,Bond,0.14278408205089868
2045-08-26,Equity,0.04059783891851712
2045-08-26,Gold,0.01826111496457983
2045-08-26,Bond,0.1414851525432848
2045-08-27,Equity,0.040139926496367294
2045-08-27,Gold,0.01850803267455826
2045-08-27,Bond,0.1430982043871768
2045-08-28,Equity,0.03972426905783237
2045-08-28,Gold,0.018360535669035307
2045-08-28,Bond,0.14224642644277885
2045-08-29,Equity,0.03951062169326724
2045-08-29,Gold,0.018416232010806312
2045-08-29,Bond,0.14091392400651384
2045-08-30,Equity,0.03932947154938641
2045-08-30,Gold,0.01836591604235282
2045-08-30,Bond,0.13990067649768004
2045-08-31,Equity,0.03942085235161506
2045-08-31,Gold,0.018255726153226237
2045-08-31,Bond,0.1402688679569201
2045-09-01,Equity,0.04036305619087741
2045-09-01,Gold,0.0182793623072334
2045-09-01,Bond,0.1412892033359697
2045-09-02,Equity,0.04000643537330209
2045-09-02,Gold,0.018204453437212807
2045-09-02,Bond,0.14166023670835057
2045-09-03,Equity,0.040446874792723526
2045-09-03,Gold,0.018544854048124622
2045-09-03,Bond,0.1408744540948395
2045-09-04,Equity,0.04127262561979734
2045-09-04,Gold,0.018194983712098756
2045-09-04,Bond,0.1398386648167526
2045-09-05,Equity,0.04105608981774153
2045-09-05,Gold,0.018291473050212243
2045-09-05,Bond,0.14077711904089635
2045-09-06,Equity,0.04102286516125275
2045-09-06,Gold,0.018279384836981175
2045-09-06,Bond,0.14067295076690733
2045-09-07,Equity,0.04112380704774048
2045-09-07,Gold,0.018259292402591148
2045-09-07,Bond,0.14106927900391544
2045-09-08,Equity,0.04095003648308909
2045-09-08,Gold,0.018320582751388648
2045-09-08,Bond,0.14091800889407075
2045-09-09,Equity,0.04021826103825775
2045-09-09,Gold,0.01850671111916594
2045-09-09,Bond,0.14135908685099846
2045-09-10,Equity,0.04071900830908371
2045-09-10,Gold,0.018534528914445614
2045-09-10,Bond,0.14174888942096167
2045-09-11,Equity,0.040631853952696265
2045-09-11,Gold,0.018651465571512493
2045-09-11,Bond,0.14468903590003904
2045-09-12,Equity,0.04038852833309756
2045-09-12,Gold,0.018653340940817057
2045-09-12,Bond,0.14521977152442664
2045-09-13,Equity,0.038888956255184876
2045-09-13,Gold,0.015277804243108345
2045-09-13,Bond,0.14583358595694326
2045-09-14,Equity,0.03876168371739912
2045-09-14,Gold,0.015262358119725636
2045-09-14,Bond,0.1460723704392886
2045-09-15,Equity,0.039030004904311986
2045-09-15,Gold,0.015454381372321822
2045-09-15,Bond,0.1448327451907036
2045-09-16,Equity,0.038750157604120115
2045-09-16,Gold,0.015418707453720466
2045-09-16,Bond,0.14370910260364284
2045-09-17,Equity,0.038546512859315506
2045-09-17,Gold,0.015229883570972463
2045-09-17,Bond,0.14529903373556852
2045-09-18,Equity,0.038579364379796574
2045-09-18,Gold,0.01531543685932953
2045-09-18,Bond,0.14565527811790474
2045-09-19,Equity,0.03779222119778146
2045-09-19,Gold,0.01535266058238554
2045-09-19,Bond,0.14715614192759258
2045-09-20,Equity,0.03779701369859083
2045-09-20,Gold,0.015274212469015705
2045-09-20,Bond,0.1451591823890561
2045-09-21,Equity,0.037602108372410396
2045-09-21,Gold,0.015264662747274697
2045-09-21,Bond,0.14399532389164482
2045-09-22,Equity,0.03780770623332039
2045-09-22,Gold,0.015227334982299365
2045-09-22,Bond,0.14433420097836872
2045-09-23,Equity,0.03794258651836219
2045-09-23,Gold,0.015244930876571246
2045-09-23,Bond,0.14330552853551298
2045-09-24,Equity,0.03848245570111095
2045-09-24,Gold,0.015365990956282619
2045-09-24,Bond,0.14148350956251146
2045-09-25,Equity,0.03780358037752387
2045-09-25,Gold,0.015339872274061089
2045-09-25,Bond,0.14029465322491325
2045-09-26,Equity,0.03759269363005791
2045-09-26,Gold,0.015456242138236664
2045-09-26,Bond,0.13992523853966282
2045-09-27,Equity,0.03764479837992117
2045-09-27,Gold,0.015365237276120854
2045-09-27,Bond,0.14042434535656328
2045-09-28,Equity,0.0380135540119562
2045-09-28,Gold,0.015573936394740584
2045-09-28,Bond,0.14240121444945025
2045-09-29,Equity,0.037657235010336895
2045-09-29,Gold,0.01586511773370033
2045-09-29,Bond,0.14114223420730093
2045-09-30,Equity,0.037424796443677626
2045-09-30,Gold,0.01575886088691112
2045-09-30,Bond,0.13999450466384245
2045-10-01,Equity,0.0379851180561788
2045-10-01,Gold,0.015593630414172539
2045-10-01,Bond,0.13821473568057127
2045-10-02,Equity,0.03879936642601056
2045-10-02,Gold,0.0157181048117049
2045-10-02,Bond,0.13875479289537818
2045-10-03,Equity,0.03943218020836889
2045-10-03,Gold,0.01574481331944824
2045-10-03,Bond,0.1388057310177037
2045-10-04,Equity,0.13334459719733316
2045-10-04,Gold,0.0666722985986666
2045-10-05,Equity,0.13390183063375616
2045-10-05,Gold,0.06622784620884394
2045-10-06,Equity,0.13406720824637577
2045-10-06,Gold,0.06613424755250724
2045-10-07,Equity,0.13632137953941975
2045-10-07,Gold,0.06575230750419121
2045-10-08,Equity,0.13591081301403773
2045-10-08,Gold,0.06596868214820327
2045-10-09,Equity,0.13483890659122172
2045-10-09,Gold,0.06529452844297556
2045-10-10,Equity,0.1351785957884272
2045-10-10,Gold,0.06520897567732976
2045-10-11,Equity,0.13486729845591441
2045-10-11,Gold,0.06447906710063332
2045-10-12,Equity,0.1340177427758954
2045-10-12,Gold,0.06423510343402679
2045-10-13,Equity,0.13501646315895582
2045-10-13,Gold,0.06410321994577714
2045-10-14,Equity,0.13468072954622762
2045-10-14,Gold,0.06443004469823158
2045-10-15,Equity,0.1348445201982703
2045-10-15,Gold,0.06477069179240795
2045-10-16,Equity,0.13541014450809713
2045-10-16,Gold,0.06518547638416536
2045-10-17,Equity,0.1334852466749603
2045-10-17,Gold,0.06444054388504672
2045-10-18,Equity,0.13481497580994856
2045-10-18,Gold,0.06509856609609757
2045-10-19,Equity,0.13757879104993104
2045-10-19,Gold,0.06450473646834434
2045-10-20,Equity,0.1391564657120114
2045-10-20,Gold,0.06404693987220102
2045-10-21,Equity,0.1348848140999577
2045-10-21,Gold,0.06452504393512234
2045-10-22,Equity,0.13517743272686436
2045-10-22,Gold,0.06430234337543686
2045-10-23,Equity,0.13298846649462234
2045-10-23,Gold,0.06468134124794644
2045-10-24,Equity,0.13432327396892269
2045-10-24,Gold,0.06490966639188411
2045-10-25,Equity,0.20000771361362693
2045-10-26,Equity,0.2006045721363103
2045-10-27,Equity,0.19639907458230005
2045-10-28,Equity,0.19641547011729707
2045-10-29,Equity,0.19465216496509996
2045-10-30,Equity,0.1948696165647919
2045-10-31,Equity,0.1948469666821298
2045-11-01,Equity,0.19648784735547528
2045-11-02,Equity,0.1962382605159956
2045-11-03,Equity,0.1988898457681167
2045-11-04,Equity,0.19952404982498861
2045-11-05,Equity,0.19868667388530864
2045-11-06,Equity,0.198547631235182
2045-11-07,Equity,0.20060442839249165
2045-11-08,Equity,0.20289167768401642
2045-11-09,Equity,0.1985994594917706
2045-11-10,Equity,0.1967037484128189
2045-11-11,Equity,0.19571447883361417
2045-11-12,Equity,0.19793765228662263
2045-11-13,Equity,0.19994168195515769
2045-11-14,Equity,0.20155347328618
2045-11-15,Equity,0.04210929524294738
2045-11-15,Bond,0.15790985716105266
2045-11-16,Equity,0.04284356454680393
2045-11-16,Bond,0.1570483247307716
2045-11-17,Equity,0.04319346732102674
2045-11-17,Bond,0.1546664603302652
2045-11-18,Equity,0.04370271933854262
2045-11-18,Bond,0.15349104794713272
2045-11-19,Equity,0.04395425340181581
2045-11-19,Bond,0.1520996020633936
2045-11-20,Equity,0.044394445416568784
2045-11-20,Bond,0.15213960709096055
2045-11-21,Equity,0.04409160857559861
2045-11-21,Bond,0.15404656206595904
2045-11-22,Equity,0.04376711730712144
2045-11-22,Bond,0.1533386669929834
2045-11-23,Equity,0.043434153832419366
2045-11-23,Bond,0.15450954029185981
2045-11-24,Equity,0.04326945086436066
2045-11-24,Bond,0.1555120669422426
2045-11-25,Equity,0.04375771736598006
2045-11-25,Bond,0.1525639751788223
2045-11-26,Equity,0.044490262738623006
2045-11-26,Bond,0.15174127949083818
2045-11-27,Equity,0.0442589268378829
2045-11-27,Bond,0.15129856054172916
2045-11-28,Equity,0.04531464986797551
2045-11-28,Bond,0.1516173064083681
2045-11-29,Equity,0.04517929902608227
2045-11-29,Bond,0.1523673726148962
2045-11-30,Equity,0.04516491279562112
2045-11-30,Bond,0.15279378563313117
2045-12-01,Equity,0.04535037613475671
2045-12-01,Bond,0.15161915633762826
2045-12-02,Equity,0.04512118837129655
2045-12-02,Bond,0.15084937871076445
2045-12-03,Equity,0.045007516640582175
2045-12-03,Bond,0.14896751540385986
2045-12-04,Equity,0.04487248113960597
2045-12-04,Bond,0.14907207680614423
2045-12-05,Equity,0.04439604825922127
2045-12-05,Bond,0.1486848494759227
2045-12-06,Equity,0.2000183256951221
2045-12-07,Equity,0.1998947414469279
2045-12-08,Equity,0.19924540877953617
2045-12-09,Equity,0.19821265295999388
2045-12-10,Equity,0.19984697937963672
2045-12-11,Equity,0.19706157071235603
2045-12-12,Equity,0.19798910889710206
2045-12-13,Equity,0.19822896543202012
2045-12-14,Equity,0.19867960981477847
2045-12-15,Equity,0.19673213221287664
2045-12-16,Equity,0.1958563934093472
2045-12-17,Equity,0.19647411250711116
2045-12-18,Equity,0.19562191452044955
2045-12-19,Equity,0.19321539606082747
2045-12-20,Equity,0.19279607096695042
2045-12-21,Equity,0.19249900536101147
2045-12-22,Equity,0.19363511682059195
2045-12-23,Equity,0.1954148069831849
2045-12-24,Equity,0.19563198143540225
2045-12-25,Equity,0.1963203070772839
2045-12-26,Equity,0.19799124693358283
2046-01-17,Gold,0.021699415259260387
2046-01-17,Bond,0.1783125862608788
2046-01-18,Gold,0.021351297655396353
2046-01-18,Bond,0.17621836725726742
2046-01-19,Gold,0.02145358843284784
2046-01-19,Bond,0.17632173063956272
2046-01-20,Gold,0.02151064435663523
2046-01-20,Bond,0.17836278627118557
2046-01-21,Gold,0.02164135092389861
2046-01-21,Bond,0.179030967121509
2046-01-22,Gold,0.021633960866507523
2046-01-22,Bond,0.17523787539688734
2046-01-23,Gold,0.02175555338637478
2046-01-23,Bond,0.17368144056548174
2046-01-24,Gold,0.021900413015158243
2046-01-24,Bond,0.17508249718909497
2046-01-25,Gold,0.021429160351362005
2046-01-25,Bond,0.174367017744672
2046-01-26,Gold,0.02132103316297661
2046-01-26,Bond,0.1759991146239396
2046-01-27,Gold,0.021056733135243
2046-01-27,Bond,0.17902033933473765
2046-01-28,Gold,0.02120267578942413
2046-01-28,Bond,0.17864588862160374
2046-01-29,Gold,0.021514180595823676
2046-01-29,Bond,0.17768879584188427
2046-01-30,Gold,0.02142386885978381
2046-01-30,Bond,0.17624658766739634
2046-01-31,Gold,0.021168407654839717
2046-01-31,Bond,0.17739123265282644
2046-02-01,Gold,0.021215310558606173
2046-02-01,Bond,0.17650910456282887
2046-02-02,Gold,0.020992038996262955
2046-02-02,Bond,0.17596803460359298
2046-02-03,Gold,0.020986268765693133
2046-02-03,Bond,0.17437463506418172
2046-02-04,Gold,0.020933946159323147
2046-02-04,Bond,0.17376484868186604
2046-02-05,Gold,0.02107896446456462
2046-02-05,Bond,0.1727314869836342
2046-02-06,Gold,0.02121601559927676
2046-02-06,Bond,0.16990632449007748
2046-02-07,Equity,0.20002340282052802
2046-02-08,Equity,0.19925302609770784
2046-02-09,Equity,0.19864416528532133
2046-02-10,Equity,0.19827120753542496
2046-02-11,Equity,0.19886151844663552
2046-02-12,Equity,0.19844589018885747
2046-02-13,Equity,0.1999907026831757
2046-02-14,Equity,0.19825154536529913
2046-02-15,Equity,0.19590954079498207
2046-02-16,Equity,0.19488382457055756
2046-02-17,Equity,0.19329342749153905
2046-02-18,Equity,0.1933803420155042
2046-02-19,Equity,0.1927575741750225
2046-02-20,Equity,0.19074478236832898
2046-02-21,Equity,0.1887192142346515
2046-02-22,Equity,0.18899939835546067
2046-02-23,Equity,0.1903839903529661
2046-02-24,Equity,0.1892985658446028
2046-02-25,Equity,0.18916456581788957
2046-02-26,Equity,0.18818162490319007
2046-02-27,Equity,0.18794998832924326
2046-03-21,Gold,0.0250015001900174
2046-03-21,Bond,0.17501050133012183
2046-03-22,Gold,0.024724391130015323
2046-03-22,Bond,0.17347946637994505
2046-03-23,Gold,0.0247098193749093
2046-03-23,Bond,0.17527410669742038
2046-03-24,Gold,0.0249727970423553
2046-03-24,Bond,0.17461466877356766
2046-03-25,Gold,0.0249115061982038
2046-03-25,Bond,0.17521023400473992
2046-03-26,Gold,0.02521797331395361
2046-03-26,Bond,0.17329260361734258
2046-03-27,Gold,0.02538799844870765
2046-03-27,Bond,0.17065874525489313
2046-03-28,Gold,0.02539557147125348
2046-03-28,Bond,0.17275089070220048
2046-03-29,Gold,0.02533644236093239
2046-03-29,Bond,0.17213871249426418
2046-03-30,Gold,0.02493683113202941
2046-03-30,Bond,0.17361094957249287
2046-03-31,Gold,0.02486191832868659
2046-03-31,Bond,0.172689451741811
2046-04-01,Gold,0.024714818784449616
2046-04-01,Bond,0.17412239929550294
2046-04-02,Gold,0.02487242367526321
2046-04-02,Bond,0.1734821214984272
2046-04-03,Gold,0.024920748765981642
2046-04-03,Bond,0.17175397070709872
2046-04-04,Gold,0.02515729761367929
2046-04-04,Bond,0.1726287778839014
2046-04-05,Gold,0.025185130193670406
2046-04-05,Bond,0.1739697967129314
2046-04-06,Gold,0.025033619692479872
2046-04-06,Bond,0.17491418457633975
2046-04-07,Gold,0.02484178786458405
2046-04-07,Bond,0.17474088664274806
2046-04-08,Gold,0.024771093408143218
2046-04-08,Bond,0.1722590693261587
2046-04-09,Gold,0.02485548310972365
2046-04-09,Bond,0.17073342016126195
2046-04-10,Gold,0.02479490353690729
2046-04-10,Bond,0.16975750434625805
2046-05-23,Equity,0.20001200152013923
2046-05-24,Equity,0.2009923162007635
2046-05-25,Equity,0.1995453555606705
2046-05-26,Equity,0.1983750775206801
2046-05-27,Equity,0.19763627767907496
2046-05-28,Equity,0.1976067686558648
2046-05-29,Equity,0.19626952656893987
2046-05-30,Equity,0.19691812220031588
2046-05-31,Equity,0.19636943808876786
2046-06-01,Equity,0.1976647271213693
2046-06-02,Equity,0.19772961453398274
2046-06-03,Equity,0.19748538766733628
2046-06-04,Equity,0.1973041491360284
2046-06-05,Equity,0.19962647083556834
2046-06-06,Equity,0.20104013708713211
2046-06-07,Equity,0.19875497818601265
2046-06-08,Equity,0.19796096872946164
2046-06-09,Equity,0.19811401796393405
2046-06-10,Equity,0.19467952654478551
2046-06-11,Equity,0.19535266124255063
2046-06-12,Equity,0.19402231039149895
2046-07-04,Equity,0.2000120015201392
2046-07-05,Equity,0.20211554399493195
2046-07-06,Equity,0.20132118463924112
2046-07-07,Equity,0.20452070053306182
2046-07-08,Equity,0.2060695291347723
2046-07-09,Equity,0.20628238016430567
2046-07-10,Equity,0.20519913429257475
2046-07-11,Equity,0.20509397988382838
2046-07-12,Equity,0.20198714772225784
2046-07-13,Equity,0.20286408792531122
2046-07-14,Equity,0.20073947042881018
2046-07-15,Equity,0.20152369007493903
2046-07-16,Equity,0.20075396473942592
2046-07-17,Equity,0.2009587501962326
2046-07-18,Equity,0.19997147771997215
2046-07-19,Equity,0.1988193054717706
2046-07-20,Equity,0.19999136396594014
2046-07-21,Equity,0.1989927025334756
2046-07-22,Equity,0.19755901416908814
2046-07-23,Equity,0.19589967088074633
2046-07-24,Equity,0.19724986181857693
2046-08-15,Equity,0.047936760694909396
2046-08-15,Gold,0.019009405103153725
2046-08-15,Bond,0.1330658357220761
2046-08-16,Equity,0.04799997521837196
2046-08-16,Gold,0.019084284713798045
2046-08-16,Bond,0.1336674205362772
2046-08-17,Equity,0.047933119778104515
2046-08-17,Gold,0.019087457049393
2046-08-17,Bond,0.13413807216100193
2046-08-18,Equity,0.047701165769381326
2046-08-18,Gold,0.018951719107696045
2046-08-18,Bond,0.13347316752930752
2046-08-19,Equity,0.047600417990784474
2046-08-19,Gold,0.019163350902530383
2046-08-19,Bond,0.13457948456811616
2046-08-20,Equity,0.04737293586376086
2046-08-20,Gold,0.019157017558599998
2046-08-20,Bond,0.13464236257848466
2046-08-21,Equity,0.04750759998741743
2046-08-21,Gold,0.01894297236279907
2046-08-21,Bond,0.13474657303306248
2046-08-22,Equity,0.04785772724525086
2046-08-22,Gold,0.01876509357165863
2046-08-22,Bond,0.13442097229837524
2046-08-23,Equity,0.04757427484682011
2046-08-23,Gold,0.01887205994351262
2046-08-23,Bond,0.1343304512963797
2046-08-24,Equity,0.04735662935535532
2046-08-24,Gold,0.01907085324998704
2046-08-24,Bond,0.1343618349296798
2046-08-25,Equity,0.046938379214881164
2046-08-25,Gold,0.01916616706626048
2046-08-25,Bond,0.13454976662819315
2046-08-26,Equity,0.047447051111297184
2046-08-26,Gold,0.019248797785130098
2046-08-26,Bond,0.13440621259844318
2046-08-27,Equity,0.046755719507546714
2046-08-27,Gold,0.019152177684864897
2046-08-27,Bond,0.1327369338426775
2046-08-28,Equity,0.04642879956530387
2046-08-28,Gold,0.01916169259036155
2046-08-28,Bond,0.1334005804771774
2046-08-29,Equity,0.04675440961216417
2046-08-29,Gold,0.01909656987559701
2046-08-29,Bond,0.13322281232902686
2046-08-30,Equity,0.04667859641559858
2046-08-30,Gold,0.019148959084520873
2046-08-30,Bond,0.12948164229443765
2046-08-31,Equity,0.04647815479026405
2046-08-31,Gold,0.019173039721463624
2046-08-31,Bond,0.12774485318101295
2046-09-01,Equity,0.0468111795259398
2046-09-01,Gold,0.019054852355506743
2046-09-01,Bond,0.12719437268263092
2046-09-02,Equity,0.04572821304818228
2046-09-02,Gold,0.019184597557273222
2046-09-02,Bond,0.12873701342925575
2046-09-03,Equity,0.04571385830693526
2046-09-03,Gold,0.01898048474669056
2046-09-03,Bond,0.12944338033957675
2046-09-04,Equity,0.04552597397050153
2046-09-04,Gold,0.018761523138733163
2046-09-04,Bond,0.12873488490184307
2046-11-28,Gold,0.20001200152013926
2046-11-29,Gold,0.20132600797667327
2046-11-30,Gold,0.2010392181408568
2046-12-01,Gold,0.2018139020942067
2046-12-02,Gold,0.20091315969364107
2046-12-03,Gold,0.19727843247910984
2046-12-04,Gold,0.19822693750459405
2046-12-05,Gold,0.19577707150738993
2046-12-06,Gold,0.19467866492583627
2046-12-07,Gold,0.1959674897349226
2046-12-08,Gold,0.19728136508111954
2046-12-09,Gold,0.19914916612781866
2046-12-10,Gold,0.1959474995884378
2046-12-11,Gold,0.19641429466904275
2046-12-12,Gold,0.19600789347666867
2046-12-13,Gold,0.19756989083221893
2046-12-14,Gold,0.199920907712815
2046-12-15,Gold,0.19783548585687108
2046-12-16,Gold,0.19786069227908681
2046-12-17,Gold,0.19918550325848902
2046-12-18,Gold,0.1986469080681792
2046-12-19,Gold,0.20000008642068468
2046-12-20,Gold,0.1993585085221938
2046-12-21,Gold,0.19887977487152445
2046-12-22,Gold,0.1971752358285881
2046-12-23,Gold,0.19741900142722743
2046-12-24,Gold,0.19268045936597974
2046-12-25,Gold,0.19229534371357648
2046-12-26,Gold,0.19427397914982178
2046-12-27,Gold,0.1920969304305143
2046-12-28,Gold,0.18959790096365245
2046-12-29,Gold,0.1913189292466375
2046-12-30,Gold,0.19326299985295
2046-12-31,Gold,0.19115809997230798
2047-01-01,Gold,0.1938515608824154
2047-01-02,Gold,0.19452826166458626
2047-01-03,Gold,0.19617677322983507
2047-01-04,Gold,0.19493106577261482
2047-01-05,Gold,0.19727851014862155
2047-01-06,Gold,0.19685442474237355
2047-01-07,Gold,0.196361555531804
2047-01-08,Gold,0.19712388080057092
2047-01-09,Equity,0.033097047809089786
2047-01-09,Gold,0.02086553014051312
2047-01-09,Bond,0.14605871098359188
2047-01-10,Equity,0.03293890151693851
2047-01-10,Gold,0.02057191960114498
2047-01-10,Bond,0.1456816125241287
2047-01-11,Equity,0.03242519804702072
2047-01-11,Gold,0.020626429698969332
2047-01-11,Bond,0.14507618283465457
2047-01-12,Equity,0.03272852245478588
2047-01-12,Gold,0.02057013410453141
2047-01-12,Bond,0.1444687077766159
2047-01-13,Equity,0.03271098488482424
2047-01-13,Gold,0.02040907413272638
2047-01-13,Bond,0.14479289563029352
2047-01-14,Equity,0.033273816308349975
2047-01-14,Gold,0.020637863939031543
2047-01-14,Bond,0.14500921688580984
2047-01-15,Equity,0.033606055760937434
2047-01-15,Gold,0.02109042186402931
2047-01-15,Bond,0.14601020506531673
2047-01-16,Equity,0.03389585751167634
2047-01-16,Gold,0.02082574725858821
2047-01-16,Bond,0.1487280713211492
2047-01-17,Equity,0.03415411245881652
2047-01-17,Gold,0.020872252934123543
2047-01-17,Bond,0.1482192202445795
2047-01-18,Equity,0.034409991229968705
2047-01-18,Gold,0.02078762457092935
2047-01-18,Bond,0.14811045927859537
2047-01-19,Equity,0.03453854294777371
2047-01-19,Gold,0.021314901830880285
2047-01-19,Bond,0.14572823220977693
2047-01-20,Equity,0.03487611661656394
2047-01-20,Gold,0.021451723794890534
2047-01-20,Bond,0.1440703325886447
2047-01-21,Equity,0.0347260358213235
2047-01-21,Gold,0.021655103686817796
2047-01-21,Bond,0.14388380864136419
2047-01-22,Equity,0.03388532342262997
2047-01-22,Gold,0.021910614484796927
2047-01-22,Bond,0.14453961515393884
2047-01-23,Equity,0.03409253788524474
2047-01-23,Gold,0.021917645131029534
2047-01-23,Bond,0.14510922570752502
2047-01-24,Equity,0.03430438911437411
2047-01-24,Gold,0.02185263644069948
2047-01-24,Bond,0.1458459495031885
2047-01-25,Equity,0.033795555162498145
2047-01-25,Gold,0.022148787818686014
2047-01-25,Bond,0.14743648325035938
2047-01-26,Equity,0.03387195077770814
2047-01-26,Gold,0.02225757497549458
2047-01-26,Bond,0.14954167034328972
2047-01-27,Equity,0.034054138734880904
2047-01-27,Gold,0.02207852266807911
2047-01-27,Bond,0.1492351169526686
2047-01-28,Equity,0.0344574313204145
2047-01-28,Gold,0.0219407538194378
2047-01-28,Bond,0.14818839185016938
2047-01-29,Equity,0.03439173352995705
2047-01-29,Gold,0.02183682393621981
2047-01-29,Bond,0.14903507712503636
2047-01-30,Gold,0.02654916243066164
2047-01-30,Bond,0.1734545278803227
2047-01-31,Gold,0.02692628704730952
2047-01-31,Bond,0.17358096398004103
2047-02-01,Gold,0.027504375727945958
2047-02-01,Bond,0.173222862791371
2047-02-02,Gold,0.027339266795655806
2047-02-02,Bond,0.1725355435092172
2047-02-03,Gold,0.02737856960626822
2047-02-03,Bond,0.17246863747030164
2047-02-04,Gold,0.027239666266575844
2047-02-04,Bond,0.17347469927440093
2047-02-05,Gold,0.02722284539682188
2047-02-05,Bond,0.17252719846119988
2047-02-06,Gold,0.0275080301926257
2047-02-06,Bond,0.17134310421606752
2047-02-07,Gold,0.027467455468319007
2047-02-07,Bond,0.17219828335543536
2047-02-08,Gold,0.027861654718137313
2047-02-08,Bond,0.17093050898000586
2047-02-09,Gold,0.02771498609077058
2047-02-09,Bond,0.1711693874424164
2047-02-10,Gold,0.027910782292652574
2047-02-10,Bond,0.1712734473560795
2047-02-11,Gold,0.027790885792444948
2047-02-11,Bond,0.17129515169510895
2047-02-12,Gold,0.02732878091765372
2047-02-12,Bond,0.1704711440318624
2047-02-13,Gold,0.026978102205935148
2047-02-13,Bond,0.17298500214772208
2047-02-14,Gold,0.02699207032128364
2047-02-14,Bond,0.17354979030941112
2047-02-15,Gold,0.027525833676206046
2047-02-15,Bond,0.1727226832676191
2047-02-16,Gold,0.027387394678038156
2047-02-16,Bond,0.17321792004453973
2047-02-17,Gold,0.027255061539167947
2047-02-17,Bond,0.17586576048786667
2047-02-18,Gold,0.027380873126662496
2047-02-18,Bond,0.1759719961602492
2047-02-19,Gold,0.027147862873023895
2047-02-19,Bond,0.17823559113428888
2047-02-20,Gold,0.02192986819101133
2047-02-20,Bond,0.17807052971101198
2047-02-21,Gold,0.021978511071879994
2047-02-21,Bond,0.17682538571663048
2047-02-22,Gold,0.02196712971153812
2047-02-22,Bond,0.17374807540014406
2047-02-23,Gold,0.021512695425498374
2047-02-23,Bond,0.17667113091084202
2047-02-24,Gold,0.0214401876610074
2047-02-24,Bond,0.17423360667306131
2047-02-25,Gold,0.021563031618610513
2047-02-25,Bond,0.17446132153989252
2047-02-26,Gold,0.021633601589560965
2047-02-26,Bond,0.1769534673855058
2047-02-27,Gold,0.02188046459668439
2047-02-27,Bond,0.1783205141330572
2047-02-28,Gold,0.022135912752293513
2047-02-28,Bond,0.17882313212312076
2047-03-01,Gold,0.021891331016235235
2047-03-01,Bond,0.18075088450470975
2047-03-02,Gold,0.021758492648591768
2047-03-02,Bond,0.17979251198813959
2047-03-03,Gold,0.021589574200409967
2047-03-03,Bond,0.18058462784459323
2047-03-04,Gold,0.02156186076828279
2047-03-04,Bond,0.18042391823572176
2047-03-05,Gold,0.02143591177358449
2047-03-05,Bond,0.18025112405553445
2047-03-06,Gold,0.021391976589183816
2047-03-06,Bond,0.1805396563864301
2047-03-07,Gold,0.02116496420822893
2047-03-07,Bond,0.18231881553567272
2047-03-08,Gold,0.021266873083542567
2047-03-08,Bond,0.18463513899026993
2047-03-09,Gold,0.021080811689575686
2047-03-09,Bond,0.18427049580138222
2047-03-10,Gold,0.020917674077432984
2047-03-10,Bond,0.1826779529823809
2047-03-11,Gold,0.02105587604264043
2047-03-11,Bond,0.18143762107383077
2047-03-12,Gold,0.021129882324939474
2047-03-12,Bond,0.18432038244498147
2047-03-13,Equity,0.042106422787783884
2047-03-13,Bond,0.15789908545418954
2047-03-14,Equity,0.042133202093894595
2047-03-14,Bond,0.15646088641218237
2047-03-15,Equity,0.04228652071993015
2047-03-15,Bond,0.15862199819886874
2047-03-16,Equity,0.04217192436980012
2047-03-16,Bond,0.15770122406425718
2047-03-17,Equity,0.04314198855812195
2047-03-17,Bond,0.15841810019456778
2047-03-18,Equity,0.04325370094564681
2047-03-18,Bond,0.15746022316954936
2047-03-19,Equity,0.043384116590734184
2047-03-19,Bond,0.1603042082906065
2047-03-20,Equity,0.04349083764532551
2047-03-20,Bond,0.159527046846288
2047-03-21,Equity,0.04331316236981197
2047-03-21,Bond,0.15816588000644033
2047-03-22,Equity,0.043134576546189594
2047-03-22,Bond,0.15759352398371215
2047-03-23,Equity,0.04248544145235378
2047-03-23,Bond,0.16119130256565667
2047-03-24,Equity,0.04177268501267211
2047-03-24,Bond,0.16166114086251893
2047-03-25,Equity,0.04222432760410858
2047-03-25,Bond,0.16020850452696012
2047-03-26,Equity,0.04203151930285134
2047-03-26,Bond,0.15919152164796685
2047-03-27,Equity,0.04212183639360181
2047-03-27,Bond,0.15687041539111046
2047-03-28,Equity,0.0427083643738768
2047-03-28,Bond,0.1574837586531821
2047-03-29,Equity,0.04327348797218107
2047-03-29,Bond,0.15575323708802552
2047-03-30,Equity,0.0432606985682895
2047-03-30,Bond,0.15720246387378314
2047-03-31,Equity,0.043119812837701596
2047-03-31,Bond,0.15826647549673395
2047-04-01,Equity,0.043063375638840475
2047-04-01,Bond,0.15814373198110468
2047-04-02,Equity,0.04389393601764523
2047-04-02,Bond,0.15964359937558154
2047-04-03,Equity,0.04252024819493935
2047-04-03,Gold,0.019685300090249696
2047-04-03,Bond,0.13779710063174788
2047-04-04,Equity,0.04375838517119707
2047-04-04,Gold,0.019370894253241074
2047-04-04,Bond,0.13784573799031774
2047-04-05,Equity,0.04327345997513861
2047-04-05,Gold,0.01916602333100272
2047-04-05,Bond,0.13704594686793573
2047-04-06,Equity,0.04326410018826371
2047-04-06,Gold,0.01925065097469813
2047-04-06,Bond,0.1375195050010286
2047-04-07,Equity,0.04370788192279898
2047-04-07,Gold,0.019606511656429605
2047-04-07,Bond,0.13788090719796406
2047-04-08,Equity,0.044114915360298365
2047-04-08,Gold,0.019954662290404972
2047-04-08,Bond,0.1383481551954061
2047-04-09,Equity,0.04439100939512427
2047-04-09,Gold,0.01964119269712274
2047-04-09,Bond,0.13844688705394767
2047-04-10,Equity,0.044115370871485045
2047-04-10,Gold,0.019580726758130617
2047-04-10,Bond,0.13888312393963778
2047-04-11,Equity,0.04355394563761018
2047-04-11,Gold,0.01941988653711763
2047-04-11,Bond,0.13934830444552723
2047-04-12,Equity,0.04339542722418342
2047-04-12,Gold,0.019410400104840516
2047-04-12,Bond,0.14099710875288093
2047-04-13,Equity,0.04392020651611537
2047-04-13,Gold,0.019184185506000827
2047-04-13,Bond,0.13943328563896823
2047-04-14,Equity,0.04470636867555283
2047-04-14,Gold,0.019093907888297637
2047-04-14,Bond,0.13814607007528235
2047-04-15,Equity,0.04475646470117544
2047-04-15,Gold,0.018929246907959194
2047-04-15,Bond,0.13825148356043881
2047-04-16,Equity,0.04475693645226439
2047-04-16,Gold,0.019047501725548574
2047-04-16,Bond,0.13734090744148394
2047-04-17,Equity,0.044837668334444594
2047-04-17,Gold,0.018944274681919497
2047-04-17,Bond,0.1375915252852222
2047-04-18,Equity,0.045003736937022185
2047-04-18,Gold,0.01890233743976071
2047-04-18,Bond,0.13627206872650827
2047-04-19,Equity,0.045571098341763934
2047-04-19,Gold,0.019011739921292316
2047-04-19,Bond,0.1350657228834344
2047-04-20,Equity,0.045269579045913985
2047-04-20,Gold,0.019269568137292848
2047-04-20,Bond,0.1374708149638529
2047-04-21,Equity,0.045214093241906006
2047-04-21,Gold,0.01968075392476487
2047-04-21,Bond,0.13714992733814588
2047-04-22,Equity,0.0454824902164961
2047-04-22,Gold,0.019796394559528148
2047-04-22,Bond,0.13572907079184607
2047-04-23,Equity,0.04521663919711403
2047-04-23,Gold,0.019787968999805176
2047-04-23,Bond,0.13563569570882097
2047-04-24,Equity,0.042105309500187156
2047-04-24,Gold,0.021052654750093585
2047-04-24,Bond,0.13687625191422634
2047-04-25,Equity,0.04259387103843595
2047-04-25,Gold,0.021246646314282348
2047-04-25,Bond,0.13819051828395418
2047-04-26,Equity,0.04266157580864486
2047-04-26,Gold,0.021474050546216737
2047-04-26,Bond,0.1364353215244409
2047-04-27,Equity,0.04308621150645106
2047-04-27,Gold,0.021158668564392216
2047-04-27,Bond,0.13552797364894864
2047-04-28,Equity,0.043347471709783904
2047-04-28,Gold,0.02139749823552244
2047-04-28,Bond,0.13571372561833833
2047-04-29,Equity,0.04277938700796651
2047-04-29,Gold,0.021486344624642568
2047-04-29,Bond,0.13574383485289104
2047-04-30,Equity,0.042612978403113774
2047-04-30,Gold,0.02135120218409255
2047-04-30,Bond,0.13394067123418182
2047-05-01,Equity,0.04272682391270687
2047-05-01,Gold,0.021251328179793052
2047-05-01,Bond,0.13229670429800677
2047-05-02,Equity,0.04268320603277512
2047-05-02,Gold,0.02140499248178085
2047-05-02,Bond,0.1310731543196952
2047-05-03,Equity,0.04290482318713268
2047-05-03,Gold,0.020931151678137024
2047-05-03,Bond,0.12912455459848618
2047-05-04,Equity,0.043007630733845316
2047-05-04,Gold,0.020916141024102962
2047-05-04,Bond,0.12860299452140964
2047-05-05,Equity,0.04327119463212909
2047-05-05,Gold,0.020743315559460393
2047-05-05,Bond,0.1299212612229434
2047-05-06,Equity,0.04329723097691109
2047-05-06,Gold,0.020608274861786565
2047-05-06,Bond,0.1291931014043208
2047-05-07,Equity,0.043269249096390086
2047-05-07,Gold,0.02048677974269344
2047-05-07,Bond,0.13042388274833241
2047-05-08,Equity,0.042689297461317284
2047-05-08,Gold,0.02020370060921092
2047-05-08,Bond,0.13057747787441362
2047-05-09,Equity,0.04244539158569039
2047-05-09,Gold,0.02042320891726124
2047-05-09,Bond,0.1303749186511807
2047-05-10,Equity,0.042331157308970434
2047-05-10,Gold,0.020049699690371247
2047-05-10,Bond,0.12858344510705805
2047-05-11,Equity,0.042086391792033745
2047-05-11,Gold,0.02005640455161992
2047-05-11,Bond,0.12991985011660392
2047-05-12,Equity,0.041937806359410176
2047-05-12,Gold,0.01989059014829316
2047-05-12,Bond,0.13009381010696153
2047-05-13,Equity,0.04224991600178374
2047-05-13,Gold,0.02031780296826337
2047-05-13,Bond,0.12821029239570933
2047-05-14,Equity,0.04295157789049895
2047-05-14,Gold,0.02029703153217039
2047-05-14,Bond,0.12854006649771835
2047-05-15,Equity,0.20001832972285538
2047-05-16,Equity,0.19969809078556153
2047-05-17,Equity,0.19831757977100486
2047-05-18,Equity,0.19619828270431608
