Date,Total_Value,Cash,Equity_Shares,Equity_Price
2020-01-01,1000000.0,1000000.0,0.0,100.8773015860986
2020-01-02,1000000.0,1000000.0,0.0,99.81456438042828
2020-01-03,1000000.0,1000000.0,0.0,100.49618200473472
2020-01-04,1000000.0,1000000.0,0.0,101.04417212526542
2020-01-05,1000000.0,1000000.0,0.0,102.25540487822596
2020-01-06,1000000.0,1000000.0,0.0,101.52723441065544
2020-01-07,1000000.0,1000000.0,0.0,101.93897418751808
2020-01-08,1000000.0,1000000.0,0.0,102.0630925253024
2020-01-09,1000000.0,1000000.0,0.0,102.19020612867573
2020-01-10,1000000.0,1000000.0,0.0,102.17077553518428
2020-01-11,1000000.0,1000000.0,0.0,103.03459770612322
2020-01-12,1000000.0,1000000.0,0.0,103.79216415706568
2020-01-13,1000000.0,1000000.0,0.0,103.78954869529768
2020-01-14,1000000.0,1000000.0,0.0,103.31383490373334
2020-01-15,1000000.0,1000000.0,0.0,102.72213467268683
2020-01-16,1000000.0,1000000.0,0.0,102.75853366986728
2020-01-17,1000000.0,1000000.0,0.0,102.98672830588784
2020-01-18,1000000.0,1000000.0,0.0,102.89257898016622
2020-01-19,1000000.0,1000000.0,0.0,101.57196471698197
2020-01-20,1000000.0,1000000.0,0.0,101.26298778660365
2020-01-21,1000000.0,1000000.0,0.0,100.73065391984524
2020-01-22,1000000.0,1000000.0,0.0,100.74584473907991
2020-01-23,1000000.0,1000000.0,0.0,103.33359465222917
2020-01-24,1000000.0,1000000.0,0.0,103.77904542098348
2020-01-25,1000000.0,1000000.0,0.0,105.09728966183296
2020-01-26,1000000.0,1000000.0,0.0,104.3807899016913
2020-01-27,1000000.0,1000000.0,0.0,104.40363852963186
2020-01-28,1000000.0,1000000.0,0.0,105.69433377949326
2020-01-29,1000000.0,1000000.0,0.0,104.0370266758247
2020-01-30,1000000.0,1000000.0,0.0,103.79447202361472
2020-01-31,1000000.0,1000000.0,0.0,104.44068048772532
2020-02-01,1000000.0,1000000.0,0.0,104.36490273452024
2020-02-02,1000000.0,1000000.0,0.0,103.77390129209851
2020-02-03,1000000.0,1000000.0,0.0,103.24422358005545
2020-02-04,1000000.0,1000000.0,0.0,103.57036623706584
2020-02-05,1000000.0,1000000.0,0.0,101.95651179480024
2020-02-06,1000000.0,1000000.0,0.0,102.08365693535096
2020-02-07,1000000.0,1000000.0,0.0,102.82733061325716
2020-02-08,1000000.0,1000000.0,0.0,102.45563382182206
2020-02-09,1000000.0,1000000.0,0.0,100.8697501470613
2020-02-10,1000000.0,1000000.0,0.0,100.35457940747044
2020-02-11,1000000.0,1000000.0,0.0,100.2304515138234
2020-02-12,999699.9,799699.9,2016.998738870617,99.15722610316875
2020-02-13,999761.1739987882,799699.9,2016.998738870617,99.18760490192916
2020-02-14,1000105.6701232404,799699.9,2016.998738870617,99.35840130244904
2020-02-15,1002530.2727134764,799699.9,2016.998738870617,100.56048563870084
2020-02-16,1002196.0332992347,799699.9,2016.998738870617,100.39477437284803
2020-02-17,1002422.3959599747,799699.9,2016.998738870617,100.50700184050964
2020-02-18,1001308.5645230154,799699.9,2016.998738870617,99.95477966233264
2020-02-19,1000348.8320751325,799699.9,2016.998738870617,99.47895762566633
2020-02-20,1001766.7658755044,799699.9,2016.998738870617,100.18194953788029
2020-02-21,1001293.4819690178,799699.9,2016.998738870617,99.94730194124791
2020-02-22,1002966.7652735792,799699.9,2016.998738870617,100.77689259607314
2020-02-23,1002871.6817324031,799699.9,2016.998738870617,100.72975149511774
2020-02-24,1000560.9760663327,799699.9,2016.998738870617,99.5841356741756
2020-02-25,999174.0167457327,799699.9,2016.998738870617,98.89650047943252
2020-02-26,1004056.884110009,799699.9,2016.998738870617,101.31735839578909
2020-02-27,1003851.6868691182,799699.9,2016.998738870617,101.21562444973536
2020-02-28,1000580.4549964298,799699.9,2016.998738870617,99.59379305755508
2020-02-29,998306.7790005493,799699.9,2016.998738870617,98.4665360335107
2020-03-01,996896.0319964639,799699.9,2016.998738870617,97.76710723521836
2020-03-02,995142.3521601493,799699.9,2016.998738870617,96.89765709500828
2020-03-03,993005.7988932577,799699.9,2016.998738870617,95.8383836181752
2020-03-04,995559.276718354,995559.276718354,0.0,97.25018916709372
2020-03-05,995559.276718354,995559.276718354,0.0,97.89872768079752
2020-03-06,995559.276718354,995559.276718354,0.0,97.70330014509334
2020-03-07,995559.276718354,995559.276718354,0.0,97.1312002417928
2020-03-08,995559.276718354,995559.276718354,0.0,96.97427123629804
2020-03-09,995559.276718354,995559.276718354,0.0,98.71663173890076
2020-03-10,995559.276718354,995559.276718354,0.0,97.86637773638397
2020-03-11,995559.276718354,995559.276718354,0.0,96.33497134591995
2020-03-12,995559.276718354,995559.276718354,0.0,96.98001593526207
2020-03-13,995559.276718354,995559.276718354,0.0,97.96264915534908
2020-03-14,995559.276718354,995559.276718354,0.0,99.39508022776256
2020-03-15,995559.276718354,995559.276718354,0.0,99.04548956555782
2020-03-16,995559.276718354,995559.276718354,0.0,98.70745061188757
2020-03-17,995559.276718354,995559.276718354,0.0,100.71384129703269
2020-03-18,995559.276718354,995559.276718354,0.0,101.31538125485572
2020-03-19,995559.276718354,995559.276718354,0.0,101.2292227358462
2020-03-20,995559.276718354,995559.276718354,0.0,101.74006194240208
2020-03-21,995559.276718354,995559.276718354,0.0,101.29744105348372
2020-03-22,995559.276718354,995559.276718354,0.0,101.60303410787228
2020-03-23,995559.276718354,995559.276718354,0.0,101.8930058604979
2020-03-24,995559.276718354,995559.276718354,0.0,102.74652524337615
2020-03-25,995559.276718354,995559.276718354,0.0,101.739510863291
2020-03-26,995559.276718354,995559.276718354,0.0,102.10176493985298
2020-03-27,995559.276718354,995559.276718354,0.0,100.9175779659684
2020-03-28,995559.276718354,995559.276718354,0.0,102.8281674980574
2020-03-29,995559.276718354,995559.276718354,0.0,102.3980098930484
2020-03-30,995559.276718354,995559.276718354,0.0,100.717375976828
2020-03-31,995559.276718354,995559.276718354,0.0,103.55386843836756
2020-04-01,995559.276718354,995559.276718354,0.0,103.0156786712486
2020-04-02,995559.276718354,995559.276718354,0.0,103.11355324594872
2020-04-03,995559.276718354,995559.276718354,0.0,101.38015761629347
2020-04-04,995559.276718354,995559.276718354,0.0,101.32643314627563
2020-04-05,995559.276718354,995559.276718354,0.0,103.03558920110052
2020-04-06,995559.276718354,995559.276718354,0.0,103.76449554402164
2020-04-07,995559.276718354,995559.276718354,0.0,102.0145560186072
2020-04-08,995559.276718354,995559.276718354,0.0,101.23896578560088
2020-04-09,995559.276718354,995559.276718354,0.0,102.17280351505072
2020-04-10,995559.276718354,995559.276718354,0.0,102.82535416396593
2020-04-11,995559.276718354,995559.276718354,0.0,102.3268197091128
2020-04-12,995559.276718354,995559.276718354,0.0,102.73393554655
2020-04-13,995559.276718354,995559.276718354,0.0,101.51036617388152
2020-04-14,995559.276718354,995559.276718354,0.0,100.19224998977126
2020-04-15,995352.6787507532,857666.5957112375,1408.912891776191,97.72505017392332
2020-04-16,996632.7214137694,857666.5957112375,1408.912891776191,98.63358232696687
2020-04-17,996486.6399721669,857666.5957112375,1408.912891776191,98.52989852759558
2020-04-18,996492.5012444186,857666.5957112375,1408.912891776191,98.5340586657318
2020-04-19,992295.5178995816,857666.5957112375,1408.912891776191,95.55517801999798
2020-04-20,992228.7131123974,857666.5957112375,1408.912891776191,95.5077621807547
2020-04-21,992972.2719011443,857666.5957112375,1408.912891776191,96.03551573676737
2020-04-22,990174.462957269,857666.5957112375,1408.912891776191,94.04972303076964
2020-04-23,990233.0442718896,857666.5957112375,1408.912891776191,94.09130211984078
2020-04-24,990144.9082180928,857666.5957112375,1408.912891776191,94.0287460496172
2020-04-25,989529.9160883147,857666.5957112375,1408.912891776191,93.59224487671452
2020-04-26,991265.5137269426,857666.5957112375,1408.912891776191,94.82411495807902
2020-04-27,992699.5608961142,857666.5957112375,1408.912891776191,95.84195444094712
2020-04-28,997254.6765293789,857666.5957112375,1408.912891776191,99.07502559804476
2020-04-29,995571.8010060743,857666.5957112375,1408.912891776191,97.88057593892992
2020-04-30,996164.188557988,857666.5957112375,1408.912891776191,98.30103312643348
2020-05-01,998257.1333007228,857666.5957112375,1408.912891776191,99.78653642117314
2020-05-02,997287.332784259,857666.5957112375,1408.912891776191,99.0982039329658
2020-05-03,999668.757905836,857666.5957112375,1408.912891776191,100.78846110605102
2020-05-04,1000187.8759385677,857666.5957112375,1408.912891776191,101.15691400030856
2020-05-05,997720.0770456197,857666.5957112375,1408.912891776191,99.40535156706478
2020-05-06,995723.3698883746,995723.3698883746,0.0,98.13530843810702
2020-05-07,995723.3698883746,995723.3698883746,0.0,97.56742518137771
2020-05-08,995723.3698883746,995723.3698883746,0.0,97.4813784324322
2020-05-09,995723.3698883746,995723.3698883746,0.0,98.69613431345864
2020-05-10,995723.3698883746,995723.3698883746,0.0,98.60767329261012
2020-05-11,995723.3698883746,995723.3698883746,0.0,99.79738855279383
2020-05-12,995723.3698883746,995723.3698883746,0.0,99.90517964923124
2020-05-13,995723.3698883746,995723.3698883746,0.0,99.9175483446264
2020-05-14,995723.3698883746,995723.3698883746,0.0,99.6262711437914
2020-05-15,995723.3698883746,995723.3698883746,0.0,100.60944519968167
2020-05-16,995723.3698883746,995723.3698883746,0.0,100.73979638833244
2020-05-17,995723.3698883746,995723.3698883746,0.0,100.0045187364942
2020-05-18,995723.3698883746,995723.3698883746,0.0,100.33716536837449
2020-05-19,995723.3698883746,995723.3698883746,0.0,99.87934637496949
2020-05-20,995723.3698883746,995723.3698883746,0.0,99.36868607233846
2020-05-21,995723.3698883746,995723.3698883746,0.0,100.55084498988292
2020-05-22,995723.3698883746,995723.3698883746,0.0,100.39072846249832
2020-05-23,995723.3698883746,995723.3698883746,0.0,102.55669960505462
2020-05-24,995723.3698883746,995723.3698883746,0.0,103.31354147107628
2020-05-25,995723.3698883746,995723.3698883746,0.0,102.5254103267838
2020-05-26,995723.3698883746,995723.3698883746,0.0,101.6734679578586
2020-05-27,995723.3698883746,995723.3698883746,0.0,100.41973839267962
2020-05-28,995723.3698883746,995723.3698883746,0.0,101.03007190748714
2020-05-29,995723.3698883746,995723.3698883746,0.0,100.16832910686522
2020-05-30,995723.3698883746,995723.3698883746,0.0,97.92441486998872
2020-05-31,995723.3698883746,995723.3698883746,0.0,96.32053598839556
2020-06-01,995723.3698883746,995723.3698883746,0.0,95.26287280617407
2020-06-02,995723.3698883746,995723.3698883746,0.0,95.5843101298664
2020-06-03,995723.3698883746,995723.3698883746,0.0,95.5053679329573
2020-06-04,995723.3698883746,995723.3698883746,0.0,96.41009117557162
2020-06-05,995723.3698883746,995723.3698883746,0.0,95.5394231486698
2020-06-06,995723.3698883746,995723.3698883746,0.0,95.2300361981221
2020-06-07,995723.3698883746,995723.3698883746,0.0,96.90864522486358
2020-06-08,995723.3698883746,995723.3698883746,0.0,96.57857656618236
2020-06-09,995723.3698883746,995723.3698883746,0.0,96.79559499354424
2020-06-10,995723.3698883746,995723.3698883746,0.0,96.16241085895534
2020-06-11,995723.3698883746,995723.3698883746,0.0,95.94576701191576
2020-06-12,995723.3698883746,995723.3698883746,0.0,96.40285198624366
2020-06-13,995723.3698883746,995723.3698883746,0.0,97.03839465046704
2020-06-14,995723.3698883746,995723.3698883746,0.0,97.1530930179716
2020-06-15,995723.3698883746,995723.3698883746,0.0,96.90098243482608
2020-06-16,995723.3698883746,995723.3698883746,0.0,97.02723538947014
2020-06-17,995424.7524497451,1194569.42642742,-2067.626094429404,96.31561263141836
2020-06-18,995853.4427211949,1194569.42642742,-2067.626094429404,96.10827810773208
2020-06-19,995191.9325870564,1194569.42642742,-2067.626094429404,96.42821512918904
2020-06-20,993214.3500725423,1194569.42642742,-2067.626094429404,97.38466587231042
2020-06-21,995041.3963131832,1194569.42642742,-2067.626094429404,96.50102146215164
2020-06-22,995394.6493797033,1194569.42642742,-2067.626094429404,96.3301718740797
2020-06-23,997386.4921624768,1194569.42642742,-2067.626094429404,95.36682420298004
2020-06-24,998260.9129095733,1194569.42642742,-2067.626094429404,94.94391372150938
2020-06-25,996286.9798564436,1194569.42642742,-2067.626094429404,95.89859941562392
2020-06-26,997347.9691377484,1194569.42642742,-2067.626094429404,95.38545572675132
2020-06-27,997537.201559041,1194569.42642742,-2067.626094429404,95.29393413984424
2020-06-28,999959.07572415,1194569.42642742,-2067.626094429404,94.12260332155262
2020-06-29,1001048.016537359,1194569.42642742,-2067.626094429404,93.59594097377962
2020-06-30,1004021.3621347139,1194569.42642742,-2067.626094429404,92.15789296047312
2020-07-01,1003489.5020011428,1194569.42642742,-2067.626094429404,92.4151252206985
2020-07-02,1002784.8531207094,1194569.42642742,-2067.626094429404,92.7559261432308
2020-07-03,1002137.6622311028,1194569.42642742,-2067.626094429404,93.06893771304522
2020-07-04,1001364.2638438463,1194569.42642742,-2067.626094429404,93.44298908981024
2020-07-05,1000708.7427054442,1194569.42642742,-2067.626094429404,93.7600295547996
2020-07-06,1003645.1517771332,1194569.42642742,-2067.626094429404,92.33984576064054
2020-07-07,1005143.3159487821,1194569.42642742,-2067.626094429404,91.61526399235794
2020-07-08,1009068.275230458,1009068.275230458,0.0,89.58255278783417
2020-07-09,1009068.275230458,1009068.275230458,0.0,89.16823204886882
2020-07-10,1009068.275230458,1009068.275230458,0.0,88.39518649745365
2020-07-11,1009068.275230458,1009068.275230458,0.0,88.36099466846254
2020-07-12,1009068.275230458,1009068.275230458,0.0,90.56114536609908
2020-07-13,1009068.275230458,1009068.275230458,0.0,91.27236303205618
2020-07-14,1009068.275230458,1009068.275230458,0.0,92.6791780902368
2020-07-15,1009068.275230458,1009068.275230458,0.0,93.44359404217562
2020-07-16,1009068.275230458,1009068.275230458,0.0,93.3501271160293
2020-07-17,1009068.275230458,1009068.275230458,0.0,93.34107237157116
2020-07-18,1009068.275230458,1009068.275230458,0.0,94.15158424397652
2020-07-19,1009068.275230458,1009068.275230458,0.0,94.38570123857
2020-07-20,1009068.275230458,1009068.275230458,0.0,94.114298371237
2020-07-21,1009068.275230458,1009068.275230458,0.0,95.46642720500864
2020-07-22,1009068.275230458,1009068.275230458,0.0,95.8919407930334
2020-07-23,1009068.275230458,1009068.275230458,0.0,94.53500894821627
2020-07-24,1009068.275230458,1009068.275230458,0.0,94.3646505512234
2020-07-25,1009068.275230458,1009068.275230458,0.0,94.41206908043527
2020-07-26,1009068.275230458,1009068.275230458,0.0,94.03106695848896
2020-07-27,1009068.275230458,1009068.275230458,0.0,93.66959303103386
2020-07-28,1009068.275230458,1009068.275230458,0.0,93.27954223921786
2020-07-29,1008765.6556547163,1210579.310700808,-2202.4954443119977,91.62954482710994
2020-07-30,1012687.7045643019,1210579.310700808,-2202.4954443119977,89.8488151916801
2020-07-31,1013976.4999467686,1210579.310700808,-2202.4954443119977,89.2636628428773
2020-08-01,1014762.313162204,1210579.310700808,-2202.4954443119977,88.90687971423799
2020-08-02,1017367.3976501065,1210579.310700808,-2202.4954443119977,87.72409202919187
2020-08-03,1019336.2277693052,1210579.310700808,-2202.4954443119977,86.83018320214599
2020-08-04,1019819.7080072935,1210579.310700808,-2202.4954443119977,86.61066845162205
2020-08-05,1017842.6902296422,1210579.310700808,-2202.4954443119977,87.50829472492812
2020-08-06,1015973.1962666315,1210579.310700808,-2202.4954443119977,88.35710191217505
2020-08-07,1014019.693276386,1210579.310700808,-2202.4954443119977,89.24405175594904
2020-08-08,1015995.5850117663,1210579.310700808,-2202.4954443119977,88.34693674012325
2020-08-09,1016427.6301222506,1210579.310700808,-2202.4954443119977,88.15077510373932
2020-08-10,1014013.725404697,1210579.310700808,-2202.4954443119977,89.24676135142377
2020-08-11,1017452.0741018439,1210579.310700808,-2202.4954443119977,87.68564634161683
2020-08-12,1018337.3594267656,1210579.310700808,-2202.4954443119977,87.28369984624135
2020-08-13,1017909.7858067431,1210579.310700808,-2202.4954443119977,87.47783128979401
2020-08-14,1021167.200501306,1210579.310700808,-2202.4954443119977,85.9988658267892
2020-08-15,1020353.1424577981,1210579.310700808,-2202.4954443119977,86.36847296745788
2020-08-16,1017387.4766312839,1210579.310700808,-2202.4954443119977,87.71497556031139
2020-08-17,1015007.1339993658,1210579.310700808,-2202.4954443119977,88.79572359911683
2020-08-18,1015354.4671212959,1210579.310700808,-2202.4954443119977,88.63802378510489
2020-08-19,1013462.7437836106,1013462.7437836106,0.0,89.36283485166679
2020-08-20,1013462.7437836106,1013462.7437836106,0.0,87.84216081469987
2020-08-21,1013462.7437836106,1013462.7437836106,0.0,88.08701259618704
2020-08-22,1013462.7437836106,1013462.7437836106,0.0,87.81904250005033
2020-08-23,1013462.7437836106,1013462.7437836106,0.0,87.68790803143993
2020-08-24,1013462.7437836106,1013462.7437836106,0.0,87.77900169359178
2020-08-25,1013462.7437836106,1013462.7437836106,0.0,88.11992140212863
2020-08-26,1013462.7437836106,1013462.7437836106,0.0,86.8495868115996
2020-08-27,1013462.7437836106,1013462.7437836106,0.0,86.00222453482903
2020-08-28,1013462.7437836106,1013462.7437836106,0.0,85.7821162568237
2020-08-29,1013462.7437836106,1013462.7437836106,0.0,84.26983218027549
2020-08-30,1013462.7437836106,1013462.7437836106,0.0,84.38557142929874
2020-08-31,1013462.7437836106,1013462.7437836106,0.0,85.09119934743352
2020-09-01,1013462.7437836106,1013462.7437836106,0.0,86.2840743714766
2020-09-02,1013462.7437836106,1013462.7437836106,0.0,86.36730927797768
2020-09-03,1013462.7437836106,1013462.7437836106,0.0,88.01199301557546
2020-09-04,1013462.7437836106,1013462.7437836106,0.0,87.98115573006933
2020-09-05,1013462.7437836106,1013462.7437836106,0.0,86.88233823683987
2020-09-06,1013462.7437836106,1013462.7437836106,0.0,86.83373781219535
2020-09-07,1013462.7437836106,1013462.7437836106,0.0,86.65532790307711
2020-09-08,1013462.7437836106,1013462.7437836106,0.0,87.10376231426909
2020-09-09,1013158.8063067498,1215851.355063472,-2320.7350197830538,87.33980701324107
2020-09-10,1012754.4892045292,1215851.355063472,-2320.7350197830538,87.51402643026803
2020-09-11,1010781.2003838558,1215851.355063472,-2320.7350197830538,88.36431256972473
2020-09-12,1011661.0236847472,1215851.355063472,-2320.7350197830538,87.98519849879838
2020-09-13,1010558.0319254398,1215851.355063472,-2320.7350197830538,88.46047540456526
2020-09-14,1009980.6212174849,1215851.355063472,-2320.7350197830538,88.70928050425687
2020-09-15,1009745.9071844713,1215851.355063472,-2320.7350197830538,88.81041830370957
2020-09-16,1009881.2839027717,1215851.355063472,-2320.7350197830538,88.7520847511297
2020-09-17,1012483.1676804682,1215851.355063472,-2320.7350197830538,87.6309383231589
2020-09-18,1012998.8901856415,1215851.355063472,-2320.7350197830538,87.40871454458143
2020-09-19,1013383.5265954318,1215851.355063472,-2320.7350197830538,87.24297549789509
2020-09-20,1014841.5365357192,1215851.355063472,-2320.7350197830538,86.61472197999728
2020-09-21,1017552.5707136781,1215851.355063472,-2320.7350197830538,85.44654286654887
2020-09-22,1018653.0872803117,1215851.355063472,-2320.7350197830538,84.97233251627092
2020-09-23,1019584.4674150994,1215851.355063472,-2320.7350197830538,84.57100271047743
2020-09-24,1022197.5060336058,1215851.355063472,-2320.7350197830538,83.44504968428892
2020-09-25,1024777.7539168338,1215851.355063472,-2320.7350197830538,82.33322611924045
2020-09-26,1028733.3832207889,1215851.355063472,-2320.7350197830538,80.62875349731875
2020-09-27,1028180.4328827043,1215851.355063472,-2320.7350197830538,80.86701867338195
2020-09-28,1026335.9369698911,1215851.355063472,-2320.7350197830538,81.66180821078707
2020-09-29,1026305.4182740641,1215851.355063472,-2320.7350197830538,81.67495865474848
2020-09-30,1026786.967008177,1026786.967008177,0.0,81.34540150965141
2020-10-01,1026786.967008177,1026786.967008177,0.0,80.22251540584676
2020-10-02,1026786.967008177,1026786.967008177,0.0,78.47306348008011
2020-10-03,1026786.967008177,1026786.967008177,0.0,78.44719246638185
2020-10-04,1026786.967008177,1026786.967008177,0.0,78.93165689272206
2020-10-05,1026786.967008177,1026786.967008177,0.0,78.2773501227437
2020-10-06,1026786.967008177,1026786.967008177,0.0,79.10787187489532
2020-10-07,1026786.967008177,1026786.967008177,0.0,78.56477995614493
2020-10-08,1026786.967008177,1026786.967008177,0.0,79.42184764648896
2020-10-09,1026786.967008177,1026786.967008177,0.0,78.8041397310502
2020-10-10,1026786.967008177,1026786.967008177,0.0,76.73333349409984
2020-10-11,1026786.967008177,1026786.967008177,0.0,77.21546546119902
2020-10-12,1026786.967008177,1026786.967008177,0.0,76.50616309928006
2020-10-13,1026786.967008177,1026786.967008177,0.0,75.33513762330676
2020-10-14,1026786.967008177,1026786.967008177,0.0,75.69882141900065
2020-10-15,1026786.967008177,1026786.967008177,0.0,75.02856373394884
2020-10-16,1026786.967008177,1026786.967008177,0.0,73.97593900616677
2020-10-17,1026786.967008177,1026786.967008177,0.0,74.95245534034851
2020-10-18,1026786.967008177,1026786.967008177,0.0,74.79914866596269
2020-10-19,1026786.967008177,1026786.967008177,0.0,73.73337744228448
2020-10-20,1026786.967008177,1026786.967008177,0.0,73.39268708522448
2020-10-21,1026479.0335967713,1231836.4269984066,-2739.0247136305493,74.97464056446438
2020-10-22,1026248.1632378625,1231836.4269984066,-2739.0247136305493,75.05892982179012
2020-10-23,1027563.4964992218,1231836.4269984066,-2739.0247136305493,74.57871025501743
2020-10-24,1026536.748046907,1231836.4269984066,-2739.0247136305493,74.95356939637722
2020-10-25,1027467.3885141644,1231836.4269984066,-2739.0247136305493,74.61379865147447
2020-10-26,1028505.8125739426,1231836.4269984066,-2739.0247136305493,74.23467682222972
2020-10-27,1029836.0403701947,1231836.4269984066,-2739.0247136305493,73.74901935823081
2020-10-28,1028103.6739412855,1231836.4269984066,-2739.0247136305493,74.38149500559837
2020-10-29,1027706.5088029981,1231836.4269984066,-2739.0247136305493,74.52649739871696
2020-10-30,1024782.5399216579,1231836.4269984066,-2739.0247136305493,75.59401930415623
2020-10-31,1024146.1459394918,1231836.4269984066,-2739.0247136305493,75.82636258276891
2020-11-01,1020949.111632716,1231836.4269984066,-2739.0247136305493,76.99357888821736
2020-11-02,1019573.6955218911,1231836.4269984066,-2739.0247136305493,77.49573431017474
2020-11-03,1020124.752346558,1231836.4269984066,-2739.0247136305493,77.29454706935701
2020-11-04,1020411.1644110224,1231836.4269984066,-2739.0247136305493,77.18997989877288
2020-11-05,1016511.0449787125,1231836.4269984066,-2739.0247136305493,78.6138879828808
2020-11-06,1013685.2136942478,1231836.4269984066,-2739.0247136305493,79.64558049386919
2020-11-07,1010284.7117407809,1231836.4269984066,-2739.0247136305493,80.88708150572373
2020-11-08,1012505.5293577001,1231836.4269984066,-2739.0247136305493,80.07627552581872
2020-11-09,1016580.0327646728,1231836.4269984066,-2739.0247136305493,78.58870099365176
2020-11-10,1018387.3727538696,1231836.4269984066,-2739.0247136305493,77.92885299001648
2020-11-11,1018018.5608546943,1221625.33278384,-2608.4063773497055,78.05791831256829
2020-11-12,1019328.7361122381,1221625.33278384,-2608.4063773497055,77.55562876561703
2020-11-13,1019273.2819950746,1221625.33278384,-2608.4063773497055,77.57688853466418
2020-11-14,1020184.2585525516,1221625.33278384,-2608.4063773497055,77.22764212682391
2020-11-15,1023707.9052204516,1221625.33278384,-2608.4063773497055,75.87676110671222
2020-11-16,1022857.2226121901,1221625.33278384,-2608.4063773497055,76.20289227080099
2020-11-17,1022795.858644912,1221625.33278384,-2608.4063773497055,76.22641773363178
2020-11-18,1020135.0677505203,1221625.33278384,-2608.4063773497055,77.24650069213736
2020-11-19,1019812.71639131,1221625.33278384,-2608.4063773497055,77.37008241698268
2020-11-20,1018227.0327729154,1221625.33278384,-2608.4063773497055,77.97799521468318
2020-11-21,1019886.6085091662,1221625.33278384,-2608.4063773497055,77.34175396383296
2020-11-22,1019185.3426272025,1221625.33278384,-2608.4063773497055,77.61060236416395
2020-11-23,1017541.819611784,1221625.33278384,-2608.4063773497055,78.24068938959459
2020-11-24,1016403.205088408,1221625.33278384,-2608.4063773497055,78.677206695051
2020-11-25,1016867.6060159034,1221625.33278384,-2608.4063773497055,78.4991665968791
2020-11-26,1016148.7741120945,1221625.33278384,-2608.4063773497055,78.77474938568494
2020-11-27,1014865.18263407,1221625.33278384,-2608.4063773497055,79.26684735368973
2020-11-28,1012366.2086829746,1221625.33278384,-2608.4063773497055,80.22489360476297
2020-11-29,1013537.1059277792,1221625.33278384,-2608.4063773497055,79.77599988368782
2020-11-30,1015848.1480234916,1221625.33278384,-2608.4063773497055,78.8900021665451
2020-12-01,1017551.7071346428,1221625.33278384,-2608.4063773497055,78.2368987521599
2020-12-02,1016948.1071286573,1016948.1071286573,0.0,78.35073913065787
2020-12-03,1016948.1071286573,1016948.1071286573,0.0,78.3541796634675
2020-12-04,1016948.1071286573,1016948.1071286573,0.0,78.84725404271474
2020-12-05,1016948.1071286573,1016948.1071286573,0.0,79.50502722314073
2020-12-06,1016948.1071286573,1016948.1071286573,0.0,78.02023426178386
2020-12-07,1016948.1071286573,1016948.1071286573,0.0,77.6458012283704
2020-12-08,1016948.1071286573,1016948.1071286573,0.0,77.81076684145982
2020-12-09,1016948.1071286573,1016948.1071286573,0.0,78.68335246339893
2020-12-10,1016948.1071286573,1016948.1071286573,0.0,78.64136206668607
2020-12-11,1016948.1071286573,1016948.1071286573,0.0,79.72253673664883
2020-12-12,1016948.1071286573,1016948.1071286573,0.0,80.1633247075466
2020-12-13,1016948.1071286573,1016948.1071286573,0.0,80.46914937195066
2020-12-14,1016948.1071286573,1016948.1071286573,0.0,80.38050175012485
2020-12-15,1016948.1071286573,1016948.1071286573,0.0,80.36072188846204
2020-12-16,1016948.1071286573,1016948.1071286573,0.0,80.62698127349424
2020-12-17,1016948.1071286573,1016948.1071286573,0.0,80.46960622516217
2020-12-18,1016948.1071286573,1016948.1071286573,0.0,81.36987891558518
2020-12-19,1016948.1071286573,1016948.1071286573,0.0,82.08874717235658
2020-12-20,1016948.1071286573,1016948.1071286573,0.0,83.07808049312465
2020-12-21,1016948.1071286573,1016948.1071286573,0.0,82.21862969135998
2020-12-22,1016948.1071286573,1016948.1071286573,0.0,81.3413504024401
2020-12-23,1016643.1243913294,1220032.7458170608,-2488.2755265204296,81.73918814776462
2020-12-24,1016807.023515821,1220032.7458170608,-2488.2755265204296,81.67331958829651
2020-12-25,1016280.3112383004,1220032.7458170608,-2488.2755265204296,81.88499722282965
2020-12-26,1018544.408553088,1220032.7458170608,-2488.2755265204296,80.97509102849692
2020-12-27,1021460.7310346875,1220032.7458170608,-2488.2755265204296,79.80306548288637
2020-12-28,1020998.3546118598,1220032.7458170608,-2488.2755265204296,79.98888751822754
2020-12-29,1022505.0549140888,1220032.7458170608,-2488.2755265204296,79.38336763661862
2020-12-30,1021089.4495099362,1220032.7458170608,-2488.2755265204296,79.95227786744513
2020-12-31,1022309.9304469451,1220032.7458170608,-2488.2755265204296,79.46178518526388
2021-01-01,1024056.903189007,1220032.7458170608,-2488.2755265204296,78.75970347307312
2021-01-02,1028449.02885886,1220032.7458170608,-2488.2755265204296,76.99457512492953
2021-01-03,1026043.9618541216,1220032.7458170608,-2488.2755265204296,77.96113488855089
2021-01-04,1024686.0617075476,1220032.7458170608,-2488.2755265204296,78.50685425608125
2021-01-05,1027586.1150090154,1220032.7458170608,-2488.2755265204296,77.34136704593972
2021-01-06,1031392.0153255973,1220032.7458170608,-2488.2755265204296,75.81183373018831
2021-01-07,1032514.989258063,1220032.7458170608,-2488.2755265204296,75.36052762662504
2021-01-08,1030730.1533819439,1220032.7458170608,-2488.2755265204296,76.07782595516466
2021-01-09,1031725.3121753647,1220032.7458170608,-2488.2755265204296,75.67788680742387
2021-01-10,1032114.92454528,1220032.7458170608,-2488.2755265204296,75.52130753565
2021-01-11,1030244.1861138062,1220032.7458170608,-2488.2755265204296,76.27312879159021
2021-01-12,1032110.568306958,1220032.7458170608,-2488.2755265204296,75.52305824142017
2021-01-13,1033107.9938954802,1033107.9938954802,0.0,75.00965611428624
2021-01-14,1033107.9938954802,1033107.9938954802,0.0,75.17454760860622
2021-01-15,1033107.9938954802,1033107.9938954802,0.0,74.96420937767205
2021-01-16,1033107.9938954802,1033107.9938954802,0.0,74.30950433140899
2021-01-17,1033107.9938954802,1033107.9938954802,0.0,74.83692078901475
2021-01-18,1033107.9938954802,1033107.9938954802,0.0,75.22545951730517
2021-01-19,1033107.9938954802,1033107.9938954802,0.0,75.8540807777084
2021-01-20,1033107.9938954802,1033107.9938954802,0.0,75.73788389145005
2021-01-21,1033107.9938954802,1033107.9938954802,0.0,74.41589858416714
2021-01-22,1033107.9938954802,1033107.9938954802,0.0,74.42390219039386
2021-01-23,1033107.9938954802,1033107.9938954802,0.0,73.55689444701554
2021-01-24,1033107.9938954802,1033107.9938954802,0.0,72.08096040965201
2021-01-25,1033107.9938954802,1033107.9938954802,0.0,71.8832159911193
2021-01-26,1033107.9938954802,1033107.9938954802,0.0,71.95640355952673
2021-01-27,1033107.9938954802,1033107.9938954802,0.0,73.11570644925503
2021-01-28,1033107.9938954802,1033107.9938954802,0.0,72.23951248991195
2021-01-29,1033107.9938954802,1033107.9938954802,0.0,72.73027175519539
2021-01-30,1033107.9938954802,1033107.9938954802,0.0,71.57662234184436
2021-01-31,1033107.9938954802,1033107.9938954802,0.0,72.49152321026094
2021-02-01,1033107.9938954802,1033107.9938954802,0.0,71.98538954838038
2021-02-02,1033107.9938954802,1033107.9938954802,0.0,71.74476304912116
2021-02-03,1033107.9938954802,1033107.9938954802,0.0,71.51410275755595
2021-02-04,1033107.9938954802,1033107.9938954802,0.0,72.05893029459462
2021-02-05,1033107.9938954802,1033107.9938954802,0.0,71.02127829702472
2021-02-06,1033107.9938954802,1033107.9938954802,0.0,70.89539456247326
2021-02-07,1033107.9938954802,1033107.9938954802,0.0,70.44218700168938
2021-02-08,1033107.9938954802,1033107.9938954802,0.0,72.00768211547611
2021-02-09,1033107.9938954802,1033107.9938954802,0.0,71.23063735679565
2021-02-10,1033107.9938954802,1033107.9938954802,0.0,69.414958521268
2021-02-11,1033107.9938954802,1033107.9938954802,0.0,70.60128453001599
2021-02-12,1033107.9938954802,1033107.9938954802,0.0,70.94902985441871
2021-02-13,1033107.9938954802,1033107.9938954802,0.0,70.39258852617121
2021-02-14,1033107.9938954802,1033107.9938954802,0.0,70.36991846558892
2021-02-15,1033107.9938954802,1033107.9938954802,0.0,69.80851109206017
2021-02-16,1033107.9938954802,1033107.9938954802,0.0,68.45564110539327
2021-02-17,1033107.9938954802,1033107.9938954802,0.0,68.3432782029337
2021-02-18,1033107.9938954802,1033107.9938954802,0.0,68.2262140984916
2021-02-19,1033107.9938954802,1033107.9938954802,0.0,68.45813099599137
2021-02-20,1033107.9938954802,1033107.9938954802,0.0,67.79526651659029
2021-02-21,1033107.9938954802,1033107.9938954802,0.0,67.27206749079876
2021-02-22,1033107.9938954802,1033107.9938954802,0.0,67.01921979907796
2021-02-23,1033107.9938954802,1033107.9938954802,0.0,66.36507707517262
2021-02-24,1033107.9938954802,1033107.9938954802,0.0,67.12379501707332
2021-02-25,1033107.9938954802,1033107.9938954802,0.0,67.69618503952994
2021-02-26,1033107.9938954802,1033107.9938954802,0.0,67.34784992124274
2021-02-27,1033107.9938954802,1033107.9938954802,0.0,67.70884455072493
2021-02-28,1033107.9938954802,1033107.9938954802,0.0,66.87558449734328
2021-03-01,1033107.9938954802,1033107.9938954802,0.0,66.56776327803408
2021-03-02,1033107.9938954802,1033107.9938954802,0.0,67.54919894877094
2021-03-03,1033107.9938954802,1033107.9938954802,0.0,67.98689376181837
2021-03-04,1033107.9938954802,1033107.9938954802,0.0,68.18371611273147
2021-03-05,1033107.9938954802,1033107.9938954802,0.0,67.93968276109632
2021-03-06,1033107.9938954802,1033107.9938954802,0.0,67.91119630560229
2021-03-07,1033107.9938954802,1033107.9938954802,0.0,66.92128205948947
2021-03-08,1033107.9938954802,1033107.9938954802,0.0,66.70521666656354
2021-03-09,1033107.9938954802,1033107.9938954802,0.0,66.95652119643104
2021-03-10,1033107.9938954802,1033107.9938954802,0.0,66.93883269354053
2021-03-11,1033107.9938954802,1033107.9938954802,0.0,66.92115328012478
2021-03-12,1033107.9938954802,1033107.9938954802,0.0,66.48465321831625
2021-03-13,1033107.9938954802,1033107.9938954802,0.0,65.88387130023611
2021-03-14,1033107.9938954802,1033107.9938954802,0.0,65.22882119970926
2021-03-15,1033107.9938954802,1033107.9938954802,0.0,65.06472950020049
2021-03-16,1033107.9938954802,1033107.9938954802,0.0,65.5442212661307
2021-03-17,1033107.9938954802,1033107.9938954802,0.0,64.98391071002213
2021-03-18,1033107.9938954802,1033107.9938954802,0.0,65.01040430615028
2021-03-19,1033107.9938954802,1033107.9938954802,0.0,65.020468279943
2021-03-20,1033107.9938954802,1033107.9938954802,0.0,65.62806444327737
2021-03-21,1033107.9938954802,1033107.9938954802,0.0,65.63684731930118
2021-03-22,1033107.9938954802,1033107.9938954802,0.0,64.66749899800888
2021-03-23,1033107.9938954802,1033107.9938954802,0.0,66.05630694678065
2021-03-24,1033107.9938954802,1033107.9938954802,0.0,66.7012985423286
2021-03-25,1033107.9938954802,1033107.9938954802,0.0,67.02437306584503
2021-03-26,1033107.9938954802,1033107.9938954802,0.0,66.63975772675806
2021-03-27,1033107.9938954802,1033107.9938954802,0.0,66.42756212302157
2021-03-28,1033107.9938954802,1033107.9938954802,0.0,65.48939258050765
2021-03-29,1033107.9938954802,1033107.9938954802,0.0,65.27119699303736
2021-03-30,1033107.9938954802,1033107.9938954802,0.0,65.38597700412238
2021-03-31,1033107.9938954802,1033107.9938954802,0.0,65.36949521780294
2021-04-01,1033107.9938954802,1033107.9938954802,0.0,66.52523064809323
2021-04-02,1033107.9938954802,1033107.9938954802,0.0,66.97310703671965
2021-04-03,1033107.9938954802,1033107.9938954802,0.0,67.62834353167302
2021-04-04,1033107.9938954802,1033107.9938954802,0.0,67.99463704960928
2021-04-05,1033107.9938954802,1033107.9938954802,0.0,68.10531279654512
2021-04-06,1033107.9938954802,1033107.9938954802,0.0,68.41577041218078
2021-04-07,1033107.9938954802,1033107.9938954802,0.0,67.07169412709295
2021-04-08,1033107.9938954802,1033107.9938954802,0.0,66.89728722828686
2021-04-09,1033107.9938954802,1033107.9938954802,0.0,65.96872223273769
2021-04-10,1033107.9938954802,1033107.9938954802,0.0,65.19489989649244
2021-04-11,1033107.9938954802,1033107.9938954802,0.0,65.97774388417395
2021-04-12,1033107.9938954802,1033107.9938954802,0.0,65.27127530654177
2021-04-13,1033107.9938954802,1033107.9938954802,0.0,64.41300051412911
2021-04-14,1033107.9938954802,1033107.9938954802,0.0,64.66442985757887
2021-04-15,1033107.9938954802,1033107.9938954802,0.0,64.62003409981698
2021-04-16,1033107.9938954802,1033107.9938954802,0.0,64.90905475942476
2021-04-17,1033107.9938954802,1033107.9938954802,0.0,66.0588615444455
2021-04-18,1033107.9938954802,1033107.9938954802,0.0,66.43830502863123
2021-04-19,1033107.9938954802,1033107.9938954802,0.0,65.41605214700685
2021-04-20,1033107.9938954802,1033107.9938954802,0.0,66.02917207781121
2021-04-21,1033107.9938954802,1033107.9938954802,0.0,65.88411761190798
2021-04-22,1033107.9938954802,1033107.9938954802,0.0,65.99485980946737
2021-04-23,1033107.9938954802,1033107.9938954802,0.0,64.91266504268984
2021-04-24,1033107.9938954802,1033107.9938954802,0.0,65.24016236303073
2021-04-25,1033107.9938954802,1033107.9938954802,0.0,64.39657954333067
2021-04-26,1033107.9938954802,1033107.9938954802,0.0,64.74153849716942
2021-04-27,1033107.9938954802,1033107.9938954802,0.0,64.27523211425043
2021-04-28,1032798.164808111,1239419.763587207,-3191.5065791324723,64.74108501924528
2021-04-29,1035456.7760152377,1239419.763587207,-3191.5065791324723,63.90805800168877
2021-04-30,1038615.4515962687,1239419.763587207,-3191.5065791324723,62.918344992264366
2021-05-01,1039699.6449802566,1239419.763587207,-3191.5065791324723,62.57863289795856
2021-05-02,1039167.0420574947,1239419.763587207,-3191.5065791324723,62.74551424679995
2021-05-03,1041447.1712664327,1239419.763587207,-3191.5065791324723,62.03107761557176
2021-05-04,1041043.2307406669,1239419.763587207,-3191.5065791324723,62.15764496417354
2021-05-05,1039301.0081083415,1239419.763587207,-3191.5065791324723,62.70353844398549
2021-05-06,1041932.3393822976,1239419.763587207,-3191.5065791324723,61.87905909270951
2021-05-07,1041526.3347953707,1239419.763587207,-3191.5065791324723,62.00627317698605
2021-05-08,1040455.2496228334,1239419.763587207,-3191.5065791324723,62.3418780538616
2021-05-09,1040838.6402956188,1239419.763587207,-3191.5065791324723,62.221749624457104
2021-05-10,1041002.3699408456,1239419.763587207,-3191.5065791324723,62.17044794571471
2021-05-11,1043778.2631058976,1239419.763587207,-3191.5065791324723,61.30067277959035
2021-05-12,1042920.5430133719,1239419.763587207,-3191.5065791324723,61.56942362539274
2021-05-13,1042800.2229818347,1239419.763587207,-3191.5065791324723,61.60712369855691
2021-05-14,1042503.7599270513,1239419.763587207,-3191.5065791324723,61.700014954593094
2021-05-15,1038395.8232826084,1239419.763587207,-3191.5065791324723,62.98716149262701
2021-05-16,1038810.8415694431,1239419.763587207,-3191.5065791324723,62.85712313094909
2021-05-17,1038162.5234018546,1239419.763587207,-3191.5065791324723,63.06026172756914
2021-05-18,1035553.3358970648,1239419.763587207,-3191.5065791324723,63.877802735270585
2021-05-19,1035646.7254333176,1242777.078890893,-3244.1693386767515,63.84696106586739
2021-05-20,1037125.6694713945,1242777.078890893,-3244.1693386767515,63.39108349485253
2021-05-21,1036304.7645687965,1242777.078890893,-3244.1693386767515,63.64412358521132
2021-05-22,1037714.2818648437,1242777.078890893,-3244.1693386767515,63.209646482168935
2021-05-23,1035240.0738308751,1242777.078890893,-3244.1693386767515,63.97230951719342
2021-05-24,1034169.086993738,1242777.078890893,-3244.1693386767515,64.3024361922621
2021-05-25,1035957.6185280142,1242777.078890893,-3244.1693386767515,63.7511297259339
2021-05-26,1038521.0070201596,1242777.078890893,-3244.1693386767515,62.96097723247895
2021-05-27,1038201.4055260367,1242777.078890893,-3244.1693386767515,63.059492895737534
2021-05-28,1037678.049770821,1242777.078890893,-3244.1693386767515,63.22081485540725
2021-05-29,1040215.1962334947,1242777.078890893,-3244.1693386767515,62.43875134459541
2021-05-30,1038617.3088656748,1242777.078890893,-3244.1693386767515,62.93129263976457
2021-05-31,1037254.6071808485,1242777.078890893,-3244.1693386767515,63.351339049975095
2021-06-01,1036551.4186114381,1242777.078890893,-3244.1693386767515,63.56809363211946
2021-06-02,1034982.687742684,1242777.078890893,-3244.1693386767515,64.05164757304719
2021-06-03,1037029.1134649304,1242777.078890893,-3244.1693386767515,63.4208464314887
2021-06-04,1038936.6252139546,1242777.078890893,-3244.1693386767515,62.83286487137624
2021-06-05,1039465.3712741979,1242777.078890893,-3244.1693386767515,62.66988137543484
2021-06-06,1040751.1841513487,1242777.078890893,-3244.1693386767515,62.27353557997304
2021-06-07,1039734.1389479797,1242777.078890893,-3244.1693386767515,62.587034999144485
2021-06-08,1038091.9897206468,1242777.078890893,-3244.1693386767515,63.09321980514563
2021-06-09,1039221.8931993358,1039221.8931993358,0.0,62.650924638917125
2021-06-10,1039221.8931993358,1039221.8931993358,0.0,62.1095896623691
2021-06-11,1039221.8931993358,1039221.8931993358,0.0,62.64277672923908
2021-06-12,1039221.8931993358,1039221.8931993358,0.0,62.03064165955858
2021-06-13,1039221.8931993358,1039221.8931993358,0.0,61.85376156049869
2021-06-14,1039221.8931993358,1039221.8931993358,0.0,61.23225599387511
2021-06-15,1039221.8931993358,1039221.8931993358,0.0,60.8709179775984
2021-06-16,1039221.8931993358,1039221.8931993358,0.0,59.96084220167247
2021-06-17,1039221.8931993358,1039221.8931993358,0.0,60.7345950591352
2021-06-18,1039221.8931993358,1039221.8931993358,0.0,61.35253921294059
2021-06-19,1039221.8931993358,1039221.8931993358,0.0,60.85939421578585
2021-06-20,1039221.8931993358,1039221.8931993358,0.0,61.14186307328975
2021-06-21,1039221.8931993358,1039221.8931993358,0.0,60.27030981337504
2021-06-22,1039221.8931993358,1039221.8931993358,0.0,60.646212753358576
2021-06-23,1039221.8931993358,1039221.8931993358,0.0,60.11244779576025
2021-06-24,1039221.8931993358,1039221.8931993358,0.0,60.84883667115205
2021-06-25,1039221.8931993358,1039221.8931993358,0.0,61.160546454093634
2021-06-26,1039221.8931993358,1039221.8931993358,0.0,60.93738246535189
2021-06-27,1039221.8931993358,1039221.8931993358,0.0,60.689145090232635
2021-06-28,1039221.8931993358,1039221.8931993358,0.0,60.77689558706816
2021-06-29,1039221.8931993358,1039221.8931993358,0.0,60.21795111765038
2021-06-30,1038910.2305535654,1246754.6091934326,-3412.926131594538,60.89917291669044
2021-07-01,1038273.289051303,1246754.6091934326,-3412.926131594538,61.08579913645124
2021-07-02,1036253.0473277364,1246754.6091934326,-3412.926131594538,61.677737445594424
2021-07-03,1041346.8908050365,1246754.6091934326,-3412.926131594538,60.18522243621733
2021-07-04,1041313.860809331,1246754.6091934326,-3412.926131594538,60.1949003473212
2021-07-05,1040803.6023998772,1246754.6091934326,-3412.926131594538,60.34440795158201
2021-07-06,1040810.727317625,1246754.6091934326,-3412.926131594538,60.342320324287094
2021-07-07,1040764.3802452968,1246754.6091934326,-3412.926131594538,60.35590018817552
2021-07-08,1041424.8207537072,1246754.6091934326,-3412.926131594538,60.16238867255945
2021-07-09,1036737.0603444849,1246754.6091934326,-3412.926131594538,61.53591983862435
2021-07-10,1036225.5541942227,1246754.6091934326,-3412.926131594538,61.68579303556434
2021-07-11,1035967.5537218103,1246754.6091934326,-3412.926131594538,61.76138812976341
2021-07-12,1033984.1080609679,1246754.6091934326,-3412.926131594538,62.342545056214625
2021-07-13,1035170.2864264784,1246754.6091934326,-3412.926131594538,61.99499040083263
2021-07-14,1037877.5637031511,1246754.6091934326,-3412.926131594538,61.201748129454245
2021-07-15,1035974.0532979631,1246754.6091934326,-3412.926131594538,61.759483729872485
2021-07-16,1036675.8524159272,1246754.6091934326,-3412.926131594538,61.55385398844112
2021-07-17,1033797.7239673708,1246754.6091934326,-3412.926131594538,62.3971562861125
2021-07-18,1031015.5028093355,1246754.6091934326,-3412.926131594538,63.212357392365405
2021-07-19,1035968.6146414554,1246754.6091934326,-3412.926131594538,61.761077276377165
2021-07-20,1035816.0896779739,1246754.6091934326,-3412.926131594538,61.80576765571749
2021-07-21,1033212.9039099909,1033212.9039099909,0.0,62.47476734103971
2021-07-22,1033212.9039099909,1033212.9039099909,0.0,61.3877414571012
2021-07-23,1033212.9039099909,1033212.9039099909,0.0,61.61286897234665
2021-07-24,1033212.9039099909,1033212.9039099909,0.0,62.01955475217426
2021-07-25,1033212.9039099909,1033212.9039099909,0.0,61.98559799010732
2021-07-26,1033212.9039099909,1033212.9039099909,0.0,61.95613491002725
2021-07-27,1033212.9039099909,1033212.9039099909,0.0,62.703030153517346
2021-07-28,1033212.9039099909,1033212.9039099909,0.0,61.77288388019251
2021-07-29,1033212.9039099909,1033212.9039099909,0.0,62.28842385518211
2021-07-30,1033212.9039099909,1033212.9039099909,0.0,62.57515768324362
2021-07-31,1033212.9039099909,1033212.9039099909,0.0,63.39503445978717
2021-08-01,1033212.9039099909,1033212.9039099909,0.0,62.79680068149594
2021-08-02,1033212.9039099909,1033212.9039099909,0.0,63.73100986455585
2021-08-03,1033212.9039099909,1033212.9039099909,0.0,62.85226469082738
2021-08-04,1033212.9039099909,1033212.9039099909,0.0,62.64494342273843
2021-08-05,1033212.9039099909,1033212.9039099909,0.0,61.92048868636171
2021-08-06,1033212.9039099909,1033212.9039099909,0.0,62.37087812136822
2021-08-07,1033212.9039099909,1033212.9039099909,0.0,61.89745959216613
2021-08-08,1033212.9039099909,1033212.9039099909,0.0,62.603824058499704
2021-08-09,1033212.9039099909,1033212.9039099909,0.0,61.55587206317347
2021-08-10,1033212.9039099909,1033212.9039099909,0.0,61.282395822453026
2021-08-11,1033212.9039099909,1033212.9039099909,0.0,62.38671180489024
2021-08-12,1033212.9039099909,1033212.9039099909,0.0,61.91392935314799
2021-08-13,1033212.9039099909,1033212.9039099909,0.0,62.57329485555311
2021-08-14,1033212.9039099909,1033212.9039099909,0.0,63.010519007180534
2021-08-15,1033212.9039099909,1033212.9039099909,0.0,62.192046729802065
2021-08-16,1033212.9039099909,1033212.9039099909,0.0,62.323638859328966
2021-08-17,1033212.9039099909,1033212.9039099909,0.0,63.2836852184922
2021-08-18,1033212.9039099909,1033212.9039099909,0.0,63.02475709023165
2021-08-19,1033212.9039099909,1033212.9039099909,0.0,62.59142358281336
2021-08-20,1033212.9039099909,1033212.9039099909,0.0,62.79734978155113
2021-08-21,1033212.9039099909,1033212.9039099909,0.0,62.66262415546214
2021-08-22,1033212.9039099909,1033212.9039099909,0.0,61.732189914604575
2021-08-23,1033212.9039099909,1033212.9039099909,0.0,61.59541577685872
2021-08-24,1033212.9039099909,1033212.9039099909,0.0,61.297210509914365
2021-08-25,1033212.9039099909,1033212.9039099909,0.0,61.21510080366366
2021-08-26,1033212.9039099909,1033212.9039099909,0.0,59.761428756529135
2021-08-27,1033212.9039099909,1033212.9039099909,0.0,59.97955213153311
2021-08-28,1033212.9039099909,1033212.9039099909,0.0,59.00748510219318
2021-08-29,1033212.9039099909,1033212.9039099909,0.0,59.44973914002759
2021-08-30,1033212.9039099909,1033212.9039099909,0.0,60.09053369974395
2021-08-31,1033212.9039099909,1033212.9039099909,0.0,58.9091387337245
2021-09-01,1033212.9039099909,1033212.9039099909,0.0,59.676983303810395
2021-09-02,1033212.9039099909,1033212.9039099909,0.0,59.60727900545309
2021-09-03,1033212.9039099909,1033212.9039099909,0.0,60.25269542835162
2021-09-04,1033212.9039099909,1033212.9039099909,0.0,60.81635771084707
2021-09-05,1033212.9039099909,1033212.9039099909,0.0,59.94371232869821
2021-09-06,1033212.9039099909,1033212.9039099909,0.0,59.43451606101278
2021-09-07,1033212.9039099909,1033212.9039099909,0.0,60.40170050684207
2021-09-08,1033212.9039099909,1033212.9039099909,0.0,59.65700267534867
2021-09-09,1033212.9039099909,1033212.9039099909,0.0,59.87270844513704
2021-09-10,1033212.9039099909,1033212.9039099909,0.0,59.42184147059366
2021-09-11,1033212.9039099909,1033212.9039099909,0.0,58.88709806962278
2021-09-12,1033212.9039099909,1033212.9039099909,0.0,58.87609943785218
2021-09-13,1033212.9039099909,1033212.9039099909,0.0,60.18053067090887
2021-09-14,1033212.9039099909,1033212.9039099909,0.0,60.64455133708465
2021-09-15,1033212.9039099909,1033212.9039099909,0.0,60.00889884508063
2021-09-16,1033212.9039099909,1033212.9039099909,0.0,60.126300939768825
2021-09-17,1033212.9039099909,1033212.9039099909,0.0,59.01863562986096
2021-09-18,1033212.9039099909,1033212.9039099909,0.0,57.702822222170646
2021-09-19,1033212.9039099909,1033212.9039099909,0.0,57.80049574500665
2021-09-20,1033212.9039099909,1033212.9039099909,0.0,58.21521923365657
2021-09-21,1033212.9039099909,1033212.9039099909,0.0,59.13109920947874
2021-09-22,1032903.0433601084,1239545.6241421066,-3481.643502189719,59.35202172538169
2021-09-23,1032889.8328912199,1239545.6241421066,-3481.643502189719,59.35581604518503
2021-09-24,1033588.9950454166,1239545.6241421066,-3481.643502189719,59.15500221868124
2021-09-25,1032499.0819661233,1239545.6241421066,-3481.643502189719,59.46804779000636
2021-09-26,1035001.3938963276,1239545.6241421066,-3481.643502189719,58.7493320660586
2021-09-27,1036384.0778708658,1239545.6241421066,-3481.643502189719,58.352196640312506
2021-09-28,1038770.8858958948,1239545.6241421066,-3481.643502189719,57.66665602608021
2021-09-29,1039820.5530921441,1239545.6241421066,-3481.643502189719,57.3651699044859
2021-09-30,1041262.8568978851,1239545.6241421066,-3481.643502189719,56.95091043052369
2021-10-01,1042828.0225045581,1239545.6241421066,-3481.643502189719,56.501362507053486
2021-10-02,1044082.7527538326,1239545.6241421066,-3481.643502189719,56.14097803676367
2021-10-03,1043670.2679573295,1239545.6241421066,-3481.643502189719,56.25945219882068
2021-10-04,1041168.7792443677,1239545.6241421066,-3481.643502189719,56.977931477755625
2021-10-05,1040596.0965444557,1239545.6241421066,-3481.643502189719,57.14241778991016
2021-10-06,1041733.3459084865,1239545.6241421066,-3481.643502189719,56.81577625888738
2021-10-07,1040865.0135468233,1239545.6241421066,-3481.643502189719,57.06517926672466
2021-10-08,1040645.8776721583,1239545.6241421066,-3481.643502189719,57.12811962076353
2021-10-09,1040308.9174810717,1239545.6241421066,-3481.643502189719,57.22490155460444
2021-10-10,1040355.0212797747,1239545.6241421066,-3481.643502189719,57.21165959037863
2021-10-11,1036887.6723854148,1239545.6241421066,-3481.643502189719,58.20755388345579
2021-10-12,1036687.3539016878,1239545.6241421066,-3481.643502189719,58.2650894937505
2021-10-13,1037520.2307538276,1037520.2307538276,0.0,57.93893267284787
2021-10-14,1037520.2307538276,1037520.2307538276,0.0,57.49037554011272
2021-10-15,1037520.2307538276,1037520.2307538276,0.0,58.01094848341754
2021-10-16,1037520.2307538276,1037520.2307538276,0.0,57.32673478857182
2021-10-17,1037520.2307538276,1037520.2307538276,0.0,58.109955810950794
2021-10-18,1037520.2307538276,1037520.2307538276,0.0,57.00678774271064
2021-10-19,1037520.2307538276,1037520.2307538276,0.0,57.71015612195113
2021-10-20,1037520.2307538276,1037520.2307538276,0.0,58.17207801111184
2021-10-21,1037520.2307538276,1037520.2307538276,0.0,57.91693537192521
2021-10-22,1037520.2307538276,1037520.2307538276,0.0,57.484067720349984
2021-10-23,1037520.2307538276,1037520.2307538276,0.0,58.19673863606836
2021-10-24,1037520.2307538276,1037520.2307538276,0.0,59.253458428253694
2021-10-25,1037520.2307538276,1037520.2307538276,0.0,58.890992242080955
2021-10-26,1037520.2307538276,1037520.2307538276,0.0,59.23381142575759
2021-10-27,1037520.2307538276,1037520.2307538276,0.0,59.81685555442912
2021-10-28,1037520.2307538276,1037520.2307538276,0.0,60.178602458038256
2021-10-29,1037520.2307538276,1037520.2307538276,0.0,60.21129623562311
2021-10-30,1037520.2307538276,1037520.2307538276,0.0,59.97703154494618
2021-10-31,1037520.2307538276,1037520.2307538276,0.0,60.14400577679111
2021-11-01,1037520.2307538276,1037520.2307538276,0.0,58.90256612431719
2021-11-02,1037520.2307538276,1037520.2307538276,0.0,59.69761701909477
2021-11-03,1037520.2307538276,1037520.2307538276,0.0,58.6873696269227
2021-11-04,1037520.2307538276,1037520.2307538276,0.0,58.19734027848591
2021-11-05,1037520.2307538276,1037520.2307538276,0.0,58.001358783780965
2021-11-06,1037520.2307538276,1037520.2307538276,0.0,57.424994444882394
2021-11-07,1037520.2307538276,1037520.2307538276,0.0,56.780738751289746
2021-11-08,1037520.2307538276,1037520.2307538276,0.0,57.58671649730579
2021-11-09,1037520.2307538276,1037520.2307538276,0.0,58.6305283380646
2021-11-10,1037520.2307538276,1037520.2307538276,0.0,59.54549765377226
2021-11-11,1037520.2307538276,1037520.2307538276,0.0,60.045095007198434
2021-11-12,1037520.2307538276,1037520.2307538276,0.0,61.5433245228322
2021-11-13,1037520.2307538276,1037520.2307538276,0.0,61.37965148508745
2021-11-14,1037520.2307538276,1037520.2307538276,0.0,61.157689787969474
2021-11-15,1037520.2307538276,1037520.2307538276,0.0,61.16457984275876
2021-11-16,1037520.2307538276,1037520.2307538276,0.0,62.04492176452822
2021-11-17,1037520.2307538276,1037520.2307538276,0.0,62.40958848227742
2021-11-18,1037520.2307538276,1037520.2307538276,0.0,63.49706302327285
2021-11-19,1037520.2307538276,1037520.2307538276,0.0,63.53855256761203
2021-11-20,1037520.2307538276,1037520.2307538276,0.0,62.593483010054655
2021-11-21,1037520.2307538276,1037520.2307538276,0.0,62.17349015761188
2021-11-22,1037520.2307538276,1037520.2307538276,0.0,62.813876959654905
2021-11-23,1037520.2307538276,1037520.2307538276,0.0,62.50395375594056
2021-11-24,1037209.0784366246,1244713.12458739,-3316.6903685616044,62.563586917146175
2021-11-25,1036696.40153892,1244713.12458739,-3316.6903685616044,62.718161761564616
2021-11-26,1032900.8653592558,1244713.12458739,-3316.6903685616044,63.86253635125845
2021-11-27,1031029.8630790834,1244713.12458739,-3316.6903685616044,64.42665361041153
2021-11-28,1029564.7653832076,1244713.12458739,-3316.6903685616044,64.86838845239838
2021-11-29,1029224.615256165,1244713.12458739,-3316.6903685616044,64.97094554674362
2021-11-30,1031007.7675003912,1244713.12458739,-3316.6903685616044,64.43331554632863
2021-12-01,1030488.7010947159,1244713.12458739,-3316.6903685616044,64.58981686179524
2021-12-02,1025776.6716019434,1244713.12458739,-3316.6903685616044,66.01051911891187
2021-12-03,1024650.1302088737,1244713.12458739,-3316.6903685616044,66.3501774131404
2021-12-04,1025860.2587673307,1244713.12458739,-3316.6903685616044,65.98531713859454
2021-12-05,1026774.4719737612,1244713.12458739,-3316.6903685616044,65.70967693560898
2021-12-06,1023660.686718076,1244713.12458739,-3316.6903685616044,66.64849995183029
2021-12-07,1024834.6520376168,1244713.12458739,-3316.6903685616044,66.29454308848584
2021-12-08,1025275.7286348804,1244713.12458739,-3316.6903685616044,66.16155612007769
2021-12-09,1027767.3699137368,1244713.12458739,-3316.6903685616044,65.41031286189647
2021-12-10,1028369.5126452991,1244713.12458739,-3316.6903685616044,65.22876358697172
2021-12-11,1027343.7735322133,1244713.12458739,-3316.6903685616044,65.53802945116232
2021-12-12,1027987.3543592902,1244713.12458739,-3316.6903685616044,65.34398636737696
2021-12-13,1027933.9561918166,1244713.12458739,-3316.6903685616044,65.36008620231475
2021-12-14,1030418.9245964919,1244713.12458739,-3316.6903685616044,64.61085485161952
2021-12-15,1030979.9783541292,824658.1130417357,3211.138186395182,64.25194225104653
2021-12-16,1035426.3628348754,824658.1130417357,3211.138186395182,65.63661778434634
2021-12-17,1035144.1917822144,824658.1130417357,3211.138186395182,65.54874518706714
2021-12-18,1035909.4872350411,824658.1130417357,3211.138186395182,65.78707048121643
2021-12-19,1034221.8524096636,824658.1130417357,3211.138186395182,65.26151389429423
2021-12-20,1034330.2739061251,824658.1130417357,3211.138186395182,65.29527808946989
2021-12-21,1033763.5904905747,824658.1130417357,3211.138186395182,65.11880377330642
2021-12-22,1036077.0524342579,824658.1130417357,3211.138186395182,65.83925297523888
2021-12-23,1038314.6214133996,824658.1130417357,3211.138186395182,66.53606788922225
2021-12-24,1040804.0822043424,824658.1130417357,3211.138186395182,67.31132595861646
2021-12-25,1040977.7064178102,824658.1130417357,3211.138186395182,67.36539532698043
2021-12-26,1045435.6112380292,824658.1130417357,3211.138186395182,68.75365847900116
2021-12-27,1047217.3395806882,824658.1130417357,3211.138186395182,69.3085172982845
2021-12-28,1044058.4086112928,824658.1130417357,3211.138186395182,68.32477546407168
2021-12-29,1047468.8474805523,824658.1130417357,3211.138186395182,69.38684089735283
2021-12-30,1047456.0310474492,824658.1130417357,3211.138186395182,69.38284965426107
2021-12-31,1050006.9990880608,824658.1130417357,3211.138186395182,70.17726206896796
2022-01-01,1047646.9529104761,824658.1130417357,3211.138186395182,69.44230578848656
2022-01-02,1047488.2052552802,824658.1130417357,3211.138186395182,69.39286921927615
2022-01-03,1049165.6137585412,824658.1130417357,3211.138186395182,69.91524116526332
2022-01-04,1049714.0130573038,824658.1130417357,3211.138186395182,70.08602151382824
2022-01-05,1049041.0399452196,1049041.0399452196,0.0,69.98138396447665
2022-01-06,1049041.0399452196,1049041.0399452196,0.0,68.28196686765868
2022-01-07,1049041.0399452196,1049041.0399452196,0.0,67.77864722288484
2022-01-08,1049041.0399452196,1049041.0399452196,0.0,67.11953761634399
2022-01-09,1049041.0399452196,1049041.0399452196,0.0,65.88173626943517
2022-01-10,1049041.0399452196,1049041.0399452196,0.0,65.41601205215758
2022-01-11,1049041.0399452196,1049041.0399452196,0.0,66.64327977797117
2022-01-12,1049041.0399452196,1049041.0399452196,0.0,67.41923748466459
2022-01-13,1049041.0399452196,1049041.0399452196,0.0,66.85850918630135
2022-01-14,1049041.0399452196,1049041.0399452196,0.0,66.4663213062005
2022-01-15,1049041.0399452196,1049041.0399452196,0.0,66.07778737352695
2022-01-16,1049041.0399452196,1049041.0399452196,0.0,66.57926314031161
2022-01-17,1049041.0399452196,1049041.0399452196,0.0,66.84945472326699
2022-01-18,1049041.0399452196,1049041.0399452196,0.0,66.37509835974124
2022-01-19,1049041.0399452196,1049041.0399452196,0.0,65.98025412318255
2022-01-20,1049041.0399452196,1049041.0399452196,0.0,66.69756098010029
2022-01-21,1049041.0399452196,1049041.0399452196,0.0,67.72207725268443
2022-01-22,1049041.0399452196,1049041.0399452196,0.0,67.11758614539454
2022-01-23,1049041.0399452196,1049041.0399452196,0.0,67.03908800027878
2022-01-24,1049041.0399452196,1049041.0399452196,0.0,67.12523072678351
2022-01-25,1049041.0399452196,1049041.0399452196,0.0,66.99847714132751
2022-01-26,1049041.0399452196,1049041.0399452196,0.0,67.76003205548243
2022-01-27,1049041.0399452196,1049041.0399452196,0.0,67.65692112374737
2022-01-28,1049041.0399452196,1049041.0399452196,0.0,68.9603015821189
2022-01-29,1049041.0399452196,1049041.0399452196,0.0,69.79349251269304
2022-01-30,1049041.0399452196,1049041.0399452196,0.0,69.31608897233235
2022-01-31,1049041.0399452196,1049041.0399452196,0.0,69.36243009069565
2022-02-01,1049041.0399452196,1049041.0399452196,0.0,68.68835644069574
2022-02-02,1049041.0399452196,1049041.0399452196,0.0,68.41996789413837
2022-02-03,1049041.0399452196,1049041.0399452196,0.0,69.018291122376
2022-02-04,1049041.0399452196,1049041.0399452196,0.0,69.18810639018425
2022-02-05,1049041.0399452196,1049041.0399452196,0.0,70.66526954454531
2022-02-06,1049041.0399452196,1049041.0399452196,0.0,69.80703187864329
2022-02-07,1049041.0399452196,1049041.0399452196,0.0,69.78402333214451
2022-02-08,1049041.0399452196,1049041.0399452196,0.0,69.4319688439099
2022-02-09,1049041.0399452196,1049041.0399452196,0.0,69.21282971528424
2022-02-10,1049041.0399452196,1049041.0399452196,0.0,69.24183931496648
2022-02-11,1049041.0399452196,1049041.0399452196,0.0,68.77469880309766
2022-02-12,1049041.0399452196,1049041.0399452196,0.0,69.43666220019198
2022-02-13,1049041.0399452196,1049041.0399452196,0.0,70.66349647434484
2022-02-14,1049041.0399452196,1049041.0399452196,0.0,69.03226968184613
2022-02-15,1049041.0399452196,1049041.0399452196,0.0,70.0005505487931
2022-02-16,1049041.0399452196,1049041.0399452196,0.0,71.78467588346285
2022-02-17,1049041.0399452196,1049041.0399452196,0.0,71.92099446391776
2022-02-18,1049041.0399452196,1049041.0399452196,0.0,71.4831650274679
2022-02-19,1049041.0399452196,1049041.0399452196,0.0,71.07532138537587
2022-02-20,1049041.0399452196,1049041.0399452196,0.0,70.85689295732315
2022-02-21,1049041.0399452196,1049041.0399452196,0.0,71.1625242776984
2022-02-22,1049041.0399452196,1049041.0399452196,0.0,70.85900890356854
2022-02-23,1049041.0399452196,1049041.0399452196,0.0,70.8024442563165
2022-02-24,1049041.0399452196,1049041.0399452196,0.0,70.12886695486439
2022-02-25,1049041.0399452196,1049041.0399452196,0.0,69.8092533605206
2022-02-26,1049041.0399452196,1049041.0399452196,0.0,69.52208050345102
2022-02-27,1049041.0399452196,1049041.0399452196,0.0,69.49727391639357
2022-02-28,1049041.0399452196,1049041.0399452196,0.0,68.49324642268098
2022-03-01,1049041.0399452196,1049041.0399452196,0.0,68.26768968562817
2022-03-02,1049041.0399452196,1049041.0399452196,0.0,68.12142724668692
2022-03-03,1049041.0399452196,1049041.0399452196,0.0,68.24741607522449
2022-03-04,1049041.0399452196,1049041.0399452196,0.0,69.20858912579199
2022-03-05,1049041.0399452196,1049041.0399452196,0.0,69.13848305139783
2022-03-06,1049041.0399452196,1049041.0399452196,0.0,68.30199096795636
2022-03-07,1049041.0399452196,1049041.0399452196,0.0,68.39225914388373
2022-03-08,1049041.0399452196,1049041.0399452196,0.0,67.90921695884236
2022-03-09,1048726.222729132,838918.0147400881,3112.321158073331,67.41213304571846
2022-03-10,1048106.2747436281,838918.0147400881,3112.321158073331,67.21294152465843
2022-03-11,1047022.4500748105,838918.0147400881,3112.321158073331,66.86470475416765
2022-03-12,1044817.8091364071,838918.0147400881,3112.321158073331,66.15634567859968
2022-03-13,1043821.2017398679,838918.0147400881,3112.321158073331,65.83613213188583
2022-03-14,1044757.0735849629,838918.0147400881,3112.321158073331,66.13683112712523
2022-03-15,1044840.5283449665,838918.0147400881,3112.321158073331,66.16364544215409
2022-03-16,1042806.4745447951,838918.0147400881,3112.321158073331,65.51009662862789
2022-03-17,1041059.679452776,838918.0147400881,3112.321158073331,64.94884507285961
2022-03-18,1041308.982372956,838918.0147400881,3112.321158073331,65.02894699920915
2022-03-19,1039320.8567004538,838918.0147400881,3112.321158073331,64.39015505855576
2022-03-20,1037531.690992501,838918.0147400881,3112.321158073331,63.815289671250966
2022-03-21,1036400.8010816984,838918.0147400881,3112.321158073331,63.451930668961275
2022-03-22,1034490.8464317013,838918.0147400881,3112.321158073331,62.838255359444226
2022-03-23,1034687.9516620917,838918.0147400881,3112.321158073331,62.90158598002594
2022-03-24,1034086.5386709657,838918.0147400881,3112.321158073331,62.70834981943053
2022-03-25,1036846.5098238295,838918.0147400881,3112.321158073331,63.5951384934414
2022-03-26,1034560.2354385732,838918.0147400881,3112.321158073331,62.86055029732104
2022-03-27,1036824.6419149332,838918.0147400881,3112.321158073331,63.588112255535435
2022-03-28,1037294.906936239,838918.0147400881,3112.321158073331,63.73921010097662
2022-03-29,1040274.9772427881,838918.0147400881,3112.321158073331,64.69671742595776
2022-03-30,1042716.6114258075,1042716.6114258075,0.0,65.57955983474397
2022-03-31,1042716.6114258075,1042716.6114258075,0.0,65.30008370314214
2022-04-01,1042716.6114258075,1042716.6114258075,0.0,64.38654255637402
2022-04-02,1042716.6114258075,1042716.6114258075,0.0,64.29161096536255
2022-04-03,1042716.6114258075,1042716.6114258075,0.0,63.03327178662149
2022-04-04,1042716.6114258075,1042716.6114258075,0.0,63.45045113052645
2022-04-05,1042716.6114258075,1042716.6114258075,0.0,63.54669366257609
2022-04-06,1042716.6114258075,1042716.6114258075,0.0,63.16722569655142
2022-04-07,1042716.6114258075,1042716.6114258075,0.0,62.88388714045106
2022-04-08,1042716.6114258075,1042716.6114258075,0.0,62.24441279907001
2022-04-09,1042716.6114258075,1042716.6114258075,0.0,62.224499199269715
2022-04-10,1042716.6114258075,1042716.6114258075,0.0,61.610314345431014
2022-04-11,1042716.6114258075,1042716.6114258075,0.0,61.58745417566111
2022-04-12,1042716.6114258075,1042716.6114258075,0.0,61.8053043432374
2022-04-13,1042716.6114258075,1042716.6114258075,0.0,62.20836390037873
2022-04-14,1042716.6114258075,1042716.6114258075,0.0,62.48610163698024
2022-04-15,1042716.6114258075,1042716.6114258075,0.0,62.30003834888728
2022-04-16,1042716.6114258075,1042716.6114258075,0.0,62.57733181908728
2022-04-17,1042716.6114258075,1042716.6114258075,0.0,62.6619407490652
2022-04-18,1042716.6114258075,1042716.6114258075,0.0,62.74145820013186
2022-04-19,1042716.6114258075,1042716.6114258075,0.0,62.10073578861124
2022-04-20,1042716.6114258075,1042716.6114258075,0.0,61.33035531563454
2022-04-21,1042716.6114258075,1042716.6114258075,0.0,61.48876478123029
2022-04-22,1042716.6114258075,1042716.6114258075,0.0,61.788536984844534
2022-04-23,1042716.6114258075,1042716.6114258075,0.0,61.40598130810915
2022-04-24,1042716.6114258075,1042716.6114258075,0.0,62.13128324431528
2022-04-25,1042716.6114258075,1042716.6114258075,0.0,63.521835936294735
2022-04-26,1042716.6114258075,1042716.6114258075,0.0,64.64552430238868
2022-04-27,1042716.6114258075,1042716.6114258075,0.0,64.47337782150183
2022-04-28,1042716.6114258075,1042716.6114258075,0.0,64.19480939206501
2022-04-29,1042716.6114258075,1042716.6114258075,0.0,64.70190648686737
2022-04-30,1042716.6114258075,1042716.6114258075,0.0,65.14263894462606
2022-05-01,1042716.6114258075,1042716.6114258075,0.0,64.42151794594113
2022-05-02,1042716.6114258075,1042716.6114258075,0.0,64.26567229618263
2022-05-03,1042716.6114258075,1042716.6114258075,0.0,64.69223259891376
2022-05-04,1042716.6114258075,1042716.6114258075,0.0,64.1150037274106
2022-05-05,1042716.6114258075,1042716.6114258075,0.0,63.63934466073877
2022-05-06,1042716.6114258075,1042716.6114258075,0.0,63.262646878317874
2022-05-07,1042716.6114258075,1042716.6114258075,0.0,63.01057059739665
2022-05-08,1042716.6114258075,1042716.6114258075,0.0,62.02948823647871
2022-05-09,1042716.6114258075,1042716.6114258075,0.0,62.46079642082921
2022-05-10,1042716.6114258075,1042716.6114258075,0.0,62.00392883292697
2022-05-11,1042716.6114258075,1042716.6114258075,0.0,62.12953763091031
2022-05-12,1042716.6114258075,1042716.6114258075,0.0,62.18864354850275
2022-05-13,1042716.6114258075,1042716.6114258075,0.0,61.56264087098992
2022-05-14,1042716.6114258075,1042716.6114258075,0.0,60.484872960650904
2022-05-15,1042716.6114258075,1042716.6114258075,0.0,60.538808555916304
2022-05-16,1042716.6114258075,1042716.6114258075,0.0,60.275584712211824
2022-05-17,1042716.6114258075,1042716.6114258075,0.0,60.55076083036016
2022-05-18,1042716.6114258075,1042716.6114258075,0.0,61.04456970960127
2022-05-19,1042716.6114258075,1042716.6114258075,0.0,59.8126295991465
2022-05-20,1042716.6114258075,1042716.6114258075,0.0,59.67458325957211
2022-05-21,1042716.6114258075,1042716.6114258075,0.0,60.29949266053053
2022-05-22,1042716.6114258075,1042716.6114258075,0.0,61.17241931038726
2022-05-23,1042716.6114258075,1042716.6114258075,0.0,60.0617505082954
2022-05-24,1042716.6114258075,1042716.6114258075,0.0,60.75764471863124
2022-05-25,1042716.6114258075,1042716.6114258075,0.0,60.14737868030827
2022-05-26,1042716.6114258075,1042716.6114258075,0.0,60.57348421564674
2022-05-27,1042716.6114258075,1042716.6114258075,0.0,60.241901919126384
2022-05-28,1042716.6114258075,1042716.6114258075,0.0,60.69340511449464
2022-05-29,1042716.6114258075,1042716.6114258075,0.0,60.47423524623805
2022-05-30,1042716.6114258075,1042716.6114258075,0.0,59.61054851496024
2022-05-31,1042716.6114258075,1042716.6114258075,0.0,59.264958853500815
2022-06-01,1042403.9007140409,1250947.2229992023,-3499.8731935616065,59.585965191195896
2022-06-02,1043282.9391565362,1250947.2229992023,-3499.8731935616065,59.33480225074637
2022-06-03,1045499.6986588984,1250947.2229992023,-3499.8731935616065,58.70141944520928
2022-06-04,1048095.1913137487,1250947.2229992023,-3499.8731935616065,57.95982324691698
2022-06-05,1049730.3775835275,1250947.2229992023,-3499.8731935616065,57.49261024251816
2022-06-06,1051369.6501065337,1250947.2229992023,-3499.8731935616065,57.02422969489671
2022-06-07,1050220.370891594,1250947.2229992023,-3499.8731935616065,57.352607082127136
2022-06-08,1051012.2801121005,1250947.2229992023,-3499.8731935616065,57.12633910705781
2022-06-09,1051608.570627702,1250947.2229992023,-3499.8731935616065,56.95596421556227
2022-06-10,1051966.714267954,1250947.2229992023,-3499.8731935616065,56.853633753729824
2022-06-11,1050889.1068357148,1250947.2229992023,-3499.8731935616065,57.16153274681953
2022-06-12,1049610.3308981236,1250947.2229992023,-3499.8731935616065,57.52691053820453
2022-06-13,1050668.3832980038,1250947.2229992023,-3499.8731935616065,57.22459889964956
2022-06-14,1051196.3558445238,1250947.2229992023,-3499.8731935616065,57.07374413511377
2022-06-15,1049908.8594377136,1250947.2229992023,-3499.8731935616065,57.44161357940635
2022-06-16,1051302.8791436437,1250947.2229992023,-3499.8731935616065,57.043307804072974
2022-06-17,1052392.8534070693,1250947.2229992023,-3499.8731935616065,56.731875302623855
2022-06-18,1051117.2305825243,1250947.2229992023,-3499.8731935616065,57.09635217192631
2022-06-19,1052260.898752247,1250947.2229992023,-3499.8731935616065,56.76957799855729
2022-06-20,1051768.4042393353,1250947.2229992023,-3499.8731935616065,56.91029581479635
2022-06-21,1054889.9903606565,1250947.2229992023,-3499.8731935616065,56.018381751434354
2022-06-22,1053721.8433115247,1264470.2736271622,-3740.232320254036,56.34634757161915
2022-06-23,1054144.7158455849,1264470.2736271622,-3740.232320254036,56.233287072203055
2022-06-24,1053287.3319944472,1264470.2736271622,-3740.232320254036,56.46251985180738
2022-06-25,1050910.0902678187,1264470.2736271622,-3740.232320254036,57.09810650073162
2022-06-26,1051621.552088607,1264470.2736271622,-3740.232320254036,56.9078878833116
2022-06-27,1054860.9632676013,1264470.2736271622,-3740.232320254036,56.041788961741354
2022-06-28,1055618.1319409115,1264470.2736271622,-3740.232320254036,55.83935001985796
2022-06-29,1053066.015246589,1264470.2736271622,-3740.232320254036,56.52169177721419
2022-06-30,1052706.6508057169,1264470.2736271622,-3740.232320254036,56.61777255779191
2022-07-01,1054948.8005052889,1264470.2736271622,-3740.232320254036,56.018304528110896
2022-07-02,1055354.3599087023,1264470.2736271622,-3740.232320254036,55.90987292047592
2022-07-03,1054331.7890641014,1264470.2736271622,-3740.232320254036,56.18327060196845
2022-07-04,1054595.3207071824,1264470.2736271622,-3740.232320254036,56.11281197252609
2022-07-05,1054915.4988421078,1264470.2736271622,-3740.232320254036,56.02720816305376
2022-07-06,1056405.7239309074,1264470.2736271622,-3740.232320254036,55.628777006590624
2022-07-07,1057719.4561661351,1264470.2736271622,-3740.232320254036,55.27753352149646
2022-07-08,1057259.0080052717,1264470.2736271622,-3740.232320254036,55.40064035589556
2022-07-09,1056236.0331641417,1264470.2736271622,-3740.232320254036,55.67414605114082
2022-07-10,1056596.6110608072,1264470.2736271622,-3740.232320254036,55.57774083729543
2022-07-11,1057620.8747554212,1264470.2736271622,-3740.232320254036,55.30389055022442
2022-07-12,1056050.4133222885,1264470.2736271622,-3740.232320254036,55.723773942127174
2022-07-13,1056620.1832221374,1056620.1832221374,0.0,55.48817850000904
2022-07-14,1056620.1832221374,1056620.1832221374,0.0,55.64894594805326
2022-07-15,1056620.1832221374,1056620.1832221374,0.0,55.94635693408243
2022-07-16,1056620.1832221374,1056620.1832221374,0.0,55.24359443456765
2022-07-17,1056620.1832221374,1056620.1832221374,0.0,55.320843035487854
2022-07-18,1056620.1832221374,1056620.1832221374,0.0,53.84852201551108
2022-07-19,1056620.1832221374,1056620.1832221374,0.0,53.793426527914946
2022-07-20,1056620.1832221374,1056620.1832221374,0.0,54.10606428117441
2022-07-21,1056620.1832221374,1056620.1832221374,0.0,54.28866607284664
2022-07-22,1056620.1832221374,1056620.1832221374,0.0,54.724719545002
2022-07-23,1056620.1832221374,1056620.1832221374,0.0,54.9168413656792
2022-07-24,1056620.1832221374,1056620.1832221374,0.0,54.61981310765205
2022-07-25,1056620.1832221374,1056620.1832221374,0.0,53.78553442366094
2022-07-26,1056620.1832221374,1056620.1832221374,0.0,53.846428852435665
2022-07-27,1056620.1832221374,1056620.1832221374,0.0,54.1048662109416
2022-07-28,1056620.1832221374,1056620.1832221374,0.0,53.162252570835086
2022-07-29,1056620.1832221374,1056620.1832221374,0.0,53.377408337214824
2022-07-30,1056620.1832221374,1056620.1832221374,0.0,53.42426187100612
2022-07-31,1056620.1832221374,1056620.1832221374,0.0,53.22978698055342
2022-08-01,1056620.1832221374,1056620.1832221374,0.0,53.464386894382265
2022-08-02,1056620.1832221374,1056620.1832221374,0.0,53.31736123465336
2022-08-03,1056303.302829189,1267627.3394736166,-3976.9903660170094,53.136673010367474
2022-08-04,1058972.8391729158,1267627.3394736166,-3976.9903660170094,52.46542764690428
2022-08-05,1058126.6514352886,1267627.3394736166,-3976.9903660170094,52.67819852632554
2022-08-06,1060845.105159545,1267627.3394736166,-3976.9903660170094,51.994653062528194
2022-08-07,1062254.8736871087,1267627.3394736166,-3976.9903660170094,51.640171809666754
2022-08-08,1061316.668636933,1267627.3394736166,-3976.9903660170094,51.87608011313984
2022-08-09,1061661.9188917,1267627.3394736166,-3976.9903660170094,51.789268171698545
2022-08-10,1058111.5553167183,1267627.3394736166,-3976.9903660170094,52.68199439133421
2022-08-11,1056865.7363576032,1267627.3394736166,-3976.9903660170094,52.99525111173276
2022-08-12,1055276.2434389766,1267627.3394736166,-3976.9903660170094,53.39492341976967
2022-08-13,1053455.130513164,1267627.3394736166,-3976.9903660170094,53.85283575000154
2022-08-14,1053971.322546291,1267627.3394736166,-3976.9903660170094,53.72304110992956
2022-08-15,1055104.6055492596,1267627.3394736166,-3976.9903660170094,53.43808115311087
2022-08-16,1057668.7068358054,1267627.3394736166,-3976.9903660170094,52.79334705758576
2022-08-17,1060698.5626710043,1267627.3394736166,-3976.9903660170094,52.03150064702149
2022-08-18,1058310.6289479218,1267627.3394736166,-3976.9903660170094,52.63193803894659
2022-08-19,1059608.9724851362,1267627.3394736166,-3976.9903660170094,52.30547420128968
2022-08-20,1057741.1309400722,1267627.3394736166,-3976.9903660170094,52.77513627566245
2022-08-21,1060807.7696238258,1267627.3394736166,-3976.9903660170094,52.00404094941836
2022-08-22,1061185.1831649896,1267627.3394736166,-3976.9903660170094,51.909141664675616
2022-08-23,1058551.450908651,1267627.3394736166,-3976.9903660170094,52.57138421845282
2022-08-24,1057679.8503178265,1057679.8503178265,0.0,52.71145153586744
2022-08-25,1057679.8503178265,1057679.8503178265,0.0,52.86586073211753
2022-08-26,1057679.8503178265,1057679.8503178265,0.0,52.556816219579346
2022-08-27,1057679.8503178265,1057679.8503178265,0.0,52.0845215844331
2022-08-28,1057679.8503178265,1057679.8503178265,0.0,52.06110800605168
2022-08-29,1057679.8503178265,1057679.8503178265,0.0,51.47835633810753
2022-08-30,1057679.8503178265,1057679.8503178265,0.0,51.42306850259294
2022-08-31,1057679.8503178265,1057679.8503178265,0.0,51.930134117874886
2022-09-01,1057679.8503178265,1057679.8503178265,0.0,51.27630364606117
2022-09-02,1057679.8503178265,1057679.8503178265,0.0,51.60664872220507
2022-09-03,1057679.8503178265,1057679.8503178265,0.0,52.1231721556311
2022-09-04,1057679.8503178265,1057679.8503178265,0.0,51.98770634816402
2022-09-05,1057679.8503178265,1057679.8503178265,0.0,52.00505407915645
2022-09-06,1057679.8503178265,1057679.8503178265,0.0,51.75629505529812
2022-09-07,1057679.8503178265,1057679.8503178265,0.0,51.596077289971674
2022-09-08,1057679.8503178265,1057679.8503178265,0.0,52.019926681042016
2022-09-09,1057679.8503178265,1057679.8503178265,0.0,52.398440097437174
2022-09-10,1057679.8503178265,1057679.8503178265,0.0,52.60499982394805
2022-09-11,1057679.8503178265,1057679.8503178265,0.0,52.92577012913925
2022-09-12,1057679.8503178265,1057679.8503178265,0.0,53.031742502032486
2022-09-13,1057679.8503178265,1057679.8503178265,0.0,52.38508682421833
2022-09-14,1057679.8503178265,1057679.8503178265,0.0,52.94543858824826
2022-09-15,1057679.8503178265,1057679.8503178265,0.0,52.47448230932557
2022-09-16,1057679.8503178265,1057679.8503178265,0.0,52.42196050193583
2022-09-17,1057679.8503178265,1057679.8503178265,0.0,52.87116493342472
2022-09-18,1057679.8503178265,1057679.8503178265,0.0,52.13548274217666
2022-09-19,1057679.8503178265,1057679.8503178265,0.0,52.46210665858676
2022-09-20,1057679.8503178265,1057679.8503178265,0.0,51.84041132906889
2022-09-21,1057679.8503178265,1057679.8503178265,0.0,52.149646401030566
2022-09-22,1057679.8503178265,1057679.8503178265,0.0,52.78062014402624
2022-09-23,1057679.8503178265,1057679.8503178265,0.0,52.39278007247775
2022-09-24,1057679.8503178265,1057679.8503178265,0.0,51.94018771855298
2022-09-25,1057679.8503178265,1057679.8503178265,0.0,51.97969629544943
2022-09-26,1057679.8503178265,1057679.8503178265,0.0,51.51448951435225
2022-09-27,1057679.8503178265,1057679.8503178265,0.0,50.40502171945717
2022-09-28,1057679.8503178265,1057679.8503178265,0.0,50.39226808282638
2022-09-29,1057679.8503178265,1057679.8503178265,0.0,50.561425267217786
2022-09-30,1057679.8503178265,1057679.8503178265,0.0,50.39561983369815
2022-10-01,1057679.8503178265,1057679.8503178265,0.0,50.45264247015741
2022-10-02,1057679.8503178265,1057679.8503178265,0.0,50.98461509930899
2022-10-03,1057679.8503178265,1057679.8503178265,0.0,50.80248316991924
2022-10-04,1057679.8503178265,1057679.8503178265,0.0,50.68747962631617
2022-10-05,1057679.8503178265,1057679.8503178265,0.0,50.67747652514644
2022-10-06,1057679.8503178265,1057679.8503178265,0.0,50.51861352093129
2022-10-07,1057679.8503178265,1057679.8503178265,0.0,50.360378563733576
2022-10-08,1057679.8503178265,1057679.8503178265,0.0,51.22823344130127
2022-10-09,1057679.8503178265,1057679.8503178265,0.0,51.29268476163463
2022-10-10,1057679.8503178265,1057679.8503178265,0.0,51.14066875518735
2022-10-11,1057679.8503178265,1057679.8503178265,0.0,51.85353225149867
2022-10-12,1057679.8503178265,1057679.8503178265,0.0,52.419412577437875
2022-10-13,1057679.8503178265,1057679.8503178265,0.0,52.74767489326479
2022-10-14,1057679.8503178265,1057679.8503178265,0.0,52.42705011135902
2022-10-15,1057679.8503178265,1057679.8503178265,0.0,53.87929694681589
2022-10-16,1057679.8503178265,1057679.8503178265,0.0,53.04224356403376
2022-10-17,1057679.8503178265,1057679.8503178265,0.0,52.10582093267961
2022-10-18,1057679.8503178265,1057679.8503178265,0.0,52.305717771743346
2022-10-19,1057679.8503178265,1057679.8503178265,0.0,52.11936462536211
2022-10-20,1057679.8503178265,1057679.8503178265,0.0,50.84418467494418
2022-10-21,1057679.8503178265,1057679.8503178265,0.0,50.77265401072961
2022-10-22,1057679.8503178265,1057679.8503178265,0.0,50.8127177327633
2022-10-23,1057679.8503178265,1057679.8503178265,0.0,50.72729606799965
2022-10-24,1057679.8503178265,1057679.8503178265,0.0,50.880837521088054
2022-10-25,1057679.8503178265,1057679.8503178265,0.0,50.642370173202146
2022-10-26,1057362.6521307162,1268898.6221942815,-4182.849888138317,50.57221170270463
2022-10-27,1054577.3075680218,1268898.6221942815,-4182.849888138317,51.238108074121904
2022-10-28,1052512.4372657598,1268898.6221942815,-4182.849888138317,51.731759617323966
2022-10-29,1052963.3942456092,1268898.6221942815,-4182.849888138317,51.62394867695811
2022-10-30,1051776.3253082377,1268898.6221942815,-4182.849888138317,51.90774297250231
2022-10-31,1049871.1800671588,1268898.6221942815,-4182.849888138317,52.36320881326354
2022-11-01,1051915.0893193006,1268898.6221942815,-4182.849888138317,51.87456845876793
2022-11-02,1051196.9473444333,1268898.6221942815,-4182.849888138317,52.046255704084544
2022-11-03,1050856.370756538,1268898.6221942815,-4182.849888138317,52.12767784377481
2022-11-04,1049417.7312477846,1268898.6221942815,-4182.849888138317,52.47161548132498
2022-11-05,1051479.8342988484,1268898.6221942815,-4182.849888138317,51.97862550888741
2022-11-06,1051554.1566076989,1268898.6221942815,-4182.849888138317,51.960857166528015
2022-11-07,1053187.454899809,1268898.6221942815,-4182.849888138317,51.57038217082186
2022-11-08,1052470.0162590484,1268898.6221942815,-4182.849888138317,51.74190126903171
2022-11-09,1054248.6583899236,1268898.6221942815,-4182.849888138317,51.31667871062267
2022-11-10,1055415.9705893002,1268898.6221942815,-4182.849888138317,51.03760768713534
2022-11-11,1055153.9984458417,1268898.6221942815,-4182.849888138317,51.10023774809004
2022-11-12,1057154.305611014,1268898.6221942815,-4182.849888138317,50.622021407875515
2022-11-13,1060548.1576752728,1268898.6221942815,-4182.849888138317,49.8106482639616
2022-11-14,1058371.738469192,1268898.6221942815,-4182.849888138317,50.33096796566847
2022-11-15,1059721.9293926388,1268898.6221942815,-4182.849888138317,50.00817585991404
2022-11-16,1062320.0249189108,1062320.0249189108,0.0,49.31305115443029
2022-11-17,1062320.0249189108,1062320.0249189108,0.0,48.76937669992829
2022-11-18,1062320.0249189108,1062320.0249189108,0.0,48.7207520845655
2022-11-19,1062320.0249189108,1062320.0249189108,0.0,49.495208953492
2022-11-20,1062320.0249189108,1062320.0249189108,0.0,49.42611096523997
2022-11-21,1062320.0249189108,1062320.0249189108,0.0,49.715042235513565
2022-11-22,1062320.0249189108,1062320.0249189108,0.0,49.524404007043366
2022-11-23,1062320.0249189108,1062320.0249189108,0.0,49.61653316088187
2022-11-24,1062320.0249189108,1062320.0249189108,0.0,49.514084997799856
2022-11-25,1062320.0249189108,1062320.0249189108,0.0,49.79716515199403
2022-11-26,1062320.0249189108,1062320.0249189108,0.0,49.236356503048945
2022-11-27,1062320.0249189108,1062320.0249189108,0.0,49.27339727038626
2022-11-28,1062320.0249189108,1062320.0249189108,0.0,49.349187485351706
2022-11-29,1062320.0249189108,1062320.0249189108,0.0,49.544954340087855
2022-11-30,1062320.0249189108,1062320.0249189108,0.0,48.882644236010336
2022-12-01,1062320.0249189108,1062320.0249189108,0.0,48.6505388248166
2022-12-02,1062320.0249189108,1062320.0249189108,0.0,48.94381232170129
2022-12-03,1062320.0249189108,1062320.0249189108,0.0,49.05446651648264
2022-12-04,1062320.0249189108,1062320.0249189108,0.0,49.91240314879696
2022-12-05,1062320.0249189108,1062320.0249189108,0.0,49.648885874752374
2022-12-06,1062320.0249189108,1062320.0249189108,0.0,48.67199638371106
2022-12-07,1062001.4351434377,1274465.4401272198,-4385.624507356673,48.44555310820251
2022-12-08,1067582.5708713774,1274465.4401272198,-4385.624507356673,47.17295539296773
2022-12-09,1066124.831504495,1274465.4401272198,-4385.624507356673,47.50534576620578
2022-12-10,1066131.4515356452,1274465.4401272198,-4385.624507356673,47.503836281949
2022-12-11,1065299.989822843,1274465.4401272198,-4385.624507356673,47.69342426683169
2022-12-12,1064130.4011097276,1274465.4401272198,-4385.624507356673,47.96011119161371
2022-12-13,1061931.6544714342,1274465.4401272198,-4385.624507356673,48.461464336326685
2022-12-14,1067367.6445289624,1274465.4401272198,-4385.624507356673,47.22196240258619
2022-12-15,1071553.6930288123,1274465.4401272198,-4385.624507356673,46.26746926419097
2022-12-16,1073080.728733879,1274465.4401272198,-4385.624507356673,45.91927809951073
2022-12-17,1073691.803622263,1274465.4401272198,-4385.624507356673,45.7799422107772
2022-12-18,1073290.7213443571,1274465.4401272198,-4385.624507356673,45.871396068086035
2022-12-19,1073039.484230205,1274465.4401272198,-4385.624507356673,45.92868257625167
2022-12-20,1072685.4135990504,1274465.4401272198,-4385.624507356673,46.009416946136874
2022-12-21,1075814.792914593,1274465.4401272198,-4385.624507356673,45.29586308162042
2022-12-22,1077387.424318598,1274465.4401272198,-4385.624507356673,44.937275290675935
2022-12-23,1078021.8213477,1274465.4401272198,-4385.624507356673,44.79262154112717
2022-12-24,1078317.6341603126,1274465.4401272198,-4385.624507356673,44.725170984857165
2022-12-25,1079296.7869050102,1274465.4401272198,-4385.624507356673,44.50190683101653
2022-12-26,1078799.7589935472,1274465.4401272198,-4385.624507356673,44.61523799072466
2022-12-27,1081020.05647983,1274465.4401272198,-4385.624507356673,44.10897087128512
2022-12-28,1081662.480489832,1081662.480489832,0.0,43.89661994980317
2022-12-29,1081662.480489832,1081662.480489832,0.0,44.117965625792614
2022-12-30,1081662.480489832,1081662.480489832,0.0,44.20826100544273
2022-12-31,1081662.480489832,1081662.480489832,0.0,44.04350721872012
2023-01-01,1081662.480489832,1081662.480489832,0.0,43.88932787834167
2023-01-02,1081662.480489832,1081662.480489832,0.0,43.68087593831705
2023-01-03,1081662.480489832,1081662.480489832,0.0,43.53477250384075
2023-01-04,1081662.480489832,1081662.480489832,0.0,43.31599473553887
2023-01-05,1081662.480489832,1081662.480489832,0.0,43.15843603263028
2023-01-06,1081662.480489832,1081662.480489832,0.0,43.28624475690474
2023-01-07,1081662.480489832,1081662.480489832,0.0,43.40538031758634
2023-01-08,1081662.480489832,1081662.480489832,0.0,42.83922314003205
2023-01-09,1081662.480489832,1081662.480489832,0.0,43.61371848119675
2023-01-10,1081662.480489832,1081662.480489832,0.0,43.37746921486224
2023-01-11,1081662.480489832,1081662.480489832,0.0,43.58133493283604
2023-01-12,1081662.480489832,1081662.480489832,0.0,43.116785820770794
2023-01-13,1081662.480489832,1081662.480489832,0.0,43.75207940842801
2023-01-14,1081662.480489832,1081662.480489832,0.0,43.98818442112918
2023-01-15,1081662.480489832,1081662.480489832,0.0,44.156749257629976
2023-01-16,1081662.480489832,1081662.480489832,0.0,44.07782843765423
2023-01-17,1081662.480489832,1081662.480489832,0.0,43.27418670560994
2023-01-18,1081338.089911933,1297670.5860098996,-4916.672759402365,43.99977519029805
2023-01-19,1079483.3742290481,1297670.5860098996,-4916.672759402365,44.37700503121805
2023-01-20,1080183.6742876144,1297670.5860098996,-4916.672759402365,44.23457129750515
2023-01-21,1079140.3147889671,1297670.5860098996,-4916.672759402365,44.44677974612561
2023-01-22,1081985.717750403,1297670.5860098996,-4916.672759402365,43.86805443722753
2023-01-23,1086058.899962613,1297670.5860098996,-4916.672759402365,43.039611624062765
2023-01-24,1086024.0934741315,1297670.5860098996,-4916.672759402365,43.04669090108294
2023-01-25,1087705.3016379024,1297670.5860098996,-4916.672759402365,42.704750681336584
2023-01-26,1088716.1677137294,1297670.5860098996,-4916.672759402365,42.49915105628651
2023-01-27,1088826.2504542216,1297670.5860098996,-4916.672759402365,42.47676137410123
2023-01-28,1091291.1507146754,1297670.5860098996,-4916.672759402365,41.97542634916181
2023-01-29,1091456.580603583,1297670.5860098996,-4916.672759402365,41.94177963379088
2023-01-30,1093720.9662261105,1297670.5860098996,-4916.672759402365,41.48122719653601
2023-01-31,1091645.5439261426,1297670.5860098996,-4916.672759402365,41.9033464632696
2023-02-01,1091852.1608419989,1297670.5860098996,-4916.672759402365,41.8613227358492
2023-02-02,1090763.4789905965,1297670.5860098996,-4916.672759402365,42.08274927869171
2023-02-03,1094398.7448011804,1297670.5860098996,-4916.672759402365,41.34337409785789
2023-02-04,1093196.3916029404,1297670.5860098996,-4916.672759402365,41.58792020801761
2023-02-05,1090111.922440115,1297670.5860098996,-4916.672759402365,42.21526909084226
2023-02-06,1089867.6674532962,1297670.5860098996,-4916.672759402365,42.264948009649984
2023-02-07,1088779.8053742584,1297670.5860098996,-4916.672759402365,42.486207819336826
2023-02-08,1089262.363326083,1307117.6734275518,-5139.894076545735,42.38517503611251
2023-02-09,1088443.2432452813,1307117.6734275518,-5139.894076545735,42.544540203682665
2023-02-10,1084913.6845798318,1307117.6734275518,-5139.894076545735,43.231238920209854
2023-02-11,1079865.9294894154,1307117.6734275518,-5139.894076545735,44.21331267800383
2023-02-12,1079143.986805042,1307117.6734275518,-5139.894076545735,44.3537713477005
2023-02-13,1081456.7799809906,1307117.6734275518,-5139.894076545735,43.90380231302678
2023-02-14,1080045.827222573,1307117.6734275518,-5139.894076545735,44.17831239774931
2023-02-15,1082838.8460808059,1307117.6734275518,-5139.894076545735,43.63491231661186
2023-02-16,1084234.921304672,1307117.6734275518,-5139.894076545735,43.36329675351367
2023-02-17,1085369.1432284075,1307117.6734275518,-5139.894076545735,43.14262646209439
2023-02-18,1080796.3574530345,1307117.6734275518,-5139.894076545735,44.03229183404038
2023-02-19,1077539.6752242264,1307117.6734275518,-5139.894076545735,44.665900655605185
2023-02-20,1074717.888699361,1307117.6734275518,-5139.894076545735,45.21489767438458
2023-02-21,1072802.5668385045,1307117.6734275518,-5139.894076545735,45.58753606582466
2023-02-22,1074921.4688335154,1307117.6734275518,-5139.894076545735,45.1752898281678
2023-02-23,1074372.333360588,1307117.6734275518,-5139.894076545735,45.28212772497059
2023-02-24,1070055.1138159402,1307117.6734275518,-5139.894076545735,46.12207101569871
2023-02-25,1068991.794093432,1307117.6734275518,-5139.894076545735,46.328946820272265
2023-02-26,1066526.06788891,1307117.6734275518,-5139.894076545735,46.808669975613846
2023-02-27,1070368.1699627931,1307117.6734275518,-5139.894076545735,46.06116389539806
2023-02-28,1068652.94909772,1307117.6734275518,-5139.894076545735,46.39487132973995
2023-03-01,1071056.8748226,1242322.7411234912,-3730.6091532557866,45.90828448255522
2023-03-02,1071434.7870002708,1242322.7411234912,-3730.6091532557866,45.80698408839818
2023-03-03,1068987.345803318,1242322.7411234912,-3730.6091532557866,46.46302740368804
2023-03-04,1068384.5436435472,1242322.7411234912,-3730.6091532557866,46.624610173420095
2023-03-05,1066961.1269923085,1242322.7411234912,-3730.6091532557866,47.00616090488615
2023-03-06,1067285.212362219,1242322.7411234912,-3730.6091532557866,46.919288933956786
2023-03-07,1070624.2001509261,1242322.7411234912,-3730.6091532557866,46.02426411319983
2023-03-08,1072222.5810504213,1242322.7411234912,-3730.6091532557866,45.59581373583982
2023-03-09,1071061.5422688653,1242322.7411234912,-3730.6091532557866,45.90703336080178
2023-03-10,1070487.347136833,1242322.7411234912,-3730.6091532557866,46.06094793840666
2023-03-11,1067606.818393083,1242322.7411234912,-3730.6091532557866,46.833081556648615
2023-03-12,1067385.4823950236,1242322.7411234912,-3730.6091532557866,46.89241127706879
2023-03-13,1068940.3783046205,1242322.7411234912,-3730.6091532557866,46.47561717033691
2023-03-14,1068985.1478408747,1242322.7411234912,-3730.6091532557866,46.463616573540264
2023-03-15,1067246.8794424557,1242322.7411234912,-3730.6091532557866,46.92956417807609
2023-03-16,1070296.260693448,1242322.7411234912,-3730.6091532557866,46.11216918285635
2023-03-17,1069700.6259057068,1242322.7411234912,-3730.6091532557866,46.27183071888759
2023-03-18,1071862.8608779185,1242322.7411234912,-3730.6091532557866,45.69223771319179
2023-03-19,1071585.2742848105,1242322.7411234912,-3730.6091532557866,45.76664555965993
2023-03-20,1070340.4463009555,1242322.7411234912,-3730.6091532557866,46.100325109759346
2023-03-21,1069388.6974279429,1242322.7411234912,-3730.6091532557866,46.355444001584786
2023-03-22,1066792.1155980043,1066792.1155980043,0.0,46.98096992660114
2023-03-23,1066792.1155980043,1066792.1155980043,0.0,47.098913422517015
2023-03-24,1066792.1155980043,1066792.1155980043,0.0,47.34142722097845
2023-03-25,1066792.1155980043,1066792.1155980043,0.0,47.601834079021664
2023-03-26,1066792.1155980043,1066792.1155980043,0.0,47.14245832265085
2023-03-27,1066792.1155980043,1066792.1155980043,0.0,47.0824000010227
2023-03-28,1066792.1155980043,1066792.1155980043,0.0,45.938767785077474
2023-03-29,1066792.1155980043,1066792.1155980043,0.0,46.112228854485565
2023-03-30,1066792.1155980043,1066792.1155980043,0.0,44.860711327624216
2023-03-31,1066792.1155980043,1066792.1155980043,0.0,45.24324350495032
2023-04-01,1066792.1155980043,1066792.1155980043,0.0,45.9974729854425
2023-04-02,1066792.1155980043,1066792.1155980043,0.0,46.2274476956864
2023-04-03,1066792.1155980043,1066792.1155980043,0.0,46.5303361521118
2023-04-04,1066792.1155980043,1066792.1155980043,0.0,47.094358188741225
2023-04-05,1066792.1155980043,1066792.1155980043,0.0,46.890021274632545
2023-04-06,1066792.1155980043,1066792.1155980043,0.0,46.29712872537621
2023-04-07,1066792.1155980043,1066792.1155980043,0.0,46.25733615729946
2023-04-08,1066792.1155980043,1066792.1155980043,0.0,45.90577024090837
2023-04-09,1066792.1155980043,1066792.1155980043,0.0,45.941021968135885
2023-04-10,1066792.1155980043,1066792.1155980043,0.0,46.058200423325786
2023-04-11,1066792.1155980043,1066792.1155980043,0.0,45.83846763703324
2023-04-12,1066520.1868612682,1247866.46010984,-3984.539956488825,45.512474521242865
2023-04-13,1070384.8498231908,1247866.46010984,-3984.539956488825,44.54256005078332
2023-04-14,1070684.2141318722,1247866.46010984,-3984.539956488825,44.46742858969865
2023-04-15,1071456.5413630996,1247866.46010984,-3984.539956488825,44.27359762309742
2023-04-16,1072100.9131539264,1247866.46010984,-3984.539956488825,44.1118796336022
2023-04-17,1070810.2342199988,1247866.46010984,-3984.539956488825,44.43580132795629
2023-04-18,1067296.1744078973,1247866.46010984,-3984.539956488825,45.31772492527873
2023-04-19,1067939.44400934,1247866.46010984,-3984.539956488825,45.15628355225523
2023-04-20,1067243.4873281026,1247866.46010984,-3984.539956488825,45.330947801788966
2023-04-21,1066784.051087547,1247866.46010984,-3984.539956488825,45.44625251590214
2023-04-22,1064717.699017576,1247866.46010984,-3984.539956488825,45.96484489859519
2023-04-23,1066380.0192301609,1247866.46010984,-3984.539956488825,45.547652391872305
2023-04-24,1068080.3210274186,1247866.46010984,-3984.539956488825,45.12092764677629
2023-04-25,1069557.0600912792,1247866.46010984,-3984.539956488825,44.750310441280355
2023-04-26,1073554.7464553807,1247866.46010984,-3984.539956488825,43.747011087338315
2023-04-27,1073634.9199845023,1247866.46010984,-3984.539956488825,43.72688993659144
2023-04-28,1075459.3467603396,1247866.46010984,-3984.539956488825,43.269013545399446
2023-04-29,1075025.7542357726,1247866.46010984,-3984.539956488825,43.37783226206483
2023-04-30,1079111.7444378878,1247866.46010984,-3984.539956488825,42.35237129373868
2023-05-01,1079207.9226212127,1247866.46010984,-3984.539956488825,42.328233454897784
2023-05-02,1079639.4231973393,1247866.46010984,-3984.539956488825,42.21993975453624
2023-05-03,1080302.6513759836,1080302.6513759836,0.0,41.99048265812825
2023-05-04,1080302.6513759836,1080302.6513759836,0.0,42.41173271945781
2023-05-05,1080302.6513759836,1080302.6513759836,0.0,42.07185336088491
2023-05-06,1080302.6513759836,1080302.6513759836,0.0,42.199833142508965
2023-05-07,1080302.6513759836,1080302.6513759836,0.0,41.934042204208744
2023-05-08,1080302.6513759836,1080302.6513759836,0.0,42.63554821301868
2023-05-09,1080302.6513759836,1080302.6513759836,0.0,42.57719469995311
2023-05-10,1080302.6513759836,1080302.6513759836,0.0,42.865909256717195
2023-05-11,1080302.6513759836,1080302.6513759836,0.0,43.12805740336296
2023-05-12,1080302.6513759836,1080302.6513759836,0.0,43.62498588240649
2023-05-13,1080302.6513759836,1080302.6513759836,0.0,43.68876125480208
2023-05-14,1080302.6513759836,1080302.6513759836,0.0,43.11695385029651
2023-05-15,1080302.6513759836,1080302.6513759836,0.0,43.30837775159724
2023-05-16,1080302.6513759836,1080302.6513759836,0.0,43.42856847330875
2023-05-17,1080302.6513759836,1080302.6513759836,0.0,42.12981577609035
2023-05-18,1080302.6513759836,1080302.6513759836,0.0,41.431293026001754
2023-05-19,1080302.6513759836,1080302.6513759836,0.0,41.72480845966432
2023-05-20,1080302.6513759836,1080302.6513759836,0.0,42.32169437411075
2023-05-21,1080302.6513759836,1080302.6513759836,0.0,42.286708905786426
2023-05-22,1080302.6513759836,1080302.6513759836,0.0,42.63029479478051
2023-05-23,1080302.6513759836,1080302.6513759836,0.0,42.676855407249256
2023-05-24,1080302.6513759836,1080302.6513759836,0.0,42.69239577228895
2023-05-25,1080302.6513759836,1080302.6513759836,0.0,42.63131306435295
2023-05-26,1080302.6513759836,1080302.6513759836,0.0,42.66574001300846
2023-05-27,1080302.6513759836,1080302.6513759836,0.0,42.83177840778702
2023-05-28,1080302.6513759836,1080302.6513759836,0.0,42.660061702138115
2023-05-29,1080302.6513759836,1080302.6513759836,0.0,43.19523367916025
2023-05-30,1080302.6513759836,1080302.6513759836,0.0,42.76534615750102
2023-05-31,1080302.6513759836,1080302.6513759836,0.0,43.499069761081394
2023-06-01,1080302.6513759836,1080302.6513759836,0.0,43.40543387646507
2023-06-02,1080302.6513759836,1080302.6513759836,0.0,43.382853981256545
2023-06-03,1080302.6513759836,1080302.6513759836,0.0,43.11140684525883
2023-06-04,1080302.6513759836,1080302.6513759836,0.0,43.28827634503459
2023-06-05,1080302.6513759836,1080302.6513759836,0.0,43.12553359418993
2023-06-06,1080302.6513759836,1080302.6513759836,0.0,42.92099053695567
2023-06-07,1080302.6513759836,1080302.6513759836,0.0,43.18489180719477
2023-06-08,1080302.6513759836,1080302.6513759836,0.0,43.689267824796
2023-06-09,1080302.6513759836,1080302.6513759836,0.0,43.23634360197384
2023-06-10,1080302.6513759836,1080302.6513759836,0.0,43.594770962730614
2023-06-11,1080302.6513759836,1080302.6513759836,0.0,44.14219500394566
2023-06-12,1080302.6513759836,1080302.6513759836,0.0,43.3699236823368
2023-06-13,1080302.6513759836,1080302.6513759836,0.0,43.00452997753828
2023-06-14,1080302.6513759836,1080302.6513759836,0.0,43.53406669473531
2023-06-15,1080302.6513759836,1080302.6513759836,0.0,43.696819975396465
2023-06-16,1080302.6513759836,1080302.6513759836,0.0,44.45014556327245
2023-06-17,1080302.6513759836,1080302.6513759836,0.0,44.37140103944696
2023-06-18,1080302.6513759836,1080302.6513759836,0.0,44.13860633388503
2023-06-19,1080302.6513759836,1080302.6513759836,0.0,44.74360165623189
2023-06-20,1080302.6513759836,1080302.6513759836,0.0,44.371275737976056
2023-06-21,1080302.6513759836,1080302.6513759836,0.0,44.2631136281352
2023-06-22,1080302.6513759836,1080302.6513759836,0.0,44.511452495983626
2023-06-23,1080302.6513759836,1080302.6513759836,0.0,44.80551133393795
2023-06-24,1080302.6513759836,1080302.6513759836,0.0,44.44954060899865
2023-06-25,1080302.6513759836,1080302.6513759836,0.0,44.56556471713295
2023-06-26,1080302.6513759836,1080302.6513759836,0.0,44.436110332823816
2023-06-27,1080302.6513759836,1080302.6513759836,0.0,43.6946280325231
2023-06-28,1080302.6513759836,1080302.6513759836,0.0,43.493624602180304
2023-06-29,1080302.6513759836,1080302.6513759836,0.0,42.78859018923591
2023-06-30,1080302.6513759836,1080302.6513759836,0.0,42.507345370855745
2023-07-01,1080302.6513759836,1080302.6513759836,0.0,41.999634343306106
2023-07-02,1080302.6513759836,1080302.6513759836,0.0,42.32589870253266
2023-07-03,1080302.6513759836,1080302.6513759836,0.0,42.45322156096261
2023-07-04,1080302.6513759836,1080302.6513759836,0.0,43.11146708312129
2023-07-05,1080302.6513759836,1080302.6513759836,0.0,42.71590649855301
2023-07-06,1080302.6513759836,1080302.6513759836,0.0,42.76859730925539
2023-07-07,1080302.6513759836,1080302.6513759836,0.0,42.29946302442295
2023-07-08,1080302.6513759836,1080302.6513759836,0.0,42.03314910131049
2023-07-09,1080302.6513759836,1080302.6513759836,0.0,41.86557559513513
2023-07-10,1080302.6513759836,1080302.6513759836,0.0,42.700062286375406
2023-07-11,1080302.6513759836,1080302.6513759836,0.0,42.855726660044304
2023-07-12,1080302.6513759836,1080302.6513759836,0.0,42.801007951404586
2023-07-13,1080302.6513759836,1080302.6513759836,0.0,43.26533553313694
2023-07-14,1080302.6513759836,1080302.6513759836,0.0,43.5574911660872
2023-07-15,1080302.6513759836,1080302.6513759836,0.0,43.533069673020655
2023-07-16,1080302.6513759836,1080302.6513759836,0.0,43.82799688339948
2023-07-17,1080302.6513759836,1080302.6513759836,0.0,43.694193681750775
2023-07-18,1080302.6513759836,1080302.6513759836,0.0,45.018414793174095
2023-07-19,1080302.6513759836,1080302.6513759836,0.0,45.57100923404183
2023-07-20,1080302.6513759836,1080302.6513759836,0.0,45.38609702108596
2023-07-21,1080302.6513759836,1080302.6513759836,0.0,45.73199900740329
2023-07-22,1080302.6513759836,1080302.6513759836,0.0,45.98370776799285
2023-07-23,1080302.6513759836,1080302.6513759836,0.0,46.11407653220634
2023-07-24,1080302.6513759836,1080302.6513759836,0.0,46.35207712232165
2023-07-25,1080302.6513759836,1080302.6513759836,0.0,45.977021915389166
2023-07-26,1079978.668610836,1296039.1988860327,-4719.804743179954,45.777429794611926
2023-07-27,1076365.0041164076,1296039.1988860327,-4719.804743179954,46.54306835193787
2023-07-28,1075916.369749472,1296039.1988860327,-4719.804743179954,46.63812193812358
2023-07-29,1077452.396676328,1296039.1988860327,-4719.804743179954,46.31267904155554
2023-07-30,1077758.6004577535,1296039.1988860327,-4719.804743179954,46.24780267524653
2023-07-31,1078921.4997824258,1296039.1988860327,-4719.804743179954,46.00141550714329
2023-08-01,1076963.6019370225,1296039.1988860327,-4719.804743179954,46.41624153320562
2023-08-02,1078188.8237777152,1296039.1988860327,-4719.804743179954,46.15664989597459
2023-08-03,1078092.6554952015,1296039.1988860327,-4719.804743179954,46.17702537499262
2023-08-04,1079531.8194331331,1296039.1988860327,-4719.804743179954,45.87210514709309
2023-08-05,1074698.3730787481,1296039.1988860327,-4719.804743179954,46.896182755678325
2023-08-06,1073301.2637954443,1296039.1988860327,-4719.804743179954,47.192192730523736
2023-08-07,1071984.1345168368,1296039.1988860327,-4719.804743179954,47.47125708811409
2023-08-08,1070415.1488692635,1296039.1988860327,-4719.804743179954,47.80368305337049
2023-08-09,1071303.7524746165,1296039.1988860327,-4719.804743179954,47.615411789260015
2023-08-10,1067858.7866647695,1296039.1988860327,-4719.804743179954,48.34530762124859
2023-08-11,1068013.169657334,1296039.1988860327,-4719.804743179954,48.3125980069817
2023-08-12,1063934.6666016658,1296039.1988860327,-4719.804743179954,49.17672338453286
2023-08-13,1064687.329397475,1296039.1988860327,-4719.804743179954,49.01725433088255
2023-08-14,1063026.116413157,1296039.1988860327,-4719.804743179954,49.369220794478
2023-08-15,1062637.0742319757,1296039.1988860327,-4719.804743179954,49.45164839526878
2023-08-16,1061660.3894871874,1061660.3894871874,0.0,49.5841806267141
2023-08-17,1061660.3894871874,1061660.3894871874,0.0,48.76299215800043
2023-08-18,1061660.3894871874,1061660.3894871874,0.0,48.285903640731114
2023-08-19,1061660.3894871874,1061660.3894871874,0.0,49.02053146940158
2023-08-20,1061660.3894871874,1061660.3894871874,0.0,48.39279937991114
2023-08-21,1061660.3894871874,1061660.3894871874,0.0,48.82640898449211
2023-08-22,1061660.3894871874,1061660.3894871874,0.0,50.11253248892046
2023-08-23,1061660.3894871874,1061660.3894871874,0.0,50.390427849555195
2023-08-24,1061660.3894871874,1061660.3894871874,0.0,51.47358235307741
2023-08-25,1061660.3894871874,1061660.3894871874,0.0,51.831073256701934
2023-08-26,1061660.3894871874,1061660.3894871874,0.0,51.9674942351646
2023-08-27,1061660.3894871874,1061660.3894871874,0.0,52.16255310183912
2023-08-28,1061660.3894871874,1061660.3894871874,0.0,52.07011034436104
2023-08-29,1061660.3894871874,1061660.3894871874,0.0,51.96186057458686
2023-08-30,1061660.3894871874,1061660.3894871874,0.0,51.689692527792566
2023-08-31,1061660.3894871874,1061660.3894871874,0.0,51.908905543230766
2023-09-01,1061660.3894871874,1061660.3894871874,0.0,53.063760431228545
2023-09-02,1061660.3894871874,1061660.3894871874,0.0,53.82504847140015
2023-09-03,1061660.3894871874,1061660.3894871874,0.0,53.93543566302424
2023-09-04,1061660.3894871874,1061660.3894871874,0.0,54.2677317903008
2023-09-05,1061660.3894871874,1061660.3894871874,0.0,54.22141036818725
2023-09-06,1061660.3894871874,1061660.3894871874,0.0,54.99765013569776
2023-09-07,1061660.3894871874,1061660.3894871874,0.0,54.10721171028675
2023-09-08,1061660.3894871874,1061660.3894871874,0.0,55.161950390180856
2023-09-09,1061660.3894871874,1061660.3894871874,0.0,54.861999336520576
2023-09-10,1061660.3894871874,1061660.3894871874,0.0,54.65170631691987
2023-09-11,1061660.3894871874,1061660.3894871874,0.0,53.98753660937494
2023-09-12,1061660.3894871874,1061660.3894871874,0.0,54.07114770517545
2023-09-13,1061660.3894871874,1061660.3894871874,0.0,53.704247946926095
2023-09-14,1061660.3894871874,1061660.3894871874,0.0,54.332738506095005
2023-09-15,1061660.3894871874,1061660.3894871874,0.0,54.70079700085443
2023-09-16,1061660.3894871874,1061660.3894871874,0.0,54.32267657745376
2023-09-17,1061660.3894871874,1061660.3894871874,0.0,53.84837536877398
2023-09-18,1061660.3894871874,1061660.3894871874,0.0,53.50379061579475
2023-09-19,1061660.3894871874,1061660.3894871874,0.0,53.00021645026126
2023-09-20,1061660.3894871874,1061660.3894871874,0.0,52.852261791799904
2023-09-21,1061660.3894871874,1061660.3894871874,0.0,52.40978534300292
2023-09-22,1061660.3894871874,1061660.3894871874,0.0,53.02566418595066
2023-09-23,1061660.3894871874,1061660.3894871874,0.0,52.76206905522739
2023-09-24,1061660.3894871874,1061660.3894871874,0.0,53.06669723036091
2023-09-25,1061660.3894871874,1061660.3894871874,0.0,53.377469867908864
2023-09-26,1061660.3894871874,1061660.3894871874,0.0,52.397433827604026
2023-09-27,1061341.7852043023,849009.7073068648,4023.5289082685426,52.77259906374353
2023-09-28,1057748.2872181418,849009.7073068648,4023.5289082685426,51.87947810746666
2023-09-29,1056014.9766113907,849009.7073068648,4023.5289082685426,51.44868448170467
2023-09-30,1057401.0798772164,849009.7073068648,4023.5289082685426,51.793183874508145
2023-10-01,1057661.3914628013,849009.7073068648,4023.5289082685426,51.85788120650688
2023-10-02,1056952.2617310446,849009.7073068648,4023.5289082685426,51.68163549088661
2023-10-03,1053277.549034698,849009.7073068648,4023.5289082685426,50.768329589493725
2023-10-04,1055257.5300023495,849009.7073068648,4023.5289082685426,51.26043018396999
2023-10-05,1056154.7962307793,849009.7073068648,4023.5289082685426,51.483434976252184
2023-10-06,1054388.2533401998,849009.7073068648,4023.5289082685426,51.04438186370983
2023-10-07,1052422.9196433406,849009.7073068648,4023.5289082685426,50.55592167324856
2023-10-08,1054522.4967582126,849009.7073068648,4023.5289082685426,51.077746460081144
2023-10-09,1055140.7941601342,849009.7073068648,4023.5289082685426,51.23141688622152
2023-10-10,1052355.7797489667,849009.7073068648,4023.5289082685426,50.53923485530725
2023-10-11,1050875.9553372387,849009.7073068648,4023.5289082685426,50.17144219233253
2023-10-12,1054865.9866479419,849009.7073068648,4023.5289082685426,51.163116764995195
2023-10-13,1056939.5295771523,849009.7073068648,4023.5289082685426,51.67847106627763
2023-10-14,1056940.7174321054,849009.7073068648,4023.5289082685426,51.67876629342284
2023-10-15,1056987.238712216,849009.7073068648,4023.5289082685426,51.69032860132995
2023-10-16,1052511.7907095132,849009.7073068648,4023.5289082685426,50.57800951409644
2023-10-17,1055188.246213978,849009.7073068648,4023.5289082685426,51.24321052681056
2023-10-18,1053951.8429908874,1053951.8429908874,0.0,51.01241039902854
2023-10-19,1053951.8429908874,1053951.8429908874,0.0,50.60155276152458
2023-10-20,1053951.8429908874,1053951.8429908874,0.0,50.98247729706829
2023-10-21,1053951.8429908874,1053951.8429908874,0.0,50.662320802219895
2023-10-22,1053951.8429908874,1053951.8429908874,0.0,49.7471310991159
2023-10-23,1053951.8429908874,1053951.8429908874,0.0,49.95141784846941
2023-10-24,1053951.8429908874,1053951.8429908874,0.0,49.20013007968452
2023-10-25,1053951.8429908874,1053951.8429908874,0.0,49.17121144430889
2023-10-26,1053951.8429908874,1053951.8429908874,0.0,49.32763184524498
2023-10-27,1053951.8429908874,1053951.8429908874,0.0,49.19077008822938
2023-10-28,1053951.8429908874,1053951.8429908874,0.0,49.05648229296722
2023-10-29,1053951.8429908874,1053951.8429908874,0.0,49.823241436630184
2023-10-30,1053951.8429908874,1053951.8429908874,0.0,50.60925967152959
2023-10-31,1053951.8429908874,1053951.8429908874,0.0,50.14702308943332
2023-11-01,1053951.8429908874,1053951.8429908874,0.0,49.84965555114919
2023-11-02,1053951.8429908874,1053951.8429908874,0.0,49.581258642346945
2023-11-03,1053951.8429908874,1053951.8429908874,0.0,49.565673227731075
2023-11-04,1053951.8429908874,1053951.8429908874,0.0,49.525054633788166
2023-11-05,1053951.8429908874,1053951.8429908874,0.0,50.38278364125828
2023-11-06,1053951.8429908874,1053951.8429908874,0.0,50.28939408506095
2023-11-07,1053951.8429908874,1053951.8429908874,0.0,49.77393965909525
2023-11-08,1053951.8429908874,1053951.8429908874,0.0,49.4821198996447
2023-11-09,1053951.8429908874,1053951.8429908874,0.0,49.66722170690563
2023-11-10,1053951.8429908874,1053951.8429908874,0.0,49.53967909888181
2023-11-11,1053951.8429908874,1053951.8429908874,0.0,49.69528173744007
2023-11-12,1053951.8429908874,1053951.8429908874,0.0,49.57408632418059
2023-11-13,1053951.8429908874,1053951.8429908874,0.0,49.93470352790405
2023-11-14,1053951.8429908874,1053951.8429908874,0.0,49.890647900806165
2023-11-15,1053951.8429908874,1053951.8429908874,0.0,49.287452517205686
2023-11-16,1053951.8429908874,1053951.8429908874,0.0,49.11679306429703
2023-11-17,1053951.8429908874,1053951.8429908874,0.0,50.21506355851078
2023-11-18,1053951.8429908874,1053951.8429908874,0.0,50.83968752452953
2023-11-19,1053951.8429908874,1053951.8429908874,0.0,50.25251626619202
2023-11-20,1053951.8429908874,1053951.8429908874,0.0,51.154197241129
2023-11-21,1053951.8429908874,1053951.8429908874,0.0,51.224379083891
2023-11-22,1053951.8429908874,1053951.8429908874,0.0,50.97481750051591
2023-11-23,1053951.8429908874,1053951.8429908874,0.0,50.83148358381154
2023-11-24,1053951.8429908874,1053951.8429908874,0.0,50.86037544470579
2023-11-25,1053951.8429908874,1053951.8429908874,0.0,51.4147339630589
2023-11-26,1053951.8429908874,1053951.8429908874,0.0,51.512529652542405
2023-11-27,1053951.8429908874,1053951.8429908874,0.0,51.68456032364113
2023-11-28,1053951.8429908874,1053951.8429908874,0.0,52.31443817168153
2023-11-29,1053951.8429908874,1053951.8429908874,0.0,52.10607248879315
2023-11-30,1053951.8429908874,1053951.8429908874,0.0,52.26389622409389
2023-12-01,1053951.8429908874,1053951.8429908874,0.0,52.49377399073054
2023-12-02,1053951.8429908874,1053951.8429908874,0.0,52.56454570802048
2023-12-03,1053951.8429908874,1053951.8429908874,0.0,52.827499701988366
2023-12-04,1053951.8429908874,1053951.8429908874,0.0,52.463611197278624
2023-12-05,1053951.8429908874,1053951.8429908874,0.0,52.98028132537822
2023-12-06,1053951.8429908874,1053951.8429908874,0.0,52.68765840708609
2023-12-07,1053951.8429908874,1053951.8429908874,0.0,52.92775094682776
2023-12-08,1053951.8429908874,1053951.8429908874,0.0,53.03922307069722
2023-12-09,1053951.8429908874,1053951.8429908874,0.0,52.676296342848005
2023-12-10,1053951.8429908874,1053951.8429908874,0.0,53.53791964048982
2023-12-11,1053951.8429908874,1053951.8429908874,0.0,54.464864976032466
2023-12-12,1053951.8429908874,1053951.8429908874,0.0,53.96563602699334
2023-12-13,1053951.8429908874,1053951.8429908874,0.0,54.398708911622094
2023-12-14,1053951.8429908874,1053951.8429908874,0.0,54.33209039939686
2023-12-15,1053951.8429908874,1053951.8429908874,0.0,53.96721445629914
2023-12-16,1053951.8429908874,1053951.8429908874,0.0,54.16645576944544
2023-12-17,1053951.8429908874,1053951.8429908874,0.0,54.61997895533287
2023-12-18,1053951.8429908874,1053951.8429908874,0.0,54.70803330646915
2023-12-19,1053951.8429908874,1053951.8429908874,0.0,54.509531572341075
2023-12-20,1053951.8429908874,1053951.8429908874,0.0,55.23903236969785
2023-12-21,1053951.8429908874,1053951.8429908874,0.0,55.99843755429801
2023-12-22,1053951.8429908874,1053951.8429908874,0.0,55.617331778093416
2023-12-23,1053951.8429908874,1053951.8429908874,0.0,55.667904207681296
2023-12-24,1053951.8429908874,1053951.8429908874,0.0,54.795830241901534
2023-12-25,1053951.8429908874,1053951.8429908874,0.0,55.25547999757542
2023-12-26,1053951.8429908874,1053951.8429908874,0.0,55.99388689847578
2023-12-27,1053951.8429908874,1053951.8429908874,0.0,56.21243335875698
2023-12-28,1053951.8429908874,1053951.8429908874,0.0,55.63341928127687
2023-12-29,1053951.8429908874,1053951.8429908874,0.0,56.53936117791254
2023-12-30,1053951.8429908874,1053951.8429908874,0.0,57.69907928970076
2023-12-31,1053951.8429908874,1053951.8429908874,0.0,57.450428106094606
2024-01-01,1053951.8429908874,1053951.8429908874,0.0,57.70691817139587
2024-01-02,1053951.8429908874,1053951.8429908874,0.0,58.18012499394277
2024-01-03,1053951.8429908874,1053951.8429908874,0.0,58.64003049186878
2024-01-04,1053951.8429908874,1053951.8429908874,0.0,58.66829854594665
2024-01-05,1053951.8429908874,1053951.8429908874,0.0,59.73261952604274
2024-01-06,1053951.8429908874,1053951.8429908874,0.0,58.80490716258635
2024-01-07,1053951.8429908874,1053951.8429908874,0.0,57.89901656472154
2024-01-08,1053951.8429908874,1053951.8429908874,0.0,57.889935961065
2024-01-09,1053951.8429908874,1053951.8429908874,0.0,58.90813402063914
2024-01-10,1053951.8429908874,1053951.8429908874,0.0,59.59526424802928
2024-01-11,1053951.8429908874,1053951.8429908874,0.0,58.711923861546936
2024-01-12,1053951.8429908874,1053951.8429908874,0.0,60.40532942573721
2024-01-13,1053951.8429908874,1053951.8429908874,0.0,60.74111215490703
2024-01-14,1053951.8429908874,1053951.8429908874,0.0,60.04525779708179
2024-01-15,1053951.8429908874,1053951.8429908874,0.0,59.98996881574019
2024-01-16,1053951.8429908874,1053951.8429908874,0.0,60.57297362177672
2024-01-17,1053951.8429908874,1053951.8429908874,0.0,61.33640611995715
2024-01-18,1053951.8429908874,1053951.8429908874,0.0,61.29595205370936
2024-01-19,1053951.8429908874,1053951.8429908874,0.0,61.61685483920151
2024-01-20,1053951.8429908874,1053951.8429908874,0.0,61.54001614189888
2024-01-21,1053951.8429908874,1053951.8429908874,0.0,61.499504749208455
2024-01-22,1053951.8429908874,1053951.8429908874,0.0,61.94686501468958
2024-01-23,1053951.8429908874,1053951.8429908874,0.0,62.84580255499501
2024-01-24,1053951.8429908874,1053951.8429908874,0.0,62.13500495382447
2024-01-25,1053951.8429908874,1053951.8429908874,0.0,61.99053068748813
2024-01-26,1053951.8429908874,1053951.8429908874,0.0,61.6185076890848
2024-01-27,1053951.8429908874,1053951.8429908874,0.0,61.00051029149056
2024-01-28,1053951.8429908874,1053951.8429908874,0.0,60.357897990009626
2024-01-29,1053951.8429908874,1053951.8429908874,0.0,60.372959757042935
2024-01-30,1053951.8429908874,1053951.8429908874,0.0,59.7288837823767
2024-01-31,1053635.5520428058,842845.1834446283,3568.384819317967,59.07164705360065
2024-02-01,1053257.8332963008,842845.1834446283,3568.384819317967,58.96579559260906
2024-02-02,1051207.011369543,842845.1834446283,3568.384819317967,58.391075647704184
2024-02-03,1052269.4271800588,842845.1834446283,3568.384819317967,58.68880581536
2024-02-04,1051268.3798360822,842845.1834446283,3568.384819317967,58.40827347519386
2024-02-05,1048793.5439809589,842845.1834446283,3568.384819317967,57.714728361526305
2024-02-06,1053639.4598125322,842845.1834446283,3568.384819317967,59.0727421624312
2024-02-07,1049191.3303596175,842845.1834446283,3568.384819317967,57.826203552348
2024-02-08,1050965.8688945533,842845.1834446283,3568.384819317967,58.32349816175477
2024-02-09,1051687.4249063092,842845.1834446283,3568.384819317967,58.52570617694687
2024-02-10,1050677.5220151045,842845.1834446283,3568.384819317967,58.24269216855367
2024-02-11,1048799.534484534,842845.1834446283,3568.384819317967,57.71640713326159
2024-02-12,1052390.2317593028,842845.1834446283,3568.384819317967,58.72265994975433
2024-02-13,1056888.3464875487,842845.1834446283,3568.384819317967,59.983206375099094
2024-02-14,1056262.5228957538,842845.1834446283,3568.384819317967,59.80782630162535
2024-02-15,1055329.2986024546,842845.1834446283,3568.384819317967,59.54630061407978
2024-02-16,1057741.29191656,842845.1834446283,3568.384819317967,60.22223480734491
2024-02-17,1057213.2918262088,842845.1834446283,3568.384819317967,60.074268677825295
2024-02-18,1058467.6883289772,842845.1834446283,3568.384819317967,60.425799290773064
2024-02-19,1059674.2578097496,842845.1834446283,3568.384819317967,60.76392691485676
2024-02-20,1059755.2038607378,842845.1834446283,3568.384819317967,60.78661114177931
2024-02-21,1059787.8217670224,1059787.8217670224,0.0,60.88705208038911
2024-02-22,1059787.8217670224,1059787.8217670224,0.0,61.112503229435625
2024-02-23,1059787.8217670224,1059787.8217670224,0.0,60.450850278653625
2024-02-24,1059787.8217670224,1059787.8217670224,0.0,60.041339759834045
2024-02-25,1059787.8217670224,1059787.8217670224,0.0,60.17704297068608
2024-02-26,1059787.8217670224,1059787.8217670224,0.0,59.90429115030649
2024-02-27,1059787.8217670224,1059787.8217670224,0.0,61.5913640817917
2024-02-28,1059787.8217670224,1059787.8217670224,0.0,61.673075141797874
2024-02-29,1059787.8217670224,1059787.8217670224,0.0,60.610339772456925
2024-03-01,1059787.8217670224,1059787.8217670224,0.0,58.92857154221727
2024-03-02,1059787.8217670224,1059787.8217670224,0.0,59.41440230369452
2024-03-03,1059787.8217670224,1059787.8217670224,0.0,59.49839222852697
2024-03-04,1059787.8217670224,1059787.8217670224,0.0,60.361778365116514
2024-03-05,1059787.8217670224,1059787.8217670224,0.0,59.9742978740385
2024-03-06,1059787.8217670224,1059787.8217670224,0.0,59.90201916474622
2024-03-07,1059787.8217670224,1059787.8217670224,0.0,60.06950732516646
2024-03-08,1059787.8217670224,1059787.8217670224,0.0,59.97643543838072
2024-03-09,1059787.8217670224,1059787.8217670224,0.0,59.83401573939857
2024-03-10,1059787.8217670224,1059787.8217670224,0.0,60.26974953825286
2024-03-11,1059787.8217670224,1059787.8217670224,0.0,59.76932183200917
2024-03-12,1059787.8217670224,1059787.8217670224,0.0,60.09035371285535
2024-03-13,1059787.8217670224,1059787.8217670224,0.0,61.19921772365282
2024-03-14,1059787.8217670224,1059787.8217670224,0.0,62.220578462765566
2024-03-15,1059787.8217670224,1059787.8217670224,0.0,61.10703621346959
2024-03-16,1059787.8217670224,1059787.8217670224,0.0,60.80847710107121
2024-03-17,1059787.8217670224,1059787.8217670224,0.0,60.98542633685526
2024-03-18,1059787.8217670224,1059787.8217670224,0.0,61.76975677507974
2024-03-19,1059787.8217670224,1059787.8217670224,0.0,61.89954641448707
2024-03-20,1059787.8217670224,1059787.8217670224,0.0,62.69680901788895
2024-03-21,1059787.8217670224,1059787.8217670224,0.0,62.27853047111997
2024-03-22,1059787.8217670224,1059787.8217670224,0.0,62.484262179311855
2024-03-23,1059787.8217670224,1059787.8217670224,0.0,62.706453718647225
2024-03-24,1059787.8217670224,1059787.8217670224,0.0,63.5354367195473
2024-03-25,1059787.8217670224,1059787.8217670224,0.0,64.11532191856362
2024-03-26,1059787.8217670224,1059787.8217670224,0.0,64.55924835079271
2024-03-27,1059787.8217670224,1059787.8217670224,0.0,65.10990443996286
2024-03-28,1059787.8217670224,1059787.8217670224,0.0,64.3270785675203
2024-03-29,1059787.8217670224,1059787.8217670224,0.0,64.21687674320322
2024-03-30,1059787.8217670224,1059787.8217670224,0.0,63.57478820651203
2024-03-31,1059787.8217670224,1059787.8217670224,0.0,63.16092154330284
2024-04-01,1059787.8217670224,1059787.8217670224,0.0,63.051278173982794
2024-04-02,1059787.8217670224,1059787.8217670224,0.0,61.64452161785733
2024-04-03,1059469.77944171,847512.2150883056,3443.1216812758303,61.55970772280831
2024-04-04,1057817.0144302843,847512.2150883056,3443.1216812758303,61.07968837861441
2024-04-05,1055607.662734923,847512.2150883056,3443.1216812758303,60.43801727318237
2024-04-06,1055807.2321743201,847512.2150883056,3443.1216812758303,60.49597904679106
2024-04-07,1054999.090356017,847512.2150883056,3443.1216812758303,60.26126709260768
2024-04-08,1055708.8729147364,847512.2150883056,3443.1216812758303,60.46741216223431
2024-04-09,1054362.4189756683,847512.2150883056,3443.1216812758303,60.076356003403085
2024-04-10,1053999.5092651467,847512.2150883056,3443.1216812758303,59.97095464262774
2024-04-11,1059139.3068822904,847512.2150883056,3443.1216812758303,61.46372721732202
2024-04-12,1060462.0746223468,847512.2150883056,3443.1216812758303,61.84790409589408
2024-04-13,1058667.96546453,847512.2150883056,3443.1216812758303,61.32683358956451
2024-04-14,1061301.3838041278,847512.2150883056,3443.1216812758303,62.09166811572102
2024-04-15,1064637.4745642233,847512.2150883056,3443.1216812758303,63.06058268479874
2024-04-16,1065941.262627574,847512.2150883056,3443.1216812758303,63.43924721775459
2024-04-17,1064239.9032270764,847512.2150883056,3443.1216812758303,62.94511440515329
2024-04-18,1066490.2605067277,847512.2150883056,3443.1216812758303,63.598694931188405
2024-04-19,1065229.715568309,847512.2150883056,3443.1216812758303,63.232589676972815
2024-04-20,1068190.699875124,847512.2150883056,3443.1216812758303,64.09256053508022
2024-04-21,1067659.6838747137,847512.2150883056,3443.1216812758303,63.93833537269404
2024-04-22,1067045.1977818687,847512.2150883056,3443.1216812758303,63.759867647842306
2024-04-23,1068198.6963758797,847512.2150883056,3443.1216812758303,64.09488299170417
2024-04-24,1070997.3922939226,1070997.3922939226,0.0,65.00519505515065
2024-04-25,1070997.3922939226,1070997.3922939226,0.0,66.56303373204578
2024-04-26,1070997.3922939226,1070997.3922939226,0.0,66.58101791557903
2024-04-27,1070997.3922939226,1070997.3922939226,0.0,66.30881123885447
2024-04-28,1070997.3922939226,1070997.3922939226,0.0,65.76686105162783
2024-04-29,1070997.3922939226,1070997.3922939226,0.0,64.79946419730392
2024-04-30,1070997.3922939226,1070997.3922939226,0.0,64.15082599856869
2024-05-01,1070997.3922939226,1070997.3922939226,0.0,64.30216902157065
2024-05-02,1070997.3922939226,1070997.3922939226,0.0,64.98392154424462
2024-05-03,1070997.3922939226,1070997.3922939226,0.0,64.39928142831556
2024-05-04,1070997.3922939226,1070997.3922939226,0.0,64.90818890007316
2024-05-05,1070997.3922939226,1070997.3922939226,0.0,64.35114794910416
2024-05-06,1070997.3922939226,1070997.3922939226,0.0,63.8764891751498
2024-05-07,1070997.3922939226,1070997.3922939226,0.0,63.19693971339972
2024-05-08,1070997.3922939226,1070997.3922939226,0.0,64.0442518334483
2024-05-09,1070997.3922939226,1070997.3922939226,0.0,65.08136932300316
2024-05-10,1070997.3922939226,1070997.3922939226,0.0,64.60857834875412
2024-05-11,1070997.3922939226,1070997.3922939226,0.0,64.087913239197
2024-05-12,1070997.3922939226,1070997.3922939226,0.0,64.48815079703989
2024-05-13,1070997.3922939226,1070997.3922939226,0.0,65.61221023905422
2024-05-14,1070997.3922939226,1070997.3922939226,0.0,66.67972950897477
2024-05-15,1070675.9859764953,856476.5075177107,3224.7561034712685,66.42346632919335
2024-05-16,1070283.1877866636,856476.5075177107,3224.7561034712685,66.30165922898857
2024-05-17,1067666.2173035925,856476.5075177107,3224.7561034712685,65.49013414023712
2024-05-18,1066830.849361663,856476.5075177107,3224.7561034712685,65.23108573002398
2024-05-19,1067034.2167939956,856476.5075177107,3224.7561034712685,65.29415016832787
2024-05-20,1064211.253509978,856476.5075177107,3224.7561034712685,64.41874651191533
2024-05-21,1063082.2039528377,856476.5075177107,3224.7561034712685,64.06862714756248
2024-05-22,1063541.8221004857,856476.5075177107,3224.7561034712685,64.21115518159057
2024-05-23,1060418.2806395362,856476.5075177107,3224.7561034712685,63.24254194054976
2024-05-24,1061377.1359730382,856476.5075177107,3224.7561034712685,63.53988391083703
2024-05-25,1063478.6339565937,856476.5075177107,3224.7561034712685,64.19156047679292
2024-05-26,1064661.9778759931,856476.5075177107,3224.7561034712685,64.55851657562027
2024-05-27,1063630.2929249147,856476.5075177107,3224.7561034712685,64.23859007018069
2024-05-28,1066072.411331032,856476.5075177107,3224.7561034712685,64.995893360029
2024-05-29,1069000.710148966,856476.5075177107,3224.7561034712685,65.90396166782499
2024-05-30,1069677.1628904475,856476.5075177107,3224.7561034712685,66.11373032001964
2024-05-31,1069995.1506869004,856476.5075177107,3224.7561034712685,66.21233864457187
2024-06-01,1068676.0520973932,856476.5075177107,3224.7561034712685,65.8032848906811
2024-06-02,1067814.8382343196,856476.5075177107,3224.7561034712685,65.53622163521612
2024-06-03,1070092.9463703437,856476.5075177107,3224.7561034712685,66.24266518099988
2024-06-04,1074080.2974694981,856476.5075177107,3224.7561034712685,67.4791466298953
2024-06-05,1072854.216521576,1072854.216521576,0.0,67.19970369269838
2024-06-06,1072854.216521576,1072854.216521576,0.0,67.08469002966609
2024-06-07,1072854.216521576,1072854.216521576,0.0,66.65189441184486
2024-06-08,1072854.216521576,1072854.216521576,0.0,66.36536719992952
2024-06-09,1072854.216521576,1072854.216521576,0.0,65.53571793089759
2024-06-10,1072854.216521576,1072854.216521576,0.0,65.81757802350766
2024-06-11,1072854.216521576,1072854.216521576,0.0,64.98820614370982
2024-06-12,1072854.216521576,1072854.216521576,0.0,64.63288738392562
2024-06-13,1072854.216521576,1072854.216521576,0.0,64.59339025875525
2024-06-14,1072854.216521576,1072854.216521576,0.0,63.75015907047741
2024-06-15,1072854.216521576,1072854.216521576,0.0,63.258723300726
2024-06-16,1072854.216521576,1072854.216521576,0.0,62.55082714622255
2024-06-17,1072854.216521576,1072854.216521576,0.0,63.24243830427692
2024-06-18,1072854.216521576,1072854.216521576,0.0,64.14988650503474
2024-06-19,1072854.216521576,1072854.216521576,0.0,63.64553794276365
2024-06-20,1072854.216521576,1072854.216521576,0.0,65.42878938399349
2024-06-21,1072854.216521576,1072854.216521576,0.0,64.82050564404446
2024-06-22,1072854.216521576,1072854.216521576,0.0,64.5467255275365
2024-06-23,1072854.216521576,1072854.216521576,0.0,64.86567051733545
2024-06-24,1072854.216521576,1072854.216521576,0.0,65.24774120477802
2024-06-25,1072854.216521576,1072854.216521576,0.0,65.03991910324903
2024-06-26,1072854.216521576,1072854.216521576,0.0,65.75552213512779
2024-06-27,1072854.216521576,1072854.216521576,0.0,66.54848565406155
2024-06-28,1072854.216521576,1072854.216521576,0.0,66.54337829403084
2024-06-29,1072854.216521576,1072854.216521576,0.0,66.44356974652753
2024-06-30,1072854.216521576,1072854.216521576,0.0,66.03913926086315
2024-07-01,1072854.216521576,1072854.216521576,0.0,65.35572955473263
2024-07-02,1072854.216521576,1072854.216521576,0.0,64.8346703199367
2024-07-03,1072854.216521576,1072854.216521576,0.0,65.18867852908905
2024-07-04,1072854.216521576,1072854.216521576,0.0,65.18913701806363
2024-07-05,1072854.216521576,1072854.216521576,0.0,65.03013589353723
2024-07-06,1072854.216521576,1072854.216521576,0.0,64.65985626695337
2024-07-07,1072854.216521576,1072854.216521576,0.0,64.30558799603806
2024-07-08,1072854.216521576,1072854.216521576,0.0,64.27656174943495
2024-07-09,1072854.216521576,1072854.216521576,0.0,64.19683485684877
2024-07-10,1072854.216521576,1072854.216521576,0.0,64.19616707688482
2024-07-11,1072854.216521576,1072854.216521576,0.0,63.91137127543232
2024-07-12,1072854.216521576,1072854.216521576,0.0,63.48408062726209
2024-07-13,1072854.216521576,1072854.216521576,0.0,63.48942905031541
2024-07-14,1072854.216521576,1072854.216521576,0.0,63.90332473558519
2024-07-15,1072854.216521576,1072854.216521576,0.0,63.579142524897726
2024-07-16,1072854.216521576,1072854.216521576,0.0,62.07925576955724
2024-07-17,1072532.252971198,857961.4096668827,3503.991698571752,61.236116338910165
2024-07-18,1074849.7079928739,857961.4096668827,3503.991698571752,61.89749205581625
2024-07-19,1077015.7540527787,857961.4096668827,3503.991698571752,62.51565735021117
2024-07-20,1078437.0964373937,857961.4096668827,3503.991698571752,62.921292553397954
2024-07-21,1079570.2979194354,857961.4096668827,3503.991698571752,63.24469556902253
2024-07-22,1081837.1452721218,857961.4096668827,3503.991698571752,63.89162842380368
2024-07-23,1081070.2098095834,857961.4096668827,3503.991698571752,63.67275362942246
2024-07-24,1081380.3568742613,857961.4096668827,3503.991698571752,63.76126612926777
2024-07-25,1079662.7334204786,857961.4096668827,3503.991698571752,63.27107562611025
2024-07-26,1079274.3557477773,857961.4096668827,3503.991698571752,63.16023698660673
2024-07-27,1083511.062482442,857961.4096668827,3503.991698571752,64.36934565441314
2024-07-28,1081654.2985006438,857961.4096668827,3503.991698571752,63.83944600238054
2024-07-29,1079063.0344255483,857961.4096668827,3503.991698571752,63.099928247201056
2024-07-30,1078635.3219788496,857961.4096668827,3503.991698571752,62.97786390359168
2024-07-31,1077754.6447938376,857961.4096668827,3503.991698571752,62.72652849507148
2024-08-01,1078340.027495229,857961.4096668827,3503.991698571752,62.89359016409025
2024-08-02,1080094.2880697597,857961.4096668827,3503.991698571752,63.39423649131925
2024-08-03,1079263.8915796857,857961.4096668827,3503.991698571752,63.15725063019051
2024-08-04,1083975.7047907237,857961.4096668827,3503.991698571752,64.5019493670507
2024-08-05,1086774.4427020533,857961.4096668827,3503.991698571752,65.30067783220956
2024-08-06,1085034.0463002569,857961.4096668827,3503.991698571752,64.80398818465534
2024-08-07,1084514.3023165846,1084514.3023165846,0.0,64.75275582814524
2024-08-08,1084514.3023165846,1084514.3023165846,0.0,65.0958168476745
2024-08-09,1084514.3023165846,1084514.3023165846,0.0,64.55845893624591
2024-08-10,1084514.3023165846,1084514.3023165846,0.0,63.23918968657194
2024-08-11,1084514.3023165846,1084514.3023165846,0.0,64.47115964979389
2024-08-12,1084514.3023165846,1084514.3023165846,0.0,63.76139660672129
2024-08-13,1084514.3023165846,1084514.3023165846,0.0,64.30723744474093
2024-08-14,1084514.3023165846,1084514.3023165846,0.0,64.75924534111928
2024-08-15,1084514.3023165846,1084514.3023165846,0.0,64.2330564639646
2024-08-16,1084514.3023165846,1084514.3023165846,0.0,65.50438047683706
2024-08-17,1084514.3023165846,1084514.3023165846,0.0,65.54670287246041
2024-08-18,1084514.3023165846,1084514.3023165846,0.0,65.6370676795512
2024-08-19,1084514.3023165846,1084514.3023165846,0.0,64.63512746873293
2024-08-20,1084514.3023165846,1084514.3023165846,0.0,63.28435481415282
2024-08-21,1084514.3023165846,1084514.3023165846,0.0,63.13102908999922
2024-08-22,1084514.3023165846,1084514.3023165846,0.0,63.95533940393522
2024-08-23,1084514.3023165846,1084514.3023165846,0.0,62.77561805428638
2024-08-24,1084514.3023165846,1084514.3023165846,0.0,62.86693114683
2024-08-25,1084514.3023165846,1084514.3023165846,0.0,62.918254171357134
2024-08-26,1084514.3023165846,1084514.3023165846,0.0,63.70395218302733
2024-08-27,1084514.3023165846,1084514.3023165846,0.0,64.35479232260607
2024-08-28,1084189.3335626246,867615.6888041528,3360.589586592825,64.44513356302089
2024-08-29,1083986.794363737,867615.6888041528,3360.589586592825,64.38486461506739
2024-08-30,1082434.820182141,867615.6888041528,3360.589586592825,63.923048573088415
2024-08-31,1079988.2446324816,867615.6888041528,3360.589586592825,63.19502883529591
2024-09-01,1078662.1012064975,867615.6888041528,3360.589586592825,62.80041253603857
2024-09-02,1076339.0936972601,867615.6888041528,3360.589586592825,62.10916254868365
2024-09-03,1076119.8345745308,867615.6888041528,3360.589586592825,62.043918305946
2024-09-04,1076047.4289425807,867615.6888041528,3360.589586592825,62.022372791361555
2024-09-05,1075475.6925097788,867615.6888041528,3360.589586592825,61.85224299179224
2024-09-06,1075703.1164081825,867615.6888041528,3360.589586592825,61.91991680096874
2024-09-07,1074749.7912913638,867615.6888041528,3360.589586592825,61.636238865221415
2024-09-08,1076500.515854685,867615.6888041528,3360.589586592825,62.15719642883043
2024-09-09,1076978.8140800782,867615.6888041528,3360.589586592825,62.29952211694815
2024-09-10,1075967.8993004072,867615.6888041528,3360.589586592825,61.998707407617346
2024-09-11,1073551.5211616633,867615.6888041528,3360.589586592825,61.27967341775322
2024-09-12,1073383.5883740406,867615.6888041528,3360.589586592825,61.22970218999815
2024-09-13,1075745.1548098132,867615.6888041528,3360.589586592825,61.9324260350027
2024-09-14,1076975.584904133,867615.6888041528,3360.589586592825,62.29856122128928
2024-09-15,1078568.9207320565,867615.6888041528,3360.589586592825,62.77268511736992
2024-09-16,1080101.8681818082,867615.6888041528,3360.589586592825,63.2288394350133
2024-09-17,1082700.746257288,867615.6888041528,3360.589586592825,64.00217935305862
2024-09-18,1083912.4608502057,1300825.067619796,-3360.0514786821996,64.55633437338359
2024-09-19,1083588.8662090455,1300825.067619796,-3360.0514786821996,64.6526408267857
2024-09-20,1084471.3840288024,1300825.067619796,-3360.0514786821996,64.3899907378344
2024-09-21,1082567.8537169336,1300825.067619796,-3360.0514786821996,64.95650893672081
2024-09-22,1087784.3660619652,1300825.067619796,-3360.0514786821996,63.403999286756296
2024-09-23,1085067.1218317267,1300825.067619796,-3360.0514786821996,64.2126905367202
2024-09-24,1083573.2219773612,1300825.067619796,-3360.0514786821996,64.65729677678634
2024-09-25,1079984.006617386,1300825.067619796,-3360.0514786821996,65.7254992679526
2024-09-26,1082442.7337381337,1300825.067619796,-3360.0514786821996,64.99374645513201
2024-09-27,1079890.264872354,1300825.067619796,-3360.0514786821996,65.75339816939106
2024-09-28,1078419.3537824028,1300825.067619796,-3360.0514786821996,66.1911626201096
2024-09-29,1079766.3081394972,1300825.067619796,-3360.0514786821996,65.79028948895662
2024-09-30,1080067.5224022989,1300825.067619796,-3360.0514786821996,65.7006437603978
2024-10-01,1080522.4118330567,1300825.067619796,-3360.0514786821996,65.5652620754314
2024-10-02,1081324.9791442263,1300825.067619796,-3360.0514786821996,65.32640641614717
2024-10-03,1084265.3912613506,1300825.067619796,-3360.0514786821996,64.45129716982174
2024-10-04,1081707.261538903,1300825.067619796,-3360.0514786821996,65.21263363703882
2024-10-05,1083771.0639870036,1300825.067619796,-3360.0514786821996,64.59841612841002
2024-10-06,1086037.6765304105,1300825.067619796,-3360.0514786821996,63.92383939713454
2024-10-07,1083446.51780939,1300825.067619796,-3360.0514786821996,64.69500577284632
2024-10-08,1086474.4076976867,1300825.067619796,-3360.0514786821996,63.793861874454585
2024-10-09,1087116.5472439365,1304540.9727662294,-3418.564398081406,63.601091044041056
2024-10-10,1089267.6132355486,1304540.9727662294,-3418.564398081406,62.97186024972888
2024-10-11,1085715.17705118,1304540.9727662294,-3418.564398081406,64.01102048504939
2024-10-12,1083197.9784016383,1304540.9727662294,-3418.564398081406,64.74735256963858
2024-10-13,1085009.254033956,1304540.9727662294,-3418.564398081406,64.21751740452241
2024-10-14,1087187.202118628,1304540.9727662294,-3418.564398081406,63.58042304822062
2024-10-15,1085513.1645782718,1304540.9727662294,-3418.564398081406,64.07011326476173
2024-10-16,1084561.9484257516,1304540.9727662294,-3418.564398081406,64.34836344283467
2024-10-17,1085339.4755363432,1304540.9727662294,-3418.564398081406,64.12092086166584
2024-10-18,1086316.153287765,1304540.9727662294,-3418.564398081406,63.83522264519522
2024-10-19,1086825.9298371666,1304540.9727662294,-3418.564398081406,63.68610257898039
2024-10-20,1084853.4044232527,1304540.9727662294,-3418.564398081406,64.26310660295634
2024-10-21,1081375.5130961465,1304540.9727662294,-3418.564398081406,65.28046094299981
2024-10-22,1077270.53105474,1304540.9727662294,-3418.564398081406,66.48125214170012
2024-10-23,1078933.5899760136,1304540.9727662294,-3418.564398081406,65.99477339576609
2024-10-24,1078802.6535643146,1304540.9727662294,-3418.564398081406,66.03307497398778
2024-10-25,1075749.3643969707,1304540.9727662294,-3418.564398081406,66.92622449869981
2024-10-26,1077732.504124351,1304540.9727662294,-3418.564398081406,66.34611557096002
2024-10-27,1079274.2515171494,1304540.9727662294,-3418.564398081406,65.89512292806478
2024-10-28,1077471.9971416797,1304540.9727662294,-3418.564398081406,66.42231919105785
2024-10-29,1078533.7419282875,1304540.9727662294,-3418.564398081406,66.11173712707689
2024-10-30,1081509.636567692,1081509.636567692,0.0,65.14347929391346
2024-10-31,1081509.636567692,1081509.636567692,0.0,64.60701766144116
2024-11-01,1081509.636567692,1081509.636567692,0.0,65.24999885435592
2024-11-02,1081509.636567692,1081509.636567692,0.0,65.41269563679286
2024-11-03,1081509.636567692,1081509.636567692,0.0,64.3987341224206
2024-11-04,1081509.636567692,1081509.636567692,0.0,64.00777813820297
2024-11-05,1081509.636567692,1081509.636567692,0.0,65.18516105328118
2024-11-06,1081509.636567692,1081509.636567692,0.0,65.1398808425036
2024-11-07,1081509.636567692,1081509.636567692,0.0,64.98152449705061
2024-11-08,1081509.636567692,1081509.636567692,0.0,64.98685900802266
2024-11-09,1081509.636567692,1081509.636567692,0.0,65.12030404364107
2024-11-10,1081509.636567692,1081509.636567692,0.0,64.86630005695336
2024-11-11,1081509.636567692,1081509.636567692,0.0,65.74171273827729
2024-11-12,1081509.636567692,1081509.636567692,0.0,65.4328209151682
2024-11-13,1081509.636567692,1081509.636567692,0.0,66.08631225580591
2024-11-14,1081509.636567692,1081509.636567692,0.0,67.30174043284266
2024-11-15,1081509.636567692,1081509.636567692,0.0,67.55643545892681
2024-11-16,1081509.636567692,1081509.636567692,0.0,66.85237997062067
2024-11-17,1081509.636567692,1081509.636567692,0.0,66.97834275885924
2024-11-18,1081509.636567692,1081509.636567692,0.0,66.6018041529629
2024-11-19,1081509.636567692,1081509.636567692,0.0,67.20263500679364
2024-11-20,1081509.636567692,1081509.636567692,0.0,67.34205506335593
2024-11-21,1081509.636567692,1081509.636567692,0.0,67.2619295120202
2024-11-22,1081509.636567692,1081509.636567692,0.0,66.58709327166257
2024-11-23,1081509.636567692,1081509.636567692,0.0,65.35940619267521
2024-11-24,1081509.636567692,1081509.636567692,0.0,64.8311343996255
2024-11-25,1081509.636567692,1081509.636567692,0.0,65.25459210750614
2024-11-26,1081509.636567692,1081509.636567692,0.0,66.03100613737449
2024-11-27,1081509.636567692,1081509.636567692,0.0,65.8265598568486
2024-11-28,1081509.636567692,1081509.636567692,0.0,65.2076325395509
2024-11-29,1081509.636567692,1081509.636567692,0.0,65.33146662543653
2024-11-30,1081509.636567692,1081509.636567692,0.0,65.7828278318431
2024-12-01,1081509.636567692,1081509.636567692,0.0,66.29607853736331
2024-12-02,1081509.636567692,1081509.636567692,0.0,66.4251767648999
2024-12-03,1081509.636567692,1081509.636567692,0.0,67.81469643657167
2024-12-04,1081509.636567692,1081509.636567692,0.0,68.68066781351554
2024-12-05,1081509.636567692,1081509.636567692,0.0,67.84596386643678
2024-12-06,1081509.636567692,1081509.636567692,0.0,66.857613643495
2024-12-07,1081509.636567692,1081509.636567692,0.0,66.10615847126653
2024-12-08,1081509.636567692,1081509.636567692,0.0,66.88304696434832
2024-12-09,1081509.636567692,1081509.636567692,0.0,65.74955773077019
2024-12-10,1081509.636567692,1081509.636567692,0.0,66.05109053504695
2024-12-11,1081509.636567692,1081509.636567692,0.0,65.93889755987611
2024-12-12,1081509.636567692,1081509.636567692,0.0,65.12318265619899
2024-12-13,1081509.636567692,1081509.636567692,0.0,65.28543972990323
2024-12-14,1081509.636567692,1081509.636567692,0.0,65.17034905942941
2024-12-15,1081509.636567692,1081509.636567692,0.0,65.69835967128117
2024-12-16,1081509.636567692,1081509.636567692,0.0,64.63810533067462
2024-12-17,1081509.636567692,1081509.636567692,0.0,64.0630969693052
2024-12-18,1081509.636567692,1081509.636567692,0.0,63.50591888477975
2024-12-19,1081509.636567692,1081509.636567692,0.0,63.92749626799306
2024-12-20,1081509.636567692,1081509.636567692,0.0,63.77576304599347
2024-12-21,1081509.636567692,1081509.636567692,0.0,64.53328951252838
2024-12-22,1081509.636567692,1081509.636567692,0.0,64.27644690802
2024-12-23,1081509.636567692,1081509.636567692,0.0,64.41842986557774
2024-12-24,1081509.636567692,1081509.636567692,0.0,65.38168490684521
2024-12-25,1081509.636567692,1081509.636567692,0.0,64.23272745935346
2024-12-26,1081509.636567692,1081509.636567692,0.0,64.25135647223924
2024-12-27,1081509.636567692,1081509.636567692,0.0,64.23107303949165
2024-12-28,1081509.636567692,1081509.636567692,0.0,63.72702107464454
2024-12-29,1081509.636567692,1081509.636567692,0.0,63.622681844590446
2024-12-30,1081509.636567692,1081509.636567692,0.0,63.82160939559056
2024-12-31,1081509.636567692,1081509.636567692,0.0,63.347118363244704
2025-01-01,1081509.636567692,1081509.636567692,0.0,63.38222725706504
2025-01-02,1081509.636567692,1081509.636567692,0.0,62.73918067073056
2025-01-03,1081509.636567692,1081509.636567692,0.0,62.61112940853293
2025-01-04,1081509.636567692,1081509.636567692,0.0,63.19530832934812
2025-01-05,1081509.636567692,1081509.636567692,0.0,63.81479032284126
2025-01-06,1081509.636567692,1081509.636567692,0.0,64.56759521273293
2025-01-07,1081509.636567692,1081509.636567692,0.0,64.5020017120661
2025-01-08,1081509.636567692,1081509.636567692,0.0,64.29160248968788
2025-01-09,1081509.636567692,1081509.636567692,0.0,64.76780215902073
2025-01-10,1081509.636567692,1081509.636567692,0.0,65.52799091172278
2025-01-11,1081509.636567692,1081509.636567692,0.0,65.58269029136284
2025-01-12,1081509.636567692,1081509.636567692,0.0,66.58194471880182
2025-01-13,1081509.636567692,1081509.636567692,0.0,67.0567504279637
2025-01-14,1081509.636567692,1081509.636567692,0.0,66.67494028367605
2025-01-15,1081509.636567692,1081509.636567692,0.0,66.37559668566722
2025-01-16,1081509.636567692,1081509.636567692,0.0,66.34873432987021
2025-01-17,1081509.636567692,1081509.636567692,0.0,65.3148983359314
2025-01-18,1081509.636567692,1081509.636567692,0.0,64.9544179929563
2025-01-19,1081509.636567692,1081509.636567692,0.0,65.69967035642598
2025-01-20,1081509.636567692,1081509.636567692,0.0,66.58938909068857
2025-01-21,1081509.636567692,1081509.636567692,0.0,66.78012817168675
2025-01-22,1081509.636567692,1081509.636567692,0.0,67.08424612671521
2025-01-23,1081509.636567692,1081509.636567692,0.0,66.87666083911616
2025-01-24,1081509.636567692,1081509.636567692,0.0,66.44991755879556
2025-01-25,1081509.636567692,1081509.636567692,0.0,66.82996847523196
2025-01-26,1081509.636567692,1081509.636567692,0.0,66.53668966861179
2025-01-27,1081509.636567692,1081509.636567692,0.0,67.67094206816829
2025-01-28,1081509.636567692,1081509.636567692,0.0,67.94800552763311
2025-01-29,1081509.636567692,1081509.636567692,0.0,68.25123334753849
2025-01-30,1081509.636567692,1081509.636567692,0.0,67.53191652766233
2025-01-31,1081509.636567692,1081509.636567692,0.0,65.9841401787159
2025-02-01,1081509.636567692,1081509.636567692,0.0,66.27850844131432
2025-02-02,1081509.636567692,1081509.636567692,0.0,65.94998559781956
2025-02-03,1081509.636567692,1081509.636567692,0.0,66.60211749502454
2025-02-04,1081509.636567692,1081509.636567692,0.0,65.99697666552076
2025-02-05,1081509.636567692,1081509.636567692,0.0,65.6473227913549
2025-02-06,1081509.636567692,1081509.636567692,0.0,66.38634564366274
2025-02-07,1081509.636567692,1081509.636567692,0.0,66.67695097451889
2025-02-08,1081509.636567692,1081509.636567692,0.0,66.01263163322001
2025-02-09,1081509.636567692,1081509.636567692,0.0,66.03508447829928
2025-02-10,1081509.636567692,1081509.636567692,0.0,67.30425682035312
2025-02-11,1081509.636567692,1081509.636567692,0.0,67.40099632167112
2025-02-12,1081509.636567692,1081509.636567692,0.0,67.3012901130048
2025-02-13,1081509.636567692,1081509.636567692,0.0,67.90649842112857
2025-02-14,1081509.636567692,1081509.636567692,0.0,68.14613703669674
2025-02-15,1081509.636567692,1081509.636567692,0.0,69.13707554712465
2025-02-16,1081509.636567692,1081509.636567692,0.0,69.66110389708821
2025-02-17,1081509.636567692,1081509.636567692,0.0,70.29548345381225
2025-02-18,1081509.636567692,1081509.636567692,0.0,71.35237537707079
2025-02-19,1081509.636567692,1081509.636567692,0.0,71.13931312169164
2025-02-20,1081509.636567692,1081509.636567692,0.0,70.71462961073914
2025-02-21,1081509.636567692,1081509.636567692,0.0,69.76937586153468
2025-02-22,1081509.636567692,1081509.636567692,0.0,69.62242366403942
2025-02-23,1081509.636567692,1081509.636567692,0.0,68.71727416040659
2025-02-24,1081509.636567692,1081509.636567692,0.0,68.96888541712921
2025-02-25,1081509.636567692,1081509.636567692,0.0,68.5470643500496
2025-02-26,1081509.636567692,1081509.636567692,0.0,69.20990046929167
2025-02-27,1081509.636567692,1081509.636567692,0.0,69.7509265314054
2025-02-28,1081509.636567692,1081509.636567692,0.0,69.47970570765467
2025-03-01,1081509.636567692,1081509.636567692,0.0,70.16135266458248
2025-03-02,1081509.636567692,1081509.636567692,0.0,70.26613664176176
2025-03-03,1081509.636567692,1081509.636567692,0.0,69.03249721414294
2025-03-04,1081509.636567692,1081509.636567692,0.0,68.35338225806248
2025-03-05,1081185.075525758,864883.1482122197,3187.464672019727,67.86018029071343
2025-03-06,1081207.234146218,864883.1482122197,3187.464672019727,67.86713209182813
2025-03-07,1080281.0667449804,864883.1482122197,3187.464672019727,67.57656654944964
2025-03-08,1079144.6595837402,864883.1482122197,3187.464672019727,67.22004270427077
2025-03-09,1080393.0781616587,864883.1482122197,3187.464672019727,67.61170777553495
2025-03-10,1082095.651282498,864883.1482122197,3187.464672019727,68.14585428256441
2025-03-11,1080756.2259669288,864883.1482122197,3187.464672019727,67.72563776147571
2025-03-12,1078929.6487499853,864883.1482122197,3187.464672019727,67.15258757742899
2025-03-13,1081652.8044757396,864883.1482122197,3187.464672019727,68.00692041118829
2025-03-14,1087643.4001348687,864883.1482122197,3187.464672019727,69.88634380110558
2025-03-15,1085555.0695895841,864883.1482122197,3187.464672019727,69.23117401565938
2025-03-16,1087530.3529402472,864883.1482122197,3187.464672019727,69.85087762147579
2025-03-17,1087221.0307939872,864883.1482122197,3187.464672019727,69.75383430395287
2025-03-18,1088729.0933137378,864883.1482122197,3187.464672019727,70.2269572009652
2025-03-19,1086606.0863922078,864883.1482122197,3187.464672019727,69.56090843180827
2025-03-20,1083847.9724236915,864883.1482122197,3187.464672019727,68.69560818464709
2025-03-21,1081403.308591438,864883.1482122197,3187.464672019727,67.92864632504961
2025-03-22,1080185.274546599,864883.1482122197,3187.464672019727,67.54651376197177
2025-03-23,1079680.5351139582,864883.1482122197,3187.464672019727,67.38816238099126
2025-03-24,1081720.2680189742,864883.1482122197,3187.464672019727,68.02808567894067
2025-03-25,1079920.5194778594,864883.1482122197,3187.464672019727,67.46345242765682
2025-03-26,1078232.9153041395,1078232.9153041395,0.0,67.03452037625351
2025-03-27,1078232.9153041395,1078232.9153041395,0.0,68.44379537165128
2025-03-28,1078232.9153041395,1078232.9153041395,0.0,68.48033749921917
2025-03-29,1078232.9153041395,1078232.9153041395,0.0,68.67600291281781
2025-03-30,1078232.9153041395,1078232.9153041395,0.0,69.18976185076157
2025-03-31,1078232.9153041395,1078232.9153041395,0.0,68.82826654180553
2025-04-01,1078232.9153041395,1078232.9153041395,0.0,68.81564138555404
2025-04-02,1078232.9153041395,1078232.9153041395,0.0,68.59409807633176
2025-04-03,1078232.9153041395,1078232.9153041395,0.0,68.5371618022871
2025-04-04,1078232.9153041395,1078232.9153041395,0.0,69.1175399601758
2025-04-05,1078232.9153041395,1078232.9153041395,0.0,69.58542906039324
2025-04-06,1078232.9153041395,1078232.9153041395,0.0,68.01527997001133
2025-04-07,1078232.9153041395,1078232.9153041395,0.0,68.69738733427037
2025-04-08,1078232.9153041395,1078232.9153041395,0.0,68.46029287249794
2025-04-09,1078232.9153041395,1078232.9153041395,0.0,68.73111089315404
2025-04-10,1078232.9153041395,1078232.9153041395,0.0,68.4515568350868
2025-04-11,1078232.9153041395,1078232.9153041395,0.0,68.41610471141442
2025-04-12,1078232.9153041395,1078232.9153041395,0.0,69.32191895750304
2025-04-13,1078232.9153041395,1078232.9153041395,0.0,69.55528494014445
2025-04-14,1078232.9153041395,1078232.9153041395,0.0,70.44016428263696
2025-04-15,1078232.9153041395,1078232.9153041395,0.0,70.40427081207183
2025-04-16,1078232.9153041395,1078232.9153041395,0.0,70.29529291919252
2025-04-17,1078232.9153041395,1078232.9153041395,0.0,70.30385404704651
2025-04-18,1078232.9153041395,1078232.9153041395,0.0,69.41700404153399
2025-04-19,1078232.9153041395,1078232.9153041395,0.0,67.57389680116192
2025-04-20,1078232.9153041395,1078232.9153041395,0.0,67.04837726386621
2025-04-21,1078232.9153041395,1078232.9153041395,0.0,67.74067026102725
2025-04-22,1078232.9153041395,1078232.9153041395,0.0,68.7098191878153
2025-04-23,1078232.9153041395,1078232.9153041395,0.0,67.3476815881462
2025-04-24,1078232.9153041395,1078232.9153041395,0.0,68.21982775922329
2025-04-25,1078232.9153041395,1078232.9153041395,0.0,67.81693982441583
2025-04-26,1078232.9153041395,1078232.9153041395,0.0,66.85646536630549
2025-04-27,1078232.9153041395,1078232.9153041395,0.0,67.56839069969787
2025-04-28,1078232.9153041395,1078232.9153041395,0.0,67.2277320851654
2025-04-29,1078232.9153041395,1078232.9153041395,0.0,69.00929418546751
2025-04-30,1078232.9153041395,1078232.9153041395,0.0,68.54625464151759
2025-05-01,1078232.9153041395,1078232.9153041395,0.0,68.35708517181553
2025-05-02,1078232.9153041395,1078232.9153041395,0.0,67.69283218269247
2025-05-03,1078232.9153041395,1078232.9153041395,0.0,67.79438018399809
2025-05-04,1078232.9153041395,1078232.9153041395,0.0,68.33690470526159
2025-05-05,1078232.9153041395,1078232.9153041395,0.0,67.16465875772278
2025-05-06,1078232.9153041395,1078232.9153041395,0.0,67.60657114065772
2025-05-07,1078232.9153041395,1078232.9153041395,0.0,67.33085222159305
2025-05-08,1078232.9153041395,1078232.9153041395,0.0,66.75368315077142
2025-05-09,1078232.9153041395,1078232.9153041395,0.0,65.82483451271713
2025-05-10,1078232.9153041395,1078232.9153041395,0.0,66.47217415493985
2025-05-11,1078232.9153041395,1078232.9153041395,0.0,66.66301511682666
2025-05-12,1078232.9153041395,1078232.9153041395,0.0,66.2761110119838
2025-05-13,1078232.9153041395,1078232.9153041395,0.0,66.79472468935634
2025-05-14,1078232.9153041395,1078232.9153041395,0.0,67.14955977778567
2025-05-15,1078232.9153041395,1078232.9153041395,0.0,67.73485153557094
2025-05-16,1078232.9153041395,1078232.9153041395,0.0,68.8552744546566
2025-05-17,1078232.9153041395,1078232.9153041395,0.0,69.0052103455922
2025-05-18,1078232.9153041395,1078232.9153041395,0.0,70.35161723558035
2025-05-19,1078232.9153041395,1078232.9153041395,0.0,71.36314558275262
2025-05-20,1078232.9153041395,1078232.9153041395,0.0,71.92442982003804
2025-05-21,1078232.9153041395,1078232.9153041395,0.0,70.71825025878398
2025-05-22,1078232.9153041395,1078232.9153041395,0.0,70.79593593578404
2025-05-23,1078232.9153041395,1078232.9153041395,0.0,70.97053940643846
2025-05-24,1078232.9153041395,1078232.9153041395,0.0,71.12369644020299
2025-05-25,1078232.9153041395,1078232.9153041395,0.0,71.04564017423013
2025-05-26,1078232.9153041395,1078232.9153041395,0.0,71.50611632195817
2025-05-27,1078232.9153041395,1078232.9153041395,0.0,72.06543656663693
2025-05-28,1078232.9153041395,1078232.9153041395,0.0,70.87039841621468
2025-05-29,1078232.9153041395,1078232.9153041395,0.0,71.837113021247
2025-05-30,1078232.9153041395,1078232.9153041395,0.0,70.78426410864289
2025-05-31,1078232.9153041395,1078232.9153041395,0.0,70.49753373809222
2025-06-01,1078232.9153041395,1078232.9153041395,0.0,69.87458205728356
2025-06-02,1078232.9153041395,1078232.9153041395,0.0,69.37206831127672
2025-06-03,1078232.9153041395,1078232.9153041395,0.0,70.129928494098
2025-06-04,1078232.9153041395,1078232.9153041395,0.0,70.21527226285748
2025-06-05,1078232.9153041395,1078232.9153041395,0.0,70.69620064043106
2025-06-06,1078232.9153041395,1078232.9153041395,0.0,71.14442676369522
2025-06-07,1078232.9153041395,1078232.9153041395,0.0,69.79494141226196
2025-06-08,1078232.9153041395,1078232.9153041395,0.0,69.40674957471475
2025-06-09,1078232.9153041395,1078232.9153041395,0.0,69.92825890489051
2025-06-10,1078232.9153041395,1078232.9153041395,0.0,70.3890860573905
2025-06-11,1078232.9153041395,1078232.9153041395,0.0,69.16337523579821
2025-06-12,1078232.9153041395,1078232.9153041395,0.0,69.87945835550838
2025-06-13,1078232.9153041395,1078232.9153041395,0.0,70.31128369077369
2025-06-14,1078232.9153041395,1078232.9153041395,0.0,69.63758044859134
2025-06-15,1078232.9153041395,1078232.9153041395,0.0,69.92272148127596
2025-06-16,1078232.9153041395,1078232.9153041395,0.0,69.7627036796845
2025-06-17,1078232.9153041395,1078232.9153041395,0.0,70.10675765737365
2025-06-18,1078232.9153041395,1078232.9153041395,0.0,68.85596290624392
2025-06-19,1078232.9153041395,1078232.9153041395,0.0,68.61360097383599
2025-06-20,1078232.9153041395,1078232.9153041395,0.0,69.42853492189329
2025-06-21,1078232.9153041395,1078232.9153041395,0.0,69.80363883739568
2025-06-22,1078232.9153041395,1078232.9153041395,0.0,70.35842603120794
2025-06-23,1078232.9153041395,1078232.9153041395,0.0,70.1943018097145
2025-06-24,1078232.9153041395,1078232.9153041395,0.0,70.59156041092403
2025-06-25,1078232.9153041395,1078232.9153041395,0.0,70.4765271652188
2025-06-26,1078232.9153041395,1078232.9153041395,0.0,69.8277367104293
2025-06-27,1078232.9153041395,1078232.9153041395,0.0,69.65188429993043
2025-06-28,1078232.9153041395,1078232.9153041395,0.0,70.67204942054802
2025-06-29,1078232.9153041395,1078232.9153041395,0.0,71.47683189470072
2025-06-30,1078232.9153041395,1078232.9153041395,0.0,70.77114413109797
2025-07-01,1078232.9153041395,1078232.9153041395,0.0,70.47640233578743
2025-07-02,1078232.9153041395,1078232.9153041395,0.0,69.82803334343298
2025-07-03,1078232.9153041395,1078232.9153041395,0.0,69.95350343538809
2025-07-04,1078232.9153041395,1078232.9153041395,0.0,70.65462093027126
2025-07-05,1078232.9153041395,1078232.9153041395,0.0,72.10485990727311
2025-07-06,1078232.9153041395,1078232.9153041395,0.0,71.08290878378348
2025-07-07,1078232.9153041395,1078232.9153041395,0.0,71.69567310530502
2025-07-08,1078232.9153041395,1078232.9153041395,0.0,71.6901630546236
2025-07-09,1077909.3376062566,862262.7545454288,3019.0997942237323,71.42744452283821
2025-07-10,1075901.8154950556,862262.7545454288,3019.0997942237323,70.76250389548896
2025-07-11,1079738.3347606247,862262.7545454288,3019.0997942237323,72.03325329996682
2025-07-12,1076224.647117338,862262.7545454288,3019.0997942237323,70.8694336574332
2025-07-13,1075179.3195852833,862262.7545454288,3019.0997942237323,70.52319550589726
2025-07-14,1075962.7934992707,862262.7545454288,3019.0997942237323,70.78270130808585
2025-07-15,1076933.6697424047,862262.7545454288,3019.0997942237323,71.1042793642308
2025-07-16,1079626.9369404796,862262.7545454288,3019.0997942237323,71.9963556060389
2025-07-17,1077721.0574960683,862262.7545454288,3019.0997942237323,71.3650815262428
2025-07-18,1079070.5595749193,862262.7545454288,3019.0997942237323,71.8120697581101
2025-07-19,1078934.1555526368,862262.7545454288,3019.0997942237323,71.76688939588975
2025-07-20,1079021.3120501856,862262.7545454288,3019.0997942237323,71.79575776841443
2025-07-21,1078027.4246612538,862262.7545454288,3019.0997942237323,71.46655785563465
2025-07-22,1078376.9580321477,862262.7545454288,3019.0997942237323,71.5823318925057
2025-07-23,1078069.459922347,862262.7545454288,3019.0997942237323,71.48048096648168
2025-07-24,1077302.0056541595,862262.7545454288,3019.0997942237323,71.22628126441957
2025-07-25,1076175.5738124817,862262.7545454288,3019.0997942237323,70.8531793736397
2025-07-26,1076973.8754385868,862262.7545454288,3019.0997942237323,71.11759647824573
2025-07-27,1074135.236591891,862262.7545454288,3019.0997942237323,70.17736957613175
2025-07-28,1073728.095404927,862262.7545454288,3019.0997942237323,70.04251441574817
2025-07-29,1072110.854937202,862262.7545454288,3019.0997942237323,69.50684465391421
2025-07-30,1071845.9168235944,857475.2988959966,3087.9586512756155,69.42146645617893
2025-07-31,1071609.8024901764,857475.2988959966,3087.9586512756155,69.34500353679351
2025-08-01,1073474.1019699252,857475.2988959966,3087.9586512756155,69.94873554563333
2025-08-02,1074902.2674844526,857475.2988959966,3087.9586512756155,70.4112305709269
2025-08-03,1075537.6368634652,857475.2988959966,3087.9586512756155,70.6169876586231
2025-08-04,1075914.623928687,857475.2988959966,3087.9586512756155,70.73907059683408
2025-08-05,1075498.1029665042,857475.2988959966,3087.9586512756155,70.60418505942228
2025-08-06,1075042.1567531102,857475.2988959966,3087.9586512756155,70.45653210648986
2025-08-07,1071272.4245083125,857475.2988959966,3087.9586512756155,69.23574754603585
2025-08-08,1072846.9288121844,857475.2988959966,3087.9586512756155,69.745632710211
2025-08-09,1073421.716143064,857475.2988959966,3087.9586512756155,69.93177099630566
2025-08-10,1076029.5014830648,857475.2988959966,3087.9586512756155,70.77627237553357
2025-08-11,1074820.835442072,857475.2988959966,3087.9586512756155,70.3848597377725
2025-08-12,1077577.528500867,857475.2988959966,3087.9586512756155,71.27758317422662
2025-08-13,1077155.7294286722,857475.2988959966,3087.9586512756155,71.14098838141084
2025-08-14,1075900.2100954708,857475.2988959966,3087.9586512756155,70.73440284222852
2025-08-15,1079302.06532589,857475.2988959966,3087.9586512756155,71.83605464997345
2025-08-16,1080110.7476120454,857475.2988959966,3087.9586512756155,72.09793713529149
2025-08-17,1083862.2584633771,857475.2988959966,3087.9586512756155,73.31282090641388
2025-08-18,1084248.5511729158,857475.2988959966,3087.9586512756155,73.43791737083032
2025-08-19,1086086.9818636423,857475.2988959966,3087.9586512756155,74.03327206897919
2025-08-20,1088104.5108474279,1088104.5108474279,0.0,74.79878647595942
2025-08-21,1088104.5108474279,1088104.5108474279,0.0,74.58862045484912
2025-08-22,1088104.5108474279,1088104.5108474279,0.0,74.84719428986489
2025-08-23,1088104.5108474279,1088104.5108474279,0.0,74.96271087655599
2025-08-24,1088104.5108474279,1088104.5108474279,0.0,75.58924660549086
2025-08-25,1088104.5108474279,1088104.5108474279,0.0,74.7882268078648
2025-08-26,1088104.5108474279,1088104.5108474279,0.0,75.23915737771128
2025-08-27,1088104.5108474279,1088104.5108474279,0.0,75.93490529657598
2025-08-28,1088104.5108474279,1088104.5108474279,0.0,75.41813125083672
2025-08-29,1088104.5108474279,1088104.5108474279,0.0,74.75628166604504
2025-08-30,1088104.5108474279,1088104.5108474279,0.0,73.52683898689295
2025-08-31,1088104.5108474279,1088104.5108474279,0.0,75.07106317676944
2025-09-01,1088104.5108474279,1088104.5108474279,0.0,74.52378718576733
2025-09-02,1088104.5108474279,1088104.5108474279,0.0,75.58802680096952
2025-09-03,1088104.5108474279,1088104.5108474279,0.0,75.43098055707331
2025-09-04,1088104.5108474279,1088104.5108474279,0.0,76.26393482613733
2025-09-05,1088104.5108474279,1088104.5108474279,0.0,76.70827214037797
2025-09-06,1088104.5108474279,1088104.5108474279,0.0,78.3378620942349
2025-09-07,1088104.5108474279,1088104.5108474279,0.0,79.47871247249971
2025-09-08,1088104.5108474279,1088104.5108474279,0.0,79.64826235121652
2025-09-09,1088104.5108474279,1088104.5108474279,0.0,79.89542303303337
2025-09-10,1088104.5108474279,1088104.5108474279,0.0,80.43985531499247
2025-09-11,1088104.5108474279,1088104.5108474279,0.0,82.62586877044723
2025-09-12,1088104.5108474279,1088104.5108474279,0.0,82.68185365867441
2025-09-13,1088104.5108474279,1088104.5108474279,0.0,81.61992076757288
2025-09-14,1088104.5108474279,1088104.5108474279,0.0,81.81989969071174
2025-09-15,1088104.5108474279,1088104.5108474279,0.0,81.29738314709189
2025-09-16,1088104.5108474279,1088104.5108474279,0.0,81.46932819104039
2025-09-17,1088104.5108474279,1088104.5108474279,0.0,82.4125834337751
2025-09-18,1088104.5108474279,1088104.5108474279,0.0,82.82905840635387
2025-09-19,1088104.5108474279,1088104.5108474279,0.0,82.33916763485247
2025-09-20,1088104.5108474279,1088104.5108474279,0.0,82.17227526685534
2025-09-21,1088104.5108474279,1088104.5108474279,0.0,81.30078270774068
2025-09-22,1088104.5108474279,1088104.5108474279,0.0,82.34452559167129
2025-09-23,1088104.5108474279,1088104.5108474279,0.0,83.0230358824132
2025-09-24,1088104.5108474279,1088104.5108474279,0.0,82.12435977838116
2025-09-25,1088104.5108474279,1088104.5108474279,0.0,84.22104983606192
2025-09-26,1088104.5108474279,1088104.5108474279,0.0,84.03852258935164
2025-09-27,1088104.5108474279,1088104.5108474279,0.0,84.28724800446545
2025-09-28,1088104.5108474279,1088104.5108474279,0.0,84.00323816036669
2025-09-29,1088104.5108474279,1088104.5108474279,0.0,84.35687152731775
2025-09-30,1088104.5108474279,1088104.5108474279,0.0,84.4362504308922
2025-10-01,1088104.5108474279,1088104.5108474279,0.0,83.26436622557564
2025-10-02,1088104.5108474279,1088104.5108474279,0.0,84.2472371032038
2025-10-03,1088104.5108474279,1088104.5108474279,0.0,83.55243443205151
2025-10-04,1088104.5108474279,1088104.5108474279,0.0,84.32222708483046
2025-10-05,1088104.5108474279,1088104.5108474279,0.0,84.126942901676
2025-10-06,1088104.5108474279,1088104.5108474279,0.0,84.18023300642085
2025-10-07,1088104.5108474279,1088104.5108474279,0.0,84.58705666555471
2025-10-08,1088104.5108474279,1088104.5108474279,0.0,84.70324746787422
2025-10-09,1088104.5108474279,1088104.5108474279,0.0,85.33563806024308
2025-10-10,1088104.5108474279,1088104.5108474279,0.0,84.73342669776272
2025-10-11,1088104.5108474279,1088104.5108474279,0.0,85.61658554287442
2025-10-12,1088104.5108474279,1088104.5108474279,0.0,84.7388091461819
2025-10-13,1088104.5108474279,1088104.5108474279,0.0,83.96880412814191
2025-10-14,1088104.5108474279,1088104.5108474279,0.0,84.45640647434693
2025-10-15,1088104.5108474279,1088104.5108474279,0.0,85.34748370620102
2025-10-16,1088104.5108474279,1088104.5108474279,0.0,85.59006322514144
2025-10-17,1088104.5108474279,1088104.5108474279,0.0,86.87681353218052
2025-10-18,1088104.5108474279,1088104.5108474279,0.0,86.15563030782367
2025-10-19,1088104.5108474279,1088104.5108474279,0.0,85.15748346287239
2025-10-20,1088104.5108474279,1088104.5108474279,0.0,85.87431593108484
2025-10-21,1088104.5108474279,1088104.5108474279,0.0,85.97940543479231
2025-10-22,1088104.5108474279,1088104.5108474279,0.0,86.67533399062532
2025-10-23,1088104.5108474279,1088104.5108474279,0.0,85.78885082360219
2025-10-24,1088104.5108474279,1088104.5108474279,0.0,85.40945817290071
2025-10-25,1088104.5108474279,1088104.5108474279,0.0,86.91100878461494
2025-10-26,1088104.5108474279,1088104.5108474279,0.0,86.7364794786603
2025-10-27,1088104.5108474279,1088104.5108474279,0.0,87.98264612884233
2025-10-28,1088104.5108474279,1088104.5108474279,0.0,88.66875254390226
2025-10-29,1088104.5108474279,1088104.5108474279,0.0,88.41599668954518
2025-10-30,1088104.5108474279,1088104.5108474279,0.0,89.67306924919012
2025-10-31,1088104.5108474279,1088104.5108474279,0.0,89.96619982121162
2025-11-01,1088104.5108474279,1088104.5108474279,0.0,89.97837315110394
2025-11-02,1088104.5108474279,1088104.5108474279,0.0,89.90654101204515
2025-11-03,1088104.5108474279,1088104.5108474279,0.0,90.3019439275878
2025-11-04,1088104.5108474279,1088104.5108474279,0.0,89.28878477042674
2025-11-05,1088104.5108474279,1088104.5108474279,0.0,90.095123298525
2025-11-06,1088104.5108474279,1088104.5108474279,0.0,90.49369436861038
2025-11-07,1088104.5108474279,1088104.5108474279,0.0,89.9782905876748
2025-11-08,1088104.5108474279,1088104.5108474279,0.0,88.8441493708572
2025-11-09,1088104.5108474279,1088104.5108474279,0.0,88.62172055750486
2025-11-10,1088104.5108474279,1088104.5108474279,0.0,88.84370164860128
2025-11-11,1088104.5108474279,1088104.5108474279,0.0,88.98238239915686
2025-11-12,1087777.9706837225,870157.068514237,2442.0016299609765,89.11578907216503
2025-11-13,1089249.2549406658,870157.068514237,2442.0016299609765,89.71828017573029
2025-11-14,1086742.6409923718,870157.068514237,2442.0016299609765,88.69182142257458
2025-11-15,1086601.0116670833,870157.068514237,2442.0016299609765,88.63382419458301
2025-11-16,1087246.629773675,870157.068514237,2442.0016299609765,88.89820489714712
2025-11-17,1088249.0716726019,870157.068514237,2442.0016299609765,89.30870499126166
2025-11-18,1090218.1966958458,870157.068514237,2442.0016299609765,90.11506195641869
2025-11-19,1089770.8312697948,870157.068514237,2442.0016299609765,89.93186575353239
2025-11-20,1089887.927196889,870157.068514237,2442.0016299609765,89.97981655162256
2025-11-21,1088264.5533106793,870157.068514237,2442.0016299609765,89.31504472416252
2025-11-22,1089112.9897384269,870157.068514237,2442.0016299609765,89.662479556858
2025-11-23,1087215.3574231807,870157.068514237,2442.0016299609765,88.8853988653613
2025-11-24,1088464.251876884,870157.068514237,2442.0016299609765,89.39682131421654
2025-11-25,1091058.0573585802,870157.068514237,2442.0016299609765,90.45898501217354
2025-11-26,1092094.9292159383,870157.068514237,2442.0016299609765,90.88358417895408
2025-11-27,1094961.4065641854,870157.068514237,2442.0016299609765,92.05740704339372
2025-11-28,1093944.26771773,870157.068514237,2442.0016299609765,91.64088854726494
2025-11-29,1091277.7237188192,870157.068514237,2442.0016299609765,90.54893841660368
2025-11-30,1090920.2883615773,870157.068514237,2442.0016299609765,90.4025685891406
2025-12-01,1089568.8626074684,870157.068514237,2442.0016299609765,89.84915955880734
2025-12-02,1088488.878958574,870157.068514237,2442.0016299609765,89.4069061075221
2025-12-03,1083371.2355183044,1083371.2355183044,0.0,87.4423502260186
2025-12-04,1083371.2355183044,1083371.2355183044,0.0,87.59605486935288
2025-12-05,1083371.2355183044,1083371.2355183044,0.0,87.61489649587887
2025-12-06,1083371.2355183044,1083371.2355183044,0.0,88.35667558819485
2025-12-07,1083371.2355183044,1083371.2355183044,0.0,88.84672821574456
2025-12-08,1083371.2355183044,1083371.2355183044,0.0,88.69107795380506
2025-12-09,1083371.2355183044,1083371.2355183044,0.0,89.50440291086004
2025-12-10,1083371.2355183044,1083371.2355183044,0.0,90.30151631036874
2025-12-11,1083371.2355183044,1083371.2355183044,0.0,89.86282635197026
2025-12-12,1083371.2355183044,1083371.2355183044,0.0,90.03922541624677
2025-12-13,1083371.2355183044,1083371.2355183044,0.0,91.40958783152853
2025-12-14,1083371.2355183044,1083371.2355183044,0.0,91.70855833846905
2025-12-15,1083371.2355183044,1083371.2355183044,0.0,90.95764716573554
2025-12-16,1083371.2355183044,1083371.2355183044,0.0,89.9423736294395
2025-12-17,1083371.2355183044,1083371.2355183044,0.0,88.62872252968347
2025-12-18,1083371.2355183044,1083371.2355183044,0.0,86.83228392955944
2025-12-19,1083371.2355183044,1083371.2355183044,0.0,86.41296203409772
2025-12-20,1083371.2355183044,1083371.2355183044,0.0,86.26224829423606
2025-12-21,1083371.2355183044,1083371.2355183044,0.0,85.42414443549335
2025-12-22,1083371.2355183044,1083371.2355183044,0.0,84.84163826427597
2025-12-23,1083371.2355183044,1083371.2355183044,0.0,84.03604273832532
2025-12-24,1083046.1158105254,866371.8687068645,2619.4084355181844,82.71877121782167
2025-12-25,1082678.3545864925,866371.8687068645,2619.4084355181844,82.57837263810944
2025-12-26,1084129.6235681237,866371.8687068645,2619.4084355181844,83.13241719334282
2025-12-27,1083021.9420355682,866371.8687068645,2619.4084355181844,82.70954250242572
2025-12-28,1085497.3413698892,866371.8687068645,2619.4084355181844,83.65456478331762
2025-12-29,1085833.1512868062,866371.8687068645,2619.4084355181844,83.78276545350084
2025-12-30,1087801.7381090613,866371.8687068645,2619.4084355181844,84.53430415802731
2025-12-31,1087871.9322425548,866371.8687068645,2619.4084355181844,84.56110186263187
2026-01-01,1089363.601808274,866371.8687068645,2619.4084355181844,85.13056997058044
2026-01-02,1086239.445053287,866371.8687068645,2619.4084355181844,83.93787443191435
2026-01-03,1088099.5659420223,866371.8687068645,2619.4084355181844,84.64800457561878
2026-01-04,1088113.984797816,866371.8687068645,2619.4084355181844,84.65350919857035
2026-01-05,1090561.962409014,866371.8687068645,2619.4084355181844,85.58806280922704
2026-01-06,1089997.1614784498,866371.8687068645,2619.4084355181844,85.37244125021179
2026-01-07,1093926.1519420622,866371.8687068645,2619.4084355181844,86.87239460240258
2026-01-08,1095143.8787143198,866371.8687068645,2619.4084355181844,87.33728077889405
2026-01-09,1093082.232586529,866371.8687068645,2619.4084355181844,86.55021523392766
2026-01-10,1095654.289909913,866371.8687068645,2619.4084355181844,87.5321382087901
2026-01-11,1093241.6112456596,866371.8687068645,2619.4084355181844,86.61106052134802
2026-01-12,1090728.816577537,866371.8687068645,2619.4084355181844,85.65176198888167
2026-01-13,1093638.966832264,866371.8687068645,2619.4084355181844,86.76275721027085
2026-01-14,1094060.6874456906,1094060.6874456906,0.0,87.05429354113501
2026-01-15,1094060.6874456906,1094060.6874456906,0.0,87.11733675698804
2026-01-16,1094060.6874456906,1094060.6874456906,0.0,86.67941561002974
2026-01-17,1094060.6874456906,1094060.6874456906,0.0,87.40333436747618
2026-01-18,1094060.6874456906,1094060.6874456906,0.0,87.16614180844864
2026-01-19,1094060.6874456906,1094060.6874456906,0.0,87.34207857556147
2026-01-20,1094060.6874456906,1094060.6874456906,0.0,86.36305035907218
2026-01-21,1094060.6874456906,1094060.6874456906,0.0,86.31325853621216
2026-01-22,1094060.6874456906,1094060.6874456906,0.0,86.46465713942494
2026-01-23,1094060.6874456906,1094060.6874456906,0.0,86.92788602724683
2026-01-24,1094060.6874456906,1094060.6874456906,0.0,87.22200829262837
2026-01-25,1094060.6874456906,1094060.6874456906,0.0,86.93156927898902
2026-01-26,1094060.6874456906,1094060.6874456906,0.0,87.17943670594288
2026-01-27,1094060.6874456906,1094060.6874456906,0.0,88.03862239397382
2026-01-28,1094060.6874456906,1094060.6874456906,0.0,86.74169114576443
2026-01-29,1094060.6874456906,1094060.6874456906,0.0,86.59827319884768
2026-01-30,1094060.6874456906,1094060.6874456906,0.0,86.77921187693629
2026-01-31,1094060.6874456906,1094060.6874456906,0.0,85.98255837861663
2026-02-01,1094060.6874456906,1094060.6874456906,0.0,86.78568031322084
2026-02-02,1094060.6874456906,1094060.6874456906,0.0,87.30752381383779
2026-02-03,1094060.6874456906,1094060.6874456906,0.0,88.18332233611922
2026-02-04,1094060.6874456906,1094060.6874456906,0.0,90.10852685322055
2026-02-05,1094060.6874456906,1094060.6874456906,0.0,90.40650129453982
2026-02-06,1094060.6874456906,1094060.6874456906,0.0,90.15085958967948
2026-02-07,1094060.6874456906,1094060.6874456906,0.0,91.00097660410972
2026-02-08,1094060.6874456906,1094060.6874456906,0.0,90.467494139576
2026-02-09,1094060.6874456906,1094060.6874456906,0.0,90.88834885385369
2026-02-10,1094060.6874456906,1094060.6874456906,0.0,91.83560717269602
2026-02-11,1094060.6874456906,1094060.6874456906,0.0,92.60304395881192
2026-02-12,1094060.6874456906,1094060.6874456906,0.0,93.91550225241023
2026-02-13,1094060.6874456906,1094060.6874456906,0.0,93.65926135218383
2026-02-14,1094060.6874456906,1094060.6874456906,0.0,94.32571774813812
2026-02-15,1094060.6874456906,1094060.6874456906,0.0,94.41329958511302
2026-02-16,1094060.6874456906,1094060.6874456906,0.0,94.65269440698714
2026-02-17,1094060.6874456906,1094060.6874456906,0.0,94.89274268297866
2026-02-18,1094060.6874456906,1094060.6874456906,0.0,95.40551002336628
2026-02-19,1094060.6874456906,1094060.6874456906,0.0,95.37362740636632
2026-02-20,1094060.6874456906,1094060.6874456906,0.0,94.02847729664484
2026-02-21,1094060.6874456906,1094060.6874456906,0.0,94.17359535332666
2026-02-22,1094060.6874456906,1094060.6874456906,0.0,94.51489564703544
2026-02-23,1094060.6874456906,1094060.6874456906,0.0,94.47533366473758
2026-02-24,1094060.6874456906,1094060.6874456906,0.0,94.88765541279564
2026-02-25,1094060.6874456906,1094060.6874456906,0.0,94.77056000631936
2026-02-26,1094060.6874456906,1094060.6874456906,0.0,94.51394473485092
2026-02-27,1094060.6874456906,1094060.6874456906,0.0,95.83790320242768
2026-02-28,1094060.6874456906,1094060.6874456906,0.0,98.025598601092
2026-03-01,1094060.6874456906,1094060.6874456906,0.0,98.89164583863077
2026-03-02,1094060.6874456906,1094060.6874456906,0.0,98.32507646434136
2026-03-03,1094060.6874456906,1094060.6874456906,0.0,98.54655932672816
2026-03-04,1094060.6874456906,1094060.6874456906,0.0,98.69453904433526
2026-03-05,1094060.6874456906,1094060.6874456906,0.0,99.3587286955306
2026-03-06,1094060.6874456906,1094060.6874456906,0.0,99.54585508387358
2026-03-07,1094060.6874456906,1094060.6874456906,0.0,100.15999543544758
2026-03-08,1094060.6874456906,1094060.6874456906,0.0,101.96735648908162
2026-03-09,1094060.6874456906,1094060.6874456906,0.0,100.1049708150172
2026-03-10,1094060.6874456906,1094060.6874456906,0.0,99.59945032340856
2026-03-11,1094060.6874456906,1094060.6874456906,0.0,100.55962141811638
2026-03-12,1094060.6874456906,1094060.6874456906,0.0,100.51517231383508
2026-03-13,1094060.6874456906,1094060.6874456906,0.0,101.11276709209427
2026-03-14,1094060.6874456906,1094060.6874456906,0.0,100.9210360009055
2026-03-15,1094060.6874456906,1094060.6874456906,0.0,102.50792116465055
2026-03-16,1094060.6874456906,1094060.6874456906,0.0,103.70525892455912
2026-03-17,1094060.6874456906,1094060.6874456906,0.0,104.0154830180856
2026-03-18,1094060.6874456906,1094060.6874456906,0.0,105.7715852510282
2026-03-19,1094060.6874456906,1094060.6874456906,0.0,106.0996300784405
2026-03-20,1094060.6874456906,1094060.6874456906,0.0,106.16992980901544
2026-03-21,1094060.6874456906,1094060.6874456906,0.0,107.74233336871532
2026-03-22,1094060.6874456906,1094060.6874456906,0.0,106.24529013618717
2026-03-23,1094060.6874456906,1094060.6874456906,0.0,106.42377060454216
2026-03-24,1094060.6874456906,1094060.6874456906,0.0,106.80028126623615
2026-03-25,1094060.6874456906,1094060.6874456906,0.0,106.56278833867088
2026-03-26,1094060.6874456906,1094060.6874456906,0.0,105.771300387239
2026-03-27,1094060.6874456906,1094060.6874456906,0.0,105.69527567982531
2026-03-28,1094060.6874456906,1094060.6874456906,0.0,104.11093635190936
2026-03-29,1094060.6874456906,1094060.6874456906,0.0,105.74083569306944
2026-03-30,1094060.6874456906,1094060.6874456906,0.0,107.4499645544362
2026-03-31,1094060.6874456906,1094060.6874456906,0.0,107.52876573949573
2026-04-01,1094060.6874456906,1094060.6874456906,0.0,107.19490035464314
2026-04-02,1094060.6874456906,1094060.6874456906,0.0,105.62320395581924
2026-04-03,1094060.6874456906,1094060.6874456906,0.0,104.93491077641212
2026-04-04,1094060.6874456906,1094060.6874456906,0.0,106.50258055580692
2026-04-05,1094060.6874456906,1094060.6874456906,0.0,106.5112263600221
2026-04-06,1094060.6874456906,1094060.6874456906,0.0,105.96540204903404
2026-04-07,1094060.6874456906,1094060.6874456906,0.0,106.01469997625578
2026-04-08,1094060.6874456906,1094060.6874456906,0.0,105.44440503296848
2026-04-09,1094060.6874456906,1094060.6874456906,0.0,103.795065728423
2026-04-10,1094060.6874456906,1094060.6874456906,0.0,103.47748386221843
2026-04-11,1094060.6874456906,1094060.6874456906,0.0,102.4016974388321
2026-04-12,1094060.6874456906,1094060.6874456906,0.0,102.84092464406456
2026-04-13,1094060.6874456906,1094060.6874456906,0.0,103.80001476904908
2026-04-14,1094060.6874456906,1094060.6874456906,0.0,103.06350502428086
2026-04-15,1094060.6874456906,1094060.6874456906,0.0,103.26432812812614
2026-04-16,1094060.6874456906,1094060.6874456906,0.0,103.24820937196772
2026-04-17,1094060.6874456906,1094060.6874456906,0.0,102.4900787486748
2026-04-18,1094060.6874456906,1094060.6874456906,0.0,100.18213187325102
2026-04-19,1094060.6874456906,1094060.6874456906,0.0,99.16087329710668
2026-04-20,1094060.6874456906,1094060.6874456906,0.0,98.3942642943478
2026-04-21,1094060.6874456906,1094060.6874456906,0.0,98.53536268021156
2026-04-22,1094060.6874456906,1094060.6874456906,0.0,98.77528268060878
2026-04-23,1094060.6874456906,1094060.6874456906,0.0,100.00926019547032
2026-04-24,1094060.6874456906,1094060.6874456906,0.0,98.98110611078138
2026-04-25,1094060.6874456906,1094060.6874456906,0.0,98.17293441054768
2026-04-26,1094060.6874456906,1094060.6874456906,0.0,97.54194422237524
2026-04-27,1094060.6874456906,1094060.6874456906,0.0,97.35631865932356
2026-04-28,1094060.6874456906,1094060.6874456906,0.0,97.57031218374507
2026-04-29,1093732.3598333881,874920.2223442501,2232.9834156473485,97.99093712736055
2026-04-30,1089652.1143956943,874920.2223442501,2232.9834156473485,96.16367526365742
2026-05-01,1092233.5501693604,874920.2223442501,2232.9834156473485,97.31972315706189
2026-05-02,1093256.3433086493,874920.2223442501,2232.9834156473485,97.77776199968012
2026-05-03,1095192.1560319318,874920.2223442501,2232.9834156473485,98.64467964435116
2026-05-04,1089992.4500531624,874920.2223442501,2232.9834156473485,96.31608824401512
2026-05-05,1091789.093831475,874920.2223442501,2232.9834156473485,97.12068167078344
2026-05-06,1089641.8090168175,874920.2223442501,2232.9834156473485,96.1590601918192
2026-05-07,1088676.185668499,874920.2223442501,2232.9834156473485,95.726623774445
2026-05-08,1091763.542173339,874920.2223442501,2232.9834156473485,97.10923883696894
2026-05-09,1093194.1923406587,874920.2223442501,2232.9834156473485,97.74992884715644
2026-05-10,1091722.1441044656,874920.2223442501,2232.9834156473485,97.09069948348188
2026-05-11,1093455.1916564547,874920.2223442501,2232.9834156473485,97.86681252572164
2026-05-12,1094245.1011881116,874920.2223442501,2232.9834156473485,98.22055878560062
2026-05-13,1093353.4779752498,874920.2223442501,2232.9834156473485,97.82126194953184
2026-05-14,1094395.2337025816,874920.2223442501,2232.9834156473485,98.28779283374352
2026-05-15,1093566.8052562838,874920.2223442501,2232.9834156473485,97.91679659593326
2026-05-16,1094414.4315543773,874920.2223442501,2232.9834156473485,98.29639023382325
2026-05-17,1095237.2608892662,874920.2223442501,2232.9834156473485,98.66487901395612
2026-05-18,1096349.2075532689,874920.2223442501,2232.9834156473485,99.16284360080031
2026-05-19,1100651.5082456816,874920.2223442501,2232.9834156473485,101.08954877123055
2026-05-20,1102453.6693063388,1102453.6693063388,0.0,102.04963643989667
2026-05-21,1102453.6693063388,1102453.6693063388,0.0,103.07523172142308
2026-05-22,1102453.6693063388,1102453.6693063388,0.0,102.5335529559698
2026-05-23,1102453.6693063388,1102453.6693063388,0.0,100.98946780424872
2026-05-24,1102453.6693063388,1102453.6693063388,0.0,100.80009729981856
2026-05-25,1102453.6693063388,1102453.6693063388,0.0,100.31101567078802
2026-05-26,1102453.6693063388,1102453.6693063388,0.0,100.91429831825324
2026-05-27,1102453.6693063388,1102453.6693063388,0.0,100.71503069868548
2026-05-28,1102453.6693063388,1102453.6693063388,0.0,102.05963427586964
2026-05-29,1102453.6693063388,1102453.6693063388,0.0,100.2999869294006
2026-05-30,1102453.6693063388,1102453.6693063388,0.0,100.02019905565338
2026-05-31,1102453.6693063388,1102453.6693063388,0.0,100.39376250817088
2026-06-01,1102453.6693063388,1102453.6693063388,0.0,99.4191314321411
2026-06-02,1102453.6693063388,1102453.6693063388,0.0,100.32301832699288
2026-06-03,1102453.6693063388,1102453.6693063388,0.0,101.20203482496233
2026-06-04,1102453.6693063388,1102453.6693063388,0.0,100.76654986478182
2026-06-05,1102453.6693063388,1102453.6693063388,0.0,103.47141118723653
2026-06-06,1102453.6693063388,1102453.6693063388,0.0,102.32123998373916
2026-06-07,1102453.6693063388,1102453.6693063388,0.0,100.9528355893852
2026-06-08,1102453.6693063388,1102453.6693063388,0.0,100.47521629781336
2026-06-09,1102453.6693063388,1102453.6693063388,0.0,100.6665944845534
2026-06-10,1102453.6693063388,1102453.6693063388,0.0,99.0556249080482
2026-06-11,1102453.6693063388,1102453.6693063388,0.0,99.67093394486966
2026-06-12,1102453.6693063388,1102453.6693063388,0.0,102.15354601709834
2026-06-13,1102453.6693063388,1102453.6693063388,0.0,100.74040134700068
2026-06-14,1102453.6693063388,1102453.6693063388,0.0,100.93846691811028
2026-06-15,1102453.6693063388,1102453.6693063388,0.0,101.91005579257704
2026-06-16,1102453.6693063388,1102453.6693063388,0.0,102.69335763190357
2026-06-17,1102453.6693063388,1102453.6693063388,0.0,104.93399103434643
2026-06-18,1102453.6693063388,1102453.6693063388,0.0,104.442610400575
2026-06-19,1102453.6693063388,1102453.6693063388,0.0,106.53755849212732
2026-06-20,1102453.6693063388,1102453.6693063388,0.0,106.47337480586596
2026-06-21,1102453.6693063388,1102453.6693063388,0.0,105.93151022552148
2026-06-22,1102453.6693063388,1102453.6693063388,0.0,107.94092725780982
2026-06-23,1102453.6693063388,1102453.6693063388,0.0,107.54473949668046
2026-06-24,1102453.6693063388,1102453.6693063388,0.0,108.70290232295172
2026-06-25,1102453.6693063388,1102453.6693063388,0.0,108.16867109600932
2026-06-26,1102453.6693063388,1102453.6693063388,0.0,106.79928822620916
2026-06-27,1102453.6693063388,1102453.6693063388,0.0,105.45019448560052
2026-06-28,1102453.6693063388,1102453.6693063388,0.0,106.19689380008307
2026-06-29,1102453.6693063388,1102453.6693063388,0.0,105.07302616948276
2026-06-30,1102453.6693063388,1102453.6693063388,0.0,104.8525128990813
2026-07-01,1102453.6693063388,1102453.6693063388,0.0,104.17364266690036
2026-07-02,1102453.6693063388,1102453.6693063388,0.0,103.26217533781124
2026-07-03,1102453.6693063388,1102453.6693063388,0.0,102.48357000143722
2026-07-04,1102453.6693063388,1102453.6693063388,0.0,102.69620491714596
2026-07-05,1102453.6693063388,1102453.6693063388,0.0,99.68307940361048
2026-07-06,1102453.6693063388,1102453.6693063388,0.0,100.52804366128508
2026-07-07,1102453.6693063388,1102453.6693063388,0.0,99.23465973274122
2026-07-08,1102453.6693063388,1102453.6693063388,0.0,98.08291293965978
2026-07-09,1102453.6693063388,1102453.6693063388,0.0,96.6767672656539
2026-07-10,1102453.6693063388,1102453.6693063388,0.0,96.93734310518612
2026-07-11,1102453.6693063388,1102453.6693063388,0.0,98.3668473285991
2026-07-12,1102453.6693063388,1102453.6693063388,0.0,98.23351167638845
2026-07-13,1102453.6693063388,1102453.6693063388,0.0,98.66361832507488
2026-07-14,1102453.6693063388,1102453.6693063388,0.0,99.19669681027268
2026-07-15,1102453.6693063388,1102453.6693063388,0.0,99.9346713042424
2026-07-16,1102453.6693063388,1102453.6693063388,0.0,98.93676942357564
2026-07-17,1102453.6693063388,1102453.6693063388,0.0,100.52591154519337
2026-07-18,1102453.6693063388,1102453.6693063388,0.0,100.19075303730796
2026-07-19,1102453.6693063388,1102453.6693063388,0.0,100.47274510594974
2026-07-20,1102453.6693063388,1102453.6693063388,0.0,100.3221741482608
2026-07-21,1102453.6693063388,1102453.6693063388,0.0,99.87625530144426
2026-07-22,1102453.6693063388,1102453.6693063388,0.0,100.81908324339776
2026-07-23,1102453.6693063388,1102453.6693063388,0.0,101.46143376211016
2026-07-24,1102453.6693063388,1102453.6693063388,0.0,99.26738219523088
2026-07-25,1102453.6693063388,1102453.6693063388,0.0,99.68434207871532
2026-07-26,1102453.6693063388,1102453.6693063388,0.0,101.79743022555658
2026-07-27,1102453.6693063388,1102453.6693063388,0.0,101.9866799692796
2026-07-28,1102453.6693063388,1102453.6693063388,0.0,101.4670344932017
2026-07-29,1102453.6693063388,1102453.6693063388,0.0,101.07869806482068
2026-07-30,1102453.6693063388,1102453.6693063388,0.0,100.5123043430708
2026-07-31,1102453.6693063388,1102453.6693063388,0.0,99.36400375842672
2026-08-01,1102453.6693063388,1102453.6693063388,0.0,99.1806690024377
2026-08-02,1102453.6693063388,1102453.6693063388,0.0,98.99317678978792
2026-08-03,1102453.6693063388,1102453.6693063388,0.0,99.5890836115776
2026-08-04,1102453.6693063388,1102453.6693063388,0.0,99.0700985522812
2026-08-05,1102453.6693063388,1102453.6693063388,0.0,101.0824906250133
2026-08-06,1102453.6693063388,1102453.6693063388,0.0,100.14006607021857
2026-08-07,1102453.6693063388,1102453.6693063388,0.0,100.2876419146533
2026-08-08,1102453.6693063388,1102453.6693063388,0.0,99.5407141982708
2026-08-09,1102453.6693063388,1102453.6693063388,0.0,99.00596270287348
2026-08-10,1102453.6693063388,1102453.6693063388,0.0,98.72966704501135
2026-08-11,1102453.6693063388,1102453.6693063388,0.0,98.93109636779148
2026-08-12,1102453.6693063388,1102453.6693063388,0.0,99.72861367635448
2026-08-13,1102453.6693063388,1102453.6693063388,0.0,99.26531054994771
2026-08-14,1102453.6693063388,1102453.6693063388,0.0,97.79054702295416
2026-08-15,1102453.6693063388,1102453.6693063388,0.0,99.13913682080332
2026-08-16,1102453.6693063388,1102453.6693063388,0.0,98.17512398200344
2026-08-17,1102453.6693063388,1102453.6693063388,0.0,97.93342961821304
2026-08-18,1102453.6693063388,1102453.6693063388,0.0,97.98744917975748
2026-08-19,1102453.6693063388,1102453.6693063388,0.0,97.88735837953688
2026-08-20,1102453.6693063388,1102453.6693063388,0.0,96.51497171130644
2026-08-21,1102453.6693063388,1102453.6693063388,0.0,97.35057768732908
2026-08-22,1102453.6693063388,1102453.6693063388,0.0,94.6452887385291
2026-08-23,1102453.6693063388,1102453.6693063388,0.0,95.57717178845236
2026-08-24,1102453.6693063388,1102453.6693063388,0.0,96.68881142970837
2026-08-25,1102453.6693063388,1102453.6693063388,0.0,97.56606087782215
2026-08-26,1102453.6693063388,1102453.6693063388,0.0,97.26967817703073
2026-08-27,1102453.6693063388,1102453.6693063388,0.0,97.39563476246676
2026-08-28,1102453.6693063388,1102453.6693063388,0.0,96.74596861202166
2026-08-29,1102453.6693063388,1102453.6693063388,0.0,96.8124269096027
2026-08-30,1102453.6693063388,1102453.6693063388,0.0,97.4234488870527
2026-08-31,1102453.6693063388,1102453.6693063388,0.0,96.36244340222837
2026-09-01,1102453.6693063388,1102453.6693063388,0.0,96.23312731059708
2026-09-02,1102123.0434509139,1322613.7773121817,-2302.1742467857835,95.77499799118566
2026-09-03,1099521.7546758875,1322613.7773121817,-2302.1742467857835,96.90492496289868
2026-09-04,1101611.3224823447,1322613.7773121817,-2302.1742467857835,95.99727524464888
2026-09-05,1100223.1584738672,1322613.7773121817,-2302.1742467857835,96.60025480208915
2026-09-06,1100340.4685633203,1322613.7773121817,-2302.1742467857835,96.54929858554004
2026-09-07,1100616.497037856,1322613.7773121817,-2302.1742467857835,96.4293995488268
2026-09-08,1099155.230328274,1322613.7773121817,-2302.1742467857835,97.0641328717376
2026-09-09,1100011.6381111564,1322613.7773121817,-2302.1742467857835,96.69213332214736
2026-09-10,1099781.6372756052,1322613.7773121817,-2302.1742467857835,96.79203924189795
2026-09-11,1097291.93470136,1322613.7773121817,-2302.1742467857835,97.87349629395268
2026-09-12,1099035.8358971956,1322613.7773121817,-2302.1742467857835,97.11599446789828
2026-09-13,1098429.1719733793,1322613.7773121817,-2302.1742467857835,97.37951228140147
2026-09-14,1096444.5920014987,1322613.7773121817,-2302.1742467857835,98.24155822542656
2026-09-15,1095386.0525737035,1322613.7773121817,-2302.1742467857835,98.70135809907778
2026-09-16,1092456.1194954042,1322613.7773121817,-2302.1742467857835,99.97403894953464
2026-09-17,1092731.7800157003,1322613.7773121817,-2302.1742467857835,99.85429974183528
2026-09-18,1091183.0881882175,1322613.7773121817,-2302.1742467857835,100.52700808684646
2026-09-19,1088616.945835592,1322613.7773121817,-2302.1742467857835,101.64166843725582
2026-09-20,1092541.913378525,1322613.7773121817,-2302.1742467857835,99.93677249012534
2026-09-21,1093475.8972680408,1322613.7773121817,-2302.1742467857835,99.53107605302044
2026-09-22,1092605.6607745306,1322613.7773121817,-2302.1742467857835,99.90908240711164
2026-09-23,1090457.3685599517,1308553.0555724788,-2162.937660029116,100.8330896645404
2026-09-24,1089925.569212639,1308553.0555724788,-2162.937660029116,101.0789586773836
2026-09-25,1086850.7003871007,1308553.0555724788,-2162.937660029116,102.50057562102543
2026-09-26,1088031.8134393976,1308553.0555724788,-2162.937660029116,101.9545066916596
2026-09-27,1090738.2357002094,1308553.0555724788,-2162.937660029116,100.70323518678636
2026-09-28,1089000.3934820653,1308553.0555724788,-2162.937660029116,101.50669903609612
2026-09-29,1089248.3448703848,1308553.0555724788,-2162.937660029116,101.39206263537986
2026-09-30,1091077.9752107859,1308553.0555724788,-2162.937660029116,100.54616200023322
2026-10-01,1087330.6736282203,1308553.0555724788,-2162.937660029116,102.27866758826534
2026-10-02,1085672.2154512499,1308553.0555724788,-2162.937660029116,103.0454294823406
2026-10-03,1084216.195343936,1308553.0555724788,-2162.937660029116,103.71859733836376
2026-10-04,1080613.262734573,1308553.0555724788,-2162.937660029116,105.384356216183
2026-10-05,1081493.8826341846,1308553.0555724788,-2162.937660029116,104.9772155408481
2026-10-06,1078261.729018779,1308553.0555724788,-2162.937660029116,106.47155061815316
2026-10-07,1077295.9152299007,1308553.0555724788,-2162.937660029116,106.91807934005138
2026-10-08,1078655.5033312251,1308553.0555724788,-2162.937660029116,106.289495296022
2026-10-09,1078671.5777819906,1308553.0555724788,-2162.937660029116,106.28206352807854
2026-10-10,1078242.2542337398,1308553.0555724788,-2162.937660029116,106.48055447683988
2026-10-11,1075665.2377326463,1308553.0555724788,-2162.937660029116,107.67199727647149
2026-10-12,1078788.1225087177,1308553.0555724788,-2162.937660029116,106.2281809179226
2026-10-13,1082770.5729657952,1308553.0555724788,-2162.937660029116,104.3869579688415
2026-10-14,1084205.6363787535,1084205.6363787535,0.0,103.56807521197152
2026-10-15,1084205.6363787535,1084205.6363787535,0.0,103.49794647365624
2026-10-16,1084205.6363787535,1084205.6363787535,0.0,104.24001736662424
2026-10-17,1084205.6363787535,1084205.6363787535,0.0,103.76386232093478
2026-10-18,1084205.6363787535,1084205.6363787535,0.0,104.19761178358652
2026-10-19,1084205.6363787535,1084205.6363787535,0.0,105.88150472141751
2026-10-20,1084205.6363787535,1084205.6363787535,0.0,104.09749355213263
2026-10-21,1084205.6363787535,1084205.6363787535,0.0,103.9559763188146
2026-10-22,1084205.6363787535,1084205.6363787535,0.0,106.5018299110902
2026-10-23,1084205.6363787535,1084205.6363787535,0.0,105.7475843416744
2026-10-24,1084205.6363787535,1084205.6363787535,0.0,104.88726541203286
2026-10-25,1084205.6363787535,1084205.6363787535,0.0,105.43521918835836
2026-10-26,1084205.6363787535,1084205.6363787535,0.0,104.87814045228774
2026-10-27,1084205.6363787535,1084205.6363787535,0.0,106.01249427984467
2026-10-28,1084205.6363787535,1084205.6363787535,0.0,108.66913495894322
2026-10-29,1084205.6363787535,1084205.6363787535,0.0,108.75037721344252
2026-10-30,1084205.6363787535,1084205.6363787535,0.0,111.76876549342214
2026-10-31,1084205.6363787535,1084205.6363787535,0.0,111.26366889074288
2026-11-01,1084205.6363787535,1084205.6363787535,0.0,111.07731299007312
2026-11-02,1084205.6363787535,1084205.6363787535,0.0,110.01623738785676
2026-11-03,1084205.6363787535,1084205.6363787535,0.0,109.52214162726725
2026-11-04,1084205.6363787535,1084205.6363787535,0.0,109.26102106401832
2026-11-05,1084205.6363787535,1084205.6363787535,0.0,109.71428487710786
2026-11-06,1084205.6363787535,1084205.6363787535,0.0,108.35564982391116
2026-11-07,1084205.6363787535,1084205.6363787535,0.0,107.79631282284004
2026-11-08,1084205.6363787535,1084205.6363787535,0.0,107.2670526100178
2026-11-09,1084205.6363787535,1084205.6363787535,0.0,108.2298268826435
2026-11-10,1084205.6363787535,1084205.6363787535,0.0,108.35614479097543
2026-11-11,1084205.6363787535,1084205.6363787535,0.0,108.48280489498848
2026-11-12,1084205.6363787535,1084205.6363787535,0.0,108.57316146944352
2026-11-13,1084205.6363787535,1084205.6363787535,0.0,106.69540502161084
2026-11-14,1084205.6363787535,1084205.6363787535,0.0,108.4241559210172
2026-11-15,1084205.6363787535,1084205.6363787535,0.0,107.42592289137562
2026-11-16,1084205.6363787535,1084205.6363787535,0.0,108.38636309109226
2026-11-17,1084205.6363787535,1084205.6363787535,0.0,108.14258179374625
2026-11-18,1084205.6363787535,1084205.6363787535,0.0,107.48336007060266
2026-11-19,1084205.6363787535,1084205.6363787535,0.0,108.61104227074246
2026-11-20,1084205.6363787535,1084205.6363787535,0.0,107.32228077616
2026-11-21,1084205.6363787535,1084205.6363787535,0.0,106.1385744765564
2026-11-22,1084205.6363787535,1084205.6363787535,0.0,106.30584912510956
2026-11-23,1084205.6363787535,1084205.6363787535,0.0,106.50509052303998
2026-11-24,1084205.6363787535,1084205.6363787535,0.0,107.3814867428228
2026-11-25,1084205.6363787535,1084205.6363787535,0.0,108.15370163279066
2026-11-26,1084205.6363787535,1084205.6363787535,0.0,108.07871742341426
2026-11-27,1084205.6363787535,1084205.6363787535,0.0,108.19168248242966
2026-11-28,1084205.6363787535,1084205.6363787535,0.0,108.03462912604998
2026-11-29,1084205.6363787535,1084205.6363787535,0.0,109.57730015927862
2026-11-30,1084205.6363787535,1084205.6363787535,0.0,108.50646046066248
2026-12-01,1084205.6363787535,1084205.6363787535,0.0,108.54080363393786
2026-12-02,1084205.6363787535,1084205.6363787535,0.0,109.37927382071688
2026-12-03,1084205.6363787535,1084205.6363787535,0.0,110.60011392704504
2026-12-04,1084205.6363787535,1084205.6363787535,0.0,109.86406092989924
2026-12-05,1084205.6363787535,1084205.6363787535,0.0,108.80295906195012
2026-12-06,1084205.6363787535,1084205.6363787535,0.0,107.46058144907128
2026-12-07,1084205.6363787535,1084205.6363787535,0.0,107.09267120658969
2026-12-08,1084205.6363787535,1084205.6363787535,0.0,107.36522616368542
2026-12-09,1084205.6363787535,1084205.6363787535,0.0,106.8594635449132
2026-12-10,1084205.6363787535,1084205.6363787535,0.0,107.609245061769
2026-12-11,1084205.6363787535,1084205.6363787535,0.0,107.53872267934452
2026-12-12,1084205.6363787535,1084205.6363787535,0.0,108.1961757805622
2026-12-13,1084205.6363787535,1084205.6363787535,0.0,108.3555342587479
2026-12-14,1084205.6363787535,1084205.6363787535,0.0,106.5447661755898
2026-12-15,1084205.6363787535,1084205.6363787535,0.0,105.32668090256269
2026-12-16,1084205.6363787535,1084205.6363787535,0.0,106.5525082032696
2026-12-17,1084205.6363787535,1084205.6363787535,0.0,105.55883141842295
2026-12-18,1084205.6363787535,1084205.6363787535,0.0,106.46197312003424
2026-12-19,1084205.6363787535,1084205.6363787535,0.0,106.59645997939256
2026-12-20,1084205.6363787535,1084205.6363787535,0.0,105.5521157524742
2026-12-21,1084205.6363787535,1084205.6363787535,0.0,106.34635520402452
2026-12-22,1084205.6363787535,1084205.6363787535,0.0,105.83957728555642
2026-12-23,1084205.6363787535,1084205.6363787535,0.0,106.0001117252422
2026-12-24,1084205.6363787535,1084205.6363787535,0.0,105.77789901663157
2026-12-25,1084205.6363787535,1084205.6363787535,0.0,102.95578633121023
2026-12-26,1084205.6363787535,1084205.6363787535,0.0,103.6517966591772
2026-12-27,1084205.6363787535,1084205.6363787535,0.0,104.4500520841348
2026-12-28,1084205.6363787535,1084205.6363787535,0.0,103.93526861894104
2026-12-29,1084205.6363787535,1084205.6363787535,0.0,104.60505630420188
2026-12-30,1084205.6363787535,1084205.6363787535,0.0,103.6971218255494
2026-12-31,1084205.6363787535,1084205.6363787535,0.0,102.81803211325412
2027-01-01,1084205.6363787535,1084205.6363787535,0.0,103.06469156772071
2027-01-02,1084205.6363787535,1084205.6363787535,0.0,102.34970502129087
2027-01-03,1084205.6363787535,1084205.6363787535,0.0,102.21757668483365
2027-01-04,1084205.6363787535,1084205.6363787535,0.0,101.2622328744216
2027-01-05,1084205.6363787535,1084205.6363787535,0.0,99.96975761433194
2027-01-06,1083880.2662672761,867039.1389915255,2164.5665488168875,100.1776209626228
2027-01-07,1084351.419890794,867039.1389915255,2164.5665488168875,100.39528746207748
2027-01-08,1084393.1596332302,867039.1389915255,2164.5665488168875,100.414570649494
2027-01-09,1083762.4065902366,867039.1389915255,2164.5665488168875,100.12317141146254
2027-01-10,1082242.911001025,867039.1389915255,2164.5665488168875,99.4211853302112
2027-01-11,1079928.696281407,867039.1389915255,2164.5665488168875,98.35204993177184
2027-01-12,1077556.7973710543,867039.1389915255,2164.5665488168875,97.2562652299112
2027-01-13,1076289.3628092832,867039.1389915255,2164.5665488168875,96.67072787950548
2027-01-14,1078437.3483322174,867039.1389915255,2164.5665488168875,97.6630676734048
2027-01-15,1078926.246059266,867039.1389915255,2164.5665488168875,97.8889317048506
2027-01-16,1079690.9469217027,867039.1389915255,2164.5665488168875,98.24221299474893
2027-01-17,1077037.3525823476,867039.1389915255,2164.5665488168875,97.01628887575822
2027-01-18,1077427.7132462251,867039.1389915255,2164.5665488168875,97.19663013811892
2027-01-19,1078138.060921174,867039.1389915255,2164.5665488168875,97.52480100232142
2027-01-20,1081512.489069255,867039.1389915255,2164.5665488168875,99.08374043521871
2027-01-21,1081472.2099453395,867039.1389915255,2164.5665488168875,99.06513203348683
2027-01-22,1080629.4570359378,867039.1389915255,2164.5665488168875,98.67579177048492
2027-01-23,1078998.7687273307,867039.1389915255,2164.5665488168875,97.92243618088736
2027-01-24,1079125.440531951,867039.1389915255,2164.5665488168875,97.9809568138932
2027-01-25,1078712.4871796966,867039.1389915255,2164.5665488168875,97.79017803997198
2027-01-26,1081101.8066555476,867039.1389915255,2164.5665488168875,98.89401080369872
2027-01-27,1082392.6808225852,1299000.9568812586,-2170.639645809549,99.79006717067882
2027-01-28,1084537.4116116718,1299000.9568812586,-2170.639645809549,98.80200321762844
2027-01-29,1084585.0001391547,1299000.9568812586,-2170.639645809549,98.78007948303946
2027-01-30,1079272.4660721878,1299000.9568812586,-2170.639645809549,101.22753043475446
2027-01-31,1082469.752016965,1299000.9568812586,-2170.639645809549,99.75456095732432
2027-02-01,1082873.7772851356,1299000.9568812586,-2170.639645809549,99.56842906346044
2027-02-02,1081241.2877467135,1299000.9568812586,-2170.639645809549,100.32050670176108
2027-02-03,1081758.0658592246,1299000.9568812586,-2170.639645809549,100.08243028336116
2027-02-04,1082456.5044461372,1299000.9568812586,-2170.639645809549,99.7606640296852
2027-02-05,1083471.0194952567,1299000.9568812586,-2170.639645809549,99.29328334257856
2027-02-06,1085751.8372643692,1299000.9568812586,-2170.639645809549,98.24252497579218
2027-02-07,1086112.0321320994,1299000.9568812586,-2170.639645809549,98.07658547108193
2027-02-08,1083916.4957029447,1299000.9568812586,-2170.639645809549,99.088055262207
2027-02-09,1086634.6846448919,1299000.9568812586,-2170.639645809549,97.83580275350762
2027-02-10,1086067.552796397,1299000.9568812586,-2170.639645809549,98.0970768206195
2027-02-11,1083757.5687855813,1299000.9568812586,-2170.639645809549,99.16127189107956
2027-02-12,1083802.0192581608,1299000.9568812586,-2170.639645809549,99.14079383860071
2027-02-13,1084706.5949697855,1299000.9568812586,-2170.639645809549,98.72406151116397
2027-02-14,1083256.6495738253,1299000.9568812586,-2170.639645809549,99.39204221388415
2027-02-15,1085190.2337694482,1299000.9568812586,-2170.639645809549,98.50125216526617
2027-02-16,1084286.2617284397,1299000.9568812586,-2170.639645809549,98.91770638545589
2027-02-17,1084321.9006103333,1084321.9006103333,0.0,98.75310873759256
2027-02-18,1084321.9006103333,1084321.9006103333,0.0,98.81498943790152
2027-02-19,1084321.9006103333,1084321.9006103333,0.0,100.485620275634
2027-02-20,1084321.9006103333,1084321.9006103333,0.0,101.65416425839868
2027-02-21,1084321.9006103333,1084321.9006103333,0.0,103.17141784706894
2027-02-22,1084321.9006103333,1084321.9006103333,0.0,102.33096224594092
2027-02-23,1084321.9006103333,1084321.9006103333,0.0,101.29072492759192
2027-02-24,1084321.9006103333,1084321.9006103333,0.0,101.76459721777218
2027-02-25,1084321.9006103333,1084321.9006103333,0.0,102.09487296755012
2027-02-26,1084321.9006103333,1084321.9006103333,0.0,100.0968192343236
2027-02-27,1084321.9006103333,1084321.9006103333,0.0,100.43534956551206
2027-02-28,1084321.9006103333,1084321.9006103333,0.0,102.51276805646346
2027-03-01,1084321.9006103333,1084321.9006103333,0.0,104.4760533561051
2027-03-02,1084321.9006103333,1084321.9006103333,0.0,103.74758820199553
2027-03-03,1084321.9006103333,1084321.9006103333,0.0,104.48789316404935
2027-03-04,1084321.9006103333,1084321.9006103333,0.0,103.56308176477344
2027-03-05,1084321.9006103333,1084321.9006103333,0.0,103.46381333144774
2027-03-06,1084321.9006103333,1084321.9006103333,0.0,102.61864046529088
2027-03-07,1084321.9006103333,1084321.9006103333,0.0,101.42599707399768
2027-03-08,1084321.9006103333,1084321.9006103333,0.0,102.32585257813022
2027-03-09,1084321.9006103333,1084321.9006103333,0.0,102.61943029217517
2027-03-10,1084321.9006103333,1084321.9006103333,0.0,103.076188377701
2027-03-11,1084321.9006103333,1084321.9006103333,0.0,103.73076565867638
2027-03-12,1084321.9006103333,1084321.9006103333,0.0,103.93557786725653
2027-03-13,1084321.9006103333,1084321.9006103333,0.0,102.86269182211194
2027-03-14,1084321.9006103333,1084321.9006103333,0.0,103.07933371881792
2027-03-15,1084321.9006103333,1084321.9006103333,0.0,102.85500053981052
2027-03-16,1084321.9006103333,1084321.9006103333,0.0,102.6583211846802
2027-03-17,1084321.9006103333,1084321.9006103333,0.0,101.69414772931324
2027-03-18,1084321.9006103333,1084321.9006103333,0.0,100.17390294683426
2027-03-19,1084321.9006103333,1084321.9006103333,0.0,99.60728966959972
2027-03-20,1084321.9006103333,1084321.9006103333,0.0,100.1519914443359
2027-03-21,1084321.9006103333,1084321.9006103333,0.0,100.08250677808688
2027-03-22,1084321.9006103333,1084321.9006103333,0.0,101.88315601808982
2027-03-23,1084321.9006103333,1084321.9006103333,0.0,101.81642003653084
2027-03-24,1084321.9006103333,1084321.9006103333,0.0,102.01506636683756
2027-03-25,1084321.9006103333,1084321.9006103333,0.0,102.03202336800844
2027-03-26,1084321.9006103333,1084321.9006103333,0.0,100.95352354310008
2027-03-27,1084321.9006103333,1084321.9006103333,0.0,100.93186030837464
2027-03-28,1084321.9006103333,1084321.9006103333,0.0,99.85930135313453
2027-03-29,1084321.9006103333,1084321.9006103333,0.0,99.79093291883513
2027-03-30,1084321.9006103333,1084321.9006103333,0.0,98.05004120681406
2027-03-31,1084321.9006103333,1084321.9006103333,0.0,97.98195640500995
2027-04-01,1084321.9006103333,1084321.9006103333,0.0,98.12712403595508
2027-04-02,1084321.9006103333,1084321.9006103333,0.0,98.34335857150064
2027-04-03,1084321.9006103333,1084321.9006103333,0.0,96.94265415102458
2027-04-04,1084321.9006103333,1084321.9006103333,0.0,97.40979737486296
2027-04-05,1084321.9006103333,1084321.9006103333,0.0,98.05386552053268
2027-04-06,1084321.9006103333,1084321.9006103333,0.0,97.11883249028637
2027-04-07,1084321.9006103333,1084321.9006103333,0.0,98.08053703779689
2027-04-08,1084321.9006103333,1084321.9006103333,0.0,98.26578373634594
2027-04-09,1084321.9006103333,1084321.9006103333,0.0,98.20662865923975
2027-04-10,1084321.9006103333,1084321.9006103333,0.0,98.76589343066564
2027-04-11,1084321.9006103333,1084321.9006103333,0.0,100.3803943602544
2027-04-12,1084321.9006103333,1084321.9006103333,0.0,100.23916935629154
2027-04-13,1084321.9006103333,1084321.9006103333,0.0,99.74521108380162
2027-04-14,1084321.9006103333,1084321.9006103333,0.0,101.84229115162516
2027-04-15,1084321.9006103333,1084321.9006103333,0.0,101.6663459833536
2027-04-16,1084321.9006103333,1084321.9006103333,0.0,102.03979310655284
2027-04-17,1084321.9006103333,1084321.9006103333,0.0,101.86306918894326
2027-04-18,1084321.9006103333,1084321.9006103333,0.0,100.23915467942872
2027-04-19,1084321.9006103333,1084321.9006103333,0.0,99.93136893523128
2027-04-20,1084321.9006103333,1084321.9006103333,0.0,101.04797486668812
2027-04-21,1083996.7124723403,1300861.092594407,-2163.6031034506595,100.23297700775008
2027-04-22,1081118.8702103691,1300861.092594407,-2163.6031034506595,101.56309261785508
2027-04-23,1079434.3996762913,1300861.092594407,-2163.6031034506595,102.34164138744744
2027-04-24,1081647.0007474534,1300861.092594407,-2163.6031034506595,101.31899491978736
2027-04-25,1084271.4059445346,1300861.092594407,-2163.6031034506595,100.10601588823786
2027-04-26,1086923.8376365635,1300861.092594407,-2163.6031034506595,98.88008323552596
2027-04-27,1087796.3472998885,1300861.092594407,-2163.6031034506595,98.47681626759945
2027-04-28,1090105.296330417,1300861.092594407,-2163.6031034506595,97.40963854593411
2027-04-29,1087518.7231996083,1300861.092594407,-2163.6031034506595,98.60513189990624
2027-04-30,1090028.8679784606,1300861.092594407,-2163.6031034506595,97.44496311717104
2027-05-01,1091900.5206844115,1300861.092594407,-2163.6031034506595,96.57990024914048
2027-05-02,1088702.5004701628,1300861.092594407,-2163.6031034506595,98.05799954061791
2027-05-03,1089260.660374964,1300861.092594407,-2163.6031034506595,97.80002250965924
2027-05-04,1088366.9493417533,1300861.092594407,-2163.6031034506595,98.21308858068925
2027-05-05,1087377.586119512,1300861.092594407,-2163.6031034506595,98.6703643262561
2027-05-06,1090460.0916749774,1300861.092594407,-2163.6031034506595,97.245654983517
2027-05-07,1088764.2399279852,1300861.092594407,-2163.6031034506595,98.029464058429
2027-05-08,1087459.4933899345,1300861.092594407,-2163.6031034506595,98.63250744285092
2027-05-09,1086062.4742978474,1300861.092594407,-2163.6031034506595,99.27819846162372
2027-05-10,1087515.3257147085,1300861.092594407,-2163.6031034506595,98.60670219017538
2027-05-11,1086902.2486392779,1300861.092594407,-2163.6031034506595,98.89006149690452
2027-05-12,1086951.456925895,1086951.456925895,0.0,98.71918967742222
2027-05-13,1086951.456925895,1086951.456925895,0.0,98.811177254258
2027-05-14,1086951.456925895,1086951.456925895,0.0,98.04617465837234
2027-05-15,1086951.456925895,1086951.456925895,0.0,97.85982452673368
2027-05-16,1086951.456925895,1086951.456925895,0.0,98.82050365331338
2027-05-17,1086951.456925895,1086951.456925895,0.0,96.93545961439231
2027-05-18,1086951.456925895,1086951.456925895,0.0,96.5813669983892
2027-05-19,1086951.456925895,1086951.456925895,0.0,97.20026366404488
2027-05-20,1086951.456925895,1086951.456925895,0.0,96.148593124807
2027-05-21,1086951.456925895,1086951.456925895,0.0,96.53429865116868
2027-05-22,1086951.456925895,1086951.456925895,0.0,96.98814226009802
2027-05-23,1086951.456925895,1086951.456925895,0.0,96.83971489977812
2027-05-24,1086951.456925895,1086951.456925895,0.0,97.13188225048832
2027-05-25,1086951.456925895,1086951.456925895,0.0,98.72676695373468
2027-05-26,1086951.456925895,1086951.456925895,0.0,98.06519285211228
2027-05-27,1086951.456925895,1086951.456925895,0.0,96.71360884157949
2027-05-28,1086951.456925895,1086951.456925895,0.0,96.30394905680204
2027-05-29,1086951.456925895,1086951.456925895,0.0,95.3509534704784
2027-05-30,1086951.456925895,1086951.456925895,0.0,95.71878554920636
2027-05-31,1086951.456925895,1086951.456925895,0.0,95.28376981975718
2027-06-01,1086951.456925895,1086951.456925895,0.0,95.86976055507812
2027-06-02,1086625.4801839632,1304015.7715691421,-2260.9653359292265,96.14932521547684
2027-06-03,1088109.9631958418,1304015.7715691421,-2260.9653359292265,95.4927547726272
2027-06-04,1090092.7390730693,1304015.7715691421,-2260.9653359292265,94.61579489813514
2027-06-05,1093052.1449398084,1304015.7715691421,-2260.9653359292265,93.30688236431122
2027-06-06,1090822.372752142,1304015.7715691421,-2260.9653359292265,94.2930859793039
2027-06-07,1089701.3376146152,1304015.7715691421,-2260.9653359292265,94.78890744092124
2027-06-08,1090579.944118545,1304015.7715691421,-2260.9653359292265,94.40030948677858
2027-06-09,1089282.0455607492,1304015.7715691421,-2260.9653359292265,94.97435568605924
2027-06-10,1091640.4425776326,1304015.7715691421,-2260.9653359292265,93.93126272952176
2027-06-11,1093490.3204794824,1304015.7715691421,-2260.9653359292265,93.11308216193268
2027-06-12,1095532.46350079,1304015.7715691421,-2260.9653359292265,92.20986485521163
2027-06-13,1094954.9923153187,1304015.7715691421,-2260.9653359292265,92.46527398346969
2027-06-14,1096215.2463131552,1304015.7715691421,-2260.9653359292265,91.90787755734596
2027-06-15,1099214.9512021549,1304015.7715691421,-2260.9653359292265,90.58114121100265
2027-06-16,1099027.829235522,1304015.7715691421,-2260.9653359292265,90.66390319043646
2027-06-17,1097849.8233472896,1304015.7715691421,-2260.9653359292265,91.1849221859569
2027-06-18,1098129.9037149367,1304015.7715691421,-2260.9653359292265,91.06104573230404
2027-06-19,1095769.8981260261,1304015.7715691421,-2260.9653359292265,92.10485014248556
2027-06-20,1094091.3871466306,1304015.7715691421,-2260.9653359292265,92.8472370126964
2027-06-21,1091729.8236403193,1304015.7715691421,-2260.9653359292265,93.89173047254005
2027-06-22,1090059.436506736,1304015.7715691421,-2260.9653359292265,94.63052425546051
2027-06-23,1089549.020275006,1307459.8587628887,-2297.329219264706,94.85398812697308
2027-06-24,1092242.7268598902,1307459.8587628887,-2297.329219264706,93.6814497888474
2027-06-25,1092986.3722374013,1307459.8587628887,-2297.329219264706,93.35774982835623
2027-06-26,1094082.5562641043,1307459.8587628887,-2297.329219264706,92.8805939999662
2027-06-27,1095970.012898129,1307459.8587628887,-2297.329219264706,92.05900664618292
2027-06-28,1097182.1906496095,1307459.8587628887,-2297.329219264706,91.53136013330368
2027-06-29,1100239.1598335379,1307459.8587628887,-2297.329219264706,90.20069791985446
2027-06-30,1098399.3271627247,1307459.8587628887,-2297.329219264706,91.00155513064732
2027-07-01,1100601.41625085,1307459.8587628887,-2297.329219264706,90.04301202343422
2027-07-02,1098912.2246480305,1307459.8587628887,-2297.329219264706,90.77829697460908
2027-07-03,1096126.899932526,1307459.8587628887,-2297.329219264706,91.99071559190934
2027-07-04,1097739.8473661041,1307459.8587628887,-2297.329219264706,91.28861881794572
2027-07-05,1098899.5351268484,1307459.8587628887,-2297.329219264706,90.78382057178254
2027-07-06,1097857.1739251264,1307459.8587628887,-2297.329219264706,91.23754796661176
2027-07-07,1098770.071796572,1307459.8587628887,-2297.329219264706,90.84017441484114
2027-07-08,1100432.5173055818,1307459.8587628887,-2297.329219264706,90.11653171919738
2027-07-09,1099517.5984171806,1307459.8587628887,-2297.329219264706,90.51478499553625
2027-07-10,1101051.979906605,1307459.8587628887,-2297.329219264706,89.84688703970232
2027-07-11,1096591.9992503212,1307459.8587628887,-2297.329219264706,91.78826340791456
2027-07-12,1095404.1961448607,1307459.8587628887,-2297.329219264706,92.30529992819211
2027-07-13,1093980.1308307827,1307459.8587628887,-2297.329219264706,92.92517856906612
2027-07-14,1093851.6873373091,1093851.6873373091,0.0,92.84177939934332
2027-07-15,1093851.6873373091,1093851.6873373091,0.0,94.58761600176372
2027-07-16,1093851.6873373091,1093851.6873373091,0.0,93.88777815523092
2027-07-17,1093851.6873373091,1093851.6873373091,0.0,94.60467203553452
2027-07-18,1093851.6873373091,1093851.6873373091,0.0,93.34710654563848
2027-07-19,1093851.6873373091,1093851.6873373091,0.0,95.51287599757418
2027-07-20,1093851.6873373091,1093851.6873373091,0.0,96.2992063378761
2027-07-21,1093851.6873373091,1093851.6873373091,0.0,95.39835517694458
2027-07-22,1093851.6873373091,1093851.6873373091,0.0,95.90119828366144
2027-07-23,1093851.6873373091,1093851.6873373091,0.0,96.92582087187574
2027-07-24,1093851.6873373091,1093851.6873373091,0.0,96.06313463469684
2027-07-25,1093851.6873373091,1093851.6873373091,0.0,95.62195451076308
2027-07-26,1093851.6873373091,1093851.6873373091,0.0,94.67665033236648
2027-07-27,1093851.6873373091,1093851.6873373091,0.0,95.13108640522113
2027-07-28,1093851.6873373091,1093851.6873373091,0.0,95.30452210515983
2027-07-29,1093851.6873373091,1093851.6873373091,0.0,95.33446281351289
2027-07-30,1093851.6873373091,1093851.6873373091,0.0,94.56960091266208
2027-07-31,1093851.6873373091,1093851.6873373091,0.0,94.37412923385966
2027-08-01,1093851.6873373091,1093851.6873373091,0.0,93.70108387958444
2027-08-02,1093851.6873373091,1093851.6873373091,0.0,94.15635236995205
2027-08-03,1093851.6873373091,1093851.6873373091,0.0,93.1702098138472
2027-08-04,1093851.6873373091,1093851.6873373091,0.0,92.42879792736376
2027-08-05,1093851.6873373091,1093851.6873373091,0.0,93.1854598839109
2027-08-06,1093851.6873373091,1093851.6873373091,0.0,92.77644563236476
2027-08-07,1093851.6873373091,1093851.6873373091,0.0,94.4246258630665
2027-08-08,1093851.6873373091,1093851.6873373091,0.0,94.60994364648889
2027-08-09,1093851.6873373091,1093851.6873373091,0.0,92.90989313131966
2027-08-10,1093851.6873373091,1093851.6873373091,0.0,91.68758669120004
2027-08-11,1093851.6873373091,1093851.6873373091,0.0,91.14795700516908
2027-08-12,1093851.6873373091,1093851.6873373091,0.0,91.82742724790668
2027-08-13,1093851.6873373091,1093851.6873373091,0.0,92.41806841156225
2027-08-14,1093851.6873373091,1093851.6873373091,0.0,91.97217479540582
2027-08-15,1093851.6873373091,1093851.6873373091,0.0,93.11262498512652
2027-08-16,1093851.6873373091,1093851.6873373091,0.0,93.4192188999902
2027-08-17,1093851.6873373091,1093851.6873373091,0.0,93.121563000936
2027-08-18,1093851.6873373091,1093851.6873373091,0.0,94.22040608150898
2027-08-19,1093851.6873373091,1093851.6873373091,0.0,93.46272711420067
2027-08-20,1093851.6873373091,1093851.6873373091,0.0,93.982999054834
2027-08-21,1093851.6873373091,1093851.6873373091,0.0,94.60266458786552
2027-08-22,1093851.6873373091,1093851.6873373091,0.0,95.18953388909394
2027-08-23,1093851.6873373091,1093851.6873373091,0.0,95.04155050727384
2027-08-24,1093851.6873373091,1093851.6873373091,0.0,95.87292750154054
2027-08-25,1093532.1115444177,1306653.6806619144,-2182.3958410894434,97.65486402829076
2027-08-26,1093862.8191423286,1306653.6806619144,-2182.3958410894434,97.50332983285084
2027-08-27,1093719.1222084805,1306653.6806619144,-2182.3958410894434,97.5691734947304
2027-08-28,1091740.0809835917,1306653.6806619144,-2182.3958410894434,98.47599396589702
2027-08-29,1092310.3340692576,1306653.6806619144,-2182.3958410894434,98.21469714937572
2027-08-30,1092937.4456679202,1306653.6806619144,-2182.3958410894434,97.9273470789368
2027-08-31,1095402.4564814907,1306653.6806619144,-2182.3958410894434,96.79784950239268
2027-09-01,1099013.5203017711,1306653.6806619144,-2182.3958410894434,95.14321666618014
2027-09-02,1101356.5386992309,1306653.6806619144,-2182.3958410894434,94.06961748066746
2027-09-03,1099577.7141025574,1306653.6806619144,-2182.3958410894434,94.88469628680444
2027-09-04,1101694.9595176629,1306653.6806619144,-2182.3958410894434,93.91454899489592
2027-09-05,1100695.4542795771,1306653.6806619144,-2182.3958410894434,94.3725343059322
2027-09-06,1097613.4533728054,1306653.6806619144,-2182.3958410894434,95.78474415748376
2027-09-07,1097281.5427480505,1306653.6806619144,-2182.3958410894434,95.93682959428028
2027-09-08,1099120.8890537955,1306653.6806619144,-2182.3958410894434,95.094019013764
2027-09-09,1099395.2567791287,1306653.6806619144,-2182.3958410894434,94.9683004249692
2027-09-10,1098606.5377851704,1306653.6806619144,-2182.3958410894434,95.32970094595107
2027-09-11,1097804.0662113142,1306653.6806619144,-2182.3958410894434,95.6974030643054
2027-09-12,1097559.447198744,1306653.6806619144,-2182.3958410894434,95.80949043542503
2027-09-13,1096234.4795240583,1306653.6806619144,-2182.3958410894434,96.4166065459581
2027-09-14,1094120.5886001484,1306653.6806619144,-2182.3958410894434,97.38521676969026
2027-09-15,1094820.550588767,1094820.550588767,0.0,96.91905872751772
2027-09-16,1094820.550588767,1094820.550588767,0.0,98.2901247856668
2027-09-17,1094820.550588767,1094820.550588767,0.0,98.61463620332448
2027-09-18,1094820.550588767,1094820.550588767,0.0,96.44435636217484
2027-09-19,1094820.550588767,1094820.550588767,0.0,96.26335091388272
2027-09-20,1094820.550588767,1094820.550588767,0.0,96.0964363847062
2027-09-21,1094820.550588767,1094820.550588767,0.0,97.14004038178416
2027-09-22,1094820.550588767,1094820.550588767,0.0,96.57703830010834
2027-09-23,1094820.550588767,1094820.550588767,0.0,96.72120237432397
2027-09-24,1094820.550588767,1094820.550588767,0.0,95.35829957288904
2027-09-25,1094820.550588767,1094820.550588767,0.0,94.5698887733768
2027-09-26,1094820.550588767,1094820.550588767,0.0,95.32660329214151
2027-09-27,1094820.550588767,1094820.550588767,0.0,94.16941238378736
2027-09-28,1094820.550588767,1094820.550588767,0.0,95.08345166849794
2027-09-29,1094820.550588767,1094820.550588767,0.0,96.1735677183264
2027-09-30,1094820.550588767,1094820.550588767,0.0,97.37487875512606
2027-10-01,1094820.550588767,1094820.550588767,0.0,98.89131944059424
2027-10-02,1094820.550588767,1094820.550588767,0.0,99.6608868506321
2027-10-03,1094820.550588767,1094820.550588767,0.0,100.08580418606785
2027-10-04,1094820.550588767,1094820.550588767,0.0,100.70789315983892
2027-10-05,1094820.550588767,1094820.550588767,0.0,100.7797089491421
2027-10-06,1094820.550588767,1094820.550588767,0.0,100.40390237491115
2027-10-07,1094820.550588767,1094820.550588767,0.0,101.18010560212387
2027-10-08,1094820.550588767,1094820.550588767,0.0,101.6354948869921
2027-10-09,1094820.550588767,1094820.550588767,0.0,102.5341499690084
2027-10-10,1094820.550588767,1094820.550588767,0.0,102.32048859016918
2027-10-11,1094820.550588767,1094820.550588767,0.0,102.1971939309338
2027-10-12,1094820.550588767,1094820.550588767,0.0,102.41356157523263
2027-10-13,1094820.550588767,1094820.550588767,0.0,102.28393944312928
2027-10-14,1094820.550588767,1094820.550588767,0.0,105.232364628668
2027-10-15,1094820.550588767,1094820.550588767,0.0,107.28785197442484
2027-10-16,1094820.550588767,1094820.550588767,0.0,107.29245834114307
2027-10-17,1094820.550588767,1094820.550588767,0.0,107.15212672150136
2027-10-18,1094820.550588767,1094820.550588767,0.0,107.63112329932734
2027-10-19,1094820.550588767,1094820.550588767,0.0,107.16990618108152
2027-10-20,1094820.550588767,1094820.550588767,0.0,106.692692517452
2027-10-21,1094820.550588767,1094820.550588767,0.0,106.73847769319084
2027-10-22,1094820.550588767,1094820.550588767,0.0,106.34280500230253
2027-10-23,1094820.550588767,1094820.550588767,0.0,106.53840838003384
2027-10-24,1094820.550588767,1094820.550588767,0.0,106.93342812761932
2027-10-25,1094820.550588767,1094820.550588767,0.0,103.58408116585444
2027-10-26,1094820.550588767,1094820.550588767,0.0,101.6077422633171
2027-10-27,1094820.550588767,1094820.550588767,0.0,100.75004798153353
2027-10-28,1094820.550588767,1094820.550588767,0.0,101.03220880742218
2027-10-29,1094820.550588767,1094820.550588767,0.0,100.25654275751484
2027-10-30,1094820.550588767,1094820.550588767,0.0,102.59952850531177
2027-10-31,1094820.550588767,1094820.550588767,0.0,103.52152962209009
2027-11-01,1094820.550588767,1094820.550588767,0.0,105.56875167125858
2027-11-02,1094820.550588767,1094820.550588767,0.0,106.52334497201178
2027-11-03,1094820.550588767,1094820.550588767,0.0,104.84948488660709
2027-11-04,1094820.550588767,1094820.550588767,0.0,103.63447405281678
2027-11-05,1094820.550588767,1094820.550588767,0.0,103.10583900306092
2027-11-06,1094820.550588767,1094820.550588767,0.0,101.88004442791905
2027-11-07,1094820.550588767,1094820.550588767,0.0,102.98758038102854
2027-11-08,1094820.550588767,1094820.550588767,0.0,102.82446641533032
2027-11-09,1094820.550588767,1094820.550588767,0.0,103.03556389435448
2027-11-10,1094820.550588767,1094820.550588767,0.0,104.4637199172066
2027-11-11,1094820.550588767,1094820.550588767,0.0,106.49595915403536
2027-11-12,1094820.550588767,1094820.550588767,0.0,106.20733430072298
2027-11-13,1094820.550588767,1094820.550588767,0.0,104.76789607351024
2027-11-14,1094820.550588767,1094820.550588767,0.0,103.53034639409212
2027-11-15,1094820.550588767,1094820.550588767,0.0,104.72719613425984
2027-11-16,1094820.550588767,1094820.550588767,0.0,105.00572597160844
2027-11-17,1094820.550588767,1094820.550588767,0.0,104.07528474338132
2027-11-18,1094820.550588767,1094820.550588767,0.0,104.81470092043634
2027-11-19,1094820.550588767,1094820.550588767,0.0,103.69270596752249
2027-11-20,1094820.550588767,1094820.550588767,0.0,101.87106113381562
2027-11-21,1094820.550588767,1094820.550588767,0.0,99.84616798862017
2027-11-22,1094820.550588767,1094820.550588767,0.0,98.41281470608912
2027-11-23,1094820.550588767,1094820.550588767,0.0,99.55837814820012
2027-11-24,1094820.550588767,1094820.550588767,0.0,99.35691602669688
2027-11-25,1094820.550588767,1094820.550588767,0.0,99.32333906433126
2027-11-26,1094820.550588767,1094820.550588767,0.0,99.50921672934808
2027-11-27,1094820.550588767,1094820.550588767,0.0,98.50875311664886
2027-11-28,1094820.550588767,1094820.550588767,0.0,98.03737001103173
2027-11-29,1094820.550588767,1094820.550588767,0.0,97.6621969147687
2027-11-30,1094820.550588767,1094820.550588767,0.0,96.75720598190256
2027-12-01,1094820.550588767,1094820.550588767,0.0,96.28826255547352
2027-12-02,1094820.550588767,1094820.550588767,0.0,96.1711941757293
2027-12-03,1094820.550588767,1094820.550588767,0.0,95.93311368648104
2027-12-04,1094820.550588767,1094820.550588767,0.0,96.34958456840168
2027-12-05,1094820.550588767,1094820.550588767,0.0,95.882816691168
2027-12-06,1094820.550588767,1094820.550588767,0.0,97.37555839889198
2027-12-07,1094820.550588767,1094820.550588767,0.0,96.37509607182233
2027-12-08,1094491.9949415354,875527.8848237819,2284.078972475707,95.8653850223133
2027-12-09,1095356.4274050267,875527.8848237819,2284.078972475707,96.2438449941042
2027-12-10,1096718.3091459665,875527.8848237819,2284.078972475707,96.8400948424463
2027-12-11,1094066.4426321909,875527.8848237819,2284.078972475707,95.67907258983068
2027-12-12,1093842.0444653374,875527.8848237819,2284.078972475707,95.58082810285902
2027-12-13,1095594.5360306168,875527.8848237819,2284.078972475707,96.348092101345
2027-12-14,1092095.876514594,875527.8848237819,2284.078972475707,94.81633266649914
2027-12-15,1091905.7833889856,875527.8848237819,2284.078972475707,94.73310738055268
2027-12-16,1088712.2071823976,875527.8848237819,2284.078972475707,93.33491745582933
2027-12-17,1086986.1783893052,875527.8848237819,2284.078972475707,92.57923920919616
2027-12-18,1087167.1891751874,875527.8848237819,2284.078972475707,92.65848812662124
2027-12-19,1086707.7290603044,875527.8848237819,2284.078972475707,92.4573304081624
2027-12-20,1084312.680102697,875527.8848237819,2284.078972475707,91.40874628017517
2027-12-21,1086878.4231461603,875527.8848237819,2284.078972475707,92.53206253779231
2027-12-22,1086174.4109748718,875527.8848237819,2284.078972475707,92.22383669281392
2027-12-23,1087335.9247042981,875527.8848237819,2284.078972475707,92.73236277418994
2027-12-24,1090540.7849173201,875527.8848237819,2284.078972475707,94.13549298625443
2027-12-25,1089091.3070393847,875527.8848237819,2284.078972475707,93.50089238995189
2027-12-26,1090410.080191002,875527.8848237819,2284.078972475707,94.0782687274205
2027-12-27,1091304.048012591,875527.8848237819,2284.078972475707,94.46965966983612
2027-12-28,1088326.471706021,875527.8848237819,2284.078972475707,93.16603735972733
2027-12-29,1090588.0558838132,1090588.0558838132,0.0,94.29758807425226
2027-12-30,1090588.0558838132,1090588.0558838132,0.0,94.39281936442144
2027-12-31,1090588.0558838132,1090588.0558838132,0.0,93.89119841511103
2028-01-01,1090588.0558838132,1090588.0558838132,0.0,92.38276321834331
2028-01-02,1090588.0558838132,1090588.0558838132,0.0,91.21301738132864
2028-01-03,1090588.0558838132,1090588.0558838132,0.0,91.11408887169311
2028-01-04,1090588.0558838132,1090588.0558838132,0.0,89.90322881041484
2028-01-05,1090588.0558838132,1090588.0558838132,0.0,90.4738918827616
2028-01-06,1090588.0558838132,1090588.0558838132,0.0,90.13162392976392
2028-01-07,1090588.0558838132,1090588.0558838132,0.0,88.73522701504058
2028-01-08,1090588.0558838132,1090588.0558838132,0.0,88.14890417830595
2028-01-09,1090588.0558838132,1090588.0558838132,0.0,87.21693976148971
2028-01-10,1090588.0558838132,1090588.0558838132,0.0,86.15579496687864
2028-01-11,1090588.0558838132,1090588.0558838132,0.0,84.268305282477
2028-01-12,1090588.0558838132,1090588.0558838132,0.0,84.35220228724985
2028-01-13,1090588.0558838132,1090588.0558838132,0.0,83.55144659280813
2028-01-14,1090588.0558838132,1090588.0558838132,0.0,85.13419407859692
2028-01-15,1090588.0558838132,1090588.0558838132,0.0,85.98342284622633
2028-01-16,1090588.0558838132,1090588.0558838132,0.0,87.39772857003771
2028-01-17,1090588.0558838132,1090588.0558838132,0.0,88.0253511269807
2028-01-18,1090588.0558838132,1090588.0558838132,0.0,87.5122275015406
2028-01-19,1090260.9885258535,1308378.5997026162,-2484.35995795305,87.79629959761438
2028-01-20,1090920.3573998208,1308378.5997026162,-2484.35995795305,87.53089165145249
2028-01-21,1090178.3698301201,1308378.5997026162,-2484.35995795305,87.82955512303411
2028-01-22,1088224.9147734644,1308378.5997026162,-2484.35995795305,88.61585625882648
2028-01-23,1086905.629468351,1308378.5997026162,-2484.35995795305,89.14689255285874
2028-01-24,1086887.1522506205,1308378.5997026162,-2484.35995795305,89.15432996854854
2028-01-25,1086741.298503701,1308378.5997026162,-2484.35995795305,89.21303875044325
2028-01-26,1086254.046532658,1308378.5997026162,-2484.35995795305,89.40916651746966
2028-01-27,1083784.067406454,1308378.5997026162,-2484.35995795305,90.40337797152938
2028-01-28,1084881.139756526,1308378.5997026162,-2484.35995795305,89.96178642737323
2028-01-29,1085458.6186371085,1308378.5997026162,-2484.35995795305,89.72934069070216
2028-01-30,1086587.0074564621,1308378.5997026162,-2484.35995795305,89.2751436989412
2028-01-31,1086282.2794109304,1308378.5997026162,-2484.35995795305,89.39780227124523
2028-02-01,1084863.7095921014,1308378.5997026162,-2484.35995795305,89.96880238509254
2028-02-02,1084192.9345503475,1308378.5997026162,-2484.35995795305,90.238801520929
2028-02-03,1084322.1970953145,1308378.5997026162,-2484.35995795305,90.18677099912264
2028-02-04,1081905.6432876228,1308378.5997026162,-2484.35995795305,91.1594777922569
2028-02-05,1083697.2074317324,1308378.5997026162,-2484.35995795305,90.43834068876497
2028-02-06,1087041.8441143679,1308378.5997026162,-2484.35995795305,89.09206368412711
2028-02-07,1086328.9861249612,1308378.5997026162,-2484.35995795305,89.37900197063612
2028-02-08,1086418.3649176187,1308378.5997026162,-2484.35995795305,89.34302538343846
2028-02-09,1086782.658491495,1304140.460149899,-2436.915089519016,89.19383469421766
2028-02-10,1089631.7745578154,1304140.460149899,-2436.915089519016,88.02468601169927
2028-02-11,1089205.3323536385,1304140.460149899,-2436.915089519016,88.19967865137356
2028-02-12,1085312.2511966464,1304140.460149899,-2436.915089519016,89.79722350377155
2028-02-13,1088206.7281608242,1304140.460149899,-2436.915089519016,88.60946075543995
2028-02-14,1088545.6967410906,1304140.460149899,-2436.915089519016,88.4703633442399
2028-02-15,1088382.8767428056,1304140.460149899,-2436.915089519016,88.53717732515595
2028-02-16,1089338.5753270264,1304140.460149899,-2436.915089519016,88.14500174697054
2028-02-17,1088985.1429674958,1304140.460149899,-2436.915089519016,88.29003444058003
2028-02-18,1089944.80504118,1304140.460149899,-2436.915089519016,87.89623242515015
2028-02-19,1089615.5627471362,1304140.460149899,-2436.915089519016,88.03133860733097
2028-02-20,1090161.6743458614,1304140.460149899,-2436.915089519016,87.80723904757441
2028-02-21,1091309.4178164576,1304140.460149899,-2436.915089519016,87.33625691301731
2028-02-22,1091473.3975465936,1304140.460149899,-2436.915089519016,87.26896703047632
2028-02-23,1090447.4466899945,1304140.460149899,-2436.915089519016,87.68997097148835
2028-02-24,1093749.8547725058,1304140.460149899,-2436.915089519016,86.3348116978991
2028-02-25,1092284.8737425348,1304140.460149899,-2436.915089519016,86.93597381317831
2028-02-26,1093816.845010734,1304140.460149899,-2436.915089519016,86.3073219267059
2028-02-27,1092512.1251075147,1304140.460149899,-2436.915089519016,86.84272010649097
2028-02-28,1093924.8412218597,1304140.460149899,-2436.915089519016,86.26300515441034
2028-02-29,1092419.948664227,1304140.460149899,-2436.915089519016,86.88054515984798
2028-03-01,1092513.2346441066,1311017.9472287537,-2516.233052307753,86.83802654298911
2028-03-02,1094534.6443597309,1311017.9472287537,-2516.233052307753,86.0346789700088
2028-03-03,1095482.4486430534,1311017.9472287537,-2516.233052307753,85.65800309634388
2028-03-04,1092894.2556238938,1311017.9472287537,-2516.233052307753,86.68660138805845
2028-03-05,1092781.1763806005,1311017.9472287537,-2516.233052307753,86.73154128072446
2028-03-06,1093778.4911662163,1311017.9472287537,-2516.233052307753,86.33518896959767
2028-03-07,1091286.6116999767,1311017.9472287537,-2516.233052307753,87.32551038038837
2028-03-08,1089399.4852296258,1311017.9472287537,-2516.233052307753,88.07549117752478
2028-03-09,1091253.7788568004,1311017.9472287537,-2516.233052307753,87.33855879144323
2028-03-10,1091702.7137523754,1311017.9472287537,-2516.233052307753,87.16014332425772
2028-03-11,1095534.3025751016,1311017.9472287537,-2516.233052307753,85.6373953342764
2028-03-12,1093647.1710274396,1311017.9472287537,-2516.233052307753,86.3873781492352
2028-03-13,1093638.3301071392,1311017.9472287537,-2516.233052307753,86.39089170307406
2028-03-14,1092176.645899953,1311017.9472287537,-2516.233052307753,86.97179346248994
2028-03-15,1096364.3032160236,1311017.9472287537,-2516.233052307753,85.30753692145544
2028-03-16,1096966.3278236834,1311017.9472287537,-2516.233052307753,85.06828062239849
2028-03-17,1096607.2986705983,1311017.9472287537,-2516.233052307753,85.2109657972697
2028-03-18,1101101.2697927027,1311017.9472287537,-2516.233052307753,83.42497418652327
2028-03-19,1099718.9431054073,1311017.9472287537,-2516.233052307753,83.97433772263437
2028-03-20,1100401.313523725,1311017.9472287537,-2516.233052307753,83.70315043428214
2028-03-21,1104064.803005068,1311017.9472287537,-2516.233052307753,82.24720839505684
2028-03-22,1104817.918946377,1104817.918946377,0.0,81.8251268557754
2028-03-23,1104817.918946377,1104817.918946377,0.0,82.19966172817273
2028-03-24,1104817.918946377,1104817.918946377,0.0,81.45250632637936
2028-03-25,1104817.918946377,1104817.918946377,0.0,81.41531345140389
2028-03-26,1104817.918946377,1104817.918946377,0.0,81.06343936444812
2028-03-27,1104817.918946377,1104817.918946377,0.0,79.46296219310001
2028-03-28,1104817.918946377,1104817.918946377,0.0,79.96022972397712
2028-03-29,1104817.918946377,1104817.918946377,0.0,80.60871259153116
2028-03-30,1104817.918946377,1104817.918946377,0.0,81.54002911780951
2028-03-31,1104817.918946377,1104817.918946377,0.0,81.54737813163516
2028-04-01,1104817.918946377,1104817.918946377,0.0,81.94351835609507
2028-04-02,1104817.918946377,1104817.918946377,0.0,80.6315347180037
2028-04-03,1104817.918946377,1104817.918946377,0.0,80.82538474597484
2028-04-04,1104817.918946377,1104817.918946377,0.0,80.56880898582862
2028-04-05,1104817.918946377,1104817.918946377,0.0,80.50683129520672
2028-04-06,1104817.918946377,1104817.918946377,0.0,79.61230303359696
2028-04-07,1104817.918946377,1104817.918946377,0.0,80.51111755486444
2028-04-08,1104817.918946377,1104817.918946377,0.0,79.19281155215145
2028-04-09,1104817.918946377,1104817.918946377,0.0,79.40851846655642
2028-04-10,1104817.918946377,1104817.918946377,0.0,78.68327099173644
2028-04-11,1104817.918946377,1104817.918946377,0.0,80.36803811910569
2028-04-12,1104486.584052485,1325450.1678417604,-2730.3442200301706,80.92883753200677
2028-04-13,1104549.5456027049,1325450.1678417604,-2730.3442200301706,80.90577760067727
2028-04-14,1106808.5955692562,1325450.1678417604,-2730.3442200301706,80.07839109388497
2028-04-15,1104853.9359449828,1325450.1678417604,-2730.3442200301706,80.79429336361848
2028-04-16,1111939.3143867787,1325450.1678417604,-2730.3442200301706,78.1992438494156
2028-04-17,1111117.491922615,1325450.1678417604,-2730.3442200301706,78.50023976712241
2028-04-18,1110020.7854804029,1325450.1678417604,-2730.3442200301706,78.9019130924734
2028-04-19,1109045.4099954832,1325450.1678417604,-2730.3442200301706,79.25914844681593
2028-04-20,1107224.6528268754,1325450.1678417604,-2730.3442200301706,79.92600838163679
2028-04-21,1108454.090634162,1325450.1678417604,-2730.3442200301706,79.47572163820446
2028-04-22,1107258.8212639827,1325450.1678417604,-2730.3442200301706,79.91349404851479
2028-04-23,1108715.800754186,1325450.1678417604,-2730.3442200301706,79.37986921120866
2028-04-24,1110508.0741748677,1325450.1678417604,-2730.3442200301706,78.72344156830073
2028-04-25,1112715.6065538991,1325450.1678417604,-2730.3442200301706,77.91492359359383
2028-04-26,1113250.9795959848,1325450.1678417604,-2730.3442200301706,77.7188409758206
2028-04-27,1110879.8212167097,1325450.1678417604,-2730.3442200301706,78.58728765806671
2028-04-28,1107168.0374507366,1325450.1678417604,-2730.3442200301706,79.94674400014364
2028-04-29,1107757.5183234285,1325450.1678417604,-2730.3442200301706,79.73084416291162
2028-04-30,1109157.0479490838,1325450.1678417604,-2730.3442200301706,79.21826057898537
2028-05-01,1106262.3799534834,1325450.1678417604,-2730.3442200301706,80.27844484965894
2028-05-02,1105310.2980843422,1325450.1678417604,-2730.3442200301706,80.62714881971394
2028-05-03,1104915.9000064698,1104915.9000064698,0.0,80.6505825675703
2028-05-04,1104915.9000064698,1104915.9000064698,0.0,79.76367568536463
2028-05-05,1104915.9000064698,1104915.9000064698,0.0,80.91386757013922
2028-05-06,1104915.9000064698,1104915.9000064698,0.0,80.989707107869
2028-05-07,1104915.9000064698,1104915.9000064698,0.0,80.98983652712789
2028-05-08,1104915.9000064698,1104915.9000064698,0.0,81.42972874804488
2028-05-09,1104915.9000064698,1104915.9000064698,0.0,81.44756238900933
2028-05-10,1104915.9000064698,1104915.9000064698,0.0,82.65751728383545
2028-05-11,1104915.9000064698,1104915.9000064698,0.0,83.49809215707381
2028-05-12,1104915.9000064698,1104915.9000064698,0.0,83.03070487750655
2028-05-13,1104915.9000064698,1104915.9000064698,0.0,83.10289069462165
2028-05-14,1104915.9000064698,1104915.9000064698,0.0,82.6178112942321
2028-05-15,1104915.9000064698,1104915.9000064698,0.0,84.19360191075201
2028-05-16,1104915.9000064698,1104915.9000064698,0.0,83.58717876427377
2028-05-17,1104915.9000064698,1104915.9000064698,0.0,83.48774557845982
2028-05-18,1104915.9000064698,1104915.9000064698,0.0,83.79213326716953
2028-05-19,1104915.9000064698,1104915.9000064698,0.0,84.21695969058806
2028-05-20,1104915.9000064698,1104915.9000064698,0.0,84.7869902218159
2028-05-21,1104915.9000064698,1104915.9000064698,0.0,85.46883267563535
2028-05-22,1104915.9000064698,1104915.9000064698,0.0,86.06306831110716
2028-05-23,1104915.9000064698,1104915.9000064698,0.0,85.69124339739137
2028-05-24,1104584.5357280578,1325567.7157293519,-2592.95859444291,85.22433812668405
2028-05-25,1104500.0379886338,1325567.7157293519,-2592.95859444291,85.25692551145954
2028-05-26,1105716.3072761982,1325567.7157293519,-2592.95859444291,84.78785929105364
2028-05-27,1107157.564967079,1325567.7157293519,-2592.95859444291,84.23202407873293
2028-05-28,1108077.1805000352,1325567.7157293519,-2592.95859444291,83.8773652982469
2028-05-29,1103456.8437932874,1325567.7157293519,-2592.95859444291,85.65924361926972
2028-05-30,1100001.2399548804,1325567.7157293519,-2592.95859444291,86.99193124714499
2028-05-31,1100540.1051371896,1325567.7157293519,-2592.95859444291,86.7841125864599
2028-06-01,1105142.6114131825,1325567.7157293519,-2592.95859444291,85.00911074653207
2028-06-02,1106439.9289680521,1325567.7157293519,-2592.95859444291,84.50878746422045
2028-06-03,1104503.048454789,1325567.7157293519,-2592.95859444291,85.25576449555996
2028-06-04,1107936.946031655,1325567.7157293519,-2592.95859444291,83.93144810106551
2028-06-05,1106618.8222402695,1325567.7157293519,-2592.95859444291,84.43979551324958
2028-06-06,1105433.9306966828,1325567.7157293519,-2592.95859444291,84.8967605978931
2028-06-07,1105395.7898544383,1325567.7157293519,-2592.95859444291,84.91146998905971
2028-06-08,1105478.5672063862,1325567.7157293519,-2592.95859444291,84.87954608864521
2028-06-09,1107460.4648103628,1325567.7157293519,-2592.95859444291,84.11520777324596
2028-06-10,1105935.333740103,1325567.7157293519,-2592.95859444291,84.70338957974619
2028-06-11,1105253.6078690498,1325567.7157293519,-2592.95859444291,84.96630387097866
2028-06-12,1106309.958771299,1325567.7157293519,-2592.95859444291,84.55891174967245
2028-06-13,1108024.4223256574,1325567.7157293519,-2592.95859444291,83.89771200740407
2028-06-14,1110282.6558304918,1110282.6558304918,0.0,82.9024069706782
2028-06-15,1110282.6558304918,1110282.6558304918,0.0,83.21097964451215
2028-06-16,1110282.6558304918,1110282.6558304918,0.0,83.04286072853435
2028-06-17,1110282.6558304918,1110282.6558304918,0.0,82.88564656352386
2028-06-18,1110282.6558304918,1110282.6558304918,0.0,81.60169989432629
2028-06-19,1110282.6558304918,1110282.6558304918,0.0,80.71289441530311
2028-06-20,1110282.6558304918,1110282.6558304918,0.0,79.74698546492127
2028-06-21,1110282.6558304918,1110282.6558304918,0.0,80.36240327754804
2028-06-22,1110282.6558304918,1110282.6558304918,0.0,80.50050399380741
2028-06-23,1110282.6558304918,1110282.6558304918,0.0,80.27302240896056
2028-06-24,1110282.6558304918,1110282.6558304918,0.0,81.16541343606148
2028-06-25,1110282.6558304918,1110282.6558304918,0.0,81.95173479293028
2028-06-26,1110282.6558304918,1110282.6558304918,0.0,82.86268421153176
2028-06-27,1110282.6558304918,1110282.6558304918,0.0,82.66236256240053
2028-06-28,1110282.6558304918,1110282.6558304918,0.0,81.50144109641707
2028-06-29,1110282.6558304918,1110282.6558304918,0.0,82.90419740832485
2028-06-30,1110282.6558304918,1110282.6558304918,0.0,83.33992957335506
2028-07-01,1110282.6558304918,1110282.6558304918,0.0,83.7953161872661
2028-07-02,1110282.6558304918,1110282.6558304918,0.0,84.3635810221812
2028-07-03,1110282.6558304918,1110282.6558304918,0.0,86.72748007595375
2028-07-04,1110282.6558304918,1110282.6558304918,0.0,86.64041426923858
2028-07-05,1109999.438978282,1298873.631848991,-2148.8867875302208,87.89397094659768
2028-07-06,1111602.962080323,1298873.631848991,-2148.8867875302208,87.14775987985095
2028-07-07,1110070.03121586,1298873.631848991,-2148.8867875302208,87.8611203385584
2028-07-08,1106672.6233405583,1298873.631848991,-2148.8867875302208,89.44212865180066
2028-07-09,1106762.8638698093,1298873.631848991,-2148.8867875302208,89.40013456920182
2028-07-10,1110414.1827612233,1298873.631848991,-2148.8867875302208,87.70096692919296
2028-07-11,1109342.558634195,1298873.631848991,-2148.8867875302208,88.19965496303766
2028-07-12,1109753.2213863572,1298873.631848991,-2148.8867875302208,88.00855008280605
2028-07-13,1108149.7967865595,1298873.631848991,-2148.8867875302208,88.75471531082191
2028-07-14,1109037.2825114005,1298873.631848991,-2148.8867875302208,88.34171741349617
2028-07-15,1104450.242955872,1298873.631848991,-2148.8867875302208,90.47632942849232
2028-07-16,1104243.20442421,1298873.631848991,-2148.8867875302208,90.57267630579804
2028-07-17,1102697.4194657146,1298873.631848991,-2148.8867875302208,91.29201851008044
2028-07-18,1104648.8042136985,1298873.631848991,-2148.8867875302208,90.3839275118447
2028-07-19,1106917.7223031148,1298873.631848991,-2148.8867875302208,89.32807007785495
2028-07-20,1109391.079395404,1298873.631848991,-2148.8867875302208,88.1770754760723
2028-07-21,1111819.985801529,1298873.631848991,-2148.8867875302208,87.04676632241217
2028-07-22,1110546.5796118416,1298873.631848991,-2148.8867875302208,87.63935509771512
2028-07-23,1111678.7978060574,1298873.631848991,-2148.8867875302208,87.112469176695
2028-07-24,1114041.193014907,1298873.631848991,-2148.8867875302208,86.01311148946908
2028-07-25,1115324.4289229712,1298873.631848991,-2148.8867875302208,85.41594838366434
2028-07-26,1113416.6703082903,890611.000196117,2590.188710008613,86.01908781828969
2028-07-27,1114933.9664986972,890611.000196117,2590.188710008613,86.60487378227909
2028-07-28,1117181.4301938564,890611.000196117,2590.188710008613,87.4725571624416
2028-07-29,1116544.468303953,890611.000196117,2590.188710008613,87.22664384831052
2028-07-30,1121101.9916003696,890611.000196117,2590.188710008613,88.98617715134982
2028-07-31,1123609.4761380188,890611.000196117,2590.188710008613,89.95424736490612
2028-08-01,1120889.7061567209,890611.000196117,2590.188710008613,88.90421963110101
2028-08-02,1122767.504499006,890611.000196117,2590.188710008613,89.62918547433443
2028-08-03,1122811.8702993123,890611.000196117,2590.188710008613,89.64631387896952
2028-08-04,1122428.8824401242,890611.000196117,2590.188710008613,89.49845289196571
2028-08-05,1122451.7013332138,890611.000196117,2590.188710008613,89.50726263351136
2028-08-06,1120912.8701376407,890611.000196117,2590.188710008613,88.91316260148399
2028-08-07,1123248.3711050495,890611.000196117,2590.188710008613,89.81483472999886
2028-08-08,1121907.0666843255,890611.000196117,2590.188710008613,89.29699430565404
2028-08-09,1120615.0512145527,890611.000196117,2590.188710008613,88.79818297782283
2028-08-10,1122370.1899607773,890611.000196117,2590.188710008613,89.47579335402547
2028-08-11,1127455.455922487,890611.000196117,2590.188710008613,91.43907345869889
2028-08-12,1126281.4366382742,890611.000196117,2590.188710008613,90.9858171844837
2028-08-13,1123361.9792283897,890611.000196117,2590.188710008613,89.85869567453204
2028-08-14,1126030.1561490246,890611.000196117,2590.188710008613,90.88880475898796
2028-08-15,1126489.7712433785,890611.000196117,2590.188710008613,91.06624939558064
2028-08-16,1127660.3990739263,902124.8610667064,2464.1994396021405,91.52487188440962
2028-08-17,1127737.8344472274,902124.8610667064,2464.1994396021405,91.55629603460493
2028-08-18,1129081.043871231,902124.8610667064,2464.1994396021405,92.10138560909988
2028-08-19,1129908.4126450622,902124.8610667064,2464.1994396021405,92.43714121415952
2028-08-20,1128719.169818316,902124.8610667064,2464.1994396021405,91.95453302602591
2028-08-21,1130319.7429367052,902124.8610667064,2464.1994396021405,92.60406369820554
2028-08-22,1131463.8052128698,902124.8610667064,2464.1994396021405,93.06833710797024
2028-08-23,1130614.0779748939,902124.8610667064,2464.1994396021405,92.72350818531082
2028-08-24,1130219.0908795355,902124.8610667064,2464.1994396021405,92.56321795514098
2028-08-25,1128433.5579975022,902124.8610667064,2464.1994396021405,91.8386285191813
2028-08-26,1129481.2690823548,902124.8610667064,2464.1994396021405,92.2638015258848
2028-08-27,1130558.8173808851,902124.8610667064,2464.1994396021405,92.701082811325
2028-08-28,1130470.3289004972,902124.8610667064,2464.1994396021405,92.66517318527532
2028-08-29,1127884.8456868376,902124.8610667064,2464.1994396021405,91.61595485817556
2028-08-30,1123364.651709546,902124.8610667064,2464.1994396021405,89.78160902372427
2028-08-31,1122853.3112735099,902124.8610667064,2464.1994396021405,89.57410129207778
2028-09-01,1123376.2068760083,902124.8610667064,2464.1994396021405,89.78629824095098
2028-09-02,1124807.1713998558,902124.8610667064,2464.1994396021405,90.36699982737709
2028-09-03,1127344.073688802,902124.8610667064,2464.1994396021405,91.39650346583096
2028-09-04,1126541.2286306398,902124.8610667064,2464.1994396021405,91.0706998619263
2028-09-05,1123018.713378534,902124.8610667064,2464.1994396021405,89.64122333681411
2028-09-06,1121880.0173360182,897502.6288151888,2515.951028422624,89.181937957474
2028-09-07,1126832.6409964745,897502.6288151888,2515.951028422624,91.15042764765748
2028-09-08,1130634.5316471122,897502.6288151888,2515.951028422624,92.66154237433057
2028-09-09,1131634.684580595,897502.6288151888,2515.951028422624,93.05906717595984
2028-09-10,1130626.3290489775,897502.6288151888,2515.951028422624,92.65828213673366
2028-09-11,1130413.632888869,897502.6288151888,2515.951028422624,92.57374306673356
2028-09-12,1134441.7931461495,897502.6288151888,2515.951028422624,94.17479181997818
2028-09-13,1134939.8667561642,897502.6288151888,2515.951028422624,94.37275815731468
2028-09-14,1134038.122124162,897502.6288151888,2515.951028422624,94.01434711440676
2028-09-15,1137196.0682279095,897502.6288151888,2515.951028422624,95.26951705534452
2028-09-16,1132572.7881063013,897502.6288151888,2515.951028422624,93.4319295707794
2028-09-17,1130223.1855506948,897502.6288151888,2515.951028422624,92.49804710285248
2028-09-18,1128357.4170021988,897502.6288151888,2515.951028422624,91.75647124250442
2028-09-19,1130681.3376725041,897502.6288151888,2515.951028422624,92.68014608515918
2028-09-20,1129377.37579935,897502.6288151888,2515.951028422624,92.16186816224926
2028-09-21,1125302.4033862897,897502.6288151888,2515.951028422624,90.54221326156733
2028-09-22,1123731.056874765,897502.6288151888,2515.951028422624,89.91765956645438
2028-09-23,1122668.1264267839,897502.6288151888,2515.951028422624,89.49518296179347
2028-09-24,1122516.2036920546,897502.6288151888,2515.951028422624,89.43479914151514
2028-09-25,1122804.9300748948,897502.6288151888,2515.951028422624,89.5495574891851
2028-09-26,1124995.703764642,897502.6288151888,2515.951028422624,90.42031119821914
2028-09-27,1124260.7816235803,914932.4876991884,2322.2933467925304,90.13860984165017
2028-09-28,1123044.4552540502,914932.4876991884,2322.2933467925304,89.61484897775668
2028-09-29,1123141.6592253284,914932.4876991884,2322.2933467925304,89.65670586522201
2028-09-30,1123647.4899856355,914932.4876991884,2322.2933467925304,89.87452105252638
2028-10-01,1122396.1903081983,914932.4876991884,2322.2933467925304,89.33570037374967
2028-10-02,1118892.966370504,914932.4876991884,2322.2933467925304,87.8271812443585
2028-10-03,1117896.209562541,914932.4876991884,2322.2933467925304,87.39796897049155
2028-10-04,1119541.645272513,914932.4876991884,2322.2933467925304,88.10650810153824
2028-10-05,1119380.446268043,914932.4876991884,2322.2933467925304,88.03709438828251
2028-10-06,1121939.3557837033,914932.4876991884,2322.2933467925304,89.13898339778025
2028-10-07,1122982.2970979784,914932.4876991884,2322.2933467925304,89.58808312745717
2028-10-08,1121886.852673326,914932.4876991884,2322.2933467925304,89.11637509532362
2028-10-09,1124949.5333217967,914932.4876991884,2322.2933467925304,90.43519239835756
2028-10-10,1123132.2785742013,914932.4876991884,2322.2933467925304,89.65266647410034
2028-10-11,1119673.6526074698,914932.4876991884,2322.2933467925304,88.16335162440299
2028-10-12,1120379.335262733,914932.4876991884,2322.2933467925304,88.46722480056218
2028-10-13,1118775.1846340806,914932.4876991884,2322.2933467925304,87.77646338970598
2028-10-14,1118659.6858932998,914932.4876991884,2322.2933467925304,87.72672861311517
2028-10-15,1116487.4431365866,914932.4876991884,2322.2933467925304,86.79134172079453
2028-10-16,1116496.5953601333,914932.4876991884,2322.2933467925304,86.7952827489852
2028-10-17,1117476.1415268858,914932.4876991884,2322.2933467925304,87.21708396893251
2028-10-18,1118455.8089498216,1118455.8089498216,0.0,87.7705493415996
2028-10-19,1118455.8089498216,1118455.8089498216,0.0,86.77714173769621
2028-10-20,1118455.8089498216,1118455.8089498216,0.0,85.60999405244178
2028-10-21,1118455.8089498216,1118455.8089498216,0.0,85.95095593041717
2028-10-22,1118455.8089498216,1118455.8089498216,0.0,85.62532752937817
2028-10-23,1118455.8089498216,1118455.8089498216,0.0,85.14992233141732
2028-10-24,1118455.8089498216,1118455.8089498216,0.0,85.04984606298049
2028-10-25,1118455.8089498216,1118455.8089498216,0.0,84.90503897100427
2028-10-26,1118455.8089498216,1118455.8089498216,0.0,85.22313811448299
2028-10-27,1118455.8089498216,1118455.8089498216,0.0,85.6396251870399
2028-10-28,1118455.8089498216,1118455.8089498216,0.0,86.48638572409165
2028-10-29,1118455.8089498216,1118455.8089498216,0.0,86.2633416629678
2028-10-30,1118455.8089498216,1118455.8089498216,0.0,87.12661884777367
2028-10-31,1118455.8089498216,1118455.8089498216,0.0,87.64000955194811
2028-11-01,1118455.8089498216,1118455.8089498216,0.0,88.40847757894328
2028-11-02,1118455.8089498216,1118455.8089498216,0.0,87.43539451922811
2028-11-03,1118455.8089498216,1118455.8089498216,0.0,87.34533075110068
2028-11-04,1118455.8089498216,1118455.8089498216,0.0,89.01651940937708
2028-11-05,1118455.8089498216,1118455.8089498216,0.0,87.8042635646529
2028-11-06,1118455.8089498216,1118455.8089498216,0.0,89.39148492692021
2028-11-07,1118455.8089498216,1118455.8089498216,0.0,90.9671328652112
2028-11-08,1118455.8089498216,1118455.8089498216,0.0,91.63542059148736
2028-11-09,1118455.8089498216,1118455.8089498216,0.0,90.4095978752914
2028-11-10,1118455.8089498216,1118455.8089498216,0.0,90.21399873874618
2028-11-11,1118455.8089498216,1118455.8089498216,0.0,90.9318449869146
2028-11-12,1118455.8089498216,1118455.8089498216,0.0,89.73422172377283
2028-11-13,1118455.8089498216,1118455.8089498216,0.0,90.34308942268812
2028-11-14,1118455.8089498216,1118455.8089498216,0.0,90.4407030312114
2028-11-15,1118455.8089498216,1118455.8089498216,0.0,89.92755995423188
2028-11-16,1118455.8089498216,1118455.8089498216,0.0,88.92668839100236
2028-11-17,1118455.8089498216,1118455.8089498216,0.0,90.23368495958252
2028-11-18,1118455.8089498216,1118455.8089498216,0.0,90.93732758821824
2028-11-19,1118455.8089498216,1118455.8089498216,0.0,90.78745442037534
2028-11-20,1118455.8089498216,1118455.8089498216,0.0,90.81907539096272
2028-11-21,1118455.8089498216,1118455.8089498216,0.0,90.5761615638041
2028-11-22,1118455.8089498216,1118455.8089498216,0.0,88.95350958269657
2028-11-23,1118455.8089498216,1118455.8089498216,0.0,90.10708170846706
2028-11-24,1118455.8089498216,1118455.8089498216,0.0,90.30449040192504
2028-11-25,1118455.8089498216,1118455.8089498216,0.0,91.17046537754136
2028-11-26,1118455.8089498216,1118455.8089498216,0.0,90.75728108626706
2028-11-27,1118455.8089498216,1118455.8089498216,0.0,90.84094173831336
2028-11-28,1118455.8089498216,1118455.8089498216,0.0,91.132028729113
2028-11-29,1118120.1603615559,894428.9985715915,2429.402780932738,92.07660563559617
2028-11-30,1122167.107274257,894428.9985715915,2429.402780932738,93.74242529484076
2028-12-01,1121374.2505985023,894428.9985715915,2429.402780932738,93.41606661855312
2028-12-02,1120586.720408863,894428.9985715915,2429.402780932738,93.09190045071126
2028-12-03,1120031.7130899855,894428.9985715915,2429.402780932738,92.86344623009644
2028-12-04,1118690.4456121537,894428.9985715915,2429.402780932738,92.3113486164941
2028-12-05,1124704.6738574025,894428.9985715915,2429.402780932738,94.78694808993326
2028-12-06,1120864.7603314144,894428.9985715915,2429.402780932738,93.20634829967796
2028-12-07,1127030.1685312046,894428.9985715915,2429.402780932738,95.7441770402143
2028-12-08,1128520.480002832,894428.9985715915,2429.402780932738,96.35762470863892
2028-12-09,1128327.2531919305,894428.9985715915,2429.402780932738,96.2780879548252
2028-12-10,1126376.229538747,894428.9985715915,2429.402780932738,95.47500018836008
2028-12-11,1126282.3893865237,894428.9985715915,2429.402780932738,95.43637334847996
2028-12-12,1124979.002826435,894428.9985715915,2429.402780932738,94.89986842211768
2028-12-13,1128183.486657706,894428.9985715915,2429.402780932738,96.21891022795636
2028-12-14,1129663.2095709,894428.9985715915,2429.402780932738,96.82799939374132
2028-12-15,1133626.799461385,894428.9985715915,2429.402780932738,98.4595073188961
2028-12-16,1132933.162094374,894428.9985715915,2429.402780932738,98.17398967132648
2028-12-17,1133270.507783663,894428.9985715915,2429.402780932738,98.31284918525174
2028-12-18,1133037.9813254692,894428.9985715915,2429.402780932738,98.2171357613524
2028-12-19,1132147.7028400179,894428.9985715915,2429.402780932738,97.85067594973168
2028-12-20,1129361.218026305,1129361.218026305,0.0,96.84891743883595
2028-12-21,1129361.218026305,1129361.218026305,0.0,97.54813492255674
2028-12-22,1129361.218026305,1129361.218026305,0.0,97.88137044836851
2028-12-23,1129361.218026305,1129361.218026305,0.0,97.83514460258245
2028-12-24,1129361.218026305,1129361.218026305,0.0,98.32844001349956
2028-12-25,1129361.218026305,1129361.218026305,0.0,97.92402115817946
2028-12-26,1129361.218026305,1129361.218026305,0.0,97.93890694638483
2028-12-27,1129361.218026305,1129361.218026305,0.0,98.78682127643027
2028-12-28,1129361.218026305,1129361.218026305,0.0,99.7782953620796
2028-12-29,1129361.218026305,1129361.218026305,0.0,101.31480550911417
2028-12-30,1129361.218026305,1129361.218026305,0.0,100.19687647513878
2028-12-31,1129361.218026305,1129361.218026305,0.0,99.23698404213997
2029-01-01,1129361.218026305,1129361.218026305,0.0,98.10040738048524
2029-01-02,1129361.218026305,1129361.218026305,0.0,97.46656387682938
2029-01-03,1129361.218026305,1129361.218026305,0.0,97.1404034545961
2029-01-04,1129361.218026305,1129361.218026305,0.0,97.56589414962964
2029-01-05,1129361.218026305,1129361.218026305,0.0,98.7087384527934
2029-01-06,1129361.218026305,1129361.218026305,0.0,98.32073037869742
2029-01-07,1129361.218026305,1129361.218026305,0.0,98.88668731921896
2029-01-08,1129361.218026305,1129361.218026305,0.0,100.15856486254546
2029-01-09,1129361.218026305,1129361.218026305,0.0,99.70362165412322
2029-01-10,1129361.218026305,1129361.218026305,0.0,99.42355220256124
2029-01-11,1129361.218026305,1129361.218026305,0.0,99.48930739298262
2029-01-12,1129361.218026305,1129361.218026305,0.0,97.83613285947574
2029-01-13,1129361.218026305,1129361.218026305,0.0,98.337647818805
2029-01-14,1129361.218026305,1129361.218026305,0.0,97.15993686978616
2029-01-15,1129361.218026305,1129361.218026305,0.0,97.93025265209808
2029-01-16,1129361.218026305,1129361.218026305,0.0,97.5091377796738
2029-01-17,1129361.218026305,1129361.218026305,0.0,97.01272285319077
2029-01-18,1129361.218026305,1129361.218026305,0.0,96.0679346668273
2029-01-19,1129361.218026305,1129361.218026305,0.0,96.58907003043534
2029-01-20,1129361.218026305,1129361.218026305,0.0,97.106698093626
2029-01-21,1129361.218026305,1129361.218026305,0.0,96.66571848364777
2029-01-22,1129361.218026305,1129361.218026305,0.0,98.41913991136336
2029-01-23,1129361.218026305,1129361.218026305,0.0,98.45290216115606
2029-01-24,1129361.218026305,1129361.218026305,0.0,98.43916048712774
2029-01-25,1129361.218026305,1129361.218026305,0.0,98.49755796594198
2029-01-26,1129361.218026305,1129361.218026305,0.0,97.82973480333902
2029-01-27,1129361.218026305,1129361.218026305,0.0,96.86227441419295
2029-01-28,1129361.218026305,1129361.218026305,0.0,96.5011389933394
2029-01-29,1129361.218026305,1129361.218026305,0.0,97.11488386855038
2029-01-30,1129361.218026305,1129361.218026305,0.0,95.33352498408118
2029-01-31,1129022.2967247753,903150.0531195144,2405.0803371846173,93.91463566230252
2029-02-01,1127654.1610046574,903150.0531195144,2405.0803371846173,93.34578326308517
2029-02-02,1123662.2862842542,903150.0531195144,2405.0803371846173,91.68601553778906
2029-02-03,1120560.2917650386,903150.0531195144,2405.0803371846173,90.3962480105859
2029-02-04,1122327.2876241696,903150.0531195144,2405.0803371846173,91.1309410816704
2029-02-05,1121368.8181778667,903150.0531195144,2405.0803371846173,90.73242239957726
2029-02-06,1119530.6960124138,903150.0531195144,2405.0803371846173,89.96815596862523
2029-02-07,1119833.7486417303,903150.0531195144,2405.0803371846173,90.09416116879711
2029-02-08,1120083.0584827743,903150.0531195144,2405.0803371846173,90.19782084169437
2029-02-09,1122624.2360014967,903150.0531195144,2405.0803371846173,91.25440821610904
2029-02-10,1118753.1443112832,903150.0531195144,2405.0803371846173,89.6448604474283
2029-02-11,1116764.9400091101,903150.0531195144,2405.0803371846173,88.81819188611931
2029-02-12,1115493.433168555,903150.0531195144,2405.0803371846173,88.28951647312094
2029-02-13,1116325.6120388573,903150.0531195144,2405.0803371846173,88.63552523525512
2029-02-14,1122580.431372789,903150.0531195144,2405.0803371846173,91.23619484168223
2029-02-15,1123870.9094506784,903150.0531195144,2405.0803371846173,91.77275823956032
2029-02-16,1123284.8425117312,903150.0531195144,2405.0803371846173,91.52907950256088
2029-02-17,1120630.1241394198,903150.0531195144,2405.0803371846173,90.42528337098588
2029-02-18,1117738.7154640357,903150.0531195144,2405.0803371846173,89.22307460037634
2029-02-19,1119685.5409192254,903150.0531195144,2405.0803371846173,90.0325383946164
2029-02-20,1117971.3862672276,903150.0531195144,2405.0803371846173,89.31981598551619
2029-02-21,1116891.0987165228,1116891.0987165228,0.0,89.00410863779851
2029-02-22,1116891.0987165228,1116891.0987165228,0.0,90.49143667935932
2029-02-23,1116891.0987165228,1116891.0987165228,0.0,88.95307626301006
2029-02-24,1116891.0987165228,1116891.0987165228,0.0,89.19400559313762
2029-02-25,1116891.0987165228,1116891.0987165228,0.0,88.39164448331591
2029-02-26,1116891.0987165228,1116891.0987165228,0.0,89.84986896044191
2029-02-27,1116891.0987165228,1116891.0987165228,0.0,89.01050284623176
2029-02-28,1116891.0987165228,1116891.0987165228,0.0,89.6079052210977
2029-03-01,1116891.0987165228,1116891.0987165228,0.0,88.00219672771198
2029-03-02,1116891.0987165228,1116891.0987165228,0.0,89.37978682508277
2029-03-03,1116891.0987165228,1116891.0987165228,0.0,90.20562594287289
2029-03-04,1116891.0987165228,1116891.0987165228,0.0,89.70530135158629
2029-03-05,1116891.0987165228,1116891.0987165228,0.0,90.05852161924282
2029-03-06,1116891.0987165228,1116891.0987165228,0.0,90.92481593926315
2029-03-07,1116891.0987165228,1116891.0987165228,0.0,91.063884653112
2029-03-08,1116891.0987165228,1116891.0987165228,0.0,90.71074498118124
2029-03-09,1116891.0987165228,1116891.0987165228,0.0,90.62181333806582
2029-03-10,1116891.0987165228,1116891.0987165228,0.0,90.72157479129244
2029-03-11,1116891.0987165228,1116891.0987165228,0.0,90.7727039824006
2029-03-12,1116891.0987165228,1116891.0987165228,0.0,91.16798711300244
2029-03-13,1116891.0987165228,1116891.0987165228,0.0,90.24167571192532
2029-03-14,1116556.1430760177,1339934.3628193224,-2491.4305415506697,89.65861821870165
2029-03-15,1117425.990482762,1339934.3628193224,-2491.4305415506697,89.30948249437087
2029-03-16,1116375.4974431633,1339934.3628193224,-2491.4305415506697,89.7311250094156
2029-03-17,1119765.6437950777,1339934.3628193224,-2491.4305415506697,88.37040220563865
2029-03-18,1119426.5411102655,1339934.3628193224,-2491.4305415506697,88.5065098270059
2029-03-19,1117698.111183841,1339934.3628193224,-2491.4305415506697,89.20025982227912
2029-03-20,1117590.5192558204,1339934.3628193224,-2491.4305415506697,89.2434446216248
2029-03-21,1117423.224496973,1339934.3628193224,-2491.4305415506697,89.31059269421097
2029-03-22,1118095.3089572438,1339934.3628193224,-2491.4305415506697,89.04083423654492
2029-03-23,1117957.1943410332,1339934.3628193224,-2491.4305415506697,89.09627010517835
2029-03-24,1118934.1945284856,1339934.3628193224,-2491.4305415506697,88.70412584461857
2029-03-25,1119301.5966142328,1339934.3628193224,-2491.4305415506697,88.55665952772961
2029-03-26,1120273.8841376249,1339934.3628193224,-2491.4305415506697,88.16640681661568
2029-03-27,1120667.5528084699,1339934.3628193224,-2491.4305415506697,88.00839772734768
2029-03-28,1121362.8103335826,1339934.3628193224,-2491.4305415506697,87.72933816156107
2029-03-29,1123929.3762578683,1339934.3628193224,-2491.4305415506697,86.69918063499868
2029-03-30,1127157.1936046446,1339934.3628193224,-2491.4305415506697,85.40361277029422
2029-03-31,1126988.5460706807,1339934.3628193224,-2491.4305415506697,85.47130381411469
2029-04-01,1125698.7190226242,1339934.3628193224,-2491.4305415506697,85.98900921530715
2029-04-02,1122342.9617809835,1339934.3628193224,-2491.4305415506697,87.33592906142577
2029-04-03,1119941.59484013,1339934.3628193224,-2491.4305415506697,88.29977970899742
2029-04-04,1117940.9716897625,1341529.6451713685,-2509.36146677837,89.10181990188084
2029-04-05,1117427.873623121,1341529.6451713685,-2509.36146677837,89.30629345957053
2029-04-06,1117160.5046665387,1341529.6451713685,-2509.36146677837,89.41284206172374
2029-04-07,1118924.1729046474,1341529.6451713685,-2509.36146677837,88.71000659482988
2029-04-08,1120923.5849342027,1341529.6451713685,-2509.36146677837,87.91322539928443
2029-04-09,1120502.9064356862,1341529.6451713685,-2509.36146677837,88.08086904253231
2029-04-10,1122340.7812909223,1341529.6451713685,-2509.36146677837,87.3484616633771
2029-04-11,1122539.236986032,1341529.6451713685,-2509.36146677837,87.26937553021655
2029-04-12,1127941.3560021361,1341529.6451713685,-2509.36146677837,85.11658921878904
2029-04-13,1126941.267823549,1341529.6451713685,-2509.36146677837,85.51513211180276
2029-04-14,1129150.26060006,1341529.6451713685,-2509.36146677837,84.63483136368177
2029-04-15,1132161.0247943525,1341529.6451713685,-2509.36146677837,83.43501848931022
2029-04-16,1130642.9472595195,1341529.6451713685,-2509.36146677837,84.039984156844
2029-04-17,1128602.1390177105,1341529.6451713685,-2509.36146677837,84.8532620639241
2029-04-18,1128781.921405302,1341529.6451713685,-2509.36146677837,84.78161738858678
2029-04-19,1130302.1151438109,1341529.6451713685,-2509.36146677837,84.1758083974809
2029-04-20,1128779.446706379,1341529.6451713685,-2509.36146677837,84.78260357529427
2029-04-21,1130409.228437916,1341529.6451713685,-2509.36146677837,84.13312291931321
2029-04-22,1130741.771782942,1341529.6451713685,-2509.36146677837,84.00060181805738
2029-04-23,1127880.4523092513,1341529.6451713685,-2509.36146677837,85.14085981259983
2029-04-24,1127077.1938060734,1341529.6451713685,-2509.36146677837,85.4609645539105
2029-04-25,1127159.5377464953,1352594.768709803,-2639.091534722273,85.42152782397956
2029-04-26,1127780.6375655115,1352594.768709803,-2639.091534722273,85.18618175475675
2029-04-27,1127682.0877955516,1352594.768709803,-2639.091534722273,85.22352406314707
2029-04-28,1127083.0077353104,1352594.768709803,-2639.091534722273,85.45052644345832
2029-04-29,1129606.9564624897,1352594.768709803,-2639.091534722273,84.49415615695177
2029-04-30,1126896.3477126982,1352594.768709803,-2639.091534722273,85.52125533639608
2029-05-01,1127927.9949962075,1352594.768709803,-2639.091534722273,85.13034533197367
2029-05-02,1128387.0257753034,1352594.768709803,-2639.091534722273,84.9564101830573
2029-05-03,1126555.3823336088,1352594.768709803,-2639.091534722273,85.65045334813733
2029-05-04,1126874.9397316421,1352594.768709803,-2639.091534722273,85.52936721155245
2029-05-05,1124877.5023598159,1352594.768709803,-2639.091534722273,86.28623272589566
2029-05-06,1124984.564253876,1352594.768709803,-2639.091534722273,86.24566501816311
2029-05-07,1124758.360058316,1352594.768709803,-2639.091534722273,86.33137792072212
2029-05-08,1124267.1336042574,1352594.768709803,-2639.091534722273,86.51751259911262
2029-05-09,1123411.8051281578,1352594.768709803,-2639.091534722273,86.84161218597653
2029-05-10,1122125.9247192414,1352594.768709803,-2639.091534722273,87.32885576657917
2029-05-11,1119688.6084645917,1352594.768709803,-2639.091534722273,88.25239942642665
2029-05-12,1117365.2115371362,1352594.768709803,-2639.091534722273,89.1327769718383
2029-05-13,1119223.853618264,1352594.768709803,-2639.091534722273,88.42850352899869
2029-05-14,1115805.3748599673,1352594.768709803,-2639.091534722273,89.723827587797
2029-05-15,1119797.9612715053,1352594.768709803,-2639.091534722273,88.21096364995778
2029-05-16,1121252.1318062097,1345504.6827143761,-2558.327306610213,87.65592671771988
2029-05-17,1121560.9139736206,1345504.6827143761,-2558.327306610213,87.53522982072273
2029-05-18,1124157.5075484952,1345504.6827143761,-2558.327306610213,86.52027228649105
2029-05-19,1123537.2611646454,1345504.6827143761,-2558.327306610213,86.76271444088127
2029-05-20,1121888.9218279766,1345504.6827143761,-2558.327306610213,87.40701797952921
2029-05-21,1123476.797667508,1345504.6827143761,-2558.327306610213,86.78634843680555
2029-05-22,1122445.4222864034,1345504.6827143761,-2558.327306610213,87.18949285794339
2029-05-23,1120570.9227533904,1345504.6827143761,-2558.327306610213,87.92219798451956
2029-05-24,1124882.7008030736,1345504.6827143761,-2558.327306610213,86.23680845733026
2029-05-25,1124497.9441839005,1345504.6827143761,-2558.327306610213,86.38720227839413
2029-05-26,1123671.3655727473,1345504.6827143761,-2558.327306610213,86.71029565624977
2029-05-27,1125696.741164676,1345504.6827143761,-2558.327306610213,85.91861603546968
2029-05-28,1128307.6637690784,1345504.6827143761,-2558.327306610213,84.89805756444979
2029-05-29,1129796.3576017618,1345504.6827143761,-2558.327306610213,84.31615632419923
2029-05-30,1130199.4796800879,1345504.6827143761,-2558.327306610213,84.15858380512226
2029-05-31,1131809.6471718722,1345504.6827143761,-2558.327306610213,83.52920089245738
2029-06-01,1130619.1161431794,1345504.6827143761,-2558.327306610213,83.9945561367284
2029-06-02,1129701.4581318814,1345504.6827143761,-2558.327306610213,84.35325066691102
2029-06-03,1128888.6702699873,1345504.6827143761,-2558.327306610213,84.67095351118513
2029-06-04,1126146.0017728813,1345504.6827143761,-2558.327306610213,85.74300886939503
2029-06-05,1124725.5782397771,1345504.6827143761,-2558.327306610213,86.29822458766296
2029-06-06,1123766.8128048903,1123766.8128048903,0.0,86.54312923858339
2029-06-07,1123766.8128048903,1123766.8128048903,0.0,85.48975432803586
2029-06-08,1123766.8128048903,1123766.8128048903,0.0,86.48503969221053
2029-06-09,1123766.8128048903,1123766.8128048903,0.0,87.5874855303322
2029-06-10,1123766.8128048903,1123766.8128048903,0.0,87.29972157790462
2029-06-11,1123766.8128048903,1123766.8128048903,0.0,86.5960390402395
2029-06-12,1123766.8128048903,1123766.8128048903,0.0,87.25194676023538
2029-06-13,1123766.8128048903,1123766.8128048903,0.0,85.67803846753948
2029-06-14,1123766.8128048903,1123766.8128048903,0.0,86.02002309595814
2029-06-15,1123766.8128048903,1123766.8128048903,0.0,87.31724565474792
2029-06-16,1123766.8128048903,1123766.8128048903,0.0,86.98506270623983
2029-06-17,1123766.8128048903,1123766.8128048903,0.0,87.19599455390929
2029-06-18,1123766.8128048903,1123766.8128048903,0.0,87.28413302778662
2029-06-19,1123766.8128048903,1123766.8128048903,0.0,88.19955205094531
2029-06-20,1123766.8128048903,1123766.8128048903,0.0,88.29320006530193
2029-06-21,1123766.8128048903,1123766.8128048903,0.0,87.99112453038977
2029-06-22,1123766.8128048903,1123766.8128048903,0.0,86.66445935302642
2029-06-23,1123766.8128048903,1123766.8128048903,0.0,86.74617543594651
2029-06-24,1123766.8128048903,1123766.8128048903,0.0,86.68563673100557
2029-06-25,1123766.8128048903,1123766.8128048903,0.0,84.93978071178262
2029-06-26,1123766.8128048903,1123766.8128048903,0.0,84.08903022787874
2029-06-27,1123766.8128048903,1123766.8128048903,0.0,83.58798297384017
2029-06-28,1123766.8128048903,1123766.8128048903,0.0,83.0900943184234
2029-06-29,1123766.8128048903,1123766.8128048903,0.0,83.06665191473526
2029-06-30,1123766.8128048903,1123766.8128048903,0.0,82.97551817148462
2029-07-01,1123766.8128048903,1123766.8128048903,0.0,82.92346339092295
2029-07-02,1123766.8128048903,1123766.8128048903,0.0,84.8185179367719
2029-07-03,1123766.8128048903,1123766.8128048903,0.0,84.44493337591452
2029-07-04,1123766.8128048903,1123766.8128048903,0.0,83.71397575143213
2029-07-05,1123766.8128048903,1123766.8128048903,0.0,85.03610065247122
2029-07-06,1123766.8128048903,1123766.8128048903,0.0,86.2901363790026
2029-07-07,1123766.8128048903,1123766.8128048903,0.0,85.36132220275178
2029-07-08,1123766.8128048903,1123766.8128048903,0.0,86.40342995018723
2029-07-09,1123766.8128048903,1123766.8128048903,0.0,84.82248426714965
2029-07-10,1123766.8128048903,1123766.8128048903,0.0,87.29250008531729
2029-07-11,1123766.8128048903,1123766.8128048903,0.0,88.8627397396751
2029-07-12,1123766.8128048903,1123766.8128048903,0.0,89.33669089853818
2029-07-13,1123766.8128048903,1123766.8128048903,0.0,90.10701144212956
2029-07-14,1123766.8128048903,1123766.8128048903,0.0,90.5077197547899
2029-07-15,1123766.8128048903,1123766.8128048903,0.0,89.91320725503599
2029-07-16,1123766.8128048903,1123766.8128048903,0.0,90.99471918856098
2029-07-17,1123766.8128048903,1123766.8128048903,0.0,92.23715692897558
2029-07-18,1123429.79513773,1348183.1576987081,-2454.475624673947,91.56878980651288
2029-07-19,1123501.717213477,1348183.1576987081,-2454.475624673947,91.53948738646682
2029-07-20,1126255.4326857876,1348183.1576987081,-2454.475624673947,90.41757138753472
2029-07-21,1126361.1525786663,1348183.1576987081,-2454.475624673947,90.37449909469308
2029-07-22,1126953.983068146,1348183.1576987081,-2454.475624673947,90.13296869059364
2029-07-23,1124165.6873338292,1348183.1576987081,-2454.475624673947,91.26897334522826
2029-07-24,1120550.6662547018,1348183.1576987081,-2454.475624673947,92.74180161159477
2029-07-25,1122959.0658200881,1348183.1576987081,-2454.475624673947,91.76057387350868
2029-07-26,1121220.1041326367,1348183.1576987081,-2454.475624673947,92.46905990203965
2029-07-27,1119214.79832425,1348183.1576987081,-2454.475624673947,93.2860595854866
2029-07-28,1123182.0890675846,1348183.1576987081,-2454.475624673947,91.66970996544836
2029-07-29,1121000.307122724,1348183.1576987081,-2454.475624673947,92.55860937961572
2029-07-30,1124333.6504395963,1348183.1576987081,-2454.475624673947,91.20054198494962
2029-07-31,1125475.0991522863,1348183.1576987081,-2454.475624673947,90.73549409398044
2029-08-01,1127472.708402273,1348183.1576987081,-2454.475624673947,89.92163013464607
2029-08-02,1130913.2243366486,1348183.1576987081,-2454.475624673947,88.51989857952724
2029-08-03,1128501.7323826053,1348183.1576987081,-2454.475624673947,89.50238621550191
2029-08-04,1130561.8554688431,1348183.1576987081,-2454.475624673947,88.66305293163126
2029-08-05,1131422.5606714985,1348183.1576987081,-2454.475624673947,88.31238528025885
2029-08-06,1131437.3450576481,1348183.1576987081,-2454.475624673947,88.30636184046547
2029-08-07,1129820.953398023,1348183.1576987081,-2454.475624673947,88.96491051105563
2029-08-08,1131601.3787914028,1131601.3787914028,0.0,88.1073263378256
2029-08-09,1131601.3787914028,1131601.3787914028,0.0,88.5378886232263
2029-08-10,1131601.3787914028,1131601.3787914028,0.0,88.33362009124703
2029-08-11,1131601.3787914028,1131601.3787914028,0.0,87.44762481158861
2029-08-12,1131601.3787914028,1131601.3787914028,0.0,88.34460373932949
2029-08-13,1131601.3787914028,1131601.3787914028,0.0,90.2000227585281
2029-08-14,1131601.3787914028,1131601.3787914028,0.0,90.38416664169394
2029-08-15,1131601.3787914028,1131601.3787914028,0.0,89.83542740319938
2029-08-16,1131601.3787914028,1131601.3787914028,0.0,89.17693034011613
2029-08-17,1131601.3787914028,1131601.3787914028,0.0,89.89898316810681
2029-08-18,1131601.3787914028,1131601.3787914028,0.0,89.91113873918847
2029-08-19,1131601.3787914028,1131601.3787914028,0.0,88.9610443832176
2029-08-20,1131601.3787914028,1131601.3787914028,0.0,87.46744556682208
2029-08-21,1131601.3787914028,1131601.3787914028,0.0,87.80152038256139
2029-08-22,1131601.3787914028,1131601.3787914028,0.0,86.69753825236366
2029-08-23,1131601.3787914028,1131601.3787914028,0.0,86.34922425929261
2029-08-24,1131601.3787914028,1131601.3787914028,0.0,87.76712099801361
2029-08-25,1131601.3787914028,1131601.3787914028,0.0,87.04067749378021
2029-08-26,1131601.3787914028,1131601.3787914028,0.0,87.96265877674618
2029-08-27,1131601.3787914028,1131601.3787914028,0.0,87.06895221450881
2029-08-28,1131601.3787914028,1131601.3787914028,0.0,87.83387450847387
2029-08-29,1131601.3787914028,1131601.3787914028,0.0,88.34049575531579
2029-08-30,1131601.3787914028,1131601.3787914028,0.0,88.77280952277108
2029-08-31,1131601.3787914028,1131601.3787914028,0.0,88.23412680382707
2029-09-01,1131601.3787914028,1131601.3787914028,0.0,88.7978730739681
2029-09-02,1131601.3787914028,1131601.3787914028,0.0,89.13111636371418
2029-09-03,1131601.3787914028,1131601.3787914028,0.0,90.8298461890306
2029-09-04,1131601.3787914028,1131601.3787914028,0.0,90.2720954947274
2029-09-05,1131601.3787914028,1131601.3787914028,0.0,91.4404832564202
2029-09-06,1131601.3787914028,1131601.3787914028,0.0,90.620641187718
2029-09-07,1131601.3787914028,1131601.3787914028,0.0,90.40450173729305
2029-09-08,1131601.3787914028,1131601.3787914028,0.0,89.829100487054
2029-09-09,1131601.3787914028,1131601.3787914028,0.0,89.38515031939089
2029-09-10,1131601.3787914028,1131601.3787914028,0.0,89.24458692240714
2029-09-11,1131601.3787914028,1131601.3787914028,0.0,90.5405893941535
2029-09-12,1131601.3787914028,1131601.3787914028,0.0,90.95498200775744
2029-09-13,1131601.3787914028,1131601.3787914028,0.0,92.08439184104918
2029-09-14,1131601.3787914028,1131601.3787914028,0.0,92.09781483094304
2029-09-15,1131601.3787914028,1131601.3787914028,0.0,93.28679542274988
2029-09-16,1131601.3787914028,1131601.3787914028,0.0,93.4988053396667
2029-09-17,1131601.3787914028,1131601.3787914028,0.0,92.76376559678322
2029-09-18,1131601.3787914028,1131601.3787914028,0.0,93.74854202001352
2029-09-19,1131601.3787914028,1131601.3787914028,0.0,95.15005144585336
2029-09-20,1131601.3787914028,1131601.3787914028,0.0,95.75935293674966
2029-09-21,1131601.3787914028,1131601.3787914028,0.0,96.55831281299572
2029-09-22,1131601.3787914028,1131601.3787914028,0.0,97.80137483568068
2029-09-23,1131601.3787914028,1131601.3787914028,0.0,97.53762014506168
2029-09-24,1131601.3787914028,1131601.3787914028,0.0,96.83986161892992
2029-09-25,1131601.3787914028,1131601.3787914028,0.0,97.19173541090352
2029-09-26,1131601.3787914028,1131601.3787914028,0.0,98.88427165139628
2029-09-27,1131601.3787914028,1131601.3787914028,0.0,99.18254980525894
2029-09-28,1131601.3787914028,1131601.3787914028,0.0,99.80907937567378
2029-09-29,1131601.3787914028,1131601.3787914028,0.0,99.883694616037
2029-09-30,1131601.3787914028,1131601.3787914028,0.0,100.17835872386333
2029-10-01,1131601.3787914028,1131601.3787914028,0.0,99.65079288326989
2029-10-02,1131601.3787914028,1131601.3787914028,0.0,100.1986461213566
2029-10-03,1131601.3787914028,1131601.3787914028,0.0,101.08204557157944
2029-10-04,1131601.3787914028,1131601.3787914028,0.0,99.57462522334131
2029-10-05,1131601.3787914028,1131601.3787914028,0.0,98.09103213576354
2029-10-06,1131601.3787914028,1131601.3787914028,0.0,96.38564970327148
2029-10-07,1131601.3787914028,1131601.3787914028,0.0,97.81832195270589
2029-10-08,1131601.3787914028,1131601.3787914028,0.0,96.91787453921934
2029-10-09,1131601.3787914028,1131601.3787914028,0.0,97.25936150022548
2029-10-10,1131261.7852176277,904941.509459347,2285.8083980014258,99.01104395108597
2029-10-11,1132015.6066740581,904941.509459347,2285.8083980014258,99.34082725973497
2029-10-12,1133186.4420693484,904941.509459347,2285.8083980014258,99.85304665498876
2029-10-13,1131270.1413461594,904941.509459347,2285.8083980014258,99.01469960680022
2029-10-14,1132025.5510450457,904941.509459347,2285.8083980014258,99.34517774291474
2029-10-15,1129777.0517134848,904941.509459347,2285.8083980014258,98.36149978743644
2029-10-16,1125538.1983572817,904941.509459347,2285.8083980014258,96.50707779830157
2029-10-17,1125653.693119386,904941.509459347,2285.8083980014258,96.5576046763222
2029-10-18,1126362.9105072087,904941.509459347,2285.8083980014258,96.86787450840562
2029-10-19,1125196.0417594793,904941.509459347,2285.8083980014258,96.3573904500087
2029-10-20,1123557.6906148721,904941.509459347,2285.8083980014258,95.64064133576116
2029-10-21,1123091.59313492,904941.509459347,2285.8083980014258,95.43673208406724
2029-10-22,1121511.9637336473,904941.509459347,2285.8083980014258,94.74567267477732
2029-10-23,1123125.3326722274,904941.509459347,2285.8083980014258,95.45149252389106
2029-10-24,1124102.4605849704,904941.509459347,2285.8083980014258,95.87896838477133
2029-10-25,1127699.6938640568,904941.509459347,2285.8083980014258,97.45269314763053
2029-10-26,1126909.1763376151,904941.509459347,2285.8083980014258,97.1068559693557
2029-10-27,1127064.2133146187,904941.509459347,2285.8083980014258,97.17468185412324
2029-10-28,1127450.108060372,904941.509459347,2285.8083980014258,97.34350385429208
2029-10-29,1126621.709791361,904941.509459347,2285.8083980014258,96.98109453348658
2029-10-30,1122268.0281575515,904941.509459347,2285.8083980014258,95.07643724129362
2029-10-31,1122907.5326043458,1122907.5326043458,0.0,95.4994102831316
2029-11-01,1122907.5326043458,1122907.5326043458,0.0,97.75538524176618
2029-11-02,1122907.5326043458,1122907.5326043458,0.0,98.73720674638052
2029-11-03,1122907.5326043458,1122907.5326043458,0.0,100.68972019345009
2029-11-04,1122907.5326043458,1122907.5326043458,0.0,101.59676302447996
2029-11-05,1122907.5326043458,1122907.5326043458,0.0,101.44248622467032
2029-11-06,1122907.5326043458,1122907.5326043458,0.0,102.05458559746884
2029-11-07,1122907.5326043458,1122907.5326043458,0.0,103.15232217489962
2029-11-08,1122907.5326043458,1122907.5326043458,0.0,101.51435453869252
2029-11-09,1122907.5326043458,1122907.5326043458,0.0,101.96691806476804
2029-11-10,1122907.5326043458,1122907.5326043458,0.0,101.86659858353704
2029-11-11,1122907.5326043458,1122907.5326043458,0.0,103.38279412377682
2029-11-12,1122907.5326043458,1122907.5326043458,0.0,103.76843175118304
2029-11-13,1122907.5326043458,1122907.5326043458,0.0,101.24656249077636
2029-11-14,1122907.5326043458,1122907.5326043458,0.0,101.69291314971858
2029-11-15,1122907.5326043458,1122907.5326043458,0.0,99.61762444673371
2029-11-16,1122907.5326043458,1122907.5326043458,0.0,100.8949811587218
2029-11-17,1122907.5326043458,1122907.5326043458,0.0,100.12318755223087
2029-11-18,1122907.5326043458,1122907.5326043458,0.0,98.9974255639858
2029-11-19,1122907.5326043458,1122907.5326043458,0.0,98.23704171182172
2029-11-20,1122907.5326043458,1122907.5326043458,0.0,97.36303378390386
2029-11-21,1122643.575065975,946730.5205036083,1809.5901039896714,97.21154761762048
2029-11-22,1121136.3237655768,946730.5205036083,1809.5901039896714,96.37862346696606
2029-11-23,1120612.455926106,946730.5205036083,1809.5901039896714,96.08912816174988
2029-11-24,1117951.2845196011,946730.5205036083,1809.5901039896714,94.61853468279698
2029-11-25,1117520.957894127,946730.5205036083,1809.5901039896714,94.38073131256108
2029-11-26,1119967.965175767,946730.5205036083,1809.5901039896714,95.7329752689383
2029-11-27,1119192.5870988818,946730.5205036083,1809.5901039896714,95.30449255609874
2029-11-28,1120272.3697227011,946730.5205036083,1809.5901039896714,95.90119267146665
2029-11-29,1118105.8167379908,946730.5205036083,1809.5901039896714,94.7039309380312
2029-11-30,1119102.1576728832,946730.5205036083,1809.5901039896714,95.25452023043268
2029-12-01,1121074.225935009,946730.5205036083,1809.5901039896714,96.3443075020242
2029-12-02,1123576.7843374794,946730.5205036083,1809.5901039896714,97.72724963734686
2029-12-03,1123932.1557263818,946730.5205036083,1809.5901039896714,97.92363189436676
2029-12-04,1125125.9666899703,946730.5205036083,1809.5901039896714,98.58334536260276
2029-12-05,1122856.1431552046,946730.5205036083,1809.5901039896714,97.32901515281584
2029-12-06,1122182.153045193,946730.5205036083,1809.5901039896714,96.95656057952566
2029-12-07,1120783.6457492884,946730.5205036083,1809.5901039896714,96.18372959817734
2029-12-08,1121356.26803403,946730.5205036083,1809.5901039896714,96.50016716239648
2029-12-09,1120436.3001017228,946730.5205036083,1809.5901039896714,95.99178245677784
2029-12-10,1121633.3965125233,946730.5205036083,1809.5901039896714,96.653311500378
2029-12-11,1126004.7656041547,946730.5205036083,1809.5901039896714,99.06897960222804
2029-12-12,1126852.0615622269,1126852.0615622269,0.0,99.68668513563564
2029-12-13,1126852.0615622269,1126852.0615622269,0.0,101.10389976150807
2029-12-14,1126852.0615622269,1126852.0615622269,0.0,99.91333627438816
2029-12-15,1126852.0615622269,1126852.0615622269,0.0,99.82847583746228
2029-12-16,1126852.0615622269,1126852.0615622269,0.0,100.0451942177913
2029-12-17,1126852.0615622269,1126852.0615622269,0.0,100.11030049237404
2029-12-18,1126852.0615622269,1126852.0615622269,0.0,101.97277823627655
2029-12-19,1126852.0615622269,1126852.0615622269,0.0,101.21703139996742
2029-12-20,1126852.0615622269,1126852.0615622269,0.0,101.54461691722904
2029-12-21,1126852.0615622269,1126852.0615622269,0.0,99.10834046654344
2029-12-22,1126852.0615622269,1126852.0615622269,0.0,99.5301218959315
2029-12-23,1126852.0615622269,1126852.0615622269,0.0,100.03493645573408
2029-12-24,1126852.0615622269,1126852.0615622269,0.0,99.9826803910736
2029-12-25,1126852.0615622269,1126852.0615622269,0.0,100.37869565485894
2029-12-26,1126852.0615622269,1126852.0615622269,0.0,99.81366483621444
2029-12-27,1126852.0615622269,1126852.0615622269,0.0,98.6018378330483
2029-12-28,1126852.0615622269,1126852.0615622269,0.0,97.631920769147
2029-12-29,1126852.0615622269,1126852.0615622269,0.0,96.80308240674545
2029-12-30,1126852.0615622269,1126852.0615622269,0.0,95.5600953950311
2029-12-31,1126852.0615622269,1126852.0615622269,0.0,94.29584216208626
2030-01-01,1126852.0615622269,1126852.0615622269,0.0,93.51636571968884
2030-01-02,1126513.893258552,901143.4809461067,2418.5541475401374,93.18394320080246
2030-01-03,1126811.2999370962,901143.4809461067,2418.5541475401374,93.30691199141094
2030-01-04,1124066.1674385392,901143.4809461067,2418.5541475401374,92.17188158436008
2030-01-05,1121994.0749202569,901143.4809461067,2418.5541475401374,91.31513313389028
2030-01-06,1120641.6251598354,901143.4809461067,2418.5541475401374,90.7559354984778
2030-01-07,1121602.663713771,901143.4809461067,2418.5541475401374,91.15329627492056
2030-01-08,1118983.5677767738,901143.4809461067,2418.5541475401374,90.0703782266888
2030-01-09,1117859.6675490667,901143.4809461067,2418.5541475401374,89.60567900593733
2030-01-10,1119977.3071011207,901143.4809461067,2418.5541475401374,90.48125979630662
2030-01-11,1118245.2948539043,901143.4809461067,2418.5541475401374,89.76512439409609
2030-01-12,1115554.2469960095,901143.4809461067,2418.5541475401374,88.6524563727364
2030-01-13,1115367.321036205,901143.4809461067,2418.5541475401374,88.57516806393645
2030-01-14,1113594.0512340767,901143.4809461067,2418.5541475401374,87.84197389338966
2030-01-15,1107806.5753743611,901143.4809461067,2418.5541475401374,85.44902525273098
2030-01-16,1108218.3391809822,901143.4809461067,2418.5541475401374,85.61927730478436
2030-01-17,1110028.2452196428,901143.4809461067,2418.5541475401374,86.36761946636115
2030-01-18,1109981.546654213,901143.4809461067,2418.5541475401374,86.34831100246868
2030-01-19,1112171.5449902054,901143.4809461067,2418.5541475401374,87.25380999169738
2030-01-20,1113535.0061838494,901143.4809461067,2418.5541475401374,87.81756052630112
2030-01-21,1111727.0110230828,901143.4809461067,2418.5541475401374,87.07000845573641
2030-01-22,1116087.4662412386,901143.4809461067,2418.5541475401374,88.87292662591287
2030-01-23,1116455.5093923598,1116455.5093923598,0.0,89.15879510426433
2030-01-24,1116455.5093923598,1116455.5093923598,0.0,89.54103605854988
2030-01-25,1116455.5093923598,1116455.5093923598,0.0,88.65587901453694
2030-01-26,1116455.5093923598,1116455.5093923598,0.0,87.29593185036767
2030-01-27,1116455.5093923598,1116455.5093923598,0.0,86.35527771187306
2030-01-28,1116455.5093923598,1116455.5093923598,0.0,87.15350026666746
2030-01-29,1116455.5093923598,1116455.5093923598,0.0,88.65708218627069
2030-01-30,1116455.5093923598,1116455.5093923598,0.0,88.91345041564229
2030-01-31,1116455.5093923598,1116455.5093923598,0.0,88.99575563339248
2030-02-01,1116455.5093923598,1116455.5093923598,0.0,89.86073431734036
2030-02-02,1116455.5093923598,1116455.5093923598,0.0,91.11047304644973
2030-02-03,1116455.5093923598,1116455.5093923598,0.0,89.79704779832764
2030-02-04,1116455.5093923598,1116455.5093923598,0.0,91.27084814569989
2030-02-05,1116455.5093923598,1116455.5093923598,0.0,90.92422866835484
2030-02-06,1116455.5093923598,1116455.5093923598,0.0,91.9151898853984
2030-02-07,1116455.5093923598,1116455.5093923598,0.0,90.93909400188652
2030-02-08,1116455.5093923598,1116455.5093923598,0.0,91.88382483639644
2030-02-09,1116455.5093923598,1116455.5093923598,0.0,90.57588922934066
2030-02-10,1116455.5093923598,1116455.5093923598,0.0,91.59724405931864
2030-02-11,1116455.5093923598,1116455.5093923598,0.0,92.18843121605526
2030-02-12,1116455.5093923598,1116455.5093923598,0.0,90.75052143173048
2030-02-13,1116455.5093923598,1116455.5093923598,0.0,91.91537866275593
2030-02-14,1116455.5093923598,1116455.5093923598,0.0,91.02266755795708
2030-02-15,1116455.5093923598,1116455.5093923598,0.0,92.0689474796537
2030-02-16,1116455.5093923598,1116455.5093923598,0.0,92.20206326050284
2030-02-17,1116455.5093923598,1116455.5093923598,0.0,91.06010641049976
2030-02-18,1116455.5093923598,1116455.5093923598,0.0,90.142126249622
2030-02-19,1116455.5093923598,1116455.5093923598,0.0,93.72974540201652
2030-02-20,1116455.5093923598,1116455.5093923598,0.0,95.91755904961518
2030-02-21,1116455.5093923598,1116455.5093923598,0.0,95.71569438942412
2030-02-22,1116455.5093923598,1116455.5093923598,0.0,96.12300405993146
2030-02-23,1116455.5093923598,1116455.5093923598,0.0,97.28638022614308
2030-02-24,1116455.5093923598,1116455.5093923598,0.0,96.03764316542734
2030-02-25,1116455.5093923598,1116455.5093923598,0.0,96.70253263033317
2030-02-26,1116455.5093923598,1116455.5093923598,0.0,97.66187665344424
2030-02-27,1116455.5093923598,1116455.5093923598,0.0,98.01590114372442
2030-02-28,1116455.5093923598,1116455.5093923598,0.0,99.38877478506812
2030-03-01,1116455.5093923598,1116455.5093923598,0.0,99.54060159196764
2030-03-02,1116455.5093923598,1116455.5093923598,0.0,100.64692356107037
2030-03-03,1116455.5093923598,1116455.5093923598,0.0,100.88503374697366
2030-03-04,1116455.5093923598,1116455.5093923598,0.0,99.3495671986252
2030-03-05,1116455.5093923598,1116455.5093923598,0.0,100.28681502453192
2030-03-06,1116120.6843850932,1339411.786263565,-2197.724727092174,101.6010327070898
2030-03-07,1116458.051184896,1339411.786263565,-2197.724727092174,101.447525402174
2030-03-08,1119423.7077349515,1339411.786263565,-2197.724727092174,100.09810410591388
2030-03-09,1117505.7345185317,1339411.786263565,-2197.724727092174,100.97081268164052
2030-03-10,1116802.340839926,1339411.786263565,-2197.724727092174,101.29086808709448
2030-03-11,1116140.1798449045,1339411.786263565,-2197.724727092174,101.59216196018916
2030-03-12,1115717.7539367392,1339411.786263565,-2197.724727092174,101.7843725236678
2030-03-13,1113452.1698071284,1339411.786263565,-2197.724727092174,102.81524964020656
2030-03-14,1112800.6125365808,1339411.786263565,-2197.724727092174,103.1117186485931
2030-03-15,1113874.284641724,1339411.786263565,-2197.724727092174,102.6231806201914
2030-03-16,1117488.0388712226,1339411.786263565,-2197.724727092174,100.97886448498548
2030-03-17,1118509.915845757,1339411.786263565,-2197.724727092174,100.51389407174985
2030-03-18,1116491.5180250949,1339411.786263565,-2197.724727092174,101.43229745311078
2030-03-19,1117236.5216497355,1339411.786263565,-2197.724727092174,101.09330885483156
2030-03-20,1115210.3214737119,1339411.786263565,-2197.724727092174,102.01526243302352
2030-03-21,1118358.770736993,1339411.786263565,-2197.724727092174,100.58266752044464
2030-03-22,1120583.8022020985,1339411.786263565,-2197.724727092174,99.57024251667748
2030-03-23,1122912.13222272,1339411.786263565,-2197.724727092174,98.51081501335132
2030-03-24,1122618.8458955018,1339411.786263565,-2197.724727092174,98.64426499623713
2030-03-25,1118698.8690773707,1339411.786263565,-2197.724727092174,100.42791732075624
2030-03-26,1113689.4049913464,1339411.786263565,-2197.724727092174,102.70730382638666
2030-03-27,1110947.3396600164,1110947.3396600164,0.0,103.79923677717652
2030-03-28,1110947.3396600164,1110947.3396600164,0.0,101.78670667401232
2030-03-29,1110947.3396600164,1110947.3396600164,0.0,101.02405961575568
2030-03-30,1110947.3396600164,1110947.3396600164,0.0,98.00026611767008
2030-03-31,1110947.3396600164,1110947.3396600164,0.0,98.16229906389246
2030-04-01,1110947.3396600164,1110947.3396600164,0.0,99.77034875459977
2030-04-02,1110947.3396600164,1110947.3396600164,0.0,100.58730993043476
2030-04-03,1110947.3396600164,1110947.3396600164,0.0,98.82705771815937
2030-04-04,1110947.3396600164,1110947.3396600164,0.0,100.20906516449011
2030-04-05,1110947.3396600164,1110947.3396600164,0.0,101.42315832531276
2030-04-06,1110947.3396600164,1110947.3396600164,0.0,103.00038568930157
2030-04-07,1110947.3396600164,1110947.3396600164,0.0,104.14913037164266
2030-04-08,1110947.3396600164,1110947.3396600164,0.0,103.60260346980137
2030-04-09,1110947.3396600164,1110947.3396600164,0.0,101.6985772509382
2030-04-10,1110947.3396600164,1110947.3396600164,0.0,102.89639161046657
2030-04-11,1110947.3396600164,1110947.3396600164,0.0,103.69859536061156
2030-04-12,1110947.3396600164,1110947.3396600164,0.0,101.67376018134402
2030-04-13,1110947.3396600164,1110947.3396600164,0.0,100.69803389914009
2030-04-14,1110947.3396600164,1110947.3396600164,0.0,99.7596904218638
2030-04-15,1110947.3396600164,1110947.3396600164,0.0,100.48805954670482
2030-04-16,1110947.3396600164,1110947.3396600164,0.0,100.4724848298791
2030-04-17,1110947.3396600164,1110947.3396600164,0.0,100.2079059870498
2030-04-18,1110947.3396600164,1110947.3396600164,0.0,99.78843511798776
2030-04-19,1110947.3396600164,1110947.3396600164,0.0,98.671447616633
2030-04-20,1110947.3396600164,1110947.3396600164,0.0,99.62861662809708
2030-04-21,1110947.3396600164,1110947.3396600164,0.0,98.90705229234084
2030-04-22,1110947.3396600164,1110947.3396600164,0.0,100.06343206764424
2030-04-23,1110947.3396600164,1110947.3396600164,0.0,98.67917424284236
2030-04-24,1110947.3396600164,1110947.3396600164,0.0,98.19489291680632
2030-04-25,1110947.3396600164,1110947.3396600164,0.0,100.14333799304838
2030-04-26,1110947.3396600164,1110947.3396600164,0.0,100.37857245616657
2030-04-27,1110947.3396600164,1110947.3396600164,0.0,99.88737428735656
2030-04-28,1110947.3396600164,1110947.3396600164,0.0,99.26196121043442
2030-04-29,1110947.3396600164,1110947.3396600164,0.0,98.40272411290698
2030-04-30,1110947.3396600164,1110947.3396600164,0.0,98.850188592547
2030-05-01,1110947.3396600164,1110947.3396600164,0.0,99.74245581393136
2030-05-02,1110947.3396600164,1110947.3396600164,0.0,99.99342105625672
2030-05-03,1110947.3396600164,1110947.3396600164,0.0,99.9342249935045
2030-05-04,1110947.3396600164,1110947.3396600164,0.0,100.53720988720116
2030-05-05,1110947.3396600164,1110947.3396600164,0.0,99.1349769976837
2030-05-06,1110947.3396600164,1110947.3396600164,0.0,99.51049801052288
2030-05-07,1110947.3396600164,1110947.3396600164,0.0,99.94396608401108
2030-05-08,1110947.3396600164,1110947.3396600164,0.0,100.21152681336996
2030-05-09,1110947.3396600164,1110947.3396600164,0.0,99.65666467527274
2030-05-10,1110947.3396600164,1110947.3396600164,0.0,98.88726790831358
2030-05-11,1110947.3396600164,1110947.3396600164,0.0,97.60924430758575
2030-05-12,1110947.3396600164,1110947.3396600164,0.0,99.05527433299378
2030-05-13,1110947.3396600164,1110947.3396600164,0.0,99.0001383685285
2030-05-14,1110947.3396600164,1110947.3396600164,0.0,98.581467245486
2030-05-15,1110947.3396600164,1110947.3396600164,0.0,98.06896799456156
2030-05-16,1110947.3396600164,1110947.3396600164,0.0,97.1354171266805
2030-05-17,1110947.3396600164,1110947.3396600164,0.0,96.61645017945064
2030-05-18,1110947.3396600164,1110947.3396600164,0.0,97.79381318258608
2030-05-19,1110947.3396600164,1110947.3396600164,0.0,98.36434864266394
2030-05-20,1110947.3396600164,1110947.3396600164,0.0,99.182676001359
2030-05-21,1110947.3396600164,1110947.3396600164,0.0,100.13870010366183
2030-05-22,1110947.3396600164,1110947.3396600164,0.0,102.36598988045252
2030-05-23,1110947.3396600164,1110947.3396600164,0.0,102.39436985264938
2030-05-24,1110947.3396600164,1110947.3396600164,0.0,101.95707076836614
2030-05-25,1110947.3396600164,1110947.3396600164,0.0,102.40377965519316
2030-05-26,1110947.3396600164,1110947.3396600164,0.0,103.07020816655898
2030-05-27,1110947.3396600164,1110947.3396600164,0.0,103.03512303282352
2030-05-28,1110947.3396600164,1110947.3396600164,0.0,102.118130832397
2030-05-29,1110947.3396600164,1110947.3396600164,0.0,102.30824401096888
2030-05-30,1110947.3396600164,1110947.3396600164,0.0,102.86682183039426
2030-05-31,1110947.3396600164,1110947.3396600164,0.0,103.2247904148973
2030-06-01,1110947.3396600164,1110947.3396600164,0.0,101.34521390752724
2030-06-02,1110947.3396600164,1110947.3396600164,0.0,99.74647864867102
2030-06-03,1110947.3396600164,1110947.3396600164,0.0,100.46401424781872
2030-06-04,1110947.3396600164,1110947.3396600164,0.0,100.09067126809484
2030-06-05,1110947.3396600164,1110947.3396600164,0.0,102.34221162240654
2030-06-06,1110947.3396600164,1110947.3396600164,0.0,103.72403067236672
2030-06-07,1110947.3396600164,1110947.3396600164,0.0,102.4169802384725
2030-06-08,1110947.3396600164,1110947.3396600164,0.0,103.47372071587398
2030-06-09,1110947.3396600164,1110947.3396600164,0.0,105.14322234327184
2030-06-10,1110947.3396600164,1110947.3396600164,0.0,104.67608808229195
2030-06-11,1110947.3396600164,1110947.3396600164,0.0,104.58591957816564
2030-06-12,1110947.3396600164,1110947.3396600164,0.0,104.01431771697956
2030-06-13,1110947.3396600164,1110947.3396600164,0.0,102.85312458243708
2030-06-14,1110947.3396600164,1110947.3396600164,0.0,104.48795223097036
2030-06-15,1110947.3396600164,1110947.3396600164,0.0,101.81648608474865
2030-06-16,1110947.3396600164,1110947.3396600164,0.0,101.13196266715532
2030-06-17,1110947.3396600164,1110947.3396600164,0.0,100.70562244033611
2030-06-18,1110947.3396600164,1110947.3396600164,0.0,100.86404402663516
2030-06-19,1110947.3396600164,1110947.3396600164,0.0,99.62135495199044
2030-06-20,1110947.3396600164,1110947.3396600164,0.0,100.98034486753912
2030-06-21,1110947.3396600164,1110947.3396600164,0.0,99.14336120126768
2030-06-22,1110947.3396600164,1110947.3396600164,0.0,97.3540341515305
2030-06-23,1110947.3396600164,1110947.3396600164,0.0,97.41056760410432
2030-06-24,1110947.3396600164,1110947.3396600164,0.0,96.16497161165186
2030-06-25,1110947.3396600164,1110947.3396600164,0.0,96.36496967291804
2030-06-26,1110947.3396600164,1110947.3396600164,0.0,95.6544112491766
2030-06-27,1110947.3396600164,1110947.3396600164,0.0,96.42984688802004
2030-06-28,1110947.3396600164,1110947.3396600164,0.0,95.53924281954066
2030-06-29,1110947.3396600164,1110947.3396600164,0.0,96.92937207757588
2030-06-30,1110947.3396600164,1110947.3396600164,0.0,97.541376810652
2030-07-01,1110947.3396600164,1110947.3396600164,0.0,96.80471604698825
2030-07-02,1110947.3396600164,1110947.3396600164,0.0,97.41090609770696
2030-07-03,1110947.3396600164,1110947.3396600164,0.0,97.55324544422852
2030-07-04,1110947.3396600164,1110947.3396600164,0.0,98.3225539993171
2030-07-05,1110947.3396600164,1110947.3396600164,0.0,98.9137123798916
2030-07-06,1110947.3396600164,1110947.3396600164,0.0,99.26973554320494
2030-07-07,1110947.3396600164,1110947.3396600164,0.0,99.3339362176236
2030-07-08,1110947.3396600164,1110947.3396600164,0.0,100.23646123173566
2030-07-09,1110947.3396600164,1110947.3396600164,0.0,101.41672038956106
2030-07-10,1110947.3396600164,1110947.3396600164,0.0,101.55531677993316
2030-07-11,1110947.3396600164,1110947.3396600164,0.0,102.17276230482138
2030-07-12,1110947.3396600164,1110947.3396600164,0.0,103.13488666159616
2030-07-13,1110947.3396600164,1110947.3396600164,0.0,104.80557646200523
2030-07-14,1110947.3396600164,1110947.3396600164,0.0,106.31732088898671
2030-07-15,1110947.3396600164,1110947.3396600164,0.0,107.4178945357734
2030-07-16,1110947.3396600164,1110947.3396600164,0.0,106.97397275157876
2030-07-17,1110947.3396600164,1110947.3396600164,0.0,105.57871794741254
2030-07-18,1110947.3396600164,1110947.3396600164,0.0,106.17087104782772
2030-07-19,1110947.3396600164,1110947.3396600164,0.0,106.75826333972888
2030-07-20,1110947.3396600164,1110947.3396600164,0.0,106.33533469766314
2030-07-21,1110947.3396600164,1110947.3396600164,0.0,104.92598062075184
2030-07-22,1110947.3396600164,1110947.3396600164,0.0,106.67780144500074
2030-07-23,1110947.3396600164,1110947.3396600164,0.0,107.13278318082382
2030-07-24,1110947.3396600164,1110947.3396600164,0.0,105.84614409880616
2030-07-25,1110947.3396600164,1110947.3396600164,0.0,105.71182649719006
2030-07-26,1110947.3396600164,1110947.3396600164,0.0,104.30089318270106
2030-07-27,1110947.3396600164,1110947.3396600164,0.0,105.01442985524584
2030-07-28,1110947.3396600164,1110947.3396600164,0.0,106.97536590122908
2030-07-29,1110947.3396600164,1110947.3396600164,0.0,106.77655206942016
2030-07-30,1110947.3396600164,1110947.3396600164,0.0,106.67784462990168
2030-07-31,1110613.9443633843,888424.4764313811,2088.5704784605773,106.3835145729784
2030-08-01,1110115.9179146476,888424.4764313811,2088.5704784605773,106.14506130847386
2030-08-02,1108402.4142366156,888424.4764313811,2088.5704784605773,105.32464193756756
2030-08-03,1111463.7090966064,888424.4764313811,2088.5704784605773,106.79037885741864
2030-08-04,1111899.122506102,888424.4764313811,2088.5704784605773,106.998853224928
2030-08-05,1112040.8121361635,888424.4764313811,2088.5704784605773,107.06669370793908
2030-08-06,1111535.8903705433,888424.4764313811,2088.5704784605773,106.8249389906205
2030-08-07,1108713.9116308142,888424.4764313811,2088.5704784605773,105.47378576460672
2030-08-08,1110790.7977156038,888424.4764313811,2088.5704784605773,106.46819131912773
2030-08-09,1113977.5982481854,888424.4764313811,2088.5704784605773,107.99401990161846
2030-08-10,1109817.83585992,888424.4764313811,2088.5704784605773,106.00234069750958
2030-08-11,1111394.0895752134,888424.4764313811,2088.5704784605773,106.75704528208044
2030-08-12,1113325.409049186,888424.4764313811,2088.5704784605773,107.68175406921029
2030-08-13,1116232.2232694593,888424.4764313811,2088.5704784605773,109.07352621683542
2030-08-14,1118994.985041024,888424.4764313811,2088.5704784605773,110.39632657241684
2030-08-15,1125153.1709079663,888424.4764313811,2088.5704784605773,113.34484371869068
2030-08-16,1126102.6014863118,888424.4764313811,2088.5704784605773,113.7994276497272
2030-08-17,1128473.7297611425,888424.4764313811,2088.5704784605773,114.9347153018722
2030-08-18,1128503.5751338906,888424.4764313811,2088.5704784605773,114.94900515852578
2030-08-19,1126583.8528894917,888424.4764313811,2088.5704784605773,114.0298490830201
2030-08-20,1128276.6602776323,888424.4764313811,2088.5704784605773,114.84035914509288
2030-08-21,1130308.9300118047,1130308.9300118047,0.0,115.98732554677488
2030-08-22,1130308.9300118047,1130308.9300118047,0.0,116.38443103169185
2030-08-23,1130308.9300118047,1130308.9300118047,0.0,114.46811584738953
2030-08-24,1130308.9300118047,1130308.9300118047,0.0,112.82148093874098
2030-08-25,1130308.9300118047,1130308.9300118047,0.0,113.69048416522148
2030-08-26,1130308.9300118047,1130308.9300118047,0.0,113.27543532121518
2030-08-27,1130308.9300118047,1130308.9300118047,0.0,113.67952058218576
2030-08-28,1130308.9300118047,1130308.9300118047,0.0,114.22956809226376
2030-08-29,1130308.9300118047,1130308.9300118047,0.0,114.0989448579924
2030-08-30,1130308.9300118047,1130308.9300118047,0.0,113.80712923668663
2030-08-31,1130308.9300118047,1130308.9300118047,0.0,113.65897266837636
2030-09-01,1130308.9300118047,1130308.9300118047,0.0,114.3332465676444
2030-09-02,1130308.9300118047,1130308.9300118047,0.0,114.8833630253654
2030-09-03,1130308.9300118047,1130308.9300118047,0.0,113.96913124155772
2030-09-04,1130308.9300118047,1130308.9300118047,0.0,113.9522240075022
2030-09-05,1130308.9300118047,1130308.9300118047,0.0,112.74991269279948
2030-09-06,1130308.9300118047,1130308.9300118047,0.0,113.3313423795336
2030-09-07,1130308.9300118047,1130308.9300118047,0.0,112.80496334541908
2030-09-08,1130308.9300118047,1130308.9300118047,0.0,113.6198311088378
2030-09-09,1130308.9300118047,1130308.9300118047,0.0,113.3469840072058
2030-09-10,1130308.9300118047,1130308.9300118047,0.0,114.65112584143884
2030-09-11,1130308.9300118047,1130308.9300118047,0.0,116.18972633820984
2030-09-12,1130308.9300118047,1130308.9300118047,0.0,116.70699065674486
2030-09-13,1130308.9300118047,1130308.9300118047,0.0,116.27917811418078
2030-09-14,1130308.9300118047,1130308.9300118047,0.0,115.1943884357661
2030-09-15,1130308.9300118047,1130308.9300118047,0.0,116.3074779786243
2030-09-16,1130308.9300118047,1130308.9300118047,0.0,116.23051556482388
2030-09-17,1130308.9300118047,1130308.9300118047,0.0,116.2864940442982
2030-09-18,1130308.9300118047,1130308.9300118047,0.0,115.8357094687044
2030-09-19,1130308.9300118047,1130308.9300118047,0.0,114.24496445368162
2030-09-20,1130308.9300118047,1130308.9300118047,0.0,115.47912574934396
2030-09-21,1130308.9300118047,1130308.9300118047,0.0,115.38133962153468
2030-09-22,1130308.9300118047,1130308.9300118047,0.0,113.25253435763332
2030-09-23,1130308.9300118047,1130308.9300118047,0.0,113.09632130659632
2030-09-24,1130308.9300118047,1130308.9300118047,0.0,111.57454336557808
2030-09-25,1130308.9300118047,1130308.9300118047,0.0,112.23520389069552
2030-09-26,1130308.9300118047,1130308.9300118047,0.0,112.7447863457046
2030-09-27,1130308.9300118047,1130308.9300118047,0.0,114.45815330383166
2030-09-28,1130308.9300118047,1130308.9300118047,0.0,112.78049859912952
2030-09-29,1130308.9300118047,1130308.9300118047,0.0,114.413092891628
2030-09-30,1130308.9300118047,1130308.9300118047,0.0,115.00882542277316
2030-10-01,1130308.9300118047,1130308.9300118047,0.0,113.44745027283658
2030-10-02,1130308.9300118047,1130308.9300118047,0.0,115.539205235119
2030-10-03,1130308.9300118047,1130308.9300118047,0.0,115.3954955476269
2030-10-04,1130308.9300118047,1130308.9300118047,0.0,114.02901946126258
2030-10-05,1130308.9300118047,1130308.9300118047,0.0,115.22062900225984
2030-10-06,1130308.9300118047,1130308.9300118047,0.0,113.9727903875038
2030-10-07,1130308.9300118047,1130308.9300118047,0.0,115.29821549313668
2030-10-08,1130308.9300118047,1130308.9300118047,0.0,115.07710539751255
2030-10-09,1130308.9300118047,1130308.9300118047,0.0,114.67593052465216
2030-10-10,1130308.9300118047,1130308.9300118047,0.0,113.19293401920385
2030-10-11,1130308.9300118047,1130308.9300118047,0.0,112.01780554945432
2030-10-12,1130308.9300118047,1130308.9300118047,0.0,112.19769952149976
2030-10-13,1130308.9300118047,1130308.9300118047,0.0,110.3735457007654
2030-10-14,1130308.9300118047,1130308.9300118047,0.0,111.13689568595912
2030-10-15,1130308.9300118047,1130308.9300118047,0.0,110.55516170043438
2030-10-16,1130308.9300118047,1130308.9300118047,0.0,110.11780062215824
2030-10-17,1130308.9300118047,1130308.9300118047,0.0,110.76184504725688
2030-10-18,1130308.9300118047,1130308.9300118047,0.0,110.5360408718097
2030-10-19,1130308.9300118047,1130308.9300118047,0.0,111.90467492388856
2030-10-20,1130308.9300118047,1130308.9300118047,0.0,109.63359373556004
2030-10-21,1130308.9300118047,1130308.9300118047,0.0,110.5146799577339
2030-10-22,1130308.9300118047,1130308.9300118047,0.0,110.54130498078322
2030-10-23,1129975.2527201294,907597.8507372785,2024.9915146000676,109.8164611454039
2030-10-24,1132095.639761663,907597.8507372785,2024.9915146000676,110.86357024499551
2030-10-25,1133416.9191501692,907597.8507372785,2024.9915146000676,111.51605662776792
2030-10-26,1133933.1418790685,907597.8507372785,2024.9915146000676,111.77098250038384
2030-10-27,1133361.057376273,907597.8507372785,2024.9915146000676,111.48847045098968
2030-10-28,1131773.9794278108,907597.8507372785,2024.9915146000676,110.70472497007312
2030-10-29,1129368.2504333372,907597.8507372785,2024.9915146000676,109.51670567363246
2030-10-30,1132418.2735734528,907597.8507372785,2024.9915146000676,111.0228962517781
2030-10-31,1134284.6489712235,907597.8507372785,2024.9915146000676,111.94456697697092
2030-11-01,1135577.383938213,907597.8507372785,2024.9915146000676,112.58295729005074
2030-11-02,1134605.9928043562,907597.8507372785,2024.9915146000676,112.10325595458674
2030-11-03,1139270.368739867,907597.8507372785,2024.9915146000676,114.4066611303027
2030-11-04,1137667.096932405,907597.8507372785,2024.9915146000676,113.61491864846892
2030-11-05,1136798.9121416816,907597.8507372785,2024.9915146000676,113.18618362194476
2030-11-06,1140992.1182309075,907597.8507372785,2024.9915146000676,115.25691135536631
2030-11-07,1140869.8308436426,907597.8507372785,2024.9915146000676,115.19652226909942
2030-11-08,1144959.7948485152,907597.8507372785,2024.9915146000676,117.21626604352228
2030-11-09,1145860.139060987,907597.8507372785,2024.9915146000676,117.66088233251924
2030-11-10,1144636.7687747015,907597.8507372785,2024.9915146000676,117.0567463262866
2030-11-11,1144173.0790578164,907597.8507372785,2024.9915146000676,116.82776279053256
2030-11-12,1142483.3579997143,907597.8507372785,2024.9915146000676,115.99332914183856
2030-11-13,1143762.8938352708,1143762.8938352708,0.0,116.80034345301662
2030-11-14,1143762.8938352708,1143762.8938352708,0.0,118.23745129372958
2030-11-15,1143762.8938352708,1143762.8938352708,0.0,118.79129806322165
2030-11-16,1143762.8938352708,1143762.8938352708,0.0,119.12870368983744
2030-11-17,1143762.8938352708,1143762.8938352708,0.0,117.89708776896524
2030-11-18,1143762.8938352708,1143762.8938352708,0.0,119.19323878248308
2030-11-19,1143762.8938352708,1143762.8938352708,0.0,120.19855498288256
2030-11-20,1143762.8938352708,1143762.8938352708,0.0,120.53328295180216
2030-11-21,1143762.8938352708,1143762.8938352708,0.0,120.17057530213494
2030-11-22,1143762.8938352708,1143762.8938352708,0.0,120.2233476253717
2030-11-23,1143762.8938352708,1143762.8938352708,0.0,119.13440570174603
2030-11-24,1143762.8938352708,1143762.8938352708,0.0,117.39087006234584
2030-11-25,1143762.8938352708,1143762.8938352708,0.0,117.0394039753958
2030-11-26,1143762.8938352708,1143762.8938352708,0.0,116.03715254331506
2030-11-27,1143762.8938352708,1143762.8938352708,0.0,115.4495990538764
2030-11-28,1143762.8938352708,1143762.8938352708,0.0,114.88763353271584
2030-11-29,1143762.8938352708,1143762.8938352708,0.0,114.7980268456307
2030-11-30,1143762.8938352708,1143762.8938352708,0.0,114.633186148262
2030-12-01,1143762.8938352708,1143762.8938352708,0.0,111.18614860534508
2030-12-02,1143762.8938352708,1143762.8938352708,0.0,111.5736361278859
2030-12-03,1143762.8938352708,1143762.8938352708,0.0,111.72044810376356
2030-12-04,1143419.650590831,914667.0718237767,2027.9587571075788,112.79942354119548
2030-12-05,1142931.0769676222,914667.0718237767,2027.9587571075788,112.5585046263032
2030-12-06,1145419.919009265,914667.0718237767,2027.9587571075788,113.78576925035928
2030-12-07,1145067.0662245722,914667.0718237767,2027.9587571075788,113.61177518689216
2030-12-08,1145851.941121626,914667.0718237767,2027.9587571075788,113.99880223776437
2030-12-09,1143741.3571608788,914667.0718237767,2027.9587571075788,112.9580591983164
2030-12-10,1146358.6640643622,914667.0718237767,2027.9587571075788,114.2486707032646
2030-12-11,1149390.3122014087,914667.0718237767,2027.9587571075788,115.7435966362606
2030-12-12,1153852.7810994794,914667.0718237767,2027.9587571075788,117.94406983741948
2030-12-13,1152558.8512934344,914667.0718237767,2027.9587571075788,117.30602441292052
2030-12-14,1153822.2730061684,914667.0718237767,2027.9587571075788,117.92902609296264
2030-12-15,1150403.5903696036,914667.0718237767,2027.9587571075788,116.24325086475196
2030-12-16,1145996.4087674003,914667.0718237767,2027.9587571075788,114.07004019823468
2030-12-17,1147303.479444565,914667.0718237767,2027.9587571075788,114.71456547399966
2030-12-18,1147041.120231149,914667.0718237767,2027.9587571075788,114.58519439458468
2030-12-19,1144074.010313848,914667.0718237767,2027.9587571075788,113.12209268854558
2030-12-20,1144485.316621049,914667.0718237767,2027.9587571075788,113.32491057414592
2030-12-21,1146641.041341278,914667.0718237767,2027.9587571075788,114.38791282341428
2030-12-22,1146787.4602888795,914667.0718237767,2027.9587571075788,114.46011298384072
2030-12-23,1149656.5940574682,914667.0718237767,2027.9587571075788,115.87490199694724
2030-12-24,1148109.0050119003,914667.0718237767,2027.9587571075788,115.11177550823344
2030-12-25,1150641.5390431385,920511.4758655629,1977.658535653975,116.36491286473569
2030-12-26,1149760.0596106495,920511.4758655629,1977.658535653975,115.91919414403776
2030-12-27,1152597.614347117,920511.4758655629,1977.658535653975,117.35399933680029
2030-12-28,1149666.02907797,920511.4758655629,1977.658535653975,115.8716477496607
2030-12-29,1150195.3803648048,920511.4758655629,1977.658535653975,116.13931341453218
2030-12-30,1150721.0841486668,920511.4758655629,1977.658535653975,116.40513472512976
2030-12-31,1151822.0752183157,920511.4758655629,1977.658535653975,116.96184916789124
2031-01-01,1151010.6303609677,920511.4758655629,1977.658535653975,116.55154332250942
2031-01-02,1152007.79181151,920511.4758655629,1977.658535653975,117.05575647789746
2031-01-03,1151549.218365717,920511.4758655629,1977.658535653975,116.82387951960276
2031-01-04,1150335.8111828638,920511.4758655629,1977.658535653975,116.21032204192024
2031-01-05,1153608.8276189207,920511.4758655629,1977.658535653975,117.8653177740195
2031-01-06,1153790.7903903478,920511.4758655629,1977.658535653975,117.95732696981672
2031-01-07,1150285.930729999,920511.4758655629,1977.658535653975,116.18510006756752
2031-01-08,1148744.6719896677,920511.4758655629,1977.658535653975,115.40576495357033
2031-01-09,1152081.606838706,920511.4758655629,1977.658535653975,117.09308093298678
2031-01-10,1149987.0740082345,920511.4758655629,1977.658535653975,116.0339836253827
2031-01-11,1151231.54330571,920511.4758655629,1977.658535653975,116.66324761359886
2031-01-12,1149634.6474667052,920511.4758655629,1977.658535653975,115.85577968614058
2031-01-13,1146362.9704264526,920511.4758655629,1977.658535653975,114.20146121747192
2031-01-14,1147450.695891238,920511.4758655629,1977.658535653975,114.75146792751592
2031-01-15,1146367.0503377952,1146367.0503377952,0.0,114.3750295752218
2031-01-16,1146367.0503377952,1146367.0503377952,0.0,116.20641698589333
2031-01-17,1146367.0503377952,1146367.0503377952,0.0,117.52175970409871
2031-01-18,1146367.0503377952,1146367.0503377952,0.0,119.0181597723821
2031-01-19,1146367.0503377952,1146367.0503377952,0.0,120.2937841296235
2031-01-20,1146367.0503377952,1146367.0503377952,0.0,121.12609069780864
2031-01-21,1146367.0503377952,1146367.0503377952,0.0,119.48299171555972
2031-01-22,1146367.0503377952,1146367.0503377952,0.0,119.20378276814958
2031-01-23,1146367.0503377952,1146367.0503377952,0.0,120.00617860967569
2031-01-24,1146367.0503377952,1146367.0503377952,0.0,119.65817968756672
2031-01-25,1146367.0503377952,1146367.0503377952,0.0,119.62228963343269
2031-01-26,1146367.0503377952,1146367.0503377952,0.0,120.49223480784585
2031-01-27,1146367.0503377952,1146367.0503377952,0.0,121.77144421787771
2031-01-28,1146367.0503377952,1146367.0503377952,0.0,120.65315639921512
2031-01-29,1146367.0503377952,1146367.0503377952,0.0,121.464296476771
2031-01-30,1146367.0503377952,1146367.0503377952,0.0,122.1524647625303
2031-01-31,1146367.0503377952,1146367.0503377952,0.0,120.95049019599698
2031-02-01,1146367.0503377952,1146367.0503377952,0.0,120.45984456386884
2031-02-02,1146367.0503377952,1146367.0503377952,0.0,120.64029009118794
2031-02-03,1146367.0503377952,1146367.0503377952,0.0,122.32883551450452
2031-02-04,1146367.0503377952,1146367.0503377952,0.0,121.82252465836918
2031-02-05,1146367.0503377952,1146367.0503377952,0.0,122.33238646033472
2031-02-06,1146367.0503377952,1146367.0503377952,0.0,123.77055441003048
2031-02-07,1146367.0503377952,1146367.0503377952,0.0,126.08752285760056
2031-02-08,1146367.0503377952,1146367.0503377952,0.0,126.37384907602387
2031-02-09,1146367.0503377952,1146367.0503377952,0.0,123.72333628325632
2031-02-10,1146367.0503377952,1146367.0503377952,0.0,124.87110764689614
2031-02-11,1146367.0503377952,1146367.0503377952,0.0,125.13495207224643
2031-02-12,1146367.0503377952,1146367.0503377952,0.0,124.0821211853918
2031-02-13,1146367.0503377952,1146367.0503377952,0.0,124.96756826245712
2031-02-14,1146367.0503377952,1146367.0503377952,0.0,127.32050432558609
2031-02-15,1146367.0503377952,1146367.0503377952,0.0,127.58686874355044
2031-02-16,1146367.0503377952,1146367.0503377952,0.0,125.53433894185947
2031-02-17,1146367.0503377952,1146367.0503377952,0.0,127.36032312463264
2031-02-18,1146367.0503377952,1146367.0503377952,0.0,127.38916641782698
2031-02-19,1146367.0503377952,1146367.0503377952,0.0,128.30011781098892
2031-02-20,1146367.0503377952,1146367.0503377952,0.0,128.37970433580836
2031-02-21,1146367.0503377952,1146367.0503377952,0.0,128.96667002905974
2031-02-22,1146367.0503377952,1146367.0503377952,0.0,129.82804312053156
2031-02-23,1146367.0503377952,1146367.0503377952,0.0,130.87992806491707
2031-02-24,1146367.0503377952,1146367.0503377952,0.0,131.072019871997
2031-02-25,1146367.0503377952,1146367.0503377952,0.0,130.07889831355956
2031-02-26,1146367.0503377952,1146367.0503377952,0.0,130.33107971458426
2031-02-27,1146367.0503377952,1146367.0503377952,0.0,131.3628514127328
2031-02-28,1146367.0503377952,1146367.0503377952,0.0,130.37661373599315
2031-03-01,1146367.0503377952,1146367.0503377952,0.0,128.94175692693713
2031-03-02,1146367.0503377952,1146367.0503377952,0.0,130.67209370322476
2031-03-03,1146367.0503377952,1146367.0503377952,0.0,132.90132006320457
2031-03-04,1146367.0503377952,1146367.0503377952,0.0,132.9523267001967
2031-03-05,1146367.0503377952,1146367.0503377952,0.0,133.75407018952953
2031-03-06,1146367.0503377952,1146367.0503377952,0.0,134.25763830878634
2031-03-07,1146367.0503377952,1146367.0503377952,0.0,131.3625743856653
2031-03-08,1146367.0503377952,1146367.0503377952,0.0,131.6344169830075
2031-03-09,1146367.0503377952,1146367.0503377952,0.0,133.57835597306436
2031-03-10,1146367.0503377952,1146367.0503377952,0.0,132.01882045026855
2031-03-11,1146367.0503377952,1146367.0503377952,0.0,130.35820909094755
2031-03-12,1146367.0503377952,1146367.0503377952,0.0,129.4096077226035
2031-03-13,1146367.0503377952,1146367.0503377952,0.0,128.7974830492455
2031-03-14,1146367.0503377952,1146367.0503377952,0.0,129.6596185263997
2031-03-15,1146367.0503377952,1146367.0503377952,0.0,131.38331268546435
2031-03-16,1146367.0503377952,1146367.0503377952,0.0,133.0986934335261
2031-03-17,1146367.0503377952,1146367.0503377952,0.0,133.97194088128913
2031-03-18,1146367.0503377952,1146367.0503377952,0.0,131.85719972743243
2031-03-19,1146367.0503377952,1146367.0503377952,0.0,129.770526812894
2031-03-20,1146367.0503377952,1146367.0503377952,0.0,130.72678239206363
2031-03-21,1146367.0503377952,1146367.0503377952,0.0,128.66854056241732
2031-03-22,1146367.0503377952,1146367.0503377952,0.0,129.38509551324043
2031-03-23,1146367.0503377952,1146367.0503377952,0.0,129.74463350094027
2031-03-24,1146367.0503377952,1146367.0503377952,0.0,129.14470915353226
2031-03-25,1146367.0503377952,1146367.0503377952,0.0,125.8977072575706
2031-03-26,1146367.0503377952,1146367.0503377952,0.0,126.15200236193714
2031-03-27,1146367.0503377952,1146367.0503377952,0.0,126.7993753474357
2031-03-28,1146367.0503377952,1146367.0503377952,0.0,126.09619248441416
2031-03-29,1146367.0503377952,1146367.0503377952,0.0,124.72679352701267
2031-03-30,1146367.0503377952,1146367.0503377952,0.0,125.09319832222646
2031-03-31,1146367.0503377952,1146367.0503377952,0.0,123.28963982871484
2031-04-01,1146367.0503377952,1146367.0503377952,0.0,124.05251535696588
2031-04-02,1146367.0503377952,1146367.0503377952,0.0,125.36925415984442
2031-04-03,1146367.0503377952,1146367.0503377952,0.0,122.93577033134528
2031-04-04,1146367.0503377952,1146367.0503377952,0.0,122.2882128161399
2031-04-05,1146367.0503377952,1146367.0503377952,0.0,122.22858908210569
2031-04-06,1146367.0503377952,1146367.0503377952,0.0,122.2048791377411
2031-04-07,1146367.0503377952,1146367.0503377952,0.0,121.13541394032464
2031-04-08,1146367.0503377952,1146367.0503377952,0.0,119.52749429193916
2031-04-09,1146028.8906735454,920664.236058536,1894.1586460803221,118.97876404458928
2031-04-10,1147485.1903540003,920664.236058536,1894.1586460803221,119.74760127132768
2031-04-11,1148782.8520051078,920664.236058536,1894.1586460803221,120.43268731403734
2031-04-12,1150115.9837069071,920664.236058536,1894.1586460803221,121.13649937569237
2031-04-13,1153004.4311512797,920664.236058536,1894.1586460803221,122.66142309332795
2031-04-14,1150583.736527779,920664.236058536,1894.1586460803221,121.38344427750384
2031-04-15,1149716.3351666078,920664.236058536,1894.1586460803221,120.9255093716996
2031-04-16,1149293.3534516455,920664.236058536,1894.1586460803221,120.70220087753638
2031-04-17,1142797.2364999133,920664.236058536,1894.1586460803221,117.27264814964062
2031-04-18,1143295.91084093,920664.236058536,1894.1586460803221,117.5359177242608
2031-04-19,1143229.8734471933,920664.236058536,1894.1586460803221,117.50105401636952
2031-04-20,1140715.0532940826,920664.236058536,1894.1586460803221,116.17338267357329
2031-04-21,1142640.7173627417,920664.236058536,1894.1586460803221,117.19001561118058
2031-04-22,1144441.7849585798,920664.236058536,1894.1586460803221,118.14086922609047
2031-04-23,1145338.303184658,920664.236058536,1894.1586460803221,118.61417605703272
2031-04-24,1141531.6241444007,920664.236058536,1894.1586460803221,116.604482176251
2031-04-25,1139392.9866554253,920664.236058536,1894.1586460803221,115.4754122889948
2031-04-26,1140059.0116368837,920664.236058536,1894.1586460803221,115.8270327738135
2031-04-27,1138884.1155762875,920664.236058536,1894.1586460803221,115.20675945983984
2031-04-28,1138380.984812234,920664.236058536,1894.1586460803221,114.941137166219
2031-04-29,1135996.7430371726,920664.236058536,1894.1586460803221,113.68240322648523
2031-04-30,1136408.6937854178,921785.3592293335,1884.30088347235,113.9007769080812
2031-05-01,1139662.7474569576,921785.3592293335,1884.30088347235,115.62770581847003
2031-05-02,1140369.243788197,921785.3592293335,1884.30088347235,116.00264399179272
2031-05-03,1142502.572955397,921785.3592293335,1884.30088347235,117.13480350300026
2031-05-04,1144448.1407152624,921785.3592293335,1884.30088347235,118.16731788376104
2031-05-05,1143652.0104663863,921785.3592293335,1884.30088347235,117.74481091798977
2031-05-06,1143240.6935000825,921785.3592293335,1884.30088347235,117.52652467192802
2031-05-07,1146521.7115436979,921785.3592293335,1884.30088347235,119.26776359634512
2031-05-08,1148174.0376289112,921785.3592293335,1884.30088347235,120.14465438364252
2031-05-09,1150359.8244777462,921785.3592293335,1884.30088347235,121.30465322884125
2031-05-10,1150740.9545883008,921785.3592293335,1884.30088347235,121.50691928618788
2031-05-11,1149845.305170036,921785.3592293335,1884.30088347235,121.031597416883
2031-05-12,1149229.8076072745,921785.3592293335,1884.30088347235,120.70495236345226
2031-05-13,1152384.0265242648,921785.3592293335,1884.30088347235,122.3788988890081
2031-05-14,1152382.1581644244,921785.3592293335,1884.30088347235,122.37790734893248
2031-05-15,1155277.2195798072,921785.3592293335,1884.30088347235,123.91431877917492
2031-05-16,1158581.2554875955,921785.3592293335,1884.30088347235,125.66777330269012
2031-05-17,1160771.2853808517,921785.3592293335,1884.30088347235,126.8300239349886
2031-05-18,1162699.6259835202,921785.3592293335,1884.30088347235,127.85339584951788
2031-05-19,1166822.5935793675,921785.3592293335,1884.30088347235,130.04145808098573
2031-05-20,1164759.264436567,921785.3592293335,1884.30088347235,128.94644763923603
2031-05-21,1163047.7316191054,1395799.648312592,-1812.484960480208,128.41591614190284
2031-05-22,1165960.5329248481,1395799.648312592,-1812.484960480208,126.80884001754652
2031-05-23,1169376.6062955314,1395799.648312592,-1812.484960480208,124.92409424300608
2031-05-24,1169476.9243524964,1395799.648312592,-1812.484960480208,124.868745890246
2031-05-25,1168868.2690273838,1395799.648312592,-1812.484960480208,125.20455851125188
2031-05-26,1167718.5455231068,1395799.648312592,-1812.484960480208,125.83889398401202
2031-05-27,1169303.3820261564,1395799.648312592,-1812.484960480208,124.96449417512778
2031-05-28,1170236.998828887,1395799.648312592,-1812.484960480208,124.44939097532894
2031-05-29,1168318.9628392912,1395799.648312592,-1812.484960480208,125.50762650909446
2031-05-30,1171617.1902779608,1395799.648312592,-1812.484960480208,123.68789971930872
2031-05-31,1171588.7710936116,1395799.648312592,-1812.484960480208,123.70357939939916
2031-06-01,1168641.5055318908,1395799.648312592,-1812.484960480208,125.32967044345394
2031-06-02,1169244.045765953,1395799.648312592,-1812.484960480208,124.9972316937816
2031-06-03,1170196.2044348083,1395799.648312592,-1812.484960480208,124.47189841399351
2031-06-04,1167374.831951634,1395799.648312592,-1812.484960480208,126.02853063146964
2031-06-05,1170581.4306499886,1395799.648312592,-1812.484960480208,124.2593580489258
2031-06-06,1172384.9891153926,1395799.648312592,-1812.484960480208,123.26428305259256
2031-06-07,1174088.9335556899,1395799.648312592,-1812.484960480208,122.32416797442616
2031-06-08,1172544.430030521,1395799.648312592,-1812.484960480208,123.1763149212122
2031-06-09,1176097.001462907,1395799.648312592,-1812.484960480208,121.21625924635303
2031-06-10,1173369.925987007,1395799.648312592,-1812.484960480208,122.7208650970838
2031-06-11,1173095.4427564149,1173095.4427564149,0.0,122.6882117157802
2031-06-12,1173095.4427564149,1173095.4427564149,0.0,123.97801232689886
2031-06-13,1173095.4427564149,1173095.4427564149,0.0,125.52594629969992
2031-06-14,1173095.4427564149,1173095.4427564149,0.0,124.54367863541734
2031-06-15,1173095.4427564149,1173095.4427564149,0.0,124.5665191617738
2031-06-16,1173095.4427564149,1173095.4427564149,0.0,124.28274141873574
2031-06-17,1173095.4427564149,1173095.4427564149,0.0,124.20143081612083
2031-06-18,1173095.4427564149,1173095.4427564149,0.0,123.49599089101312
2031-06-19,1173095.4427564149,1173095.4427564149,0.0,124.87963452694537
2031-06-20,1173095.4427564149,1173095.4427564149,0.0,124.64749838091716
2031-06-21,1173095.4427564149,1173095.4427564149,0.0,124.2317082116308
2031-06-22,1173095.4427564149,1173095.4427564149,0.0,125.635380213637
2031-06-23,1173095.4427564149,1173095.4427564149,0.0,126.69031294255024
2031-06-24,1173095.4427564149,1173095.4427564149,0.0,127.0551292909034
2031-06-25,1173095.4427564149,1173095.4427564149,0.0,126.55755758713994
2031-06-26,1173095.4427564149,1173095.4427564149,0.0,128.4247734413558
2031-06-27,1173095.4427564149,1173095.4427564149,0.0,127.07466405794425
2031-06-28,1173095.4427564149,1173095.4427564149,0.0,128.44472437537902
2031-06-29,1173095.4427564149,1173095.4427564149,0.0,129.25189594678352
2031-06-30,1173095.4427564149,1173095.4427564149,0.0,127.6253668009432
2031-07-01,1173095.4427564149,1173095.4427564149,0.0,127.71972342051468
2031-07-02,1173095.4427564149,1173095.4427564149,0.0,126.04396308945662
2031-07-03,1173095.4427564149,1173095.4427564149,0.0,125.60621622849295
2031-07-04,1173095.4427564149,1173095.4427564149,0.0,125.95860710709734
2031-07-05,1173095.4427564149,1173095.4427564149,0.0,124.68746206672569
2031-07-06,1173095.4427564149,1173095.4427564149,0.0,121.79417207092644
2031-07-07,1173095.4427564149,1173095.4427564149,0.0,121.63867486189592
2031-07-08,1173095.4427564149,1173095.4427564149,0.0,121.8999382890328
2031-07-09,1173095.4427564149,1173095.4427564149,0.0,121.44127048344376
2031-07-10,1173095.4427564149,1173095.4427564149,0.0,121.42258276906144
2031-07-11,1173095.4427564149,1173095.4427564149,0.0,121.20468564270996
2031-07-12,1173095.4427564149,1173095.4427564149,0.0,119.97748012056526
2031-07-13,1173095.4427564149,1173095.4427564149,0.0,122.33647492868072
2031-07-14,1173095.4427564149,1173095.4427564149,0.0,122.72488159992054
2031-07-15,1173095.4427564149,1173095.4427564149,0.0,122.20339357176417
2031-07-16,1173095.4427564149,1173095.4427564149,0.0,121.19962469904216
2031-07-17,1173095.4427564149,1173095.4427564149,0.0,120.71873463150746
2031-07-18,1173095.4427564149,1173095.4427564149,0.0,120.27896230223874
2031-07-19,1173095.4427564149,1173095.4427564149,0.0,120.32486102339706
2031-07-20,1173095.4427564149,1173095.4427564149,0.0,121.7119664308366
2031-07-21,1173095.4427564149,1173095.4427564149,0.0,120.73663751012838
2031-07-22,1173095.4427564149,1173095.4427564149,0.0,120.95140635316965
2031-07-23,1173095.4427564149,1173095.4427564149,0.0,121.92245663209378
2031-07-24,1173095.4427564149,1173095.4427564149,0.0,121.10364713223557
2031-07-25,1173095.4427564149,1173095.4427564149,0.0,120.28342213677232
2031-07-26,1173095.4427564149,1173095.4427564149,0.0,118.4818471268248
2031-07-27,1173095.4427564149,1173095.4427564149,0.0,120.49061540402484
2031-07-28,1173095.4427564149,1173095.4427564149,0.0,121.1041749226629
2031-07-29,1173095.4427564149,1173095.4427564149,0.0,120.41538637115444
2031-07-30,1173095.4427564149,1173095.4427564149,0.0,119.67867761454076
2031-07-31,1173095.4427564149,1173095.4427564149,0.0,118.45067665537428
2031-08-01,1173095.4427564149,1173095.4427564149,0.0,118.63690934843218
2031-08-02,1173095.4427564149,1173095.4427564149,0.0,118.2316860490064
2031-08-03,1173095.4427564149,1173095.4427564149,0.0,117.1520060693266
2031-08-04,1173095.4427564149,1173095.4427564149,0.0,116.25137930775526
2031-08-05,1173095.4427564149,1173095.4427564149,0.0,117.09810476436398
2031-08-06,1173095.4427564149,1173095.4427564149,0.0,116.65230275005388
2031-08-07,1173095.4427564149,1173095.4427564149,0.0,115.228509256162
2031-08-08,1173095.4427564149,1173095.4427564149,0.0,115.30306239263388
2031-08-09,1173095.4427564149,1173095.4427564149,0.0,114.5145130286486
2031-08-10,1173095.4427564149,1173095.4427564149,0.0,115.25675491634976
2031-08-11,1173095.4427564149,1173095.4427564149,0.0,117.00675989067824
2031-08-12,1173095.4427564149,1173095.4427564149,0.0,114.7616340940829
2031-08-13,1173095.4427564149,1173095.4427564149,0.0,113.95319824117574
2031-08-14,1173095.4427564149,1173095.4427564149,0.0,114.11115153499053
2031-08-15,1173095.4427564149,1173095.4427564149,0.0,114.02394377286409
2031-08-16,1173095.4427564149,1173095.4427564149,0.0,115.46032572722108
2031-08-17,1173095.4427564149,1173095.4427564149,0.0,115.43804233154869
2031-08-18,1173095.4427564149,1173095.4427564149,0.0,115.67418050443015
2031-08-19,1173095.4427564149,1173095.4427564149,0.0,116.17361439326362
2031-08-20,1173095.4427564149,1173095.4427564149,0.0,115.38534063555625
2031-08-21,1173095.4427564149,1173095.4427564149,0.0,115.98133640267888
2031-08-22,1173095.4427564149,1173095.4427564149,0.0,116.45268322181413
2031-08-23,1173095.4427564149,1173095.4427564149,0.0,116.5729179386714
2031-08-24,1173095.4427564149,1173095.4427564149,0.0,114.35862526497378
2031-08-25,1173095.4427564149,1173095.4427564149,0.0,113.4916560935864
2031-08-26,1173095.4427564149,1173095.4427564149,0.0,113.70263365578036
2031-08-27,1173095.4427564149,1173095.4427564149,0.0,113.59452923000237
2031-08-28,1173095.4427564149,1173095.4427564149,0.0,114.44852795873156
2031-08-29,1173095.4427564149,1173095.4427564149,0.0,115.31816171467992
2031-08-30,1173095.4427564149,1173095.4427564149,0.0,115.71622320212153
2031-08-31,1173095.4427564149,1173095.4427564149,0.0,116.595668352068
2031-09-01,1173095.4427564149,1173095.4427564149,0.0,117.18021679513268
2031-09-02,1173095.4427564149,1173095.4427564149,0.0,116.56511766068785
2031-09-03,1172743.631433132,1407362.7199844152,-2012.8899864466214,116.55832665026014
2031-09-04,1175307.646509822,1407362.7199844152,-2012.8899864466214,115.28452873087356
2031-09-05,1171816.1436862543,1407362.7199844152,-2012.8899864466214,117.01910083718693
2031-09-06,1174752.542309924,1407362.7199844152,-2012.8899864466214,115.560303464533
2031-09-07,1179550.2311565783,1407362.7199844152,-2012.8899864466214,113.17682057229416
2031-09-08,1174667.5019966057,1407362.7199844152,-2012.8899864466214,115.60255133396
2031-09-09,1174883.4691600814,1407362.7199844152,-2012.8899864466214,115.49525924898268
2031-09-10,1172794.0166276451,1407362.7199844152,-2012.8899864466214,116.53329537937492
2031-09-11,1171068.4546269951,1407362.7199844152,-2012.8899864466214,117.3905513706455
2031-09-12,1168585.2816979273,1407362.7199844152,-2012.8899864466214,118.6241870615118
2031-09-13,1167169.6085009156,1407362.7199844152,-2012.8899864466214,119.32749087172688
2031-09-14,1165730.4402728877,1407362.7199844152,-2012.8899864466214,120.04246696963494
2031-09-15,1171319.0095812592,1407362.7199844152,-2012.8899864466214,117.26607613556006
2031-09-16,1173582.6492204363,1407362.7199844152,-2012.8899864466214,116.14150417463884
2031-09-17,1179646.0148756974,1407362.7199844152,-2012.8899864466214,113.129235398855
2031-09-18,1181505.4780266152,1407362.7199844152,-2012.8899864466214,112.20545756527336
2031-09-19,1182706.2044988035,1407362.7199844152,-2012.8899864466214,111.60893888801178
2031-09-20,1182967.9538685612,1407362.7199844152,-2012.8899864466214,111.4789022881378
2031-09-21,1185084.5709552686,1407362.7199844152,-2012.8899864466214,110.42737085772724
2031-09-22,1185866.5617870693,1407362.7199844152,-2012.8899864466214,110.0388792674932
2031-09-23,1187010.7069588657,1407362.7199844152,-2012.8899864466214,109.47047007498882
2031-09-24,1185916.4813400256,1185916.4813400256,0.0,109.8492505260526
2031-09-25,1185916.4813400256,1185916.4813400256,0.0,110.68631741812118
2031-09-26,1185916.4813400256,1185916.4813400256,0.0,110.92367005152532
2031-09-27,1185916.4813400256,1185916.4813400256,0.0,111.62504206054577
2031-09-28,1185916.4813400256,1185916.4813400256,0.0,111.83827055747275
2031-09-29,1185916.4813400256,1185916.4813400256,0.0,113.17370394834384
2031-09-30,1185916.4813400256,1185916.4813400256,0.0,115.30321498033634
2031-10-01,1185916.4813400256,1185916.4813400256,0.0,112.51682080090592
2031-10-02,1185916.4813400256,1185916.4813400256,0.0,113.79911852948456
2031-10-03,1185916.4813400256,1185916.4813400256,0.0,112.34098646470972
2031-10-04,1185916.4813400256,1185916.4813400256,0.0,112.54990850081296
2031-10-05,1185916.4813400256,1185916.4813400256,0.0,112.84444830691577
2031-10-06,1185916.4813400256,1185916.4813400256,0.0,113.53312765843911
2031-10-07,1185916.4813400256,1185916.4813400256,0.0,113.47531379076096
2031-10-08,1185916.4813400256,1185916.4813400256,0.0,113.46977548606112
2031-10-09,1185916.4813400256,1185916.4813400256,0.0,113.86009643292977
2031-10-10,1185916.4813400256,1185916.4813400256,0.0,113.46666032938238
2031-10-11,1185916.4813400256,1185916.4813400256,0.0,111.33175189405848
2031-10-12,1185916.4813400256,1185916.4813400256,0.0,111.32979953647532
2031-10-13,1185916.4813400256,1185916.4813400256,0.0,110.49924372950336
2031-10-14,1185916.4813400256,1185916.4813400256,0.0,109.58120143545278
2031-10-15,1185916.4813400256,1185916.4813400256,0.0,108.56511853238628
2031-10-16,1185916.4813400256,1185916.4813400256,0.0,106.44598002624215
2031-10-17,1185916.4813400256,1185916.4813400256,0.0,106.02139486259291
2031-10-18,1185916.4813400256,1185916.4813400256,0.0,106.02224120153105
2031-10-19,1185916.4813400256,1185916.4813400256,0.0,106.83963787822594
2031-10-20,1185916.4813400256,1185916.4813400256,0.0,106.21036581657246
2031-10-21,1185916.4813400256,1185916.4813400256,0.0,107.8991367879344
2031-10-22,1185916.4813400256,1185916.4813400256,0.0,108.53084822437044
2031-10-23,1185916.4813400256,1185916.4813400256,0.0,107.32091896980064
2031-10-24,1185916.4813400256,1185916.4813400256,0.0,106.798165027155
2031-10-25,1185916.4813400256,1185916.4813400256,0.0,108.97910661578882
2031-10-26,1185916.4813400256,1185916.4813400256,0.0,109.8104508814375
2031-10-27,1185916.4813400256,1185916.4813400256,0.0,109.2333983519923
2031-10-28,1185916.4813400256,1185916.4813400256,0.0,110.2128420368546
2031-10-29,1185916.4813400256,1185916.4813400256,0.0,108.8315484566101
2031-10-30,1185916.4813400256,1185916.4813400256,0.0,108.23172040140012
2031-10-31,1185916.4813400256,1185916.4813400256,0.0,105.7391318868951
2031-11-01,1185916.4813400256,1185916.4813400256,0.0,106.37941496676272
2031-11-02,1185916.4813400256,1185916.4813400256,0.0,105.14669859102368
2031-11-03,1185916.4813400256,1185916.4813400256,0.0,105.06200799325184
2031-11-04,1185916.4813400256,1185916.4813400256,0.0,103.4497898561547
2031-11-05,1185916.4813400256,1185916.4813400256,0.0,103.65732759602886
2031-11-06,1185916.4813400256,1185916.4813400256,0.0,103.580487246264
2031-11-07,1185916.4813400256,1185916.4813400256,0.0,102.0650744970676
2031-11-08,1185916.4813400256,1185916.4813400256,0.0,101.57903981942944
2031-11-09,1185916.4813400256,1185916.4813400256,0.0,101.71443046125776
2031-11-10,1185916.4813400256,1185916.4813400256,0.0,102.1682527297013
2031-11-11,1185916.4813400256,1185916.4813400256,0.0,103.79875821383877
2031-11-12,1185916.4813400256,1185916.4813400256,0.0,105.0706262965403
2031-11-13,1185916.4813400256,1185916.4813400256,0.0,104.3428641733138
2031-11-14,1185916.4813400256,1185916.4813400256,0.0,103.6075050533273
2031-11-15,1185916.4813400256,1185916.4813400256,0.0,102.13580743786184
2031-11-16,1185916.4813400256,1185916.4813400256,0.0,101.10969160792632
2031-11-17,1185916.4813400256,1185916.4813400256,0.0,101.9831432257457
2031-11-18,1185916.4813400256,1185916.4813400256,0.0,100.37532126921776
2031-11-19,1185916.4813400256,1185916.4813400256,0.0,100.21993198906172
2031-11-20,1185916.4813400256,1185916.4813400256,0.0,99.9181739464367
2031-11-21,1185916.4813400256,1185916.4813400256,0.0,99.16382207982656
2031-11-22,1185916.4813400256,1185916.4813400256,0.0,97.880766726343
2031-11-23,1185916.4813400256,1185916.4813400256,0.0,96.04401345778926
2031-11-24,1185916.4813400256,1185916.4813400256,0.0,94.80984881624065
2031-11-25,1185916.4813400256,1185916.4813400256,0.0,94.73109068716673
2031-11-26,1185916.4813400256,1185916.4813400256,0.0,95.29895324837292
2031-11-27,1185916.4813400256,1185916.4813400256,0.0,96.84755476707694
2031-11-28,1185916.4813400256,1185916.4813400256,0.0,97.17203607114018
2031-11-29,1185916.4813400256,1185916.4813400256,0.0,97.74975954533494
2031-11-30,1185916.4813400256,1185916.4813400256,0.0,99.33449569856802
2031-12-01,1185916.4813400256,1185916.4813400256,0.0,99.67114247937684
2031-12-02,1185916.4813400256,1185916.4813400256,0.0,100.6558205118447
2031-12-03,1185916.4813400256,1185916.4813400256,0.0,100.27446344399998
2031-12-04,1185916.4813400256,1185916.4813400256,0.0,101.00030853962284
2031-12-05,1185916.4813400256,1185916.4813400256,0.0,101.21262950440013
2031-12-06,1185916.4813400256,1185916.4813400256,0.0,100.9681485914774
2031-12-07,1185916.4813400256,1185916.4813400256,0.0,102.54247764571258
2031-12-08,1185916.4813400256,1185916.4813400256,0.0,101.31618936226803
2031-12-09,1185916.4813400256,1185916.4813400256,0.0,100.44869529170552
2031-12-10,1185916.4813400256,1185916.4813400256,0.0,101.63857612166592
2031-12-11,1185916.4813400256,1185916.4813400256,0.0,102.63044667102612
2031-12-12,1185916.4813400256,1185916.4813400256,0.0,102.64347858486164
2031-12-13,1185916.4813400256,1185916.4813400256,0.0,102.99274488646957
2031-12-14,1185916.4813400256,1185916.4813400256,0.0,103.52699375031708
2031-12-15,1185916.4813400256,1185916.4813400256,0.0,103.90557395738868
2031-12-16,1185916.4813400256,1185916.4813400256,0.0,104.1564509684194
2031-12-17,1185560.8249872716,1422744.1212552767,-2296.402688356984,103.28471459755326
2031-12-18,1182605.6876110095,1422744.1212552767,-2296.402688356984,104.57156963880752
2031-12-19,1183095.1938487694,1422744.1212552767,-2296.402688356984,104.35840744376148
2031-12-20,1185457.3823543575,1422744.1212552767,-2296.402688356984,103.32976010870796
2031-12-21,1185138.9746137524,1422744.1212552767,-2296.402688356984,103.46841511996512
2031-12-22,1184322.0815890378,1422744.1212552767,-2296.402688356984,103.82414237496982
2031-12-23,1183377.6024953325,1422744.1212552767,-2296.402688356984,104.23542873101437
2031-12-24,1181037.7176022553,1422744.1212552767,-2296.402688356984,105.25436365255084
2031-12-25,1181953.9976229423,1422744.1212552767,-2296.402688356984,104.85535696903987
2031-12-26,1182110.8378918478,1422744.1212552767,-2296.402688356984,104.78705872600928
2031-12-27,1184133.123704619,1422744.1212552767,-2296.402688356984,103.90642667352805
2031-12-28,1183574.793683812,1422744.1212552767,-2296.402688356984,104.1495591274473
2031-12-29,1185619.6286802103,1422744.1212552767,-2296.402688356984,103.25910772414343
2031-12-30,1187014.347678361,1422744.1212552767,-2296.402688356984,102.65175823564908
2031-12-31,1184684.6228643567,1422744.1212552767,-2296.402688356984,103.6662688116104
2032-01-01,1184359.4978658964,1422744.1212552767,-2296.402688356984,103.80784894479388
2032-01-02,1180939.2476953852,1422744.1212552767,-2296.402688356984,105.297243722048
2032-01-03,1178077.0805790315,1422744.1212552767,-2296.402688356984,106.5436135903926
2032-01-04,1177548.656655911,1422744.1212552767,-2296.402688356984,106.77372302450875
2032-01-05,1176679.8375705562,1422744.1212552767,-2296.402688356984,107.15206219374926
2032-01-06,1177265.9911959674,1422744.1212552767,-2296.402688356984,106.89681357015934
2032-01-07,1174670.3240164958,1409608.324966074,-2174.978043397081,108.0185621472437
2032-01-08,1173815.6558676707,1409608.324966074,-2174.978043397081,108.41151698714188
2032-01-09,1171661.1946505504,1409608.324966074,-2174.978043397081,109.40208386833908
2032-01-10,1173195.4226835722,1409608.324966074,-2174.978043397081,108.69668454824972
2032-01-11,1176391.3768318135,1409608.324966074,-2174.978043397081,107.22726550839144
2032-01-12,1175217.087498917,1409608.324966074,-2174.978043397081,107.76717410032477
2032-01-13,1173563.9999462578,1409608.324966074,-2174.978043397081,108.52722202709704
2032-01-14,1173386.4524737226,1409608.324966074,-2174.978043397081,108.608853873025
2032-01-15,1172015.6720286624,1409608.324966074,-2174.978043397081,109.2391041181811
2032-01-16,1174031.3622109727,1409608.324966074,-2174.978043397081,108.312340655704
2032-01-17,1171808.1676379861,1409608.324966074,-2174.978043397081,109.3345093988488
2032-01-18,1169005.430667944,1409608.324966074,-2174.978043397081,110.62313710640233
2032-01-19,1166537.0651033376,1409608.324966074,-2174.978043397081,111.7580292824866
2032-01-20,1166235.5462920913,1409608.324966074,-2174.978043397081,111.89666002046656
2032-01-21,1163330.7442034706,1409608.324966074,-2174.978043397081,113.23221469304782
2032-01-22,1166129.3495238267,1409608.324966074,-2174.978043397081,111.94548661372198
2032-01-23,1164729.0541260764,1409608.324966074,-2174.978043397081,112.5893070890604
2032-01-24,1162968.316493133,1409608.324966074,-2174.978043397081,113.39884980526782
2032-01-25,1161728.950371985,1409608.324966074,-2174.978043397081,113.96867906166445
2032-01-26,1164049.007858828,1409608.324966074,-2174.978043397081,112.90197519590076
2032-01-27,1163485.151396533,1409608.324966074,-2174.978043397081,113.16122216347668
2032-01-28,1164095.658918445,1396918.5931850157,-2062.7204106287772,112.87178478812824
2032-01-29,1168608.6211238364,1396918.5931850157,-2062.7204106287772,110.68391570895632
2032-01-30,1171281.6880095406,1396918.5931850157,-2062.7204106287772,109.38802176621424
2032-01-31,1168646.1881442044,1396918.5931850157,-2062.7204106287772,110.665703342329
2032-02-01,1169552.7121665538,1396918.5931850157,-2062.7204106287772,110.2262235089602
2032-02-02,1167138.706591182,1396918.5931850157,-2062.7204106287772,111.39652538939598
2032-02-03,1164495.7427230629,1396918.5931850157,-2062.7204106287772,112.67782548925452
2032-02-04,1163222.6805547425,1396918.5931850157,-2062.7204106287772,113.29500179766772
2032-02-05,1164654.1787039626,1396918.5931850157,-2062.7204106287772,112.60101625224723
2032-02-06,1162450.6710151304,1396918.5931850157,-2062.7204106287772,113.6692694568396
2032-02-07,1161949.4149013066,1396918.5931850157,-2062.7204106287772,113.91227675498864
2032-02-08,1161844.4355804103,1396918.5931850157,-2062.7204106287772,113.96317038087967
2032-02-09,1163977.6499018036,1396918.5931850157,-2062.7204106287772,112.92899516721457
2032-02-10,1165141.2610173135,1396918.5931850157,-2062.7204106287772,112.36488036546352
2032-02-11,1167211.133556339,1396918.5931850157,-2062.7204106287772,111.36141303738552
2032-02-12,1164997.3404027906,1396918.5931850157,-2062.7204106287772,112.4346526010904
2032-02-13,1161411.3713158506,1396918.5931850157,-2062.7204106287772,114.17311849712856
2032-02-14,1159225.9477336,1396918.5931850157,-2062.7204106287772,115.2326045869494
2032-02-15,1158752.6520944964,1396918.5931850157,-2062.7204106287772,115.46205673987558
2032-02-16,1159482.3151183883,1396918.5931850157,-2062.7204106287772,115.10831853079398
2032-02-17,1158348.4313993785,1396918.5931850157,-2062.7204106287772,115.65802158951549
2032-02-18,1158984.8935980017,1158984.8935980017,0.0,115.176644276052
2032-02-19,1158984.8935980017,1158984.8935980017,0.0,115.14052838819546
2032-02-20,1158984.8935980017,1158984.8935980017,0.0,114.1985601519588
2032-02-21,1158984.8935980017,1158984.8935980017,0.0,114.94400508055524
2032-02-22,1158984.8935980017,1158984.8935980017,0.0,115.75248714849108
2032-02-23,1158984.8935980017,1158984.8935980017,0.0,116.80930535306422
2032-02-24,1158984.8935980017,1158984.8935980017,0.0,117.46267134474502
2032-02-25,1158984.8935980017,1158984.8935980017,0.0,118.03725486511227
2032-02-26,1158984.8935980017,1158984.8935980017,0.0,116.81156413588944
2032-02-27,1158984.8935980017,1158984.8935980017,0.0,115.55022757358178
2032-02-28,1158984.8935980017,1158984.8935980017,0.0,115.93339766228516
2032-02-29,1158984.8935980017,1158984.8935980017,0.0,117.21675727719546
2032-03-01,1158984.8935980017,1158984.8935980017,0.0,116.90393530319017
2032-03-02,1158984.8935980017,1158984.8935980017,0.0,116.91049237565612
2032-03-03,1158984.8935980017,1158984.8935980017,0.0,116.92919496591604
2032-03-04,1158984.8935980017,1158984.8935980017,0.0,114.79359584344178
2032-03-05,1158984.8935980017,1158984.8935980017,0.0,115.06991972088028
2032-03-06,1158984.8935980017,1158984.8935980017,0.0,114.43894174588496
2032-03-07,1158984.8935980017,1158984.8935980017,0.0,115.14039676859824
2032-03-08,1158984.8935980017,1158984.8935980017,0.0,115.10432054159074
2032-03-09,1158984.8935980017,1158984.8935980017,0.0,114.89816645165256
2032-03-10,1158637.0822314331,926840.1035118327,2020.5918433575248,114.7173683203798
2032-03-11,1157880.2986635752,926840.1035118327,2020.5918433575248,114.34283272560062
2032-03-12,1154755.8931306428,926840.1035118327,2020.5918433575248,112.79655036125104
2032-03-13,1156939.1153552816,926840.1035118327,2020.5918433575248,113.87703686911055
2032-03-14,1155485.12196732,926840.1035118327,2020.5918433575248,113.15744899551736
2032-03-15,1154418.1271553235,926840.1035118327,2020.5918433575248,112.62938845944016
2032-03-16,1154598.1339060925,926840.1035118327,2020.5918433575248,112.7184746107877
2032-03-17,1152071.4916099184,926840.1035118327,2020.5918433575248,111.4680279634452
2032-03-18,1150950.2077195519,926840.1035118327,2020.5918433575248,110.9130995180728
2032-03-19,1155286.6836198454,926840.1035118327,2020.5918433575248,113.05924096398093
2032-03-20,1156057.238393278,926840.1035118327,2020.5918433575248,113.44059199039712
2032-03-21,1154099.4164632487,926840.1035118327,2020.5918433575248,112.47165710309396
2032-03-22,1149418.2624720428,926840.1035118327,2020.5918433575248,110.1549329182494
2032-03-23,1151658.344649466,926840.1035118327,2020.5918433575248,111.263559672726
2032-03-24,1149394.4722834174,926840.1035118327,2020.5918433575248,110.14315904679502
2032-03-25,1148189.565412656,926840.1035118327,2020.5918433575248,109.54684521195384
2032-03-26,1147270.1478622209,926840.1035118327,2020.5918433575248,109.09182132701764
2032-03-27,1145266.4984046908,926840.1035118327,2020.5918433575248,108.10020619003836
2032-03-28,1145100.041632313,926840.1035118327,2020.5918433575248,108.01782598399872
2032-03-29,1143899.843980547,926840.1035118327,2020.5918433575248,107.42384276283934
2032-03-30,1145230.431044146,926840.1035118327,2020.5918433575248,108.0823562909292
2032-03-31,1145209.6612774977,1145209.6612774977,2.2737367544323206e-13,108.23437468474906
2032-04-01,1145209.6612774977,1145209.6612774977,2.2737367544323206e-13,109.79558262365003
2032-04-02,1145209.6612774977,1145209.6612774977,2.2737367544323206e-13,111.40183678660038
2032-04-03,1145209.6612774977,1145209.6612774977,2.2737367544323206e-13,110.34321522520798
2032-04-04,1145209.6612774977,1145209.6612774977,2.2737367544323206e-13,109.98296549238988
2032-04-05,1145209.6612774977,1145209.6612774977,2.2737367544323206e-13,112.37804083249428
2032-04-06,1145209.6612774977,1145209.6612774977,2.2737367544323206e-13,111.08369844188272
2032-04-07,1145209.6612774977,1145209.6612774977,2.2737367544323206e-13,111.97327312841308
2032-04-08,1145209.6612774977,1145209.6612774977,2.2737367544323206e-13,112.58856865693863
2032-04-09,1145209.6612774977,1145209.6612774977,2.2737367544323206e-13,111.636794077238
2032-04-10,1145209.6612774977,1145209.6612774977,2.2737367544323206e-13,110.7464886827551
2032-04-11,1145209.6612774977,1145209.6612774977,2.2737367544323206e-13,112.80866372063588
2032-04-12,1145209.6612774977,1145209.6612774977,2.2737367544323206e-13,114.88626837779908
2032-04-13,1145209.6612774977,1145209.6612774977,2.2737367544323206e-13,115.38124564421813
2032-04-14,1145209.6612774977,1145209.6612774977,2.2737367544323206e-13,113.79286039318224
2032-04-15,1145209.6612774977,1145209.6612774977,2.2737367544323206e-13,115.2321005696602
2032-04-16,1145209.6612774977,1145209.6612774977,2.2737367544323206e-13,113.64096029506064
2032-04-17,1145209.6612774977,1145209.6612774977,2.2737367544323206e-13,114.45663269911542
2032-04-18,1145209.6612774977,1145209.6612774977,2.2737367544323206e-13,112.61820428409165
2032-04-19,1145209.6612774977,1145209.6612774977,2.2737367544323206e-13,112.62678443263422
2032-04-20,1145209.6612774977,1145209.6612774977,2.2737367544323206e-13,113.62793328465716
2032-04-21,1145209.6612774977,1145209.6612774977,2.2737367544323206e-13,110.46246539172012
2032-04-22,1145209.6612774977,1145209.6612774977,2.2737367544323206e-13,109.88034405779013
2032-04-23,1145209.6612774977,1145209.6612774977,2.2737367544323206e-13,110.04893295712026
2032-04-24,1145209.6612774977,1145209.6612774977,2.2737367544323206e-13,109.67081712193882
2032-04-25,1145209.6612774977,1145209.6612774977,2.2737367544323206e-13,108.937308100588
2032-04-26,1145209.6612774977,1145209.6612774977,2.2737367544323206e-13,108.79200051387625
2032-04-27,1145209.6612774977,1145209.6612774977,2.2737367544323206e-13,109.92661922857016
2032-04-28,1145209.6612774977,1145209.6612774977,2.2737367544323206e-13,111.44181257071
2032-04-29,1145209.6612774977,1145209.6612774977,2.2737367544323206e-13,112.23027709058516
2032-04-30,1145209.6612774977,1145209.6612774977,2.2737367544323206e-13,113.98722931766886
2032-05-01,1145209.6612774977,1145209.6612774977,2.2737367544323206e-13,113.37927482208237
2032-05-02,1145209.6612774977,1145209.6612774977,2.2737367544323206e-13,114.05792797340446
2032-05-03,1145209.6612774977,1145209.6612774977,2.2737367544323206e-13,112.90175254778502
2032-05-04,1145209.6612774977,1145209.6612774977,2.2737367544323206e-13,116.26002049151506
2032-05-05,1145209.6612774977,1145209.6612774977,2.2737367544323206e-13,116.37650980770412
2032-05-06,1145209.6612774977,1145209.6612774977,2.2737367544323206e-13,117.31607387648356
2032-05-07,1145209.6612774977,1145209.6612774977,2.2737367544323206e-13,115.26653351161644
2032-05-08,1145209.6612774977,1145209.6612774977,2.2737367544323206e-13,116.17067835611644
2032-05-09,1145209.6612774977,1145209.6612774977,2.2737367544323206e-13,116.30283865177076
2032-05-10,1145209.6612774977,1145209.6612774977,2.2737367544323206e-13,116.8438603079235
2032-05-11,1145209.6612774977,1145209.6612774977,2.2737367544323206e-13,116.85971964553386
2032-05-12,1145209.6612774977,1145209.6612774977,2.2737367544323206e-13,116.71980883283555
2032-05-13,1145209.6612774977,1145209.6612774977,2.2737367544323206e-13,116.36069199695046
2032-05-14,1145209.6612774977,1145209.6612774977,2.2737367544323206e-13,116.25641257305412
2032-05-15,1145209.6612774977,1145209.6612774977,2.2737367544323206e-13,117.97596973925206
2032-05-16,1145209.6612774977,1145209.6612774977,2.2737367544323206e-13,117.54334093047224
2032-05-17,1145209.6612774977,1145209.6612774977,2.2737367544323206e-13,120.22860378957084
2032-05-18,1145209.6612774977,1145209.6612774977,2.2737367544323206e-13,120.30241902718603
2032-05-19,1145209.6612774977,1145209.6612774977,2.2737367544323206e-13,121.99845751885184
2032-05-20,1145209.6612774977,1145209.6612774977,2.2737367544323206e-13,123.40204240431628
2032-05-21,1145209.6612774977,1145209.6612774977,2.2737367544323206e-13,121.4877328651462
2032-05-22,1145209.6612774977,1145209.6612774977,2.2737367544323206e-13,119.85643085081334
2032-05-23,1145209.6612774977,1145209.6612774977,2.2737367544323206e-13,119.0462781112728
2032-05-24,1145209.6612774977,1145209.6612774977,2.2737367544323206e-13,117.22269153136186
2032-05-25,1145209.6612774977,1145209.6612774977,2.2737367544323206e-13,116.73948757268866
2032-05-26,1145209.6612774977,1145209.6612774977,2.2737367544323206e-13,116.77231694522816
2032-05-27,1145209.6612774977,1145209.6612774977,2.2737367544323206e-13,117.53217483874263
2032-05-28,1145209.6612774977,1145209.6612774977,2.2737367544323206e-13,117.7446019649624
2032-05-29,1145209.6612774977,1145209.6612774977,2.2737367544323206e-13,117.7507716901308
2032-05-30,1145209.6612774977,1145209.6612774977,2.2737367544323206e-13,118.9624264822452
2032-05-31,1145209.6612774977,1145209.6612774977,2.2737367544323206e-13,120.02577737376964
2032-06-01,1145209.6612774977,1145209.6612774977,2.2737367544323206e-13,122.33766208187504
2032-06-02,1145209.6612774977,1145209.6612774977,2.2737367544323206e-13,122.5661865038232
2032-06-03,1145209.6612774977,1145209.6612774977,2.2737367544323206e-13,119.64648063398488
2032-06-04,1145209.6612774977,1145209.6612774977,2.2737367544323206e-13,120.1587020677741
2032-06-05,1145209.6612774977,1145209.6612774977,2.2737367544323206e-13,122.9163076778337
2032-06-06,1145209.6612774977,1145209.6612774977,2.2737367544323206e-13,124.18390346053955
2032-06-07,1145209.6612774977,1145209.6612774977,2.2737367544323206e-13,125.7526094713657
2032-06-08,1145209.6612774977,1145209.6612774977,2.2737367544323206e-13,125.8719170715762
2032-06-09,1145209.6612774977,1145209.6612774977,2.2737367544323206e-13,127.02656340343914
2032-06-10,1145209.6612774977,1145209.6612774977,2.2737367544323206e-13,128.69889266559468
2032-06-11,1145209.6612774977,1145209.6612774977,2.2737367544323206e-13,128.2694343442522
2032-06-12,1145209.6612774977,1145209.6612774977,2.2737367544323206e-13,127.62868859921376
2032-06-13,1145209.6612774977,1145209.6612774977,2.2737367544323206e-13,128.21034154902176
2032-06-14,1145209.6612774977,1145209.6612774977,2.2737367544323206e-13,129.45907704767862
2032-06-15,1145209.6612774977,1145209.6612774977,2.2737367544323206e-13,125.94069650953232
2032-06-16,1145209.6612774977,1145209.6612774977,2.2737367544323206e-13,125.6956287662859
2032-06-17,1145209.6612774977,1145209.6612774977,2.2737367544323206e-13,123.264049383424
2032-06-18,1145209.6612774977,1145209.6612774977,2.2737367544323206e-13,123.11304829293832
2032-06-19,1145209.6612774977,1145209.6612774977,2.2737367544323206e-13,125.21085668312296
2032-06-20,1145209.6612774977,1145209.6612774977,2.2737367544323206e-13,124.43195073530934
2032-06-21,1145209.6612774977,1145209.6612774977,2.2737367544323206e-13,124.07647920661402
2032-06-22,1145209.6612774977,1145209.6612774977,2.2737367544323206e-13,124.90051007090514
2032-06-23,1145209.6612774977,1145209.6612774977,2.2737367544323206e-13,126.14794114874606
2032-06-24,1145209.6612774977,1145209.6612774977,2.2737367544323206e-13,127.3599106606159
2032-06-25,1145209.6612774977,1145209.6612774977,2.2737367544323206e-13,127.40744763967962
2032-06-26,1145209.6612774977,1145209.6612774977,2.2737367544323206e-13,128.13634195441108
2032-06-27,1145209.6612774977,1145209.6612774977,2.2737367544323206e-13,128.81286623553427
2032-06-28,1145209.6612774977,1145209.6612774977,2.2737367544323206e-13,127.90953353623652
2032-06-29,1145209.6612774977,1145209.6612774977,2.2737367544323206e-13,125.68927516509436
2032-06-30,1145209.6612774977,1145209.6612774977,2.2737367544323206e-13,124.56685358298508
2032-07-01,1145209.6612774977,1145209.6612774977,2.2737367544323206e-13,126.37198980332776
2032-07-02,1145209.6612774977,1145209.6612774977,2.2737367544323206e-13,129.20005142187904
2032-07-03,1145209.6612774977,1145209.6612774977,2.2737367544323206e-13,129.0825090948868
2032-07-04,1145209.6612774977,1145209.6612774977,2.2737367544323206e-13,130.9026092357911
2032-07-05,1145209.6612774977,1145209.6612774977,2.2737367544323206e-13,130.51388558056806
2032-07-06,1145209.6612774977,1145209.6612774977,2.2737367544323206e-13,130.9702181745171
2032-07-07,1145209.6612774977,1145209.6612774977,2.2737367544323206e-13,130.1682579439304
2032-07-08,1145209.6612774977,1145209.6612774977,2.2737367544323206e-13,131.49559998110027
2032-07-09,1145209.6612774977,1145209.6612774977,2.2737367544323206e-13,130.65852388478942
2032-07-10,1145209.6612774977,1145209.6612774977,2.2737367544323206e-13,129.49743797692292
2032-07-11,1145209.6612774977,1145209.6612774977,2.2737367544323206e-13,129.55799346305034
2032-07-12,1145209.6612774977,1145209.6612774977,2.2737367544323206e-13,130.6205128906727
2032-07-13,1145209.6612774977,1145209.6612774977,2.2737367544323206e-13,130.83445243642268
2032-07-14,1145209.6612774977,1145209.6612774977,2.2737367544323206e-13,130.2222407165872
2032-07-15,1145209.6612774977,1145209.6612774977,2.2737367544323206e-13,129.0559141668419
2032-07-16,1145209.6612774977,1145209.6612774977,2.2737367544323206e-13,126.8971399174195
2032-07-17,1145209.6612774977,1145209.6612774977,2.2737367544323206e-13,126.31948658152604
2032-07-18,1145209.6612774977,1145209.6612774977,2.2737367544323206e-13,126.12647421814638
2032-07-19,1145209.6612774977,1145209.6612774977,2.2737367544323206e-13,126.82710395372408
2032-07-20,1145209.6612774977,1145209.6612774977,2.2737367544323206e-13,125.3554997718258
2032-07-21,1145209.6612774977,1145209.6612774977,2.2737367544323206e-13,126.19591432293504
2032-07-22,1145209.6612774977,1145209.6612774977,2.2737367544323206e-13,125.44833376740074
2032-07-23,1145209.6612774977,1145209.6612774977,2.2737367544323206e-13,124.80546995344191
2032-07-24,1145209.6612774977,1145209.6612774977,2.2737367544323206e-13,126.37371162047712
2032-07-25,1145209.6612774977,1145209.6612774977,2.2737367544323206e-13,123.28145561521572
2032-07-26,1145209.6612774977,1145209.6612774977,2.2737367544323206e-13,121.77824281995623
2032-07-27,1145209.6612774977,1145209.6612774977,2.2737367544323206e-13,121.83384186713069
2032-07-28,1145209.6612774977,1145209.6612774977,2.2737367544323206e-13,121.82778566259567
2032-07-29,1145209.6612774977,1145209.6612774977,2.2737367544323206e-13,119.77184117872476
2032-07-30,1145209.6612774977,1145209.6612774977,2.2737367544323206e-13,119.18138054788592
2032-07-31,1145209.6612774977,1145209.6612774977,2.2737367544323206e-13,120.32864296924792
2032-08-01,1145209.6612774977,1145209.6612774977,2.2737367544323206e-13,118.93752871351424
2032-08-02,1145209.6612774977,1145209.6612774977,2.2737367544323206e-13,120.2299199575456
2032-08-03,1145209.6612774977,1145209.6612774977,2.2737367544323206e-13,119.37195691583749
2032-08-04,1144865.9838581483,915824.0516026488,1954.9996824408986,117.15701762648428
2032-08-05,1146749.7374027334,915824.0516026488,1954.9996824408986,118.12057458329824
2032-08-06,1147329.3753539547,915824.0516026488,1954.9996824408986,118.41706463208315
2032-08-07,1143960.407818857,915824.0516026488,1954.9996824408986,116.69380730096616
2032-08-08,1142725.4861122891,915824.0516026488,1954.9996824408986,116.06213369116487
2032-08-09,1146673.404263381,915824.0516026488,1954.9996824408986,118.0815294928882
2032-08-10,1148198.2202074071,915824.0516026488,1954.9996824408986,118.86148662419704
2032-08-11,1150804.5978545607,915824.0516026488,1954.9996824408986,120.19467233801736
2032-08-12,1148144.9391806072,915824.0516026488,1954.9996824408986,118.83423289762185
2032-08-13,1151009.0276520425,915824.0516026488,1954.9996824408986,120.29924002634893
2032-08-14,1147683.8348838482,915824.0516026488,1954.9996824408986,118.59837388398596
2032-08-15,1144477.9762826636,915824.0516026488,1954.9996824408986,116.958548246172
2032-08-16,1146395.505050837,915824.0516026488,1954.9996824408986,117.93938153499344
2032-08-17,1143346.7492691262,915824.0516026488,1954.9996824408986,116.3799154086848
2032-08-18,1146825.877064326,915824.0516026488,1954.9996824408986,118.1595207080862
2032-08-19,1143950.8286591743,915824.0516026488,1954.9996824408986,116.68890747424554
2032-08-20,1141744.0372695173,915824.0516026488,1954.9996824408986,115.56011374119412
2032-08-21,1144364.3616809996,915824.0516026488,1954.9996824408986,116.90043335097056
2032-08-22,1142950.0869958773,915824.0516026488,1954.9996824408986,116.17701907227536
2032-08-23,1144763.2899557974,915824.0516026488,1954.9996824408986,117.10448876764438
2032-08-24,1142228.44916561,915824.0516026488,1954.9996824408986,115.8078948024614
2032-08-25,1141264.5225662747,1141264.5225662747,0.0,115.48801191217544
2032-08-26,1141264.5225662747,1141264.5225662747,0.0,116.34679937432524
2032-08-27,1141264.5225662747,1141264.5225662747,0.0,115.36697557478804
2032-08-28,1141264.5225662747,1141264.5225662747,0.0,116.5529187471072
2032-08-29,1141264.5225662747,1141264.5225662747,0.0,116.13375102589376
2032-08-30,1141264.5225662747,1141264.5225662747,0.0,116.27330118102196
2032-08-31,1141264.5225662747,1141264.5225662747,0.0,115.11329754660224
2032-09-01,1141264.5225662747,1141264.5225662747,0.0,114.22991572859506
2032-09-02,1141264.5225662747,1141264.5225662747,0.0,113.26971107648453
2032-09-03,1141264.5225662747,1141264.5225662747,0.0,112.58202485087465
2032-09-04,1141264.5225662747,1141264.5225662747,0.0,114.3362989245561
2032-09-05,1141264.5225662747,1141264.5225662747,0.0,115.62497682765397
2032-09-06,1141264.5225662747,1141264.5225662747,0.0,116.1485518489182
2032-09-07,1141264.5225662747,1141264.5225662747,0.0,115.38608991870812
2032-09-08,1141264.5225662747,1141264.5225662747,0.0,114.41852747626346
2032-09-09,1141264.5225662747,1141264.5225662747,0.0,113.31447027915677
2032-09-10,1141264.5225662747,1141264.5225662747,0.0,112.97070519066708
2032-09-11,1141264.5225662747,1141264.5225662747,0.0,113.28761280798128
2032-09-12,1141264.5225662747,1141264.5225662747,0.0,113.98564811301496
2032-09-13,1141264.5225662747,1141264.5225662747,0.0,114.00207253827564
2032-09-14,1141264.5225662747,1141264.5225662747,0.0,114.64852105805303
2032-09-15,1140922.2573359571,1369175.1618492121,-1972.3458515034022,115.72661272325608
2032-09-16,1141769.2260535124,1369175.1618492121,-1972.3458515034022,115.29719071447926
2032-09-17,1139257.6764857671,1369175.1618492121,-1972.3458515034022,116.5705726448495
2032-09-18,1141508.3633341922,1369175.1618492121,-1972.3458515034022,115.42945084478109
2032-09-19,1140169.4446447308,1369175.1618492121,-1972.3458515034022,116.1082966407356
2032-09-20,1140096.2333482779,1369175.1618492121,-1972.3458515034022,116.1454155346645
2032-09-21,1139694.3056760228,1369175.1618492121,-1972.3458515034022,116.34919707325658
2032-09-22,1140536.789351572,1369175.1618492121,-1972.3458515034022,115.92204902774152
2032-09-23,1137667.0746428391,1369175.1618492121,-1972.3458515034022,117.37702443509494
2032-09-24,1139061.712812079,1369175.1618492121,-1972.3458515034022,116.66992827943
2032-09-25,1135846.7331570133,1369175.1618492121,-1972.3458515034022,118.29995662999283
2032-09-26,1132571.2826699826,1369175.1618492121,-1972.3458515034022,119.96064432557829
2032-09-27,1131501.5228774594,1369175.1618492121,-1972.3458515034022,120.50302374230571
2032-09-28,1132243.8912443905,1369175.1618492121,-1972.3458515034022,120.12663520661091
2032-09-29,1134220.5468870015,1369175.1618492121,-1972.3458515034022,119.12445009738968
2032-09-30,1138859.9988867175,1369175.1618492121,-1972.3458515034022,116.77219935182208
2032-10-01,1137613.215189957,1369175.1618492121,-1972.3458515034022,117.40433174169183
2032-10-02,1140172.763785094,1369175.1618492121,-1972.3458515034022,116.10661380181531
2032-10-03,1142386.7121809737,1369175.1618492121,-1972.3458515034022,114.98411878189164
2032-10-04,1141133.640971726,1369175.1618492121,-1972.3458515034022,115.6194390064316
2032-10-05,1142111.8531648428,1369175.1618492121,-1972.3458515034022,115.1234751812378
2032-10-06,1141616.078515937,1369939.5237955218,-1978.9808657081699,115.3742561315166
2032-10-07,1140562.0348067046,1369939.5237955218,-1978.9808657081699,115.90687558605346
2032-10-08,1136851.5222157282,1369939.5237955218,-1978.9808657081699,117.78183691350851
2032-10-09,1136388.210957635,1369939.5237955218,-1978.9808657081699,118.01595300129972
2032-10-10,1137668.3221347192,1369939.5237955218,-1978.9808657081699,117.36909925992909
2032-10-11,1137842.6418265882,1369939.5237955218,-1978.9808657081699,117.28101367259995
2032-10-12,1139179.9890746628,1369939.5237955218,-1978.9808657081699,116.60523793810545
2032-10-13,1134801.2503057353,1369939.5237955218,-1978.9808657081699,118.8178610335595
2032-10-14,1133924.3556225293,1369939.5237955218,-1978.9808657081699,119.26096520823884
2032-10-15,1132540.409415602,1369939.5237955218,-1978.9808657081699,119.96028789038728
2032-10-16,1129307.7703865236,1369939.5237955218,-1978.9808657081699,121.59377464364168
2032-10-17,1131338.864262035,1369939.5237955218,-1978.9808657081699,120.56744138761786
2032-10-18,1134718.3146771563,1369939.5237955218,-1978.9808657081699,118.859769285436
2032-10-19,1134771.7997316679,1369939.5237955218,-1978.9808657081699,118.83274272068324
2032-10-20,1138096.1128954377,1369939.5237955218,-1978.9808657081699,117.15293205582353
2032-10-21,1139047.277631449,1369939.5237955218,-1978.9808657081699,116.67229843652323
2032-10-22,1144023.8043767463,1369939.5237955218,-1978.9808657081699,114.15760674266676
2032-10-23,1147056.9213429117,1369939.5237955218,-1978.9808657081699,112.62494060186508
2032-10-24,1144314.488237754,1369939.5237955218,-1978.9808657081699,114.0107211077197
2032-10-25,1143399.6765534123,1369939.5237955218,-1978.9808657081699,114.47298514482762
2032-10-26,1139290.4555550844,1369939.5237955218,-1978.9808657081699,116.54941805508597
2032-10-27,1139016.2828639164,1139016.2828639164,-2.2737367544323206e-13,116.51313246570204
2032-10-28,1139016.2828639164,1139016.2828639164,-2.2737367544323206e-13,116.43214647214047
2032-10-29,1139016.2828639164,1139016.2828639164,-2.2737367544323206e-13,116.68329867955624
2032-10-30,1139016.2828639164,1139016.2828639164,-2.2737367544323206e-13,120.94673337281873
2032-10-31,1139016.2828639164,1139016.2828639164,-2.2737367544323206e-13,122.2265482968162
2032-11-01,1139016.2828639164,1139016.2828639164,-2.2737367544323206e-13,121.20341257996988
2032-11-02,1139016.2828639164,1139016.2828639164,-2.2737367544323206e-13,121.69813208314628
2032-11-03,1139016.2828639164,1139016.2828639164,-2.2737367544323206e-13,121.8839434165162
2032-11-04,1139016.2828639164,1139016.2828639164,-2.2737367544323206e-13,122.76578569075429
2032-11-05,1139016.2828639164,1139016.2828639164,-2.2737367544323206e-13,125.08713305066868
2032-11-06,1139016.2828639164,1139016.2828639164,-2.2737367544323206e-13,125.82452967429931
2032-11-07,1139016.2828639164,1139016.2828639164,-2.2737367544323206e-13,125.35888721442498
2032-11-08,1139016.2828639164,1139016.2828639164,-2.2737367544323206e-13,127.71793639751732
2032-11-09,1139016.2828639164,1139016.2828639164,-2.2737367544323206e-13,126.06094462124469
2032-11-10,1139016.2828639164,1139016.2828639164,-2.2737367544323206e-13,125.71958163353273
2032-11-11,1139016.2828639164,1139016.2828639164,-2.2737367544323206e-13,126.85801510612656
2032-11-12,1139016.2828639164,1139016.2828639164,-2.2737367544323206e-13,125.85915227189297
2032-11-13,1139016.2828639164,1139016.2828639164,-2.2737367544323206e-13,125.79400525672612
2032-11-14,1139016.2828639164,1139016.2828639164,-2.2737367544323206e-13,124.9148689328112
2032-11-15,1139016.2828639164,1139016.2828639164,-2.2737367544323206e-13,124.86698635710847
2032-11-16,1139016.2828639164,1139016.2828639164,-2.2737367544323206e-13,123.99646682424022
2032-11-17,1139016.2828639164,1139016.2828639164,-2.2737367544323206e-13,124.09451829701644
2032-11-18,1139016.2828639164,1139016.2828639164,-2.2737367544323206e-13,123.68614822428758
2032-11-19,1139016.2828639164,1139016.2828639164,-2.2737367544323206e-13,125.33870427497092
2032-11-20,1139016.2828639164,1139016.2828639164,-2.2737367544323206e-13,125.82281702520464
2032-11-21,1139016.2828639164,1139016.2828639164,-2.2737367544323206e-13,126.75498880810186
2032-11-22,1139016.2828639164,1139016.2828639164,-2.2737367544323206e-13,126.93804124393124
2032-11-23,1139016.2828639164,1139016.2828639164,-2.2737367544323206e-13,126.38779071897444
2032-11-24,1139016.2828639164,1139016.2828639164,-2.2737367544323206e-13,126.8116469911922
2032-11-25,1139016.2828639164,1139016.2828639164,-2.2737367544323206e-13,127.06907282155665
2032-11-26,1139016.2828639164,1139016.2828639164,-2.2737367544323206e-13,124.02915918903426
2032-11-27,1139016.2828639164,1139016.2828639164,-2.2737367544323206e-13,124.07078174860683
2032-11-28,1139016.2828639164,1139016.2828639164,-2.2737367544323206e-13,124.90729722292436
2032-11-29,1139016.2828639164,1139016.2828639164,-2.2737367544323206e-13,124.01603219087352
2032-11-30,1139016.2828639164,1139016.2828639164,-2.2737367544323206e-13,125.09657688352792
2032-12-01,1139016.2828639164,1139016.2828639164,-2.2737367544323206e-13,125.54220174912092
2032-12-02,1139016.2828639164,1139016.2828639164,-2.2737367544323206e-13,125.04506084418246
2032-12-03,1139016.2828639164,1139016.2828639164,-2.2737367544323206e-13,125.72452357525468
2032-12-04,1139016.2828639164,1139016.2828639164,-2.2737367544323206e-13,125.26196601426362
2032-12-05,1139016.2828639164,1139016.2828639164,-2.2737367544323206e-13,125.60916910962088
2032-12-06,1139016.2828639164,1139016.2828639164,-2.2737367544323206e-13,125.28310766951869
2032-12-07,1139016.2828639164,1139016.2828639164,-2.2737367544323206e-13,125.97281002812618
2032-12-08,1138674.464077429,910871.2075046456,1784.160522384764,127.68091980215684
2032-12-09,1137683.1341686202,910871.2075046456,1784.160522384764,127.12529159697516
2032-12-10,1139738.75145001,910871.2075046456,1784.160522384764,128.27743976727666
2032-12-11,1139055.5456266669,910871.2075046456,1784.160522384764,127.89451131730188
2032-12-12,1138392.2156132278,910871.2075046456,1784.160522384764,127.522723013998
2032-12-13,1137494.68090091,910871.2075046456,1784.160522384764,127.0196658613163
2032-12-14,1133701.367241,910871.2075046456,1784.160522384764,124.89356027142271
2032-12-15,1134819.1060319797,910871.2075046456,1784.160522384764,125.52003909827484
2032-12-16,1135456.1265136176,910871.2075046456,1784.160522384764,125.87708123301864
2032-12-17,1135822.3868552076,910871.2075046456,1784.160522384764,126.08236564380728
2032-12-18,1139346.6203383096,910871.2075046456,1784.160522384764,128.05765510845222
2032-12-19,1143181.7015668452,910871.2075046456,1784.160522384764,130.20717090617285
2032-12-20,1146240.1600935087,910871.2075046456,1784.160522384764,131.9213992439771
2032-12-21,1145686.921327002,910871.2075046456,1784.160522384764,131.61131572875212
2032-12-22,1145016.1850830512,910871.2075046456,1784.160522384764,131.23537632445772
2032-12-23,1142644.315953473,910871.2075046456,1784.160522384764,129.90597288804068
2032-12-24,1142787.681277018,910871.2075046456,1784.160522384764,129.9863273862745
2032-12-25,1142806.8229944091,910871.2075046456,1784.160522384764,129.99705608313272
2032-12-26,1144059.0366923453,910871.2075046456,1784.160522384764,130.69890643921082
2032-12-27,1141579.8896965822,910871.2075046456,1784.160522384764,129.30937507997558
2032-12-28,1140718.0502722417,910871.2075046456,1784.160522384764,128.82632469660064
2032-12-29,1136516.2384258641,1136516.2384258641,0.0,126.6611893574853
2032-12-30,1136516.2384258641,1136516.2384258641,0.0,125.7574854816717
2032-12-31,1136516.2384258641,1136516.2384258641,0.0,126.88506535704413
2033-01-01,1136516.2384258641,1136516.2384258641,0.0,125.49518987665284
2033-01-02,1136516.2384258641,1136516.2384258641,0.0,127.70299444788442
2033-01-03,1136516.2384258641,1136516.2384258641,0.0,128.997914382096
2033-01-04,1136516.2384258641,1136516.2384258641,0.0,129.64612821405353
2033-01-05,1136516.2384258641,1136516.2384258641,0.0,131.38658519409
2033-01-06,1136516.2384258641,1136516.2384258641,0.0,131.22765925783213
2033-01-07,1136516.2384258641,1136516.2384258641,0.0,130.26338340106395
2033-01-08,1136516.2384258641,1136516.2384258641,0.0,130.13846561789276
2033-01-09,1136516.2384258641,1136516.2384258641,0.0,127.92070135621633
2033-01-10,1136516.2384258641,1136516.2384258641,0.0,129.45300664841696
2033-01-11,1136516.2384258641,1136516.2384258641,0.0,129.0021468508728
2033-01-12,1136516.2384258641,1136516.2384258641,0.0,128.03158339653515
2033-01-13,1136516.2384258641,1136516.2384258641,0.0,127.21537664769518
2033-01-14,1136516.2384258641,1136516.2384258641,0.0,127.23646617386906
2033-01-15,1136516.2384258641,1136516.2384258641,0.0,127.3887613501436
2033-01-16,1136516.2384258641,1136516.2384258641,0.0,127.2027771006164
2033-01-17,1136516.2384258641,1136516.2384258641,0.0,127.0114178953542
2033-01-18,1136516.2384258641,1136516.2384258641,0.0,127.71159793204308
2033-01-19,1136175.1699027126,908871.9222175397,1799.4790309607115,126.31614137999678
2033-01-20,1136687.6140902715,908871.9222175397,1799.4790309607115,126.6009150165561
2033-01-21,1135964.6222132521,908871.9222175397,1799.4790309607115,126.19913657702998
2033-01-22,1131472.3642075527,908871.9222175397,1799.4790309607115,123.70271515260193
2033-01-23,1129073.940968576,908871.9222175397,1799.4790309607115,122.36987203650489
2033-01-24,1127336.8708412775,908871.9222175397,1799.4790309607115,121.40455368746528
2033-01-25,1131016.7428814208,908871.9222175397,1799.4790309607115,123.44951891174954
2033-01-26,1132024.2349555497,908871.9222175397,1799.4790309607115,124.00939877519588
2033-01-27,1132629.7742185981,908871.9222175397,1799.4790309607115,124.34590687150045
2033-01-28,1131542.785469525,908871.9222175397,1799.4790309607115,123.74184940243798
2033-01-29,1130404.8520447498,908871.9222175397,1799.4790309607115,123.10948114184876
2033-01-30,1127799.8213679406,908871.9222175397,1799.4790309607115,121.6618228852153
2033-01-31,1127086.3852670852,908871.9222175397,1799.4790309607115,121.26535474717058
2033-02-01,1130108.9052366437,908871.9222175397,1799.4790309607115,122.9450186485304
2033-02-02,1127211.877282626,908871.9222175397,1799.4790309607115,121.33509271765072
2033-02-03,1125935.2177159837,908871.9222175397,1799.4790309607115,120.62563206560822
2033-02-04,1127954.9687798633,908871.9222175397,1799.4790309607115,121.74804084566566
2033-02-05,1129987.5153742041,908871.9222175397,1799.4790309607115,122.87756031178334
2033-02-06,1128400.0140833268,908871.9222175397,1799.4790309607115,121.99535981732706
2033-02-07,1130969.4070531316,908871.9222175397,1799.4790309607115,123.42321361589742
2033-02-08,1130006.0514005786,908871.9222175397,1799.4790309607115,122.88786108553816
2033-02-09,1127151.3925147005,1127151.3925147005,0.0,121.48364506624247
2033-02-10,1127151.3925147005,1127151.3925147005,0.0,123.31755361491687
2033-02-11,1127151.3925147005,1127151.3925147005,0.0,123.43100943683464
2033-02-12,1127151.3925147005,1127151.3925147005,0.0,123.22399014147524
2033-02-13,1127151.3925147005,1127151.3925147005,0.0,123.4396107461603
2033-02-14,1127151.3925147005,1127151.3925147005,0.0,122.24812767623324
2033-02-15,1127151.3925147005,1127151.3925147005,0.0,121.5631373559586
2033-02-16,1127151.3925147005,1127151.3925147005,0.0,123.3224901155812
2033-02-17,1127151.3925147005,1127151.3925147005,0.0,125.63666393286483
2033-02-18,1127151.3925147005,1127151.3925147005,0.0,124.2458694560964
2033-02-19,1127151.3925147005,1127151.3925147005,0.0,123.76304807538664
2033-02-20,1127151.3925147005,1127151.3925147005,0.0,123.76847924105503
2033-02-21,1127151.3925147005,1127151.3925147005,0.0,124.0171244103595
2033-02-22,1127151.3925147005,1127151.3925147005,0.0,122.84406657031654
2033-02-23,1127151.3925147005,1127151.3925147005,0.0,123.64569837787688
2033-02-24,1127151.3925147005,1127151.3925147005,0.0,124.54661888739082
2033-02-25,1127151.3925147005,1127151.3925147005,0.0,125.61016880049924
2033-02-26,1127151.3925147005,1127151.3925147005,0.0,126.55890527536756
2033-02-27,1127151.3925147005,1127151.3925147005,0.0,126.66175418375948
2033-02-28,1127151.3925147005,1127151.3925147005,0.0,127.92264421566917
2033-03-01,1127151.3925147005,1127151.3925147005,0.0,128.6205249106513
2033-03-02,1126813.134381807,901382.8558788667,1778.8787930122521,126.72604754661744
2033-03-03,1123508.3468921464,901382.8558788667,1778.8787930122521,124.86825515365491
2033-03-04,1124194.828701731,901382.8558788667,1778.8787930122521,125.2541621711995
2033-03-05,1127078.284493442,901382.8558788667,1778.8787930122521,126.8751021717423
2033-03-06,1128087.2372183816,901382.8558788667,1778.8787930122521,127.44228681012414
2033-03-07,1129424.9056794257,901382.8558788667,1778.8787930122521,128.19425960686482
2033-03-08,1127022.480879433,901382.8558788667,1778.8787930122521,126.84373206702917
2033-03-09,1127174.484593075,901382.8558788667,1778.8787930122521,126.92918123548232
2033-03-10,1129768.048118698,901382.8558788667,1778.8787930122521,128.3871577630631
2033-03-11,1130788.4885124536,901382.8558788667,1778.8787930122521,128.96080021569344
2033-03-12,1131028.6695364767,901382.8558788667,1778.8787930122521,129.09581842208638
2033-03-13,1132397.1148160635,901382.8558788667,1778.8787930122521,129.86509246423162
2033-03-14,1132921.0506637166,901382.8558788667,1778.8787930122521,130.15962396896998
2033-03-15,1135656.5891951832,901382.8558788667,1778.8787930122521,131.69741200838692
2033-03-16,1136186.147726785,901382.8558788667,1778.8787930122521,131.995104315295
2033-03-17,1136113.962563073,901382.8558788667,1778.8787930122521,131.95452529215098
2033-03-18,1133668.3079431988,901382.8558788667,1778.8787930122521,130.57969602920116
2033-03-19,1136506.361192701,901382.8558788667,1778.8787930122521,132.17511290675935
2033-03-20,1134305.5795159861,901382.8558788667,1778.8787930122521,130.93793942121343
2033-03-21,1134859.3779012002,901382.8558788667,1778.8787930122521,131.24925820661318
2033-03-22,1136736.931415145,901382.8558788667,1778.8787930122521,132.30472838328856
2033-03-23,1140626.8237905083,1140626.8237905083,0.0,134.69341133904285
2033-03-24,1140626.8237905083,1140626.8237905083,0.0,134.9990123965935
2033-03-25,1140626.8237905083,1140626.8237905083,0.0,136.89036978860446
2033-03-26,1140626.8237905083,1140626.8237905083,0.0,136.92786425046327
2033-03-27,1140626.8237905083,1140626.8237905083,0.0,136.1626300637934
2033-03-28,1140626.8237905083,1140626.8237905083,0.0,139.98204956744337
2033-03-29,1140626.8237905083,1140626.8237905083,0.0,138.28728978811424
2033-03-30,1140626.8237905083,1140626.8237905083,0.0,142.3866970443173
2033-03-31,1140626.8237905083,1140626.8237905083,0.0,144.7242552787775
2033-04-01,1140626.8237905083,1140626.8237905083,0.0,143.89476298170047
2033-04-02,1140626.8237905083,1140626.8237905083,0.0,144.8329052455077
2033-04-03,1140626.8237905083,1140626.8237905083,0.0,142.82257965217525
2033-04-04,1140626.8237905083,1140626.8237905083,0.0,143.6720801004824
2033-04-05,1140626.8237905083,1140626.8237905083,0.0,144.13559324942352
2033-04-06,1140626.8237905083,1140626.8237905083,0.0,145.38991728664445
2033-04-07,1140626.8237905083,1140626.8237905083,0.0,144.80375876539117
2033-04-08,1140626.8237905083,1140626.8237905083,0.0,145.0342154714754
2033-04-09,1140626.8237905083,1140626.8237905083,0.0,145.72662428107387
2033-04-10,1140626.8237905083,1140626.8237905083,0.0,145.01653917420433
2033-04-11,1140626.8237905083,1140626.8237905083,0.0,147.0700130589379
2033-04-12,1140626.8237905083,1140626.8237905083,0.0,147.2615324021995
2033-04-13,1140626.8237905083,1140626.8237905083,0.0,147.76953700649375
2033-04-14,1140626.8237905083,1140626.8237905083,0.0,146.54405484683377
2033-04-15,1140626.8237905083,1140626.8237905083,0.0,144.1439832888057
2033-04-16,1140626.8237905083,1140626.8237905083,0.0,142.21631960759666
2033-04-17,1140626.8237905083,1140626.8237905083,0.0,143.06690970150817
2033-04-18,1140626.8237905083,1140626.8237905083,0.0,141.94072102413594
2033-04-19,1140626.8237905083,1140626.8237905083,0.0,142.97907486855672
2033-04-20,1140626.8237905083,1140626.8237905083,0.0,145.3646924906599
2033-04-21,1140626.8237905083,1140626.8237905083,0.0,146.4897515352502
2033-04-22,1140626.8237905083,1140626.8237905083,0.0,147.11558598913908
2033-04-23,1140626.8237905083,1140626.8237905083,0.0,148.0833661251137
2033-04-24,1140626.8237905083,1140626.8237905083,0.0,149.72729946907802
2033-04-25,1140626.8237905083,1140626.8237905083,0.0,150.1947563412584
2033-04-26,1140626.8237905083,1140626.8237905083,0.0,151.19490666925066
2033-04-27,1140626.8237905083,1140626.8237905083,0.0,150.3424393247141
2033-04-28,1140626.8237905083,1140626.8237905083,0.0,148.88191844002606
2033-04-29,1140626.8237905083,1140626.8237905083,0.0,148.130784970982
2033-04-30,1140626.8237905083,1140626.8237905083,0.0,147.64813721507247
2033-05-01,1140626.8237905083,1140626.8237905083,0.0,147.10701880457236
2033-05-02,1140626.8237905083,1140626.8237905083,0.0,148.80351824742047
2033-05-03,1140626.8237905083,1140626.8237905083,0.0,144.8167469280583
2033-05-04,1140626.8237905083,1140626.8237905083,0.0,144.5075573752069
2033-05-05,1140626.8237905083,1140626.8237905083,0.0,145.58565554887625
2033-05-06,1140626.8237905083,1140626.8237905083,0.0,146.6182459706323
2033-05-07,1140626.8237905083,1140626.8237905083,0.0,145.42244426138623
2033-05-08,1140626.8237905083,1140626.8237905083,0.0,147.97303978260712
2033-05-09,1140626.8237905083,1140626.8237905083,0.0,145.9395603549155
2033-05-10,1140626.8237905083,1140626.8237905083,0.0,145.42971252830196
2033-05-11,1140626.8237905083,1140626.8237905083,0.0,144.97982715155115
2033-05-12,1140626.8237905083,1140626.8237905083,0.0,144.51684974636655
2033-05-13,1140626.8237905083,1140626.8237905083,0.0,146.49526574885164
2033-05-14,1140626.8237905083,1140626.8237905083,0.0,146.51865268844554
2033-05-15,1140626.8237905083,1140626.8237905083,0.0,146.98793332843562
2033-05-16,1140626.8237905083,1140626.8237905083,0.0,148.28612288055322
2033-05-17,1140626.8237905083,1140626.8237905083,0.0,147.34073840029578
2033-05-18,1140626.8237905083,1140626.8237905083,0.0,147.11293441741472
2033-05-19,1140626.8237905083,1140626.8237905083,0.0,149.5994265669951
2033-05-20,1140626.8237905083,1140626.8237905083,0.0,150.166347315396
2033-05-21,1140626.8237905083,1140626.8237905083,0.0,148.53102986411005
2033-05-22,1140626.8237905083,1140626.8237905083,0.0,147.26450228960314
2033-05-23,1140626.8237905083,1140626.8237905083,0.0,148.58387801449652
2033-05-24,1140626.8237905083,1140626.8237905083,0.0,146.9151034470787
2033-05-25,1140626.8237905083,1140626.8237905083,0.0,146.2218503679187
2033-05-26,1140626.8237905083,1140626.8237905083,0.0,146.51942498720882
2033-05-27,1140626.8237905083,1140626.8237905083,0.0,146.53938449972003
2033-05-28,1140626.8237905083,1140626.8237905083,0.0,148.72908127223022
2033-05-29,1140626.8237905083,1140626.8237905083,0.0,145.12859774540786
2033-05-30,1140626.8237905083,1140626.8237905083,0.0,145.82972910303823
2033-05-31,1140626.8237905083,1140626.8237905083,0.0,145.41822095566738
2033-06-01,1140626.8237905083,1140626.8237905083,0.0,147.3460578820857
2033-06-02,1140626.8237905083,1140626.8237905083,0.0,146.99927931982558
2033-06-03,1140626.8237905083,1140626.8237905083,0.0,146.69582004999037
2033-06-04,1140626.8237905083,1140626.8237905083,0.0,146.6898399902017
2033-06-05,1140626.8237905083,1140626.8237905083,0.0,145.72321272888806
2033-06-06,1140626.8237905083,1140626.8237905083,0.0,144.86465496038255
2033-06-07,1140626.8237905083,1140626.8237905083,0.0,144.64903143207096
2033-06-08,1140626.8237905083,1140626.8237905083,0.0,147.0481464130136
2033-06-09,1140626.8237905083,1140626.8237905083,0.0,146.32739771402208
2033-06-10,1140626.8237905083,1140626.8237905083,0.0,145.32485088560767
2033-06-11,1140626.8237905083,1140626.8237905083,0.0,144.74449815627847
2033-06-12,1140626.8237905083,1140626.8237905083,0.0,144.7494138148565
2033-06-13,1140626.8237905083,1140626.8237905083,0.0,147.36735934838765
2033-06-14,1140626.8237905083,1140626.8237905083,0.0,146.24607670619432
2033-06-15,1140626.8237905083,1140626.8237905083,0.0,149.9469536631871
2033-06-16,1140626.8237905083,1140626.8237905083,0.0,150.62669884635983
2033-06-17,1140626.8237905083,1140626.8237905083,0.0,149.1274517925738
2033-06-18,1140626.8237905083,1140626.8237905083,0.0,148.3135732219542
2033-06-19,1140626.8237905083,1140626.8237905083,0.0,145.46918435971193
2033-06-20,1140626.8237905083,1140626.8237905083,0.0,145.62445646592843
2033-06-21,1140626.8237905083,1140626.8237905083,0.0,147.16382831572955
2033-06-22,1140626.8237905083,1140626.8237905083,0.0,147.2095871619307
2033-06-23,1140626.8237905083,1140626.8237905083,0.0,148.39615316606384
2033-06-24,1140626.8237905083,1140626.8237905083,0.0,149.0333760426877
2033-06-25,1140626.8237905083,1140626.8237905083,0.0,150.847836891017
2033-06-26,1140626.8237905083,1140626.8237905083,0.0,149.37713976376705
2033-06-27,1140626.8237905083,1140626.8237905083,0.0,150.70180296797918
2033-06-28,1140626.8237905083,1140626.8237905083,0.0,153.57220217916776
2033-06-29,1140626.8237905083,1140626.8237905083,0.0,157.56275448696357
2033-06-30,1140626.8237905083,1140626.8237905083,0.0,159.81662781901932
2033-07-01,1140626.8237905083,1140626.8237905083,0.0,160.0909027285847
2033-07-02,1140626.8237905083,1140626.8237905083,0.0,158.5530224331022
2033-07-03,1140626.8237905083,1140626.8237905083,0.0,157.26351439387108
2033-07-04,1140626.8237905083,1140626.8237905083,0.0,156.99140899220382
2033-07-05,1140626.8237905083,1140626.8237905083,0.0,159.93865059634354
2033-07-06,1140626.8237905083,1140626.8237905083,0.0,159.09262994485314
2033-07-07,1140626.8237905083,1140626.8237905083,0.0,159.3786126343082
2033-07-08,1140626.8237905083,1140626.8237905083,0.0,160.88506385345212
2033-07-09,1140626.8237905083,1140626.8237905083,0.0,155.6848168848282
2033-07-10,1140626.8237905083,1140626.8237905083,0.0,154.0380167074465
2033-07-11,1140626.8237905083,1140626.8237905083,0.0,157.07621693072215
2033-07-12,1140626.8237905083,1140626.8237905083,0.0,158.72294057823518
2033-07-13,1140626.8237905083,1140626.8237905083,0.0,160.39774161006306
2033-07-14,1140626.8237905083,1140626.8237905083,0.0,158.89787037451927
2033-07-15,1140626.8237905083,1140626.8237905083,0.0,161.22109551893968
2033-07-16,1140626.8237905083,1140626.8237905083,0.0,159.90937874256508
2033-07-17,1140626.8237905083,1140626.8237905083,0.0,160.05583938241233
2033-07-18,1140626.8237905083,1140626.8237905083,0.0,161.17160627515275
2033-07-19,1140626.8237905083,1140626.8237905083,0.0,162.5195887367181
2033-07-20,1140626.8237905083,1140626.8237905083,0.0,163.32368353016122
2033-07-21,1140626.8237905083,1140626.8237905083,0.0,162.99584760259108
2033-07-22,1140626.8237905083,1140626.8237905083,0.0,160.0120114544722
2033-07-23,1140626.8237905083,1140626.8237905083,0.0,160.14384010919954
2033-07-24,1140626.8237905083,1140626.8237905083,0.0,156.70850994031466
2033-07-25,1140626.8237905083,1140626.8237905083,0.0,157.60048398698638
2033-07-26,1140626.8237905083,1140626.8237905083,0.0,156.0656335432479
2033-07-27,1140626.8237905083,1140626.8237905083,0.0,155.8168623219527
2033-07-28,1140626.8237905083,1140626.8237905083,0.0,155.0218433136004
2033-07-29,1140626.8237905083,1140626.8237905083,0.0,155.90177393378292
2033-07-30,1140626.8237905083,1140626.8237905083,0.0,154.67484161889112
2033-07-31,1140626.8237905083,1140626.8237905083,0.0,155.0716447867653
2033-08-01,1140626.8237905083,1140626.8237905083,0.0,155.35809173346098
2033-08-02,1140626.8237905083,1140626.8237905083,0.0,155.46030444270426
2033-08-03,1140626.8237905083,1140626.8237905083,0.0,156.07195930549238
2033-08-04,1140626.8237905083,1140626.8237905083,0.0,154.20645314522164
2033-08-05,1140626.8237905083,1140626.8237905083,0.0,152.41901729101548
2033-08-06,1140626.8237905083,1140626.8237905083,0.0,154.6196419224421
2033-08-07,1140626.8237905083,1140626.8237905083,0.0,152.25693446289685
2033-08-08,1140626.8237905083,1140626.8237905083,0.0,155.59133620171167
2033-08-09,1140626.8237905083,1140626.8237905083,0.0,155.3771367933928
2033-08-10,1140626.8237905083,1140626.8237905083,0.0,154.0612897117446
2033-08-11,1140626.8237905083,1140626.8237905083,0.0,155.3937151094242
2033-08-12,1140626.8237905083,1140626.8237905083,0.0,154.52249121556542
2033-08-13,1140626.8237905083,1140626.8237905083,0.0,155.04596605698737
2033-08-14,1140626.8237905083,1140626.8237905083,0.0,156.98534281862445
2033-08-15,1140626.8237905083,1140626.8237905083,0.0,158.10905164104707
2033-08-16,1140626.8237905083,1140626.8237905083,0.0,158.78481640521252
2033-08-17,1140626.8237905083,1140626.8237905083,0.0,159.8276814645178
2033-08-18,1140626.8237905083,1140626.8237905083,0.0,159.8917436084915
2033-08-19,1140626.8237905083,1140626.8237905083,0.0,161.1938906668063
2033-08-20,1140626.8237905083,1140626.8237905083,0.0,159.4738799912455
2033-08-21,1140626.8237905083,1140626.8237905083,0.0,161.81784798202025
2033-08-22,1140626.8237905083,1140626.8237905083,0.0,161.56527521500325
2033-08-23,1140626.8237905083,1140626.8237905083,0.0,161.8517932793771
2033-08-24,1140626.8237905083,1140626.8237905083,0.0,161.34510008327288
2033-08-25,1140626.8237905083,1140626.8237905083,0.0,162.32599988844584
2033-08-26,1140626.8237905083,1140626.8237905083,0.0,164.046166974957
2033-08-27,1140626.8237905083,1140626.8237905083,0.0,162.42676103008026
2033-08-28,1140626.8237905083,1140626.8237905083,0.0,162.3142664570211
2033-08-29,1140626.8237905083,1140626.8237905083,0.0,162.59020032280498
2033-08-30,1140626.8237905083,1140626.8237905083,0.0,163.30116934204858
2033-08-31,1140626.8237905083,1140626.8237905083,0.0,162.82574330117356
2033-09-01,1140626.8237905083,1140626.8237905083,0.0,162.1239207280831
2033-09-02,1140626.8237905083,1140626.8237905083,0.0,163.56688797027292
2033-09-03,1140626.8237905083,1140626.8237905083,0.0,164.4009705988698
2033-09-04,1140626.8237905083,1140626.8237905083,0.0,164.7555785930272
2033-09-05,1140626.8237905083,1140626.8237905083,0.0,166.82695651039035
2033-09-06,1140626.8237905083,1140626.8237905083,0.0,164.61012682455694
2033-09-07,1140626.8237905083,1140626.8237905083,0.0,165.92972196462284
2033-09-08,1140626.8237905083,1140626.8237905083,0.0,166.55084084834314
2033-09-09,1140626.8237905083,1140626.8237905083,0.0,164.14520168455869
2033-09-10,1140626.8237905083,1140626.8237905083,0.0,166.0708798136315
2033-09-11,1140626.8237905083,1140626.8237905083,0.0,167.05336577298922
2033-09-12,1140626.8237905083,1140626.8237905083,0.0,168.26611348109753
2033-09-13,1140626.8237905083,1140626.8237905083,0.0,167.75593868602508
2033-09-14,1140626.8237905083,1140626.8237905083,0.0,169.04011785229403
2033-09-15,1140626.8237905083,1140626.8237905083,0.0,167.80904178407906
2033-09-16,1140626.8237905083,1140626.8237905083,0.0,165.56642897652029
2033-09-17,1140626.8237905083,1140626.8237905083,0.0,165.54481514460642
2033-09-18,1140626.8237905083,1140626.8237905083,0.0,166.66603778807868
2033-09-19,1140626.8237905083,1140626.8237905083,0.0,168.36618711184164
2033-09-20,1140626.8237905083,1140626.8237905083,0.0,168.62009068106337
2033-09-21,1140626.8237905083,1140626.8237905083,0.0,168.74412890754982
2033-09-22,1140626.8237905083,1140626.8237905083,0.0,170.4644451527056
2033-09-23,1140626.8237905083,1140626.8237905083,0.0,169.89615164725845
2033-09-24,1140626.8237905083,1140626.8237905083,0.0,168.94380300603825
2033-09-25,1140626.8237905083,1140626.8237905083,0.0,171.69995763506728
2033-09-26,1140626.8237905083,1140626.8237905083,0.0,171.22370317811618
2033-09-27,1140626.8237905083,1140626.8237905083,0.0,172.80037856697203
2033-09-28,1140626.8237905083,1140626.8237905083,0.0,175.1658695297025
2033-09-29,1140626.8237905083,1140626.8237905083,0.0,175.53411491999773
2033-09-30,1140626.8237905083,1140626.8237905083,0.0,175.9978767081978
2033-10-01,1140626.8237905083,1140626.8237905083,0.0,179.19058685352792
2033-10-02,1140626.8237905083,1140626.8237905083,0.0,176.8620849393485
2033-10-03,1140626.8237905083,1140626.8237905083,0.0,174.53423853790608
2033-10-04,1140626.8237905083,1140626.8237905083,0.0,175.96345283236053
2033-10-05,1140626.8237905083,1140626.8237905083,0.0,175.24566041454423
2033-10-06,1140626.8237905083,1140626.8237905083,0.0,176.76191521065232
2033-10-07,1140626.8237905083,1140626.8237905083,0.0,176.6622011440122
2033-10-08,1140626.8237905083,1140626.8237905083,0.0,178.1395374618746
2033-10-09,1140626.8237905083,1140626.8237905083,0.0,176.5762070342013
2033-10-10,1140626.8237905083,1140626.8237905083,0.0,177.6621603981903
2033-10-11,1140626.8237905083,1140626.8237905083,0.0,176.77436016212974
2033-10-12,1140626.8237905083,1140626.8237905083,0.0,178.05213937733433
2033-10-13,1140626.8237905083,1140626.8237905083,0.0,182.312525977771
2033-10-14,1140626.8237905083,1140626.8237905083,0.0,180.8517188897103
2033-10-15,1140626.8237905083,1140626.8237905083,0.0,180.21247718040675
2033-10-16,1140626.8237905083,1140626.8237905083,0.0,179.98241620541094
2033-10-17,1140626.8237905083,1140626.8237905083,0.0,180.56424978216623
2033-10-18,1140626.8237905083,1140626.8237905083,0.0,176.47393091126654
2033-10-19,1140284.521680689,912159.1569225872,1292.2563084590722,176.53259903998895
2033-10-20,1139786.6506901649,912159.1569225872,1292.2563084590722,176.1473264069478
2033-10-21,1139305.8586154361,912159.1569225872,1292.2563084590722,175.7752701271049
2033-10-22,1139975.8701790646,912159.1569225872,1292.2563084590722,176.2937520716253
2033-10-23,1140783.9358829278,912159.1569225872,1292.2563084590722,176.9190658724352
2033-10-24,1141559.3322527152,912159.1569225872,1292.2563084590722,177.51909882620117
2033-10-25,1139101.8475251189,912159.1569225872,1292.2563084590722,175.61739812525684
2033-10-26,1138534.3101154764,912159.1569225872,1292.2563084590722,175.17821481005285
2033-10-27,1137873.4214314108,912159.1569225872,1292.2563084590722,174.66679251732378
2033-10-28,1139066.7412057645,912159.1569225872,1292.2563084590722,175.59023144081155
2033-10-29,1136885.1674573096,912159.1569225872,1292.2563084590722,173.90204177272926
2033-10-30,1137320.1378300665,912159.1569225872,1292.2563084590722,174.23863937330552
2033-10-31,1140971.9557716674,912159.1569225872,1292.2563084590722,177.0645632381737
2033-11-01,1134963.8487206672,912159.1569225872,1292.2563084590722,172.41524791916817
2033-11-02,1134585.6036252978,912159.1569225872,1292.2563084590722,172.1225466238497
2033-11-03,1130214.3364965299,912159.1569225872,1292.2563084590722,168.73988398939113
2033-11-04,1130214.9335931963,912159.1569225872,1292.2563084590722,168.74034604685028
2033-11-05,1132044.3415963189,912159.1569225872,1292.2563084590722,170.1560156714808
2033-11-06,1130923.7833932047,912159.1569225872,1292.2563084590722,169.28888258357924
2033-11-07,1132959.0847520083,912159.1569225872,1292.2563084590722,170.8638807828378
2033-11-08,1135984.3543425829,912159.1569225872,1292.2563084590722,173.20495628834806
2033-11-09,1136548.4598190887,1136548.4598190887,0.0,173.9022502596735
2033-11-10,1136548.4598190887,1136548.4598190887,0.0,173.00900267649024
2033-11-11,1136548.4598190887,1136548.4598190887,0.0,173.93882804575782
2033-11-12,1136548.4598190887,1136548.4598190887,0.0,176.8872602716445
2033-11-13,1136548.4598190887,1136548.4598190887,0.0,174.54824518172515
2033-11-14,1136548.4598190887,1136548.4598190887,0.0,176.4932659714081
2033-11-15,1136548.4598190887,1136548.4598190887,0.0,174.23301271624416
2033-11-16,1136548.4598190887,1136548.4598190887,0.0,171.60885906103672
2033-11-17,1136548.4598190887,1136548.4598190887,0.0,169.50503184508565
2033-11-18,1136548.4598190887,1136548.4598190887,0.0,169.43828312049436
2033-11-19,1136548.4598190887,1136548.4598190887,0.0,171.59184498256667
2033-11-20,1136548.4598190887,1136548.4598190887,0.0,168.17547652431298
2033-11-21,1136548.4598190887,1136548.4598190887,0.0,169.84790141519244
2033-11-22,1136548.4598190887,1136548.4598190887,0.0,169.58805549534952
2033-11-23,1136548.4598190887,1136548.4598190887,0.0,167.72796499036383
2033-11-24,1136548.4598190887,1136548.4598190887,0.0,168.72314415601232
2033-11-25,1136548.4598190887,1136548.4598190887,0.0,167.9238928200245
2033-11-26,1136548.4598190887,1136548.4598190887,0.0,171.7602976322175
2033-11-27,1136548.4598190887,1136548.4598190887,0.0,172.61859500285908
2033-11-28,1136548.4598190887,1136548.4598190887,0.0,172.7152094492265
2033-11-29,1136548.4598190887,1136548.4598190887,0.0,173.83841834168973
2033-11-30,1136548.4598190887,1136548.4598190887,0.0,176.1897379951343
2033-12-01,1136548.4598190887,1136548.4598190887,0.0,178.74670886974906
2033-12-02,1136548.4598190887,1136548.4598190887,0.0,180.41326851003913
2033-12-03,1136548.4598190887,1136548.4598190887,0.0,182.9143756742776
2033-12-04,1136548.4598190887,1136548.4598190887,0.0,185.128615166849
2033-12-05,1136548.4598190887,1136548.4598190887,0.0,186.8196497011172
2033-12-06,1136548.4598190887,1136548.4598190887,0.0,186.08443949688677
2033-12-07,1136548.4598190887,1136548.4598190887,0.0,188.4387312653293
2033-12-08,1136548.4598190887,1136548.4598190887,0.0,187.63273647817488
2033-12-09,1136548.4598190887,1136548.4598190887,0.0,188.1279320984323
2033-12-10,1136548.4598190887,1136548.4598190887,0.0,187.42160276531015
2033-12-11,1136548.4598190887,1136548.4598190887,0.0,188.68905604851884
2033-12-12,1136548.4598190887,1136548.4598190887,0.0,191.11896373515896
2033-12-13,1136548.4598190887,1136548.4598190887,0.0,190.3429464961337
2033-12-14,1136548.4598190887,1136548.4598190887,0.0,187.6746957249145
2033-12-15,1136548.4598190887,1136548.4598190887,0.0,189.5808355912863
2033-12-16,1136548.4598190887,1136548.4598190887,0.0,191.55433408417824
2033-12-17,1136548.4598190887,1136548.4598190887,0.0,194.57469908212417
2033-12-18,1136548.4598190887,1136548.4598190887,0.0,196.3217844959025
2033-12-19,1136548.4598190887,1136548.4598190887,0.0,198.13027577208757
2033-12-20,1136548.4598190887,1136548.4598190887,0.0,196.71393745365015
2033-12-21,1136548.4598190887,1136548.4598190887,0.0,198.16913218080708
2033-12-22,1136548.4598190887,1136548.4598190887,0.0,202.46947741126456
2033-12-23,1136548.4598190887,1136548.4598190887,0.0,201.35292714042333
2033-12-24,1136548.4598190887,1136548.4598190887,0.0,198.9153584166341
2033-12-25,1136548.4598190887,1136548.4598190887,0.0,199.19515536111223
2033-12-26,1136548.4598190887,1136548.4598190887,0.0,201.07126984100444
2033-12-27,1136548.4598190887,1136548.4598190887,0.0,201.50708486056828
2033-12-28,1136548.4598190887,1136548.4598190887,0.0,205.13375945316147
2033-12-29,1136548.4598190887,1136548.4598190887,0.0,203.37639812880707
2033-12-30,1136548.4598190887,1136548.4598190887,0.0,200.31734488723777
2033-12-31,1136548.4598190887,1136548.4598190887,0.0,203.2004317668581
2034-01-01,1136548.4598190887,1136548.4598190887,0.0,200.35953816531884
2034-01-02,1136548.4598190887,1136548.4598190887,0.0,200.99592938549273
2034-01-03,1136548.4598190887,1136548.4598190887,0.0,203.83337398561395
2034-01-04,1136548.4598190887,1136548.4598190887,0.0,204.2747241648038
2034-01-05,1136548.4598190887,1136548.4598190887,0.0,202.85402735099495
2034-01-06,1136548.4598190887,1136548.4598190887,0.0,205.4514076706926
2034-01-07,1136548.4598190887,1136548.4598190887,0.0,205.802584542562
2034-01-08,1136548.4598190887,1136548.4598190887,0.0,205.34852228681245
2034-01-09,1136548.4598190887,1136548.4598190887,0.0,208.7513263242084
2034-01-10,1136548.4598190887,1136548.4598190887,0.0,207.96759244660757
2034-01-11,1136207.381626297,908897.6896624792,1099.5758137569649,206.72489256303265
2034-01-12,1134164.6009448026,908897.6896624792,1099.5758137569649,204.8671028081682
2034-01-13,1136920.663432681,908897.6896624792,1099.5758137569649,207.37358071846504
2034-01-14,1137897.8833105764,908897.6896624792,1099.5758137569649,208.26230513898176
2034-01-15,1136784.2844545236,908897.6896624792,1099.5758137569649,207.2495520007984
2034-01-16,1133528.5209465136,908897.6896624792,1099.5758137569649,204.28862518949848
2034-01-17,1136715.3396686018,908897.6896624792,1099.5758137569649,207.18685074358697
2034-01-18,1135640.8138140044,908897.6896624792,1099.5758137569649,206.2096322188125
2034-01-19,1131553.2239330302,908897.6896624792,1099.5758137569649,202.49220789041797
2034-01-20,1131747.7901013577,908897.6896624792,1099.5758137569649,202.66915446008005
2034-01-21,1134061.0378814037,908897.6896624792,1099.5758137569649,204.77291824890168
2034-01-22,1135688.3632853809,908897.6896624792,1099.5758137569649,206.25287568668583
2034-01-23,1135872.5854848623,908897.6896624792,1099.5758137569649,206.42041502065132
2034-01-24,1134872.032183052,908897.6896624792,1099.5758137569649,205.5104702134882
2034-01-25,1133608.6922652605,908897.6896624792,1099.5758137569649,204.3615363228136
2034-01-26,1136494.3214516472,908897.6896624792,1099.5758137569649,206.985847580195
2034-01-27,1132092.9164968603,908897.6896624792,1099.5758137569649,202.98302676536792
2034-01-28,1129984.4185917226,908897.6896624792,1099.5758137569649,201.06547103273175
2034-01-29,1129772.652238985,908897.6896624792,1099.5758137569649,200.87288189964215
2034-01-30,1125411.3351722045,908897.6896624792,1099.5758137569649,196.9065186782842
2034-01-31,1124939.9533701788,908897.6896624792,1099.5758137569649,196.4778244526308
2034-02-01,1122280.8397272183,925245.9847006225,1015.2152892768061,194.0818436323536
2034-02-02,1123218.5708660954,925245.9847006225,1015.2152892768061,195.0055207565872
2034-02-03,1122087.050055666,925245.9847006225,1015.2152892768061,193.89095833580689
2034-02-04,1121301.7918043036,925245.9847006225,1015.2152892768061,193.1174689492143
2034-02-05,1120045.1062702138,925245.9847006225,1015.2152892768061,191.8796176802632
2034-02-06,1121366.8458471487,925245.9847006225,1015.2152892768061,193.18154801060365
2034-02-07,1121231.742736302,925245.9847006225,1015.2152892768061,193.0484697243785
2034-02-08,1123094.67125343,925245.9847006225,1015.2152892768061,194.8834780588716
2034-02-09,1125499.0936099212,925245.9847006225,1015.2152892768061,197.2518647270866
2034-02-10,1124925.102928541,925245.9847006225,1015.2152892768061,196.68647658976937
2034-02-11,1123537.9637534525,925245.9847006225,1015.2152892768061,195.32012682165615
2034-02-12,1122708.9518370256,925245.9847006225,1015.2152892768061,194.503539517285
2034-02-13,1128035.6470361522,925245.9847006225,1015.2152892768061,199.75040218315465
2034-02-14,1126787.321824615,925245.9847006225,1015.2152892768061,198.5207859384795
2034-02-15,1126435.464948468,925245.9847006225,1015.2152892768061,198.1742024306626
2034-02-16,1126867.4064374242,925245.9847006225,1015.2152892768061,198.59967030286543
2034-02-17,1127972.4230113712,925245.9847006225,1015.2152892768061,199.68812571288385
2034-02-18,1128182.0848209972,925245.9847006225,1015.2152892768061,199.89464526774157
2034-02-19,1131814.1729930216,925245.9847006225,1015.2152892768061,203.47229841224012
2034-02-20,1132302.1848965967,925245.9847006225,1015.2152892768061,203.95299635752315
2034-02-21,1131993.3138485122,925245.9847006225,1015.2152892768061,203.64875443825065
2034-02-22,1133666.0479745003,1133666.0479745003,-1.1368683772161603e-13,205.60472315560108
2034-02-23,1133666.0479745003,1133666.0479745003,-1.1368683772161603e-13,203.7898251876713
2034-02-24,1133666.0479745003,1133666.0479745003,-1.1368683772161603e-13,204.8916160322411
2034-02-25,1133666.0479745003,1133666.0479745003,-1.1368683772161603e-13,204.133237340855
2034-02-26,1133666.0479745003,1133666.0479745003,-1.1368683772161603e-13,206.77459854259675
2034-02-27,1133666.0479745003,1133666.0479745003,-1.1368683772161603e-13,209.6114396950931
2034-02-28,1133666.0479745003,1133666.0479745003,-1.1368683772161603e-13,209.24684974762252
2034-03-01,1133666.0479745003,1133666.0479745003,-1.1368683772161603e-13,207.43349216575132
2034-03-02,1133666.0479745003,1133666.0479745003,-1.1368683772161603e-13,203.6063640724783
2034-03-03,1133666.0479745003,1133666.0479745003,-1.1368683772161603e-13,204.0654236841808
2034-03-04,1133666.0479745003,1133666.0479745003,-1.1368683772161603e-13,199.7595423930718
2034-03-05,1133666.0479745003,1133666.0479745003,-1.1368683772161603e-13,199.5897330773554
2034-03-06,1133666.0479745003,1133666.0479745003,-1.1368683772161603e-13,198.473248747636
2034-03-07,1133666.0479745003,1133666.0479745003,-1.1368683772161603e-13,199.58394765306025
2034-03-08,1133666.0479745003,1133666.0479745003,-1.1368683772161603e-13,199.55672411572797
2034-03-09,1133666.0479745003,1133666.0479745003,-1.1368683772161603e-13,198.42973856020024
2034-03-10,1133666.0479745003,1133666.0479745003,-1.1368683772161603e-13,200.12171887053736
2034-03-11,1133666.0479745003,1133666.0479745003,-1.1368683772161603e-13,197.94966926473947
2034-03-12,1133666.0479745003,1133666.0479745003,-1.1368683772161603e-13,199.0674202284593
2034-03-13,1133666.0479745003,1133666.0479745003,-1.1368683772161603e-13,203.21516052929556
2034-03-14,1133666.0479745003,1133666.0479745003,-1.1368683772161603e-13,205.1868521655255
2034-03-15,1133666.0479745003,1133666.0479745003,-1.1368683772161603e-13,204.35661877095305
2034-03-16,1133666.0479745003,1133666.0479745003,-1.1368683772161603e-13,202.28616685114432
2034-03-17,1133666.0479745003,1133666.0479745003,-1.1368683772161603e-13,204.18571699665557
2034-03-18,1133666.0479745003,1133666.0479745003,-1.1368683772161603e-13,201.70109067075197
2034-03-19,1133666.0479745003,1133666.0479745003,-1.1368683772161603e-13,201.71322287672956
2034-03-20,1133666.0479745003,1133666.0479745003,-1.1368683772161603e-13,203.17996007103437
2034-03-21,1133666.0479745003,1133666.0479745003,-1.1368683772161603e-13,201.14028117035835
2034-03-22,1133666.0479745003,1133666.0479745003,-1.1368683772161603e-13,199.0112286019649
2034-03-23,1133666.0479745003,1133666.0479745003,-1.1368683772161603e-13,196.40572450254527
2034-03-24,1133666.0479745003,1133666.0479745003,-1.1368683772161603e-13,199.56249625809411
2034-03-25,1133666.0479745003,1133666.0479745003,-1.1368683772161603e-13,202.9810312312805
2034-03-26,1133666.0479745003,1133666.0479745003,-1.1368683772161603e-13,206.4273871050657
2034-03-27,1133666.0479745003,1133666.0479745003,-1.1368683772161603e-13,210.21333734629053
2034-03-28,1133666.0479745003,1133666.0479745003,-1.1368683772161603e-13,208.88681632744473
2034-03-29,1133666.0479745003,1133666.0479745003,-1.1368683772161603e-13,205.1345096159694
2034-03-30,1133666.0479745003,1133666.0479745003,-1.1368683772161603e-13,208.65838319944507
2034-03-31,1133666.0479745003,1133666.0479745003,-1.1368683772161603e-13,210.60622469090956
2034-04-01,1133666.0479745003,1133666.0479745003,-1.1368683772161603e-13,212.40140889186537
2034-04-02,1133666.0479745003,1133666.0479745003,-1.1368683772161603e-13,210.20383673515033
2034-04-03,1133666.0479745003,1133666.0479745003,-1.1368683772161603e-13,210.40794065735312
2034-04-04,1133666.0479745003,1133666.0479745003,-1.1368683772161603e-13,210.74331812163783
2034-04-05,1133666.0479745003,1133666.0479745003,-1.1368683772161603e-13,210.61030048343605
2034-04-06,1133666.0479745003,1133666.0479745003,-1.1368683772161603e-13,208.8271519233421
2034-04-07,1133666.0479745003,1133666.0479745003,-1.1368683772161603e-13,204.8950121668857
2034-04-08,1133666.0479745003,1133666.0479745003,-1.1368683772161603e-13,203.35863000028053
2034-04-09,1133666.0479745003,1133666.0479745003,-1.1368683772161603e-13,197.6022971923711
2034-04-10,1133666.0479745003,1133666.0479745003,-1.1368683772161603e-13,196.7881215316596
2034-04-11,1133666.0479745003,1133666.0479745003,-1.1368683772161603e-13,195.5815917681259
2034-04-12,1133666.0479745003,1133666.0479745003,-1.1368683772161603e-13,193.3110182066698
2034-04-13,1133666.0479745003,1133666.0479745003,-1.1368683772161603e-13,194.08749149670564
2034-04-14,1133666.0479745003,1133666.0479745003,-1.1368683772161603e-13,193.4221936594698
2034-04-15,1133666.0479745003,1133666.0479745003,-1.1368683772161603e-13,192.89843021775735
2034-04-16,1133666.0479745003,1133666.0479745003,-1.1368683772161603e-13,195.60037911788763
2034-04-17,1133666.0479745003,1133666.0479745003,-1.1368683772161603e-13,194.9733634239962
2034-04-18,1133666.0479745003,1133666.0479745003,-1.1368683772161603e-13,195.86009290476355
2034-04-19,1133666.0479745003,1133666.0479745003,-1.1368683772161603e-13,193.75013691575225
2034-04-20,1133666.0479745003,1133666.0479745003,-1.1368683772161603e-13,194.24567122645544
2034-04-21,1133666.0479745003,1133666.0479745003,-1.1368683772161603e-13,194.0465722187535
2034-04-22,1133666.0479745003,1133666.0479745003,-1.1368683772161603e-13,194.22625038271352
2034-04-23,1133666.0479745003,1133666.0479745003,-1.1368683772161603e-13,191.86178545934075
2034-04-24,1133666.0479745003,1133666.0479745003,-1.1368683772161603e-13,189.7064465904926
2034-04-25,1133666.0479745003,1133666.0479745003,-1.1368683772161603e-13,189.05087207241544
2034-04-26,1133666.0479745003,1133666.0479745003,-1.1368683772161603e-13,191.58326824887536
2034-04-27,1133666.0479745003,1133666.0479745003,-1.1368683772161603e-13,188.8437445791039
2034-04-28,1133666.0479745003,1133666.0479745003,-1.1368683772161603e-13,192.04410563786143
2034-04-29,1133666.0479745003,1133666.0479745003,-1.1368683772161603e-13,190.69200468190252
2034-04-30,1133666.0479745003,1133666.0479745003,-1.1368683772161603e-13,190.85051666650196
2034-05-01,1133666.0479745003,1133666.0479745003,-1.1368683772161603e-13,192.77361255435233
2034-05-02,1133666.0479745003,1133666.0479745003,-1.1368683772161603e-13,192.0892040267907
2034-05-03,1133666.0479745003,1133666.0479745003,-1.1368683772161603e-13,191.62181110050943
2034-05-04,1133666.0479745003,1133666.0479745003,-1.1368683772161603e-13,194.41380382847868
2034-05-05,1133666.0479745003,1133666.0479745003,-1.1368683772161603e-13,196.5575275730488
2034-05-06,1133666.0479745003,1133666.0479745003,-1.1368683772161603e-13,197.9395056860313
2034-05-07,1133666.0479745003,1133666.0479745003,-1.1368683772161603e-13,197.6507917327703
2034-05-08,1133666.0479745003,1133666.0479745003,-1.1368683772161603e-13,197.49982731444817
2034-05-09,1133666.0479745003,1133666.0479745003,-1.1368683772161603e-13,195.39334348383187
2034-05-10,1133666.0479745003,1133666.0479745003,-1.1368683772161603e-13,194.8389531568095
2034-05-11,1133666.0479745003,1133666.0479745003,-1.1368683772161603e-13,194.97028400892583
2034-05-12,1133666.0479745003,1133666.0479745003,-1.1368683772161603e-13,194.9048026363305
2034-05-13,1133666.0479745003,1133666.0479745003,-1.1368683772161603e-13,195.4827712090536
2034-05-14,1133666.0479745003,1133666.0479745003,-1.1368683772161603e-13,197.66763186308808
2034-05-15,1133666.0479745003,1133666.0479745003,-1.1368683772161603e-13,194.70261226635276
2034-05-16,1133666.0479745003,1133666.0479745003,-1.1368683772161603e-13,193.47355771312812
2034-05-17,1133666.0479745003,1133666.0479745003,-1.1368683772161603e-13,195.70047310143116
2034-05-18,1133666.0479745003,1133666.0479745003,-1.1368683772161603e-13,200.58685655311345
2034-05-19,1133666.0479745003,1133666.0479745003,-1.1368683772161603e-13,198.4446340011708
2034-05-20,1133666.0479745003,1133666.0479745003,-1.1368683772161603e-13,197.20748851849172
2034-05-21,1133666.0479745003,1133666.0479745003,-1.1368683772161603e-13,194.64357387001675
2034-05-22,1133666.0479745003,1133666.0479745003,-1.1368683772161603e-13,190.71966365261744
2034-05-23,1133666.0479745003,1133666.0479745003,-1.1368683772161603e-13,191.2438746770653
2034-05-24,1133666.0479745003,1133666.0479745003,-1.1368683772161603e-13,192.3837123743789
2034-05-25,1133666.0479745003,1133666.0479745003,-1.1368683772161603e-13,191.80813794901516
2034-05-26,1133666.0479745003,1133666.0479745003,-1.1368683772161603e-13,191.25163789491128
2034-05-27,1133666.0479745003,1133666.0479745003,-1.1368683772161603e-13,191.0392594865645
2034-05-28,1133666.0479745003,1133666.0479745003,-1.1368683772161603e-13,189.95606375627528
2034-05-29,1133666.0479745003,1133666.0479745003,-1.1368683772161603e-13,189.87329935002265
2034-05-30,1133666.0479745003,1133666.0479745003,-1.1368683772161603e-13,192.52498441481015
2034-05-31,1133666.0479745003,1133666.0479745003,-1.1368683772161603e-13,190.93864193828833
2034-06-01,1133666.0479745003,1133666.0479745003,-1.1368683772161603e-13,190.39896879644937
2034-06-02,1133666.0479745003,1133666.0479745003,-1.1368683772161603e-13,190.15609021299292
2034-06-03,1133666.0479745003,1133666.0479745003,-1.1368683772161603e-13,189.08000419240344
2034-06-04,1133666.0479745003,1133666.0479745003,-1.1368683772161603e-13,189.2084816312631
2034-06-05,1133666.0479745003,1133666.0479745003,-1.1368683772161603e-13,184.53698266177037
2034-06-06,1133666.0479745003,1133666.0479745003,-1.1368683772161603e-13,185.59725528502412
2034-06-07,1133666.0479745003,1133666.0479745003,-1.1368683772161603e-13,183.8016119172404
2034-06-08,1133666.0479745003,1133666.0479745003,-1.1368683772161603e-13,182.2629663129675
2034-06-09,1133666.0479745003,1133666.0479745003,-1.1368683772161603e-13,181.95793889111903
2034-06-10,1133666.0479745003,1133666.0479745003,-1.1368683772161603e-13,179.44676359790577
2034-06-11,1133666.0479745003,1133666.0479745003,-1.1368683772161603e-13,181.8515409199324
2034-06-12,1133666.0479745003,1133666.0479745003,-1.1368683772161603e-13,180.35951701631308
2034-06-13,1133666.0479745003,1133666.0479745003,-1.1368683772161603e-13,185.1708829680784
2034-06-14,1133666.0479745003,1133666.0479745003,-1.1368683772161603e-13,186.34151505096523
2034-06-15,1133666.0479745003,1133666.0479745003,-1.1368683772161603e-13,185.28555098445335
2034-06-16,1133666.0479745003,1133666.0479745003,-1.1368683772161603e-13,184.71871018768428
2034-06-17,1133666.0479745003,1133666.0479745003,-1.1368683772161603e-13,184.99338972407264
2034-06-18,1133666.0479745003,1133666.0479745003,-1.1368683772161603e-13,188.1627533745792
2034-06-19,1133666.0479745003,1133666.0479745003,-1.1368683772161603e-13,189.95936106053088
2034-06-20,1133666.0479745003,1133666.0479745003,-1.1368683772161603e-13,191.6292862057
2034-06-21,1133666.0479745003,1133666.0479745003,-1.1368683772161603e-13,191.04461713595435
2034-06-22,1133666.0479745003,1133666.0479745003,-1.1368683772161603e-13,189.96459907550263
2034-06-23,1133666.0479745003,1133666.0479745003,-1.1368683772161603e-13,191.17931014676947
2034-06-24,1133666.0479745003,1133666.0479745003,-1.1368683772161603e-13,193.74589668940513
2034-06-25,1133666.0479745003,1133666.0479745003,-1.1368683772161603e-13,193.47865434638268
2034-06-26,1133666.0479745003,1133666.0479745003,-1.1368683772161603e-13,192.1584877348669
2034-06-27,1133666.0479745003,1133666.0479745003,-1.1368683772161603e-13,190.1831456146425
2034-06-28,1133326.0615267127,1360059.2711216127,-1212.3026723315866,187.02689911491385
2034-06-29,1134336.8603158193,1360059.2711216127,-1212.3026723315866,186.19311493528923
2034-06-30,1134910.3455135627,1360059.2711216127,-1212.3026723315866,185.72006046561592
2034-07-01,1134955.5147950412,1360059.2711216127,-1212.3026723315866,185.68280138625448
2034-07-02,1133732.9565314264,1360059.2711216127,-1212.3026723315866,186.69126098262208
2034-07-03,1134791.418527957,1360059.2711216127,-1212.3026723315866,185.8181605427007
2034-07-04,1130710.6990319646,1360059.2711216127,-1212.3026723315866,189.18425020753983
2034-07-05,1133307.465948032,1360059.2711216127,-1212.3026723315866,187.04223817099705
2034-07-06,1131753.975573605,1360059.2711216127,-1212.3026723315866,188.3236758926836
2034-07-07,1134521.3819365108,1360059.2711216127,-1212.3026723315866,186.04090738440047
2034-07-08,1136431.3480039649,1360059.2711216127,-1212.3026723315866,184.46542123639048
2034-07-09,1135802.0680250002,1360059.2711216127,-1212.3026723315866,184.98449951059277
2034-07-10,1133449.2968044812,1360059.2711216127,-1212.3026723315866,186.92524522881672
2034-07-11,1134081.8855441015,1360059.2711216127,-1212.3026723315866,186.40343763566528
2034-07-12,1133890.5961814474,1360059.2711216127,-1212.3026723315866,186.5612277379392
2034-07-13,1131016.5839386303,1360059.2711216127,-1212.3026723315866,188.931932932616
2034-07-14,1133798.7790817749,1360059.2711216127,-1212.3026723315866,186.63696550687095
2034-07-15,1132050.1159253556,1360059.2711216127,-1212.3026723315866,188.07939667223025
2034-07-16,1133615.8485022367,1360059.2711216127,-1212.3026723315866,186.78786064528265
2034-07-17,1133064.7044665231,1360059.2711216127,-1212.3026723315866,187.24248641514376
2034-07-18,1131836.219618583,1360059.2711216127,-1212.3026723315866,188.25583471171845
2034-07-19,1134501.8059763247,1361402.570632102,-1219.5334050990377,186.05539110865985
2034-07-20,1136189.4489670575,1361402.570632102,-1219.5334050990377,184.6715479243105
2034-07-21,1134684.8460013669,1361402.570632102,-1219.5334050990377,185.90530089852157
2034-07-22,1135273.7964861642,1361402.570632102,-1219.5334050990377,185.42236990021104
2034-07-23,1136881.8458488185,1361402.570632102,-1219.5334050990377,184.1037923557741
2034-07-24,1136444.2056083886,1361402.570632102,-1219.5334050990377,184.4626511115902
2034-07-25,1138859.3876210789,1361402.570632102,-1219.5334050990377,182.48223630491736
2034-07-26,1141475.772178167,1361402.570632102,-1219.5334050990377,180.33683828125623
2034-07-27,1146666.2199030984,1361402.570632102,-1219.5334050990377,176.0807451695551
2034-07-28,1145892.2285311024,1361402.570632102,-1219.5334050990377,176.7154070564373
2034-07-29,1145823.2712687966,1361402.570632102,-1219.5334050990377,176.77195102810515
2034-07-30,1144654.7152179736,1361402.570632102,-1219.5334050990377,177.73015032460418
2034-07-31,1141990.115819901,1361402.570632102,-1219.5334050990377,179.91508383026417
2034-08-01,1142518.9448868162,1361402.570632102,-1219.5334050990377,179.48145153720526
2034-08-02,1142671.1119699006,1361402.570632102,-1219.5334050990377,179.35667669918254
2034-08-03,1141919.1102614386,1361402.570632102,-1219.5334050990377,179.97330737556888
2034-08-04,1143166.7762548877,1361402.570632102,-1219.5334050990377,178.95023905433024
2034-08-05,1146324.9447435827,1361402.570632102,-1219.5334050990377,176.36058593331668
2034-08-06,1148787.5814868014,1361402.570632102,-1219.5334050990377,174.34125892437865
2034-08-07,1148872.2211353204,1361402.570632102,-1219.5334050990377,174.27185561966803
2034-08-08,1146736.7036526236,1361402.570632102,-1219.5334050990377,176.0229495001373
2034-08-09,1143329.7769158606,1371998.914915016,-1278.8849023767746,178.8035323383516
2034-08-10,1143979.8784650797,1371998.914915016,-1278.8849023767746,178.2951976570907
2034-08-11,1143596.8360455725,1371998.914915016,-1278.8849023767746,178.5947104739167
2034-08-12,1139283.654157686,1371998.914915016,-1278.8849023767746,181.9673219418217
2034-08-13,1138077.8196976222,1371998.914915016,-1278.8849023767746,182.9102015221678
2034-08-14,1137756.6181724444,1371998.914915016,-1278.8849023767746,183.16135901459023
2034-08-15,1137263.8191214947,1371998.914915016,-1278.8849023767746,183.54669396540075
2034-08-16,1135893.769032835,1371998.914915016,-1278.8849023767746,184.6179788684545
2034-08-17,1138757.449860237,1371998.914915016,-1278.8849023767746,182.37877749694724
2034-08-18,1136976.7857704775,1371998.914915016,-1278.8849023767746,183.77113429657035
2034-08-19,1135942.4965840897,1371998.914915016,-1278.8849023767746,184.57987727607195
2034-08-20,1133359.614659733,1371998.914915016,-1278.8849023767746,186.59951322576256
2034-08-21,1132177.5284879133,1371998.914915016,-1278.8849023767746,187.52382327870217
2034-08-22,1129715.8073130625,1371998.914915016,-1278.8849023767746,189.44871985874295
2034-08-23,1131941.4931996637,1371998.914915016,-1278.8849023767746,187.70838663370856
2034-08-24,1133369.0068311393,1371998.914915016,-1278.8849023767746,186.5921691939509
2034-08-25,1133004.3239397856,1371998.914915016,-1278.8849023767746,186.87732612298817
2034-08-26,1134792.9489955609,1371998.914915016,-1278.8849023767746,185.47874439569503
2034-08-27,1132754.9795491982,1371998.914915016,-1278.8849023767746,187.0722962802901
2034-08-28,1136117.7106342567,1371998.914915016,-1278.8849023767746,184.44287194444175
2034-08-29,1136493.8645932057,1371998.914915016,-1278.8849023767746,184.14874542981173
2034-08-30,1137472.8360906313,1137472.8360906313,0.0,183.10850276854157
2034-08-31,1137472.8360906313,1137472.8360906313,0.0,181.754100589173
2034-09-01,1137472.8360906313,1137472.8360906313,0.0,179.2792784248228
2034-09-02,1137472.8360906313,1137472.8360906313,0.0,179.35423367397593
2034-09-03,1137472.8360906313,1137472.8360906313,0.0,179.2052387301312
2034-09-04,1137472.8360906313,1137472.8360906313,0.0,182.65069985415715
2034-09-05,1137472.8360906313,1137472.8360906313,0.0,187.2519037012117
2034-09-06,1137472.8360906313,1137472.8360906313,0.0,185.26275527431585
2034-09-07,1137472.8360906313,1137472.8360906313,0.0,181.77051268714425
2034-09-08,1137472.8360906313,1137472.8360906313,0.0,179.60112034839528
2034-09-09,1137472.8360906313,1137472.8360906313,0.0,179.49005409793998
2034-09-10,1137472.8360906313,1137472.8360906313,0.0,181.52102840361636
2034-09-11,1137472.8360906313,1137472.8360906313,0.0,180.64917361011584
2034-09-12,1137472.8360906313,1137472.8360906313,0.0,181.69685401596007
2034-09-13,1137472.8360906313,1137472.8360906313,0.0,180.25080700147765
2034-09-14,1137472.8360906313,1137472.8360906313,0.0,179.3748999666874
2034-09-15,1137472.8360906313,1137472.8360906313,0.0,179.674340898142
2034-09-16,1137472.8360906313,1137472.8360906313,0.0,179.6543359166376
2034-09-17,1137472.8360906313,1137472.8360906313,0.0,179.58956716349277
2034-09-18,1137472.8360906313,1137472.8360906313,0.0,177.65723982255363
2034-09-19,1137472.8360906313,1137472.8360906313,0.0,179.84853294670674
2034-09-20,1137472.8360906313,1137472.8360906313,0.0,182.05308623495108
2034-09-21,1137472.8360906313,1137472.8360906313,0.0,184.31553809407345
2034-09-22,1137472.8360906313,1137472.8360906313,0.0,183.0715255199478
2034-09-23,1137472.8360906313,1137472.8360906313,0.0,183.29022553645345
2034-09-24,1137472.8360906313,1137472.8360906313,0.0,182.3307016540448
2034-09-25,1137472.8360906313,1137472.8360906313,0.0,180.56212714165343
2034-09-26,1137472.8360906313,1137472.8360906313,0.0,181.0773963557436
2034-09-27,1137472.8360906313,1137472.8360906313,0.0,177.27481574459662
2034-09-28,1137472.8360906313,1137472.8360906313,0.0,178.78242457351803
2034-09-29,1137472.8360906313,1137472.8360906313,0.0,176.7157630469004
2034-09-30,1137472.8360906313,1137472.8360906313,0.0,176.16348190385966
2034-10-01,1137472.8360906313,1137472.8360906313,0.0,172.2111262598553
2034-10-02,1137472.8360906313,1137472.8360906313,0.0,175.35259552324197
2034-10-03,1137472.8360906313,1137472.8360906313,0.0,176.51061606604685
2034-10-04,1137472.8360906313,1137472.8360906313,0.0,176.66225394961904
2034-10-05,1137472.8360906313,1137472.8360906313,0.0,175.45075943017693
2034-10-06,1137472.8360906313,1137472.8360906313,0.0,173.59086209468956
2034-10-07,1137472.8360906313,1137472.8360906313,0.0,173.2434914677893
2034-10-08,1137472.8360906313,1137472.8360906313,0.0,173.76784422051875
2034-10-09,1137472.8360906313,1137472.8360906313,0.0,173.36890931643433
2034-10-10,1137472.8360906313,1137472.8360906313,0.0,174.29180687039104
2034-10-11,1137131.7079870878,1364626.275205214,-1281.2525029505225,177.5563885293821
2034-10-12,1139560.0203360422,1364626.275205214,-1281.2525029505225,175.66112405702998
2034-10-13,1139027.140174554,1364626.275205214,-1281.2525029505225,176.077029712052
2034-10-14,1135064.5740756548,1364626.275205214,-1281.2525029505225,179.16975818655166
2034-10-15,1135776.8388566368,1364626.275205214,-1281.2525029505225,178.61384529713936
2034-10-16,1136094.8130123692,1364626.275205214,-1281.2525029505225,178.3656708311382
2034-10-17,1135038.2537981814,1364626.275205214,-1281.2525029505225,179.1903008020102
2034-10-18,1133480.7562413048,1364626.275205214,-1281.2525029505225,180.40590627656735
2034-10-19,1131041.4790444584,1364626.275205214,-1281.2525029505225,182.30972866226352
2034-10-20,1130786.0831156748,1364626.275205214,-1281.2525029505225,182.5090616806931
2034-10-21,1132637.408684287,1364626.275205214,-1281.2525029505225,181.06412747424363
2034-10-22,1131332.8475557216,1364626.275205214,-1281.2525029505225,182.0823195367458
2034-10-23,1133577.7242368334,1364626.275205214,-1281.2525029505225,180.3302240864407
2034-10-24,1132809.4659790932,1364626.275205214,-1281.2525029505225,180.92983911624228
2034-10-25,1132630.3155376213,1364626.275205214,-1281.2525029505225,181.0696635778994
2034-10-26,1132507.9296231568,1364626.275205214,-1281.2525029505225,181.1651841050264
2034-10-27,1132698.8784740511,1364626.275205214,-1281.2525029505225,181.0161511466871
2034-10-28,1130363.5063501908,1364626.275205214,-1281.2525029505225,182.8388770484764
2034-10-29,1128911.1827718555,1364626.275205214,-1281.2525029505225,183.97239567575005
2034-10-30,1127268.2820989497,1364626.275205214,-1281.2525029505225,185.25465711065252
2034-10-31,1128366.241091342,1364626.275205214,-1281.2525029505225,184.39771518088932
2034-11-01,1131865.4033100838,1131865.4033100838,0.0,181.3944846528133
2034-11-02,1131865.4033100838,1131865.4033100838,0.0,180.67555279590567
2034-11-03,1131865.4033100838,1131865.4033100838,0.0,181.4645734011804
2034-11-04,1131865.4033100838,1131865.4033100838,0.0,181.52337317017512
2034-11-05,1131865.4033100838,1131865.4033100838,0.0,180.7394838774593
2034-11-06,1131865.4033100838,1131865.4033100838,0.0,181.1401404006111
2034-11-07,1131865.4033100838,1131865.4033100838,0.0,180.6567946705516
2034-11-08,1131865.4033100838,1131865.4033100838,0.0,180.74497537783805
2034-11-09,1131865.4033100838,1131865.4033100838,0.0,177.18581903972782
2034-11-10,1131865.4033100838,1131865.4033100838,0.0,178.55031624482226
2034-11-11,1131865.4033100838,1131865.4033100838,0.0,179.6478745075006
2034-11-12,1131865.4033100838,1131865.4033100838,0.0,183.48284475079132
2034-11-13,1131865.4033100838,1131865.4033100838,0.0,182.18120667647463
2034-11-14,1131865.4033100838,1131865.4033100838,0.0,181.2667859759404
2034-11-15,1131865.4033100838,1131865.4033100838,0.0,181.58294373221483
2034-11-16,1131865.4033100838,1131865.4033100838,0.0,181.5210187746972
2034-11-17,1131865.4033100838,1131865.4033100838,0.0,184.4115818496188
2034-11-18,1131865.4033100838,1131865.4033100838,0.0,183.6601070469107
2034-11-19,1131865.4033100838,1131865.4033100838,0.0,183.37799504876807
2034-11-20,1131865.4033100838,1131865.4033100838,0.0,182.3499072156964
2034-11-21,1131865.4033100838,1131865.4033100838,0.0,185.1495059258082
2034-11-22,1131865.4033100838,1131865.4033100838,0.0,186.0537485338213
2034-11-23,1131865.4033100838,1131865.4033100838,0.0,188.99951734060377
2034-11-24,1131865.4033100838,1131865.4033100838,0.0,194.59006123388735
2034-11-25,1131865.4033100838,1131865.4033100838,0.0,193.11134694927455
2034-11-26,1131865.4033100838,1131865.4033100838,0.0,195.20472677187377
2034-11-27,1131865.4033100838,1131865.4033100838,0.0,194.7042054544831
2034-11-28,1131865.4033100838,1131865.4033100838,0.0,193.3699309289613
2034-11-29,1131865.4033100838,1131865.4033100838,0.0,190.55526676104097
2034-11-30,1131865.4033100838,1131865.4033100838,0.0,194.65444918262804
2034-12-01,1131865.4033100838,1131865.4033100838,0.0,196.61475982294004
2034-12-02,1131865.4033100838,1131865.4033100838,0.0,196.17203309937705
2034-12-03,1131865.4033100838,1131865.4033100838,0.0,197.39589655175897
2034-12-04,1131865.4033100838,1131865.4033100838,0.0,193.8571563832209
2034-12-05,1131865.4033100838,1131865.4033100838,0.0,193.6742786642223
2034-12-06,1131865.4033100838,1131865.4033100838,0.0,192.20424507713895
2034-12-07,1131865.4033100838,1131865.4033100838,0.0,195.00287231190364
2034-12-08,1131865.4033100838,1131865.4033100838,0.0,197.97528018350977
2034-12-09,1131865.4033100838,1131865.4033100838,0.0,199.7460264746228
2034-12-10,1131865.4033100838,1131865.4033100838,0.0,201.64733861789728
2034-12-11,1131865.4033100838,1131865.4033100838,0.0,200.3411469044103
2034-12-12,1131865.4033100838,1131865.4033100838,0.0,201.7826637643549
2034-12-13,1131865.4033100838,1131865.4033100838,0.0,199.01841607076585
2034-12-14,1131865.4033100838,1131865.4033100838,0.0,196.0276510853224
2034-12-15,1131865.4033100838,1131865.4033100838,0.0,195.82098785977345
2034-12-16,1131865.4033100838,1131865.4033100838,0.0,196.86198023591808
2034-12-17,1131865.4033100838,1131865.4033100838,0.0,198.0430095647552
2034-12-18,1131865.4033100838,1131865.4033100838,0.0,195.5691470893568
2034-12-19,1131865.4033100838,1131865.4033100838,0.0,192.55816998014308
2034-12-20,1131865.4033100838,1131865.4033100838,0.0,191.6906392735836
2034-12-21,1131865.4033100838,1131865.4033100838,0.0,190.0179814544011
2034-12-22,1131865.4033100838,1131865.4033100838,0.0,191.1844908606249
2034-12-23,1131865.4033100838,1131865.4033100838,0.0,189.25782883467355
2034-12-24,1131865.4033100838,1131865.4033100838,0.0,192.97357839565169
2034-12-25,1131865.4033100838,1131865.4033100838,0.0,193.67410630317912
2034-12-26,1131865.4033100838,1131865.4033100838,0.0,193.38975661756072
2034-12-27,1131865.4033100838,1131865.4033100838,0.0,191.18361992174096
2034-12-28,1131865.4033100838,1131865.4033100838,0.0,188.67444979968656
2034-12-29,1131865.4033100838,1131865.4033100838,0.0,188.0699314801133
2034-12-30,1131865.4033100838,1131865.4033100838,0.0,186.98445151541085
2034-12-31,1131865.4033100838,1131865.4033100838,0.0,183.77408053265808
2035-01-01,1131865.4033100838,1131865.4033100838,0.0,186.31215316124076
2035-01-02,1131865.4033100838,1131865.4033100838,0.0,184.2643319454823
2035-01-03,1131865.4033100838,1131865.4033100838,0.0,184.91521987168295
2035-01-04,1131865.4033100838,1131865.4033100838,0.0,185.73473521202357
2035-01-05,1131865.4033100838,1131865.4033100838,0.0,182.7521855637836
2035-01-06,1131865.4033100838,1131865.4033100838,0.0,182.0504598735249
2035-01-07,1131865.4033100838,1131865.4033100838,0.0,179.50221896806326
2035-01-08,1131865.4033100838,1131865.4033100838,0.0,180.23536091908423
2035-01-09,1131865.4033100838,1131865.4033100838,0.0,180.34807370359073
2035-01-10,1131865.4033100838,1131865.4033100838,0.0,180.20875026721453
2035-01-11,1131865.4033100838,1131865.4033100838,0.0,178.73677265441168
2035-01-12,1131865.4033100838,1131865.4033100838,0.0,180.86023433313113
2035-01-13,1131865.4033100838,1131865.4033100838,0.0,180.17818090464473
2035-01-14,1131865.4033100838,1131865.4033100838,0.0,177.53588970176995
2035-01-15,1131865.4033100838,1131865.4033100838,0.0,175.86732301930115
2035-01-16,1131865.4033100838,1131865.4033100838,0.0,172.37266823330555
2035-01-17,1131865.4033100838,1131865.4033100838,0.0,171.24843709089316
2035-01-18,1131865.4033100838,1131865.4033100838,0.0,169.6987510127037
2035-01-19,1131865.4033100838,1131865.4033100838,0.0,170.88154461055905
2035-01-20,1131865.4033100838,1131865.4033100838,0.0,171.86217893134014
2035-01-21,1131865.4033100838,1131865.4033100838,0.0,172.22805088168073
2035-01-22,1131865.4033100838,1131865.4033100838,0.0,173.86700794446662
2035-01-23,1131865.4033100838,1131865.4033100838,0.0,171.8301782710008
2035-01-24,1131525.7305025505,905152.6498405336,1313.2363441252933,172.37801990074908
2035-01-25,1128293.7719498232,905152.6498405336,1313.2363441252933,169.91695600529334
2035-01-26,1127232.2667419722,905152.6498405336,1313.2363441252933,169.10864361537224
2035-01-27,1127991.2636244346,905152.6498405336,1313.2363441252933,169.68660270541548
2035-01-28,1126809.4343819297,905152.6498405336,1313.2363441252933,168.78666626382076
2035-01-29,1130459.3775683115,905152.6498405336,1313.2363441252933,171.56601607599268
2035-01-30,1129676.5923382519,905152.6498405336,1313.2363441252933,170.96994269319194
2035-01-31,1131481.7723431096,905152.6498405336,1313.2363441252933,172.3445467489912
2035-02-01,1130883.8588844663,905152.6498405336,1313.2363441252933,171.8892490706123
2035-02-02,1131181.2681849834,905152.6498405336,1313.2363441252933,172.11571957749956
2035-02-03,1130357.6969340623,905152.6498405336,1313.2363441252933,171.48858855526953
2035-02-04,1130756.991062334,905152.6498405336,1313.2363441252933,171.7926420716514
2035-02-05,1134686.2080601705,905152.6498405336,1313.2363441252933,174.78465262284695
2035-02-06,1138255.743886957,905152.6498405336,1313.2363441252933,177.50277403545834
2035-02-07,1137122.9001856218,905152.6498405336,1313.2363441252933,176.64013898396672
2035-02-08,1136592.2837478626,905152.6498405336,1313.2363441252933,176.23608647648564
2035-02-09,1136709.9755653006,905152.6498405336,1313.2363441252933,176.3257061538303
2035-02-10,1138201.5586714128,905152.6498405336,1313.2363441252933,177.4615132100276
2035-02-11,1142563.7395350025,905152.6498405336,1313.2363441252933,180.78321602696815
2035-02-12,1145636.424296588,905152.6498405336,1313.2363441252933,183.12299650542593
2035-02-13,1144995.7710552658,905152.6498405336,1313.2363441252933,182.63515344184628
2035-02-14,1145259.536098683,1374452.3976738509,-1249.8746866750967,183.3726724915633
2035-02-15,1144741.6104611687,1374452.3976738509,-1249.8746866750967,183.78705454364905
2035-02-16,1146128.9154326962,1374452.3976738509,-1249.8746866750967,182.67709929268048
2035-02-17,1143802.9885218842,1374452.3976738509,-1249.8746866750967,184.53802738059915
2035-02-18,1149529.2730291546,1374452.3976738509,-1249.8746866750967,179.9565404776974
2035-02-19,1147254.8327174054,1374452.3976738509,-1249.8746866750967,181.77627515669909
2035-02-20,1146317.1476026776,1374452.3976738509,-1249.8746866750967,182.52649845886253
2035-02-21,1150401.3164927885,1374452.3976738509,-1249.8746866750967,179.258835761432
2035-02-22,1152723.294168582,1374452.3976738509,-1249.8746866750967,177.40106737829078
2035-02-23,1157256.9668673798,1374452.3976738509,-1249.8746866750967,173.77376557985338
2035-02-24,1153540.2030890074,1374452.3976738509,-1249.8746866750967,176.74747471885505
2035-02-25,1155720.036315421,1374452.3976738509,-1249.8746866750967,175.00343329642055
2035-02-26,1153720.053301078,1374452.3976738509,-1249.8746866750967,176.6035801236704
2035-02-27,1151622.277282141,1374452.3976738509,-1249.8746866750967,178.28196919843245
2035-02-28,1151891.006098975,1374452.3976738509,-1249.8746866750967,178.0669645906113
2035-03-01,1153365.1828694316,1374452.3976738509,-1249.8746866750967,176.88750493263694
2035-03-02,1152228.6126252399,1374452.3976738509,-1249.8746866750967,177.79685229066314
2035-03-03,1151749.3691064296,1374452.3976738509,-1249.8746866750967,178.18028554514802
2035-03-04,1149654.5484419495,1374452.3976738509,-1249.8746866750967,179.85631009929983
2035-03-05,1152276.7021353527,1374452.3976738509,-1249.8746866750967,177.7583768253821
2035-03-06,1149993.4536110286,1374452.3976738509,-1249.8746866750967,179.5851587809379
2035-03-07,1146606.6189856918,1146606.6189856918,0.0,182.0217744617858
2035-03-08,1146606.6189856918,1146606.6189856918,0.0,181.5550002338506
2035-03-09,1146606.6189856918,1146606.6189856918,0.0,179.8276332166061
2035-03-10,1146606.6189856918,1146606.6189856918,0.0,178.9606491924663
2035-03-11,1146606.6189856918,1146606.6189856918,0.0,177.81872686002757
2035-03-12,1146606.6189856918,1146606.6189856918,0.0,177.4974574695611
2035-03-13,1146606.6189856918,1146606.6189856918,0.0,176.19211598362386
2035-03-14,1146606.6189856918,1146606.6189856918,0.0,176.99828552771464
2035-03-15,1146606.6189856918,1146606.6189856918,0.0,178.12881351627462
2035-03-16,1146606.6189856918,1146606.6189856918,0.0,177.49047570659272
2035-03-17,1146606.6189856918,1146606.6189856918,0.0,174.05514641758165
2035-03-18,1146606.6189856918,1146606.6189856918,0.0,174.8279667315207
2035-03-19,1146606.6189856918,1146606.6189856918,0.0,172.26796111669702
2035-03-20,1146606.6189856918,1146606.6189856918,0.0,172.69845937761934
2035-03-21,1146606.6189856918,1146606.6189856918,0.0,172.82261901971
2035-03-22,1146606.6189856918,1146606.6189856918,0.0,172.2550183759266
2035-03-23,1146606.6189856918,1146606.6189856918,0.0,173.36936379776185
2035-03-24,1146606.6189856918,1146606.6189856918,0.0,174.00082138572418
2035-03-25,1146606.6189856918,1146606.6189856918,0.0,174.67670050174678
2035-03-26,1146606.6189856918,1146606.6189856918,0.0,176.11673652411713
2035-03-27,1146606.6189856918,1146606.6189856918,0.0,175.3911876916418
2035-03-28,1146606.6189856918,1146606.6189856918,0.0,174.64424346948874
2035-03-29,1146606.6189856918,1146606.6189856918,0.0,176.53572127887392
2035-03-30,1146606.6189856918,1146606.6189856918,0.0,177.67254315012931
2035-03-31,1146606.6189856918,1146606.6189856918,0.0,176.8399810500763
2035-04-01,1146606.6189856918,1146606.6189856918,0.0,173.3318348894842
2035-04-02,1146606.6189856918,1146606.6189856918,0.0,174.01270169692248
2035-04-03,1146606.6189856918,1146606.6189856918,0.0,174.86030064722812
2035-04-04,1146606.6189856918,1146606.6189856918,0.0,172.7531078862252
2035-04-05,1146606.6189856918,1146606.6189856918,0.0,171.29343495195758
2035-04-06,1146606.6189856918,1146606.6189856918,0.0,170.59627421358334
2035-04-07,1146606.6189856918,1146606.6189856918,0.0,171.36967233775732
2035-04-08,1146606.6189856918,1146606.6189856918,0.0,175.6790606669364
2035-04-09,1146606.6189856918,1146606.6189856918,0.0,177.6536624045561
2035-04-10,1146606.6189856918,1146606.6189856918,0.0,174.9939706884293
2035-04-11,1146606.6189856918,1146606.6189856918,0.0,174.23228693848324
2035-04-12,1146606.6189856918,1146606.6189856918,0.0,174.0676578408018
2035-04-13,1146606.6189856918,1146606.6189856918,0.0,174.9444703278926
2035-04-14,1146606.6189856918,1146606.6189856918,0.0,173.52884268531804
2035-04-15,1146606.6189856918,1146606.6189856918,0.0,174.54614216247435
2035-04-16,1146606.6189856918,1146606.6189856918,0.0,173.6529367090654
2035-04-17,1146606.6189856918,1146606.6189856918,0.0,174.66817523007714
2035-04-18,1146606.6189856918,1146606.6189856918,0.0,174.80061288310694
2035-04-19,1146606.6189856918,1146606.6189856918,0.0,178.41285982968614
2035-04-20,1146606.6189856918,1146606.6189856918,0.0,180.16777837981252
2035-04-21,1146606.6189856918,1146606.6189856918,0.0,182.55060039339904
2035-04-22,1146606.6189856918,1146606.6189856918,0.0,180.63001011851995
2035-04-23,1146606.6189856918,1146606.6189856918,0.0,179.67143819659444
2035-04-24,1146606.6189856918,1146606.6189856918,0.0,180.2602408788115
2035-04-25,1146606.6189856918,1146606.6189856918,0.0,178.05057499163982
2035-04-26,1146606.6189856918,1146606.6189856918,0.0,179.9216495088499
2035-04-27,1146606.6189856918,1146606.6189856918,0.0,180.1565585258436
2035-04-28,1146606.6189856918,1146606.6189856918,0.0,182.149090613059
2035-04-29,1146606.6189856918,1146606.6189856918,0.0,183.02975832548896
2035-04-30,1146606.6189856918,1146606.6189856918,0.0,183.11188945694732
2035-05-01,1146606.6189856918,1146606.6189856918,0.0,182.8873862661743
2035-05-02,1146606.6189856918,1146606.6189856918,0.0,181.4866407607429
2035-05-03,1146606.6189856918,1146606.6189856918,0.0,179.98948095355007
2035-05-04,1146606.6189856918,1146606.6189856918,0.0,181.59611446966173
2035-05-05,1146606.6189856918,1146606.6189856918,0.0,182.8132723233326
2035-05-06,1146606.6189856918,1146606.6189856918,0.0,185.0832946898406
2035-05-07,1146606.6189856918,1146606.6189856918,0.0,184.07609336572847
2035-05-08,1146606.6189856918,1146606.6189856918,0.0,186.15415314678432
2035-05-09,1146262.751660658,1375584.0754577965,-1234.066520239716,185.82573956596195
2035-05-10,1144928.974797363,1375584.0754577965,-1234.066520239716,186.90653775748572
2035-05-11,1141930.6667040973,1375584.0754577965,-1234.066520239716,189.33615402540224
2035-05-12,1137041.1572107358,1375584.0754577965,-1234.066520239716,193.29826580233615
2035-05-13,1134469.2072680765,1375584.0754577965,-1234.066520239716,195.3823916581771
2035-05-14,1133979.690980396,1375584.0754577965,-1234.066520239716,195.7790609459764
2035-05-15,1132620.5850949485,1375584.0754577965,-1234.066520239716,196.8803839809644
2035-05-16,1129566.9228933307,1375584.0754577965,-1234.066520239716,199.35485529311435
2035-05-17,1127814.2298312392,1375584.0754577965,-1234.066520239716,200.7751134666779
2035-05-18,1128801.4797848861,1375584.0754577965,-1234.066520239716,199.97511611041276
2035-05-19,1127279.6155637074,1375584.0754577965,-1234.066520239716,201.20832695943832
2035-05-20,1124021.4223214106,1375584.0754577965,-1234.066520239716,203.84853572360103
2035-05-21,1119420.4566381003,1375584.0754577965,-1234.066520239716,207.57683205759173
2035-05-22,1119261.2361424072,1375584.0754577965,-1234.066520239716,207.7058530569315
2035-05-23,1122107.8203546847,1375584.0754577965,-1234.066520239716,205.39918306338484
2035-05-24,1126578.971021882,1375584.0754577965,-1234.066520239716,201.77607961323304
2035-05-25,1124589.8902647975,1375584.0754577965,-1234.066520239716,203.3878896125014
2035-05-26,1128409.355907433,1375584.0754577965,-1234.066520239716,200.29286549508703
2035-05-27,1127617.029817583,1375584.0754577965,-1234.066520239716,200.9349103742367
2035-05-28,1124930.2936866821,1375584.0754577965,-1234.066520239716,203.1120508175079
2035-05-29,1125338.9738476113,1375584.0754577965,-1234.066520239716,202.7808853947155
2035-05-30,1128684.7201958129,1128684.7201958129,0.0,199.76997495452335
2035-05-31,1128684.7201958129,1128684.7201958129,0.0,197.26878029732077
2035-06-01,1128684.7201958129,1128684.7201958129,0.0,195.4625892436375
2035-06-02,1128684.7201958129,1128684.7201958129,0.0,195.22025546820512
2035-06-03,1128684.7201958129,1128684.7201958129,0.0,197.58520522683497
2035-06-04,1128684.7201958129,1128684.7201958129,0.0,197.60843623165144
2035-06-05,1128684.7201958129,1128684.7201958129,0.0,201.90967751218696
2035-06-06,1128684.7201958129,1128684.7201958129,0.0,204.02228924459064
2035-06-07,1128684.7201958129,1128684.7201958129,0.0,204.6260270946833
2035-06-08,1128684.7201958129,1128684.7201958129,0.0,204.47965441374623
2035-06-09,1128684.7201958129,1128684.7201958129,0.0,203.4645542672231
2035-06-10,1128684.7201958129,1128684.7201958129,0.0,203.7685381809677
2035-06-11,1128684.7201958129,1128684.7201958129,0.0,204.8766951774463
2035-06-12,1128684.7201958129,1128684.7201958129,0.0,205.53584361346836
2035-06-13,1128684.7201958129,1128684.7201958129,0.0,204.51357449914423
2035-06-14,1128684.7201958129,1128684.7201958129,0.0,202.4140048810873
2035-06-15,1128684.7201958129,1128684.7201958129,0.0,206.21942804732925
2035-06-16,1128684.7201958129,1128684.7201958129,0.0,207.5315271422399
2035-06-17,1128684.7201958129,1128684.7201958129,0.0,208.27062026532985
2035-06-18,1128684.7201958129,1128684.7201958129,0.0,209.3279518651973
2035-06-19,1128684.7201958129,1128684.7201958129,0.0,211.64615360153863
2035-06-20,1128684.7201958129,1128684.7201958129,0.0,210.6582449236177
2035-06-21,1128684.7201958129,1128684.7201958129,0.0,210.38530235593177
2035-06-22,1128684.7201958129,1128684.7201958129,0.0,208.80809229538127
2035-06-23,1128684.7201958129,1128684.7201958129,0.0,208.79308095648668
2035-06-24,1128684.7201958129,1128684.7201958129,0.0,207.38651828956188
2035-06-25,1128684.7201958129,1128684.7201958129,0.0,205.3099018555315
2035-06-26,1128684.7201958129,1128684.7201958129,0.0,202.01131401940367
2035-06-27,1128684.7201958129,1128684.7201958129,0.0,205.38865703188455
2035-06-28,1128684.7201958129,1128684.7201958129,0.0,204.70269110868347
2035-06-29,1128684.7201958129,1128684.7201958129,0.0,205.7015212408532
2035-06-30,1128684.7201958129,1128684.7201958129,0.0,205.89982752694505
2035-07-01,1128684.7201958129,1128684.7201958129,0.0,206.9261647957139
2035-07-02,1128684.7201958129,1128684.7201958129,0.0,202.82163454070897
2035-07-03,1128684.7201958129,1128684.7201958129,0.0,201.87083902390475
2035-07-04,1128684.7201958129,1128684.7201958129,0.0,204.22523839858255
2035-07-05,1128684.7201958129,1128684.7201958129,0.0,208.23227696054911
2035-07-06,1128684.7201958129,1128684.7201958129,0.0,207.47462071429192
2035-07-07,1128684.7201958129,1128684.7201958129,0.0,206.95811642518495
2035-07-08,1128684.7201958129,1128684.7201958129,0.0,209.1769599014843
2035-07-09,1128684.7201958129,1128684.7201958129,0.0,210.1008960909953
2035-07-10,1128684.7201958129,1128684.7201958129,0.0,210.1631741248981
2035-07-11,1128346.001911282,902609.0578721196,1074.7968029573146,210.02755443451733
2035-07-12,1127061.8920215836,902609.0578721196,1074.7968029573146,208.8328077752741
2035-07-13,1125707.045058574,902609.0578721196,1074.7968029573146,207.5722467471042
2035-07-14,1126001.81898173,902609.0578721196,1074.7968029573146,207.8465068885047
2035-07-15,1126710.3352801153,902609.0578721196,1074.7968029573146,208.50571642135384
2035-07-16,1127538.134457194,902609.0578721196,1074.7968029573146,209.2759077494274
2035-07-17,1126001.5908433702,902609.0578721196,1074.7968029573146,207.846294626653
2035-07-18,1128998.437347811,902609.0578721196,1074.7968029573146,210.63458586104704
2035-07-19,1125357.6235815028,902609.0578721196,1074.7968029573146,207.24714206116747
2035-07-20,1126540.4655332328,902609.0578721196,1074.7968029573146,208.34766817780215
2035-07-21,1125334.643427978,902609.0578721196,1074.7968029573146,207.22576113273385
2035-07-22,1123414.4079607888,902609.0578721196,1074.7968029573146,205.43915787721093
2035-07-23,1122698.3347402075,902609.0578721196,1074.7968029573146,204.77291732028783
2035-07-24,1119223.1013340396,902609.0578721196,1074.7968029573146,201.53953088239956
2035-07-25,1119991.870664842,902609.0578721196,1074.7968029573146,202.25480034420573
2035-07-26,1123529.966204807,902609.0578721196,1074.7968029573146,205.54667424095535
2035-07-27,1122111.196913212,902609.0578721196,1074.7968029573146,204.22663933976176
2035-07-28,1127332.5280059709,902609.0578721196,1074.7968029573146,209.08460977509637
2035-07-29,1125406.2738035235,902609.0578721196,1074.7968029573146,207.29240663758492
2035-07-30,1124465.3076901408,902609.0578721196,1074.7968029573146,206.41692383860976
2035-07-31,1127502.7384927322,902609.0578721196,1074.7968029573146,209.24297504590191
2035-08-01,1124493.314152446,1124493.314152446,0.0,206.7530074217052
2035-08-02,1124493.314152446,1124493.314152446,0.0,206.28499527997204
2035-08-03,1124493.314152446,1124493.314152446,0.0,209.8617967811477
2035-08-04,1124493.314152446,1124493.314152446,0.0,207.4022151616559
2035-08-05,1124493.314152446,1124493.314152446,0.0,208.6306570843638
2035-08-06,1124493.314152446,1124493.314152446,0.0,209.69862038488537
2035-08-07,1124493.314152446,1124493.314152446,0.0,205.70518300132227
2035-08-08,1124493.314152446,1124493.314152446,0.0,204.44281925604585
2035-08-09,1124493.314152446,1124493.314152446,0.0,209.37004465031427
2035-08-10,1124493.314152446,1124493.314152446,0.0,209.83912981722148
2035-08-11,1124493.314152446,1124493.314152446,0.0,210.64611320974933
2035-08-12,1124493.314152446,1124493.314152446,0.0,211.14791285138733
2035-08-13,1124493.314152446,1124493.314152446,0.0,215.50560249071455
2035-08-14,1124493.314152446,1124493.314152446,0.0,213.41724377632335
2035-08-15,1124493.314152446,1124493.314152446,0.0,211.9741948871365
2035-08-16,1124493.314152446,1124493.314152446,0.0,211.73955198552844
2035-08-17,1124493.314152446,1124493.314152446,0.0,212.91953638517705
2035-08-18,1124493.314152446,1124493.314152446,0.0,213.24706328432544
2035-08-19,1124493.314152446,1124493.314152446,0.0,213.6355056657336
2035-08-20,1124493.314152446,1124493.314152446,0.0,212.45909011748844
2035-08-21,1124493.314152446,1124493.314152446,0.0,213.7528761120976
2035-08-22,1124493.314152446,1124493.314152446,0.0,209.7461093919882
2035-08-23,1124493.314152446,1124493.314152446,0.0,208.60076794630183
2035-08-24,1124493.314152446,1124493.314152446,0.0,206.89479089166696
2035-08-25,1124493.314152446,1124493.314152446,0.0,204.62889023359216
2035-08-26,1124493.314152446,1124493.314152446,0.0,201.01738085172957
2035-08-27,1124493.314152446,1124493.314152446,0.0,201.48532251056176
2035-08-28,1124493.314152446,1124493.314152446,0.0,202.3527535718388
2035-08-29,1124493.314152446,1124493.314152446,0.0,203.23841052535437
2035-08-30,1124493.314152446,1124493.314152446,0.0,205.16052928028904
2035-08-31,1124493.314152446,1124493.314152446,0.0,207.4618685603465
2035-09-01,1124493.314152446,1124493.314152446,0.0,203.2739590713716
2035-09-02,1124493.314152446,1124493.314152446,0.0,204.56053249119287
2035-09-03,1124493.314152446,1124493.314152446,0.0,204.9341814983491
2035-09-04,1124493.314152446,1124493.314152446,0.0,205.28565404432615
2035-09-05,1124493.314152446,1124493.314152446,0.0,205.03153793516896
2035-09-06,1124493.314152446,1124493.314152446,0.0,203.90615725107224
2035-09-07,1124493.314152446,1124493.314152446,0.0,204.98538691687932
2035-09-08,1124493.314152446,1124493.314152446,0.0,202.9855569883472
2035-09-09,1124493.314152446,1124493.314152446,0.0,205.2365847134158
2035-09-10,1124493.314152446,1124493.314152446,0.0,204.21773672946304
2035-09-11,1124493.314152446,1124493.314152446,0.0,200.09131061008972
2035-09-12,1124493.314152446,1124493.314152446,0.0,200.31675713400787
2035-09-13,1124493.314152446,1124493.314152446,0.0,197.97204493805
2035-09-14,1124493.314152446,1124493.314152446,0.0,195.61409791512196
2035-09-15,1124493.314152446,1124493.314152446,0.0,196.95628510842783
2035-09-16,1124493.314152446,1124493.314152446,0.0,198.80586490591625
2035-09-17,1124493.314152446,1124493.314152446,0.0,198.5892442738421
2035-09-18,1124493.314152446,1124493.314152446,0.0,194.63196505785223
2035-09-19,1124493.314152446,1124493.314152446,0.0,195.66902979869724
2035-09-20,1124493.314152446,1124493.314152446,0.0,195.04477131844203
2035-09-21,1124493.314152446,1124493.314152446,0.0,197.75161050598933
2035-09-22,1124493.314152446,1124493.314152446,0.0,201.68015926433944
2035-09-23,1124493.314152446,1124493.314152446,0.0,198.6690482156739
2035-09-24,1124493.314152446,1124493.314152446,0.0,203.64254064639212
2035-09-25,1124493.314152446,1124493.314152446,0.0,200.49386840338784
2035-09-26,1124493.314152446,1124493.314152446,0.0,199.41738172126952
2035-09-27,1124493.314152446,1124493.314152446,0.0,201.4745279277197
2035-09-28,1124493.314152446,1124493.314152446,0.0,200.02582039430283
2035-09-29,1124493.314152446,1124493.314152446,0.0,198.40554201187885
2035-09-30,1124493.314152446,1124493.314152446,0.0,195.04857935292551
2035-10-01,1124493.314152446,1124493.314152446,0.0,192.46072639660164
2035-10-02,1124493.314152446,1124493.314152446,0.0,190.89980609388465
2035-10-03,1124493.314152446,1124493.314152446,0.0,192.38387489179888
2035-10-04,1124493.314152446,1124493.314152446,0.0,195.64032039426587
2035-10-05,1124493.314152446,1124493.314152446,0.0,194.161837692777
2035-10-06,1124493.314152446,1124493.314152446,0.0,193.38524773255423
2035-10-07,1124493.314152446,1124493.314152446,0.0,191.47276724092788
2035-10-08,1124493.314152446,1124493.314152446,0.0,188.56888135070963
2035-10-09,1124493.314152446,1124493.314152446,0.0,185.7140434388405
2035-10-10,1124493.314152446,1124493.314152446,0.0,183.3602919645679
2035-10-11,1124493.314152446,1124493.314152446,0.0,183.2684765054358
2035-10-12,1124493.314152446,1124493.314152446,0.0,182.12036546330185
2035-10-13,1124493.314152446,1124493.314152446,0.0,181.43461752569175
2035-10-14,1124493.314152446,1124493.314152446,0.0,182.1559950568569
2035-10-15,1124493.314152446,1124493.314152446,0.0,181.9875537383888
2035-10-16,1124493.314152446,1124493.314152446,0.0,179.88046582361235
2035-10-17,1124493.314152446,1124493.314152446,0.0,181.61068870600857
2035-10-18,1124493.314152446,1124493.314152446,0.0,177.97657860302726
2035-10-19,1124493.314152446,1124493.314152446,0.0,176.6044702102983
2035-10-20,1124493.314152446,1124493.314152446,0.0,179.6722433619061
2035-10-21,1124493.314152446,1124493.314152446,0.0,180.2850714373259
2035-10-22,1124493.314152446,1124493.314152446,0.0,177.07210535074915
2035-10-23,1124493.314152446,1124493.314152446,0.0,174.29057275854578
2035-10-24,1124493.314152446,1124493.314152446,0.0,173.69911446257575
2035-10-25,1124493.314152446,1124493.314152446,0.0,172.8559166124806
2035-10-26,1124493.314152446,1124493.314152446,0.0,174.08594386181028
2035-10-27,1124493.314152446,1124493.314152446,0.0,176.0655902110245
2035-10-28,1124493.314152446,1124493.314152446,0.0,175.1601054844867
2035-10-29,1124493.314152446,1124493.314152446,0.0,174.97568102439482
2035-10-30,1124493.314152446,1124493.314152446,0.0,173.17823653712094
2035-10-31,1124493.314152446,1124493.314152446,0.0,172.90511905089576
2035-11-01,1124493.314152446,1124493.314152446,0.0,171.1418369449873
2035-11-02,1124493.314152446,1124493.314152446,0.0,171.18356486637597
2035-11-03,1124493.314152446,1124493.314152446,0.0,170.11448823837455
2035-11-04,1124493.314152446,1124493.314152446,0.0,171.18212431188823
2035-11-05,1124493.314152446,1124493.314152446,0.0,172.9879811384395
2035-11-06,1124493.314152446,1124493.314152446,0.0,175.24088461052497
2035-11-07,1124493.314152446,1124493.314152446,0.0,175.30413640185918
2035-11-08,1124493.314152446,1124493.314152446,0.0,176.3716978775134
2035-11-09,1124493.314152446,1124493.314152446,0.0,175.4927303226127
2035-11-10,1124493.314152446,1124493.314152446,0.0,174.0233002021899
2035-11-11,1124493.314152446,1124493.314152446,0.0,171.65981609042296
2035-11-12,1124493.314152446,1124493.314152446,0.0,172.27646078320768
2035-11-13,1124493.314152446,1124493.314152446,0.0,168.7798276499439
2035-11-14,1124493.314152446,1124493.314152446,0.0,170.25964624276938
2035-11-15,1124493.314152446,1124493.314152446,0.0,169.64984443419692
2035-11-16,1124493.314152446,1124493.314152446,0.0,169.1540387047796
2035-11-17,1124493.314152446,1124493.314152446,0.0,170.29797673203183
2035-11-18,1124493.314152446,1124493.314152446,0.0,167.20352777690047
2035-11-19,1124493.314152446,1124493.314152446,0.0,166.8327412253799
2035-11-20,1124493.314152446,1124493.314152446,0.0,169.48697435096602
2035-11-21,1124493.314152446,1124493.314152446,0.0,169.00651610877034
2035-11-22,1124493.314152446,1124493.314152446,0.0,166.78507039632905
2035-11-23,1124493.314152446,1124493.314152446,0.0,166.20807672878456
2035-11-24,1124493.314152446,1124493.314152446,0.0,168.39789062463458
2035-11-25,1124493.314152446,1124493.314152446,0.0,167.1143766322568
2035-11-26,1124493.314152446,1124493.314152446,0.0,164.5606730653718
2035-11-27,1124493.314152446,1124493.314152446,0.0,163.79414997603766
2035-11-28,1124493.314152446,1124493.314152446,0.0,161.50934873456123
2035-11-29,1124493.314152446,1124493.314152446,0.0,157.90607620167546
2035-11-30,1124493.314152446,1124493.314152446,0.0,159.1006654901253
2035-12-01,1124493.314152446,1124493.314152446,0.0,160.7768859057882
2035-12-02,1124493.314152446,1124493.314152446,0.0,161.45196992886983
2035-12-03,1124493.314152446,1124493.314152446,0.0,162.90097923672607
2035-12-04,1124493.314152446,1124493.314152446,0.0,162.24035196809712
2035-12-05,1124156.0786075317,1349054.741438021,-1367.5946665743966,164.44833277525424
2035-12-06,1125564.8106480818,1349054.741438021,-1367.5946665743966,163.41825268282545
2035-12-07,1125563.6581587666,1349054.741438021,-1367.5946665743966,163.4190953954679
2035-12-08,1127441.2500113067,1349054.741438021,-1367.5946665743966,162.04617994147355
2035-12-09,1130526.841932099,1349054.741438021,-1367.5946665743966,159.78996178253524
2035-12-10,1131911.9531929172,1349054.741438021,-1367.5946665743966,158.7771534595199
2035-12-11,1127017.0125032878,1349054.741438021,-1367.5946665743966,162.35638699213553
2035-12-12,1123586.1455930404,1349054.741438021,-1367.5946665743966,164.8650739548019
2035-12-13,1121831.7001231625,1349054.741438021,-1367.5946665743966,166.14794344293222
2035-12-14,1122803.3857554737,1349054.741438021,-1367.5946665743966,165.43743640743372
2035-12-15,1123822.0375162945,1349054.741438021,-1367.5946665743966,164.69258723119913
2035-12-16,1119929.880994199,1349054.741438021,-1367.5946665743966,167.53857414327487
2035-12-17,1119878.7497940601,1349054.741438021,-1367.5946665743966,167.575961829399
2035-12-18,1118059.5850352983,1349054.741438021,-1367.5946665743966,168.90615476099225
2035-12-19,1119335.1171946912,1349054.741438021,-1367.5946665743966,167.9734718611768
2035-12-20,1120017.0963185749,1349054.741438021,-1367.5946665743966,167.47480135554224
2035-12-21,1118222.0718478388,1349054.741438021,-1367.5946665743966,168.78734264764327
2035-12-22,1119913.3960773752,1349054.741438021,-1367.5946665743966,167.55062809261153
2035-12-23,1119113.9746098807,1349054.741438021,-1367.5946665743966,168.1351737091113
2035-12-24,1120718.679145739,1349054.741438021,-1367.5946665743966,166.9617964102089
2035-12-25,1119550.7726040273,1349054.741438021,-1367.5946665743966,167.81578229524982
2035-12-26,1120878.9377614122,1120878.9377614122,0.0,166.59463832368505
2035-12-27,1120878.9377614122,1120878.9377614122,0.0,169.54005277944069
2035-12-28,1120878.9377614122,1120878.9377614122,0.0,169.43117153378563
2035-12-29,1120878.9377614122,1120878.9377614122,0.0,170.74849578319655
2035-12-30,1120878.9377614122,1120878.9377614122,0.0,170.71322124413803
2035-12-31,1120878.9377614122,1120878.9377614122,0.0,169.85945782451594
2036-01-01,1120878.9377614122,1120878.9377614122,0.0,170.8377741026487
2036-01-02,1120878.9377614122,1120878.9377614122,0.0,172.82031819667958
2036-01-03,1120878.9377614122,1120878.9377614122,0.0,170.33530821574334
2036-01-04,1120878.9377614122,1120878.9377614122,0.0,170.55865407466666
2036-01-05,1120878.9377614122,1120878.9377614122,0.0,170.3743965323865
2036-01-06,1120878.9377614122,1120878.9377614122,0.0,170.73216781217891
2036-01-07,1120878.9377614122,1120878.9377614122,0.0,173.0593392069597
2036-01-08,1120878.9377614122,1120878.9377614122,0.0,174.47776527291265
2036-01-09,1120878.9377614122,1120878.9377614122,0.0,176.50757746116884
2036-01-10,1120878.9377614122,1120878.9377614122,0.0,176.97258550705914
2036-01-11,1120878.9377614122,1120878.9377614122,0.0,176.20685816179682
2036-01-12,1120878.9377614122,1120878.9377614122,0.0,171.98558944526937
2036-01-13,1120878.9377614122,1120878.9377614122,0.0,174.43704757115475
2036-01-14,1120878.9377614122,1120878.9377614122,0.0,170.12995532289418
2036-01-15,1120878.9377614122,1120878.9377614122,0.0,172.85244013694376
2036-01-16,1120878.9377614122,1120878.9377614122,0.0,174.137908045611
2036-01-17,1120878.9377614122,1120878.9377614122,0.0,177.59986894589105
2036-01-18,1120878.9377614122,1120878.9377614122,0.0,178.07239978782718
2036-01-19,1120878.9377614122,1120878.9377614122,0.0,178.96552845786854
2036-01-20,1120878.9377614122,1120878.9377614122,0.0,178.63428259868172
2036-01-21,1120878.9377614122,1120878.9377614122,0.0,178.76972342876843
2036-01-22,1120878.9377614122,1120878.9377614122,0.0,177.47880208720727
2036-01-23,1120878.9377614122,1120878.9377614122,0.0,177.27052765596767
2036-01-24,1120878.9377614122,1120878.9377614122,0.0,175.77625071729472
2036-01-25,1120878.9377614122,1120878.9377614122,0.0,175.85752023341988
2036-01-26,1120878.9377614122,1120878.9377614122,0.0,175.81242287520192
2036-01-27,1120878.9377614122,1120878.9377614122,0.0,175.77695557345186
2036-01-28,1120878.9377614122,1120878.9377614122,0.0,175.61830720679572
2036-01-29,1120878.9377614122,1120878.9377614122,0.0,174.53621996638483
2036-01-30,1120878.9377614122,1120878.9377614122,0.0,175.51557052829097
2036-01-31,1120878.9377614122,1120878.9377614122,0.0,176.06915849294808
2036-02-01,1120878.9377614122,1120878.9377614122,0.0,176.55626100616993
2036-02-02,1120878.9377614122,1120878.9377614122,0.0,174.9012916439114
2036-02-03,1120878.9377614122,1120878.9377614122,0.0,176.0829341799989
2036-02-04,1120878.9377614122,1120878.9377614122,0.0,174.7431492149933
2036-02-05,1120878.9377614122,1120878.9377614122,0.0,173.8320353208239
2036-02-06,1120542.56199219,896366.7744399076,1288.428857094678,173.9915916333821
2036-02-07,1123135.8168379408,896366.7744399076,1288.428857094678,176.00431808814213
2036-02-08,1120413.319842706,896366.7744399076,1288.428857094678,173.89128174915965
2036-02-09,1118209.1772205124,896366.7744399076,1288.428857094678,172.18056050129513
2036-02-10,1113897.1029571523,896366.7744399076,1288.428857094678,168.83379110877812
2036-02-11,1115001.058326282,896366.7744399076,1288.428857094678,169.69061402379666
2036-02-12,1114264.9002189378,896366.7744399076,1288.428857094678,169.11925294065207
2036-02-13,1115191.6519294207,896366.7744399076,1288.428857094678,169.8385411693965
2036-02-14,1115933.0609424962,896366.7744399076,1288.428857094678,170.41397768573432
2036-02-15,1117670.1503670542,896366.7744399076,1288.428857094678,171.762200690049
2036-02-16,1117673.3353264683,896366.7744399076,1288.428857094678,171.7646726615487
2036-02-17,1116109.15714218,896366.7744399076,1288.428857094678,170.55065282981704
2036-02-18,1116619.581034458,896366.7744399076,1288.428857094678,170.94681276481646
2036-02-19,1117534.5477043518,896366.7744399076,1288.428857094678,171.6569541628887
2036-02-20,1116765.4454004294,896366.7744399076,1288.428857094678,171.0600238010085
2036-02-21,1116965.732638823,896366.7744399076,1288.428857094678,171.21547455584897
2036-02-22,1114018.5218878353,896366.7744399076,1288.428857094678,168.9280290870836
2036-02-23,1111266.4674920612,896366.7744399076,1288.428857094678,166.79205209415923
2036-02-24,1107727.6474356926,896366.7744399076,1288.428857094678,164.04543551779008
2036-02-25,1108338.4272631588,896366.7744399076,1288.428857094678,164.51948561695
2036-02-26,1109912.760582243,896366.7744399076,1288.428857094678,165.7413872457558
2036-02-27,1106574.4111195563,1106574.4111195563,0.0,163.39537509839352
2036-02-28,1106574.4111195563,1106574.4111195563,0.0,163.65883938590437
2036-02-29,1106574.4111195563,1106574.4111195563,0.0,164.39229665201282
2036-03-01,1106574.4111195563,1106574.4111195563,0.0,163.73717900391716
2036-03-02,1106574.4111195563,1106574.4111195563,0.0,166.3806215491047
2036-03-03,1106574.4111195563,1106574.4111195563,0.0,163.9738038767047
2036-03-04,1106574.4111195563,1106574.4111195563,0.0,163.35587312856495
2036-03-05,1106574.4111195563,1106574.4111195563,0.0,158.6671653783689
2036-03-06,1106574.4111195563,1106574.4111195563,0.0,159.21651101546706
2036-03-07,1106574.4111195563,1106574.4111195563,0.0,158.05541950558256
2036-03-08,1106574.4111195563,1106574.4111195563,0.0,154.96334633738903
2036-03-09,1106574.4111195563,1106574.4111195563,0.0,155.88658331687117
2036-03-10,1106574.4111195563,1106574.4111195563,0.0,155.64224721648972
2036-03-11,1106574.4111195563,1106574.4111195563,0.0,155.1651942995395
2036-03-12,1106574.4111195563,1106574.4111195563,0.0,156.92448508045126
2036-03-13,1106574.4111195563,1106574.4111195563,0.0,155.7033211592201
2036-03-14,1106574.4111195563,1106574.4111195563,0.0,156.7092119947453
2036-03-15,1106574.4111195563,1106574.4111195563,0.0,157.9510122387784
2036-03-16,1106574.4111195563,1106574.4111195563,0.0,157.0650296477424
2036-03-17,1106574.4111195563,1106574.4111195563,0.0,157.0783307139829
2036-03-18,1106574.4111195563,1106574.4111195563,0.0,159.7375306543192
2036-03-19,1106574.4111195563,1106574.4111195563,0.0,158.1326315971337
2036-03-20,1106574.4111195563,1106574.4111195563,0.0,159.01259756694367
2036-03-21,1106574.4111195563,1106574.4111195563,0.0,159.11139276909717
2036-03-22,1106574.4111195563,1106574.4111195563,0.0,161.1460968863083
2036-03-23,1106574.4111195563,1106574.4111195563,0.0,161.09174457712433
2036-03-24,1106574.4111195563,1106574.4111195563,0.0,162.20023254466128
2036-03-25,1106574.4111195563,1106574.4111195563,0.0,159.62485209224243
2036-03-26,1106574.4111195563,1106574.4111195563,0.0,156.2386628220421
2036-03-27,1106574.4111195563,1106574.4111195563,0.0,154.60791613699243
2036-03-28,1106574.4111195563,1106574.4111195563,0.0,153.92675641817812
2036-03-29,1106574.4111195563,1106574.4111195563,0.0,153.38255231047287
2036-03-30,1106574.4111195563,1106574.4111195563,0.0,155.06710108168042
2036-03-31,1106574.4111195563,1106574.4111195563,0.0,154.45890110812078
2036-04-01,1106574.4111195563,1106574.4111195563,0.0,154.4957072000564
2036-04-02,1106574.4111195563,1106574.4111195563,0.0,154.7114734171529
2036-04-03,1106574.4111195563,1106574.4111195563,0.0,153.73754599479105
2036-04-04,1106574.4111195563,1106574.4111195563,0.0,153.70940578471007
2036-04-05,1106574.4111195563,1106574.4111195563,0.0,155.33366099016354
2036-04-06,1106574.4111195563,1106574.4111195563,0.0,155.79910159069027
2036-04-07,1106574.4111195563,1106574.4111195563,0.0,156.72605999630903
2036-04-08,1106574.4111195563,1106574.4111195563,0.0,157.24917412179204
2036-04-09,1106574.4111195563,1106574.4111195563,0.0,159.86071186257146
2036-04-10,1106574.4111195563,1106574.4111195563,0.0,158.1871591970516
2036-04-11,1106574.4111195563,1106574.4111195563,0.0,162.19268755258273
2036-04-12,1106574.4111195563,1106574.4111195563,0.0,163.8167584243335
2036-04-13,1106574.4111195563,1106574.4111195563,0.0,165.758161707134
2036-04-14,1106574.4111195563,1106574.4111195563,0.0,167.94380233979732
2036-04-15,1106574.4111195563,1106574.4111195563,0.0,169.693327162289
2036-04-16,1106574.4111195563,1106574.4111195563,0.0,167.51815836672316
2036-04-17,1106574.4111195563,1106574.4111195563,0.0,165.63087814920104
2036-04-18,1106574.4111195563,1106574.4111195563,0.0,166.793043480306
2036-04-19,1106574.4111195563,1106574.4111195563,0.0,167.75919365090698
2036-04-20,1106574.4111195563,1106574.4111195563,0.0,169.25180895078944
2036-04-21,1106574.4111195563,1106574.4111195563,0.0,169.3307755221415
2036-04-22,1106574.4111195563,1106574.4111195563,0.0,167.11483051141292
2036-04-23,1106574.4111195563,1106574.4111195563,0.0,166.93089212879514
2036-04-24,1106574.4111195563,1106574.4111195563,0.0,168.1730561130782
2036-04-25,1106574.4111195563,1106574.4111195563,0.0,167.74782862344014
2036-04-26,1106574.4111195563,1106574.4111195563,0.0,167.7398496636927
2036-04-27,1106574.4111195563,1106574.4111195563,0.0,167.79026829791252
2036-04-28,1106574.4111195563,1106574.4111195563,0.0,166.9166728680843
2036-04-29,1106574.4111195563,1106574.4111195563,0.0,165.56363652829774
2036-04-30,1106574.4111195563,1106574.4111195563,0.0,169.0913981847461
2036-05-01,1106574.4111195563,1106574.4111195563,0.0,171.7475020403088
2036-05-02,1106574.4111195563,1106574.4111195563,0.0,173.59531424788764
2036-05-03,1106574.4111195563,1106574.4111195563,0.0,174.3172859484462
2036-05-04,1106574.4111195563,1106574.4111195563,0.0,172.5746877262542
2036-05-05,1106574.4111195563,1106574.4111195563,0.0,174.11276026098096
2036-05-06,1106574.4111195563,1106574.4111195563,0.0,176.06552599925146
2036-05-07,1106574.4111195563,1106574.4111195563,0.0,175.4600674634268
2036-05-08,1106574.4111195563,1106574.4111195563,0.0,173.59664475363795
2036-05-09,1106574.4111195563,1106574.4111195563,0.0,174.33934757968123
2036-05-10,1106574.4111195563,1106574.4111195563,0.0,176.2111197717296
2036-05-11,1106574.4111195563,1106574.4111195563,0.0,175.0869006043446
2036-05-12,1106574.4111195563,1106574.4111195563,0.0,176.01505337009002
2036-05-13,1106574.4111195563,1106574.4111195563,0.0,174.42504753088988
2036-05-14,1106574.4111195563,1106574.4111195563,0.0,172.4536195933978
2036-05-15,1106574.4111195563,1106574.4111195563,0.0,172.80728186956551
2036-05-16,1106574.4111195563,1106574.4111195563,0.0,171.40567558502272
2036-05-17,1106574.4111195563,1106574.4111195563,0.0,172.1444548380175
2036-05-18,1106574.4111195563,1106574.4111195563,0.0,169.38591671564936
2036-05-19,1106574.4111195563,1106574.4111195563,0.0,167.940425547134
2036-05-20,1106574.4111195563,1106574.4111195563,0.0,169.67763292759278
2036-05-21,1106242.3281387794,884927.445914868,1295.3241605553183,170.8567545972673
2036-05-22,1107171.6732269586,884927.445914868,1295.3241605553183,171.57421599919223
2036-05-23,1106183.8179280763,884927.445914868,1295.3241605553183,170.81158427428196
2036-05-24,1106214.1537412559,884927.445914868,1295.3241605553183,170.83500375035078
2036-05-25,1105717.3466751077,884927.445914868,1295.3241605553183,170.45146495652864
2036-05-26,1110930.6825248026,884927.445914868,1295.3241605553183,174.47619946581156
2036-05-27,1111646.9694924452,884927.445914868,1295.3241605553183,175.02917839529857
2036-05-28,1109915.5619856352,884927.445914868,1295.3241605553183,173.69251877021475
2036-05-29,1109733.5891343546,884927.445914868,1295.3241605553183,173.55203435957677
2036-05-30,1105987.2109278736,884927.445914868,1295.3241605553183,170.659802190546
2036-05-31,1101818.5304803648,884927.445914868,1295.3241605553183,167.44154951337694
2036-06-01,1105014.3425605905,884927.445914868,1295.3241605553183,169.90874048961533
2036-06-02,1105617.520170063,884927.445914868,1295.3241605553183,170.37439814338293
2036-06-03,1104623.1567102002,884927.445914868,1295.3241605553183,169.60674206921794
2036-06-04,1104564.8986151472,884927.445914868,1295.3241605553183,169.56176638141173
2036-06-05,1104336.2264357796,884927.445914868,1295.3241605553183,169.3852297380517
2036-06-06,1104484.5751936235,884927.445914868,1295.3241605553183,169.499756095516
2036-06-07,1107019.0539761854,884927.445914868,1295.3241605553183,171.45639278904866
2036-06-08,1108211.4044961403,884927.445914868,1295.3241605553183,172.37689636356984
2036-06-09,1107298.7390589812,884927.445914868,1295.3241605553183,171.6723117777563
2036-06-10,1103443.5411193585,884927.445914868,1295.3241605553183,168.6960699558098
2036-06-11,1101258.3934589222,881005.5395664313,1318.771526732008,167.01365583642092
2036-06-12,1102935.2658911524,881005.5395664313,1318.771526732008,168.2851971142233
2036-06-13,1106429.2434973398,881005.5395664313,1318.771526732008,170.93461555810305
2036-06-14,1104458.8068255319,881005.5395664313,1318.771526732008,169.4404699598199
2036-06-15,1102171.014542251,881005.5395664313,1318.771526732008,167.70567948481605
2036-06-16,1101216.7975394635,881005.5395664313,1318.771526732008,166.98211442184265
2036-06-17,1105181.5291221647,881005.5395664313,1318.771526732008,169.98849687879937
2036-06-18,1105512.8862233597,881005.5395664313,1318.771526732008,170.2397588256024
2036-06-19,1103808.0575120335,881005.5395664313,1318.771526732008,168.94701881964323
2036-06-20,1103004.897429178,881005.5395664313,1318.771526732008,168.33799741860813
2036-06-21,1101835.4203165444,881005.5395664313,1318.771526732008,167.45120460504808
2036-06-22,1103395.8443111042,881005.5395664313,1318.771526732008,168.63444519140396
2036-06-23,1107782.9090392848,881005.5395664313,1318.771526732008,171.96107504293855
2036-06-24,1108079.8002455533,881005.5395664313,1318.771526732008,172.1862021405824
2036-06-25,1110577.0685701477,881005.5395664313,1318.771526732008,174.07983441423536
2036-06-26,1107507.5841039564,881005.5395664313,1318.771526732008,171.7523012487312
2036-06-27,1112872.5617997795,881005.5395664313,1318.771526732008,175.82046437408914
2036-06-28,1109788.3743384269,881005.5395664313,1318.771526732008,173.4817821999332
2036-06-29,1112577.7391569093,881005.5395664313,1318.771526732008,175.59690582972124
2036-06-30,1113363.2213719194,881005.5395664313,1318.771526732008,176.19252243129932
2036-07-01,1110458.2309683682,881005.5395664313,1318.771526732008,173.98972206393776
2036-07-02,1112367.5704515793,889891.3874935028,1268.048750551573,175.44765756151267
2036-07-03,1112302.8822683133,889891.3874935028,1268.048750551573,175.39664360543435
2036-07-04,1110284.3212608148,889891.3874935028,1268.048750551573,173.8047797227401
2036-07-05,1110307.9792653187,889891.3874935028,1268.048750551573,173.82343673769606
2036-07-06,1106701.2558170748,889891.3874935028,1268.048750551573,170.97912696910464
2036-07-07,1105657.9742829935,889891.3874935028,1268.048750551573,170.15638136596647
2036-07-08,1103587.0519236873,889891.3874935028,1268.048750551573,168.52322462936195
2036-07-09,1103197.6481289803,889891.3874935028,1268.048750551573,168.21613565148343
2036-07-10,1099537.5498406205,889891.3874935028,1268.048750551573,165.32973377871025
2036-07-11,1095816.2615075042,889891.3874935028,1268.048750551573,162.39507662810968
2036-07-12,1094075.1683847099,889891.3874935028,1268.048750551573,161.0220275856048
2036-07-13,1093996.9645201033,889891.3874935028,1268.048750551573,160.9603549846322
2036-07-14,1092020.1347580596,889891.3874935028,1268.048750551573,159.401400913518
2036-07-15,1092955.2082418706,889891.3874935028,1268.048750551573,160.13881221841007
2036-07-16,1094385.9122361334,889891.3874935028,1268.048750551573,161.26708429283968
2036-07-17,1092666.9642650583,889891.3874935028,1268.048750551573,159.91149920959467
2036-07-18,1095506.1903074228,889891.3874935028,1268.048750551573,162.1505503826111
2036-07-19,1094884.3244583209,889891.3874935028,1268.048750551573,161.66013875700804
2036-07-20,1098673.4313104674,889891.3874935028,1268.048750551573,164.64827848783335
2036-07-21,1098132.0859605628,889891.3874935028,1268.048750551573,164.221366391852
2036-07-22,1095809.4329903193,889891.3874935028,1268.048750551573,162.38969156922937
2036-07-23,1098041.297328118,1098041.297328118,0.0,164.39628150078417
2036-07-24,1098041.297328118,1098041.297328118,0.0,162.69313791042595
2036-07-25,1098041.297328118,1098041.297328118,0.0,164.55467399179182
2036-07-26,1098041.297328118,1098041.297328118,0.0,164.75328879479144
2036-07-27,1098041.297328118,1098041.297328118,0.0,163.83998857781316
2036-07-28,1098041.297328118,1098041.297328118,0.0,162.5858204488094
2036-07-29,1098041.297328118,1098041.297328118,0.0,162.4456582410738
2036-07-30,1098041.297328118,1098041.297328118,0.0,163.55380506269162
2036-07-31,1098041.297328118,1098041.297328118,0.0,163.48824960656083
2036-08-01,1098041.297328118,1098041.297328118,0.0,165.92505411136148
2036-08-02,1098041.297328118,1098041.297328118,0.0,163.98558015856452
2036-08-03,1098041.297328118,1098041.297328118,0.0,163.8272248293331
2036-08-04,1098041.297328118,1098041.297328118,0.0,165.64036573696285
2036-08-05,1098041.297328118,1098041.297328118,0.0,163.6581786329418
2036-08-06,1098041.297328118,1098041.297328118,0.0,165.36954144014524
2036-08-07,1098041.297328118,1098041.297328118,0.0,165.40228124588307
2036-08-08,1098041.297328118,1098041.297328118,0.0,165.5845199824344
2036-08-09,1098041.297328118,1098041.297328118,0.0,165.02322603651342
2036-08-10,1098041.297328118,1098041.297328118,0.0,163.04016727222375
2036-08-11,1098041.297328118,1098041.297328118,0.0,162.9117271960196
2036-08-12,1098041.297328118,1098041.297328118,0.0,162.00880168216352
2036-08-13,1097711.9947430494,1317320.254208673,-1335.0271085899876,164.49722859752768
2036-08-14,1096588.198909041,1317320.254208673,-1335.0271085899876,165.33900613655848
2036-08-15,1096512.0358638936,1317320.254208673,-1335.0271085899876,165.39605594824948
2036-08-16,1093583.1040755408,1317320.254208673,-1335.0271085899876,167.589967794314
2036-08-17,1093708.612685251,1317320.254208673,-1335.0271085899876,167.4959557634702
2036-08-18,1092131.3531693886,1317320.254208673,-1335.0271085899876,168.67739957514547
2036-08-19,1089494.357089272,1317320.254208673,-1335.0271085899876,170.65263742848143
2036-08-20,1090113.807189161,1317320.254208673,-1335.0271085899876,170.18863928499565
2036-08-21,1089123.4405078823,1317320.254208673,-1335.0271085899876,170.93047192263003
2036-08-22,1090117.782781365,1317320.254208673,-1335.0271085899876,170.1856613737768
2036-08-23,1087498.6451525963,1317320.254208673,-1335.0271085899876,172.1475223816293
2036-08-24,1087561.2481259569,1317320.254208673,-1335.0271085899876,172.10062972083023
2036-08-25,1084390.445287692,1317320.254208673,-1335.0271085899876,174.47571470439573
2036-08-26,1083926.7868618304,1317320.254208673,-1335.0271085899876,174.82301733434105
2036-08-27,1077908.6284266468,1317320.254208673,-1335.0271085899876,179.33090964338925
2036-08-28,1079595.663197322,1317320.254208673,-1335.0271085899876,178.0672388461294
2036-08-29,1077543.1298631576,1317320.254208673,-1335.0271085899876,179.60468577957215
2036-08-30,1077646.5783143844,1317320.254208673,-1335.0271085899876,179.52719787647175
2036-08-31,1078185.50527779,1317320.254208673,-1335.0271085899876,179.1235154643784
2036-09-01,1082681.5729549604,1317320.254208673,-1335.0271085899876,175.755742893888
2036-09-02,1082510.7362531095,1317320.254208673,-1335.0271085899876,175.88370786235322
2036-09-03,1084438.3958609025,1084438.3958609025,0.0,174.17844264817356
2036-09-04,1084438.3958609025,1084438.3958609025,0.0,173.63986830198576
2036-09-05,1084438.3958609025,1084438.3958609025,0.0,172.02397002255154
2036-09-06,1084438.3958609025,1084438.3958609025,0.0,170.65128936358164
2036-09-07,1084438.3958609025,1084438.3958609025,0.0,168.83054012397048
2036-09-08,1084438.3958609025,1084438.3958609025,0.0,167.04645087712063
2036-09-09,1084438.3958609025,1084438.3958609025,0.0,164.40949256951947
2036-09-10,1084438.3958609025,1084438.3958609025,0.0,165.02918764651605
2036-09-11,1084438.3958609025,1084438.3958609025,0.0,165.0590562793913
2036-09-12,1084438.3958609025,1084438.3958609025,0.0,166.2314754833973
2036-09-13,1084438.3958609025,1084438.3958609025,0.0,165.58130176498526
2036-09-14,1084438.3958609025,1084438.3958609025,0.0,164.49247003569127
2036-09-15,1084438.3958609025,1084438.3958609025,0.0,164.3480004493708
2036-09-16,1084438.3958609025,1084438.3958609025,0.0,165.5052856813906
2036-09-17,1084438.3958609025,1084438.3958609025,0.0,166.00228124478406
2036-09-18,1084438.3958609025,1084438.3958609025,0.0,166.0237642723058
2036-09-19,1084438.3958609025,1084438.3958609025,0.0,167.13047034977632
2036-09-20,1084438.3958609025,1084438.3958609025,0.0,167.1389100749688
2036-09-21,1084438.3958609025,1084438.3958609025,0.0,166.15315758709238
2036-09-22,1084438.3958609025,1084438.3958609025,0.0,167.66792747521674
2036-09-23,1084438.3958609025,1084438.3958609025,0.0,165.58783622513218
2036-09-24,1084438.3958609025,1084438.3958609025,0.0,163.2525296598938
2036-09-25,1084438.3958609025,1084438.3958609025,0.0,163.21181595950938
2036-09-26,1084438.3958609025,1084438.3958609025,0.0,163.3519663197887
2036-09-27,1084438.3958609025,1084438.3958609025,0.0,163.73305767997323
2036-09-28,1084438.3958609025,1084438.3958609025,0.0,163.19752347357516
2036-09-29,1084438.3958609025,1084438.3958609025,0.0,165.42073221071033
2036-09-30,1084438.3958609025,1084438.3958609025,0.0,162.9603109561647
2036-10-01,1084438.3958609025,1084438.3958609025,0.0,163.1804304100223
2036-10-02,1084438.3958609025,1084438.3958609025,0.0,164.42310026248032
2036-10-03,1084438.3958609025,1084438.3958609025,0.0,166.71512252637083
2036-10-04,1084438.3958609025,1084438.3958609025,0.0,168.95455609722407
2036-10-05,1084438.3958609025,1084438.3958609025,0.0,167.11261244306678
2036-10-06,1084438.3958609025,1084438.3958609025,0.0,167.71888820019996
2036-10-07,1084438.3958609025,1084438.3958609025,0.0,167.3602783883826
2036-10-08,1084438.3958609025,1084438.3958609025,0.0,167.3285690274643
2036-10-09,1084438.3958609025,1084438.3958609025,0.0,169.23675617600438
2036-10-10,1084438.3958609025,1084438.3958609025,0.0,172.48287459753388
2036-10-11,1084438.3958609025,1084438.3958609025,0.0,172.93348863302407
2036-10-12,1084438.3958609025,1084438.3958609025,0.0,169.53337069111285
2036-10-13,1084438.3958609025,1084438.3958609025,0.0,166.7283479101104
2036-10-14,1084438.3958609025,1084438.3958609025,0.0,166.65083776204938
2036-10-15,1084438.3958609025,1084438.3958609025,0.0,168.32160709177143
2036-10-16,1084438.3958609025,1084438.3958609025,0.0,167.00472785207165
2036-10-17,1084438.3958609025,1084438.3958609025,0.0,166.68576096658666
2036-10-18,1084438.3958609025,1084438.3958609025,0.0,169.40451826188055
2036-10-19,1084438.3958609025,1084438.3958609025,0.0,168.73419285673754
2036-10-20,1084438.3958609025,1084438.3958609025,0.0,171.71792346090103
2036-10-21,1084438.3958609025,1084438.3958609025,0.0,170.98064912899991
2036-10-22,1084438.3958609025,1084438.3958609025,0.0,172.53378794349453
2036-10-23,1084438.3958609025,1084438.3958609025,0.0,172.66643722005506
2036-10-24,1084438.3958609025,1084438.3958609025,0.0,174.01264497109494
2036-10-25,1084438.3958609025,1084438.3958609025,0.0,177.54327450525915
2036-10-26,1084438.3958609025,1084438.3958609025,0.0,178.28993715855998
2036-10-27,1084438.3958609025,1084438.3958609025,0.0,180.55254104851628
2036-10-28,1084438.3958609025,1084438.3958609025,0.0,178.94446518452082
2036-10-29,1084438.3958609025,1084438.3958609025,0.0,177.2854648842052
2036-10-30,1084438.3958609025,1084438.3958609025,0.0,174.414891335216
2036-10-31,1084438.3958609025,1084438.3958609025,0.0,172.58337031006647
2036-11-01,1084438.3958609025,1084438.3958609025,0.0,175.22188627870491
2036-11-02,1084438.3958609025,1084438.3958609025,0.0,175.80364412839344
2036-11-03,1084438.3958609025,1084438.3958609025,0.0,175.33416950774102
2036-11-04,1084438.3958609025,1084438.3958609025,0.0,175.6925589198703
2036-11-05,1084438.3958609025,1084438.3958609025,0.0,176.8916872434774
2036-11-06,1084438.3958609025,1084438.3958609025,0.0,178.27417400324987
2036-11-07,1084438.3958609025,1084438.3958609025,0.0,178.6642672216302
2036-11-08,1084438.3958609025,1084438.3958609025,0.0,181.1518476612804
2036-11-09,1084438.3958609025,1084438.3958609025,0.0,179.40180349137927
2036-11-10,1084438.3958609025,1084438.3958609025,0.0,178.77380432241617
2036-11-11,1084438.3958609025,1084438.3958609025,0.0,180.8782171688891
2036-11-12,1084438.3958609025,1084438.3958609025,0.0,182.61635737688397
2036-11-13,1084438.3958609025,1084438.3958609025,0.0,183.2948087290356
2036-11-14,1084438.3958609025,1084438.3958609025,0.0,182.30236699058565
2036-11-15,1084438.3958609025,1084438.3958609025,0.0,183.7437897284741
2036-11-16,1084438.3958609025,1084438.3958609025,0.0,182.08083275882925
2036-11-17,1084438.3958609025,1084438.3958609025,0.0,184.24582662681615
2036-11-18,1084438.3958609025,1084438.3958609025,0.0,187.0709785370072
2036-11-19,1084438.3958609025,1084438.3958609025,0.0,185.99632678740073
2036-11-20,1084438.3958609025,1084438.3958609025,0.0,190.8733689090687
2036-11-21,1084438.3958609025,1084438.3958609025,0.0,188.9791841845112
2036-11-22,1084438.3958609025,1084438.3958609025,0.0,188.62229785402573
2036-11-23,1084438.3958609025,1084438.3958609025,0.0,188.21974922828733
2036-11-24,1084438.3958609025,1084438.3958609025,0.0,188.02445198552863
2036-11-25,1084438.3958609025,1084438.3958609025,0.0,190.72265715242372
2036-11-26,1084438.3958609025,1084438.3958609025,0.0,191.55933763698
2036-11-27,1084438.3958609025,1084438.3958609025,0.0,189.9733042662622
2036-11-28,1084438.3958609025,1084438.3958609025,0.0,190.18055587642004
2036-11-29,1084438.3958609025,1084438.3958609025,0.0,191.44604950459157
2036-11-30,1084438.3958609025,1084438.3958609025,0.0,192.4457459848088
2036-12-01,1084438.3958609025,1084438.3958609025,0.0,194.81221530147263
2036-12-02,1084438.3958609025,1084438.3958609025,0.0,194.98643445931748
2036-12-03,1084438.3958609025,1084438.3958609025,0.0,196.5517888431855
2036-12-04,1084438.3958609025,1084438.3958609025,0.0,196.27220293982123
2036-12-05,1084438.3958609025,1084438.3958609025,0.0,195.0068876550049
2036-12-06,1084438.3958609025,1084438.3958609025,0.0,192.7937953843859
2036-12-07,1084438.3958609025,1084438.3958609025,0.0,195.8376621236065
2036-12-08,1084438.3958609025,1084438.3958609025,0.0,192.9049606309152
2036-12-09,1084438.3958609025,1084438.3958609025,0.0,193.3956508601551
2036-12-10,1084438.3958609025,1084438.3958609025,0.0,194.18950882210305
2036-12-11,1084438.3958609025,1084438.3958609025,0.0,192.2944233567195
2036-12-12,1084438.3958609025,1084438.3958609025,0.0,194.0347288709823
2036-12-13,1084438.3958609025,1084438.3958609025,0.0,191.4319452707664
2036-12-14,1084438.3958609025,1084438.3958609025,0.0,190.3254537846339
2036-12-15,1084438.3958609025,1084438.3958609025,0.0,192.1703898585562
2036-12-16,1084438.3958609025,1084438.3958609025,0.0,189.6868985242605
2036-12-17,1084438.3958609025,1084438.3958609025,0.0,191.2429500526618
2036-12-18,1084438.3958609025,1084438.3958609025,0.0,193.3887559342287
2036-12-19,1084438.3958609025,1084438.3958609025,0.0,195.47523187191163
2036-12-20,1084438.3958609025,1084438.3958609025,0.0,196.2084164926228
2036-12-21,1084438.3958609025,1084438.3958609025,0.0,194.56999521358537
2036-12-22,1084438.3958609025,1084438.3958609025,0.0,192.6528093386073
2036-12-23,1084438.3958609025,1084438.3958609025,0.0,191.685482692052
2036-12-24,1084438.3958609025,1084438.3958609025,0.0,185.898370082127
2036-12-25,1084438.3958609025,1084438.3958609025,0.0,185.94152965049292
2036-12-26,1084438.3958609025,1084438.3958609025,0.0,185.7275916130107
2036-12-27,1084438.3958609025,1084438.3958609025,0.0,185.86858542905568
2036-12-28,1084438.3958609025,1084438.3958609025,0.0,185.4226391058803
2036-12-29,1084438.3958609025,1084438.3958609025,0.0,185.75055881821677
2036-12-30,1084438.3958609025,1084438.3958609025,0.0,185.8978584593928
2036-12-31,1084438.3958609025,1084438.3958609025,0.0,183.20331367837
2037-01-01,1084438.3958609025,1084438.3958609025,0.0,183.71691819031463
2037-01-02,1084438.3958609025,1084438.3958609025,0.0,183.67817862983975
2037-01-03,1084438.3958609025,1084438.3958609025,0.0,180.53543058954136
2037-01-04,1084438.3958609025,1084438.3958609025,0.0,182.1581573469288
2037-01-05,1084438.3958609025,1084438.3958609025,0.0,181.61560066951267
2037-01-06,1084438.3958609025,1084438.3958609025,0.0,182.77368129259887
2037-01-07,1084438.3958609025,1084438.3958609025,0.0,182.6927497840565
2037-01-08,1084438.3958609025,1084438.3958609025,0.0,179.46922498218913
2037-01-09,1084438.3958609025,1084438.3958609025,0.0,179.91939266463478
2037-01-10,1084438.3958609025,1084438.3958609025,0.0,180.81474636672883
2037-01-11,1084438.3958609025,1084438.3958609025,0.0,182.94369982193496
2037-01-12,1084438.3958609025,1084438.3958609025,0.0,184.63259570616705
2037-01-13,1084438.3958609025,1084438.3958609025,0.0,186.8583884892101
2037-01-14,1084438.3958609025,1084438.3958609025,0.0,188.239391097914
2037-01-15,1084438.3958609025,1084438.3958609025,0.0,187.31619193880584
2037-01-16,1084438.3958609025,1084438.3958609025,0.0,186.44154807568603
2037-01-17,1084438.3958609025,1084438.3958609025,0.0,188.29448627355353
2037-01-18,1084438.3958609025,1084438.3958609025,0.0,187.56457364817248
2037-01-19,1084438.3958609025,1084438.3958609025,0.0,188.56099555906223
2037-01-20,1084438.3958609025,1084438.3958609025,0.0,191.81184926148663
2037-01-21,1084438.3958609025,1084438.3958609025,0.0,190.6302600737972
2037-01-22,1084438.3958609025,1084438.3958609025,0.0,192.02369097594791
2037-01-23,1084438.3958609025,1084438.3958609025,0.0,190.4878462686248
2037-01-24,1084438.3958609025,1084438.3958609025,0.0,191.60815389976992
2037-01-25,1084438.3958609025,1084438.3958609025,0.0,194.7252035431362
2037-01-26,1084438.3958609025,1084438.3958609025,0.0,197.3496401462969
2037-01-27,1084438.3958609025,1084438.3958609025,0.0,196.59110498082825
2037-01-28,1084438.3958609025,1084438.3958609025,0.0,199.70939664585592
2037-01-29,1084438.3958609025,1084438.3958609025,0.0,199.2610436646851
2037-01-30,1084438.3958609025,1084438.3958609025,0.0,203.87366083932105
2037-01-31,1084438.3958609025,1084438.3958609025,0.0,203.939769697116
2037-02-01,1084438.3958609025,1084438.3958609025,0.0,205.29603375720637
2037-02-02,1084438.3958609025,1084438.3958609025,0.0,206.5985157487591
2037-02-03,1084438.3958609025,1084438.3958609025,0.0,204.35081015664105
2037-02-04,1084438.3958609025,1084438.3958609025,0.0,207.1826635269987
2037-02-05,1084438.3958609025,1084438.3958609025,0.0,207.63802032513985
2037-02-06,1084438.3958609025,1084438.3958609025,0.0,206.4869647610041
2037-02-07,1084438.3958609025,1084438.3958609025,0.0,204.9414542975483
2037-02-08,1084438.3958609025,1084438.3958609025,0.0,203.71000063617285
2037-02-09,1084438.3958609025,1084438.3958609025,0.0,203.55330198563135
2037-02-10,1084438.3958609025,1084438.3958609025,0.0,201.39252310783493
2037-02-11,1084438.3958609025,1084438.3958609025,0.0,199.75507803770233
2037-02-12,1084438.3958609025,1084438.3958609025,0.0,196.332655572698
2037-02-13,1084438.3958609025,1084438.3958609025,0.0,194.75017137548036
2037-02-14,1084438.3958609025,1084438.3958609025,0.0,197.4255054650298
2037-02-15,1084438.3958609025,1084438.3958609025,0.0,199.81141287934844
2037-02-16,1084438.3958609025,1084438.3958609025,0.0,200.35175359471
2037-02-17,1084438.3958609025,1084438.3958609025,0.0,204.6165486154507
2037-02-18,1084112.9558983047,867225.2767261241,1047.1723032571547,207.1174710193985
2037-02-19,1085057.8307906275,867225.2767261241,1047.1723032571547,208.01978183241744
2037-02-20,1086244.983236692,867225.2767261241,1047.1723032571547,209.15345624528337
2037-02-21,1086439.541659877,867225.2767261241,1047.1723032571547,209.33925033340023
2037-02-22,1083696.1611331077,867225.2767261241,1047.1723032571547,206.71945174033587
2037-02-23,1083120.018692598,867225.2767261241,1047.1723032571547,206.16926297128813
2037-02-24,1077590.4707141775,867225.2767261241,1047.1723032571547,200.88880629646857
2037-02-25,1075300.8307447399,867225.2767261241,1047.1723032571547,198.7023084657717
2037-02-26,1078209.0308637123,867225.2767261241,1047.1723032571547,201.47950197053373
2037-02-27,1078372.4427199757,867225.2767261241,1047.1723032571547,201.6355525610192
2037-02-28,1076133.3304344462,867225.2767261241,1047.1723032571547,199.49730627760917
2037-03-01,1077237.2510096335,867225.2767261241,1047.1723032571547,200.5514981921143
2037-03-02,1078510.3337014697,867225.2767261241,1047.1723032571547,201.7672319236849
2037-03-03,1081793.7373578774,867225.2767261241,1047.1723032571547,204.9027270529916
2037-03-04,1085643.4954696703,867225.2767261241,1047.1723032571547,208.57906388869512
2037-03-05,1087356.5125232283,867225.2767261241,1047.1723032571547,210.2149141191011
2037-03-06,1084047.4619383502,867225.2767261241,1047.1723032571547,207.05492738665475
2037-03-07,1089048.5949570157,867225.2767261241,1047.1723032571547,211.8307727782009
2037-03-08,1092071.1255519777,867225.2767261241,1047.1723032571547,214.71714647769667
2037-03-09,1093988.6421108567,867225.2767261241,1047.1723032571547,216.54828405927216
2037-03-10,1093950.8377544363,867225.2767261241,1047.1723032571547,216.51218268769955
2037-03-11,1090129.2933629153,1090129.2933629153,0.0,213.18245571219225
2037-03-12,1090129.2933629153,1090129.2933629153,0.0,211.99191006678456
2037-03-13,1090129.2933629153,1090129.2933629153,0.0,211.88400744676184
2037-03-14,1090129.2933629153,1090129.2933629153,0.0,211.0362591181428
2037-03-15,1090129.2933629153,1090129.2933629153,0.0,213.35651029774024
2037-03-16,1090129.2933629153,1090129.2933629153,0.0,213.1933097712392
2037-03-17,1090129.2933629153,1090129.2933629153,0.0,211.54392344513067
2037-03-18,1090129.2933629153,1090129.2933629153,0.0,212.6058343953378
2037-03-19,1090129.2933629153,1090129.2933629153,0.0,210.85014637324733
2037-03-20,1090129.2933629153,1090129.2933629153,0.0,207.43755288663897
2037-03-21,1090129.2933629153,1090129.2933629153,0.0,208.4970084825982
2037-03-22,1090129.2933629153,1090129.2933629153,0.0,208.34590803868315
2037-03-23,1090129.2933629153,1090129.2933629153,0.0,208.6728899738047
2037-03-24,1090129.2933629153,1090129.2933629153,0.0,211.5645729933746
2037-03-25,1090129.2933629153,1090129.2933629153,0.0,212.09623312748175
2037-03-26,1090129.2933629153,1090129.2933629153,0.0,213.30691429162715
2037-03-27,1090129.2933629153,1090129.2933629153,0.0,213.3435168629827
2037-03-28,1090129.2933629153,1090129.2933629153,0.0,215.07856899573068
2037-03-29,1090129.2933629153,1090129.2933629153,0.0,210.54100625297357
2037-03-30,1090129.2933629153,1090129.2933629153,0.0,208.91697585558887
2037-03-31,1090129.2933629153,1090129.2933629153,0.0,208.11177204707343
2037-04-01,1090129.2933629153,1090129.2933629153,0.0,207.11640065435316
2037-04-02,1090129.2933629153,1090129.2933629153,0.0,205.48331264053263
2037-04-03,1090129.2933629153,1090129.2933629153,0.0,205.3149142789358
2037-04-04,1090129.2933629153,1090129.2933629153,0.0,205.03653305817295
2037-04-05,1090129.2933629153,1090129.2933629153,0.0,204.8674622255051
2037-04-06,1090129.2933629153,1090129.2933629153,0.0,205.2785483622552
2037-04-07,1090129.2933629153,1090129.2933629153,0.0,206.3029534038477
2037-04-08,1090129.2933629153,1090129.2933629153,0.0,204.70832501706488
2037-04-09,1090129.2933629153,1090129.2933629153,0.0,203.6418312465688
2037-04-10,1090129.2933629153,1090129.2933629153,0.0,205.5295896757172
2037-04-11,1090129.2933629153,1090129.2933629153,0.0,203.60270436221168
2037-04-12,1090129.2933629153,1090129.2933629153,0.0,201.96434056462613
2037-04-13,1090129.2933629153,1090129.2933629153,0.0,200.40924381940275
2037-04-14,1090129.2933629153,1090129.2933629153,0.0,200.00905977328785
2037-04-15,1090129.2933629153,1090129.2933629153,0.0,202.0154187130291
2037-04-16,1090129.2933629153,1090129.2933629153,0.0,203.07655221462224
2037-04-17,1090129.2933629153,1090129.2933629153,0.0,201.3115488396248
2037-04-18,1090129.2933629153,1090129.2933629153,0.0,204.99509137853153
2037-04-19,1090129.2933629153,1090129.2933629153,0.0,203.57399607009032
2037-04-20,1090129.2933629153,1090129.2933629153,0.0,200.3002169948938
2037-04-21,1090129.2933629153,1090129.2933629153,0.0,203.9876025516292
2037-04-22,1090129.2933629153,1090129.2933629153,0.0,202.28765128049685
2037-04-23,1090129.2933629153,1090129.2933629153,0.0,202.06343197405215
2037-04-24,1090129.2933629153,1090129.2933629153,0.0,201.7928793004433
2037-04-25,1090129.2933629153,1090129.2933629153,0.0,202.97023907335148
2037-04-26,1090129.2933629153,1090129.2933629153,0.0,199.2757632842672
2037-04-27,1090129.2933629153,1090129.2933629153,0.0,198.67746679284824
2037-04-28,1090129.2933629153,1090129.2933629153,0.0,197.95011126184977
2037-04-29,1090129.2933629153,1090129.2933629153,0.0,200.7684298371168
2037-04-30,1090129.2933629153,1090129.2933629153,0.0,199.68009547415753
2037-05-01,1090129.2933629153,1090129.2933629153,0.0,199.0406692779172
2037-05-02,1090129.2933629153,1090129.2933629153,0.0,200.5594612016182
2037-05-03,1090129.2933629153,1090129.2933629153,0.0,201.58774950618675
2037-05-04,1090129.2933629153,1090129.2933629153,0.0,200.1334383790947
2037-05-05,1090129.2933629153,1090129.2933629153,0.0,200.992661390179
2037-05-06,1090129.2933629153,1090129.2933629153,0.0,199.51603546850637
2037-05-07,1090129.2933629153,1090129.2933629153,0.0,201.1250677062908
2037-05-08,1090129.2933629153,1090129.2933629153,0.0,200.80307616354588
2037-05-09,1090129.2933629153,1090129.2933629153,0.0,198.29547485675909
2037-05-10,1090129.2933629153,1090129.2933629153,0.0,194.09059007165112
2037-05-11,1090129.2933629153,1090129.2933629153,0.0,193.3621444569608
2037-05-12,1090129.2933629153,1090129.2933629153,0.0,191.85269381839296
2037-05-13,1089802.145561977,871776.286889394,1139.1496015283233,191.3935258196745
2037-05-14,1089694.8034759925,871776.286889394,1139.1496015283233,191.2992958029668
2037-05-15,1085564.0468373662,871776.286889394,1139.1496015283233,187.67312007233025
2037-05-16,1084009.3483095912,871776.286889394,1139.1496015283233,186.3083313512622
2037-05-17,1083734.964587377,871776.286889394,1139.1496015283233,186.06746419751337
2037-05-18,1083947.1283186707,871776.286889394,1139.1496015283233,186.253711667564
2037-05-19,1085647.513403556,871776.286889394,1139.1496015283233,187.74639101591643
2037-05-20,1087733.3358939807,871776.286889394,1139.1496015283233,189.57742575237793
2037-05-21,1087218.564725052,871776.286889394,1139.1496015283233,189.12553500138452
2037-05-22,1086900.2126015192,871776.286889394,1139.1496015283233,188.8460702821712
2037-05-23,1085868.6397813093,871776.286889394,1139.1496015283233,187.9405063256674
2037-05-24,1087277.1693682177,871776.286889394,1139.1496015283233,189.17698095991975
2037-05-25,1086450.133506136,871776.286889394,1139.1496015283233,188.45096932723143
2037-05-26,1084384.6220713125,871776.286889394,1139.1496015283233,186.63776460675192
2037-05-27,1080879.2202700265,871776.286889394,1139.1496015283233,183.5605552598996
2037-05-28,1078907.314370793,871776.286889394,1139.1496015283233,181.82952195524172
2037-05-29,1078357.3466290648,871776.286889394,1139.1496015283233,181.34673396937004
2037-05-30,1080390.870641966,871776.286889394,1139.1496015283233,183.13185860108905
2037-05-31,1080485.839764604,871776.286889394,1139.1496015283233,183.21522703883497
2037-06-01,1080724.9150294145,871776.286889394,1139.1496015283233,183.42509874004932
2037-06-02,1080731.9641302282,871776.286889394,1139.1496015283233,183.43128677786635
2037-06-03,1082781.1168126403,1299465.7968800436,-1166.263328307386,185.7939581980003
2037-06-04,1081677.8556722933,1299465.7968800436,-1166.263328307386,186.7399376466967
2037-06-05,1081709.89419006,1299465.7968800436,-1166.263328307386,186.71246656277503
2037-06-06,1083009.6307125054,1299465.7968800436,-1166.263328307386,185.59802140197957
2037-06-07,1085720.9230648775,1299465.7968800436,-1166.263328307386,183.2732528127905
2037-06-08,1082159.5451603932,1299465.7968800436,-1166.263328307386,186.32691815409297
2037-06-09,1080406.1972316361,1299465.7968800436,-1166.263328307386,187.83030755698343
2037-06-10,1080829.4450119503,1299465.7968800436,-1166.263328307386,187.4673982808009
2037-06-11,1076871.8094738317,1299465.7968800436,-1166.263328307386,190.86083048608384
2037-06-12,1076888.7866906465,1299465.7968800436,-1166.263328307386,190.84627355335448
2037-06-13,1078699.2733466297,1299465.7968800436,-1166.263328307386,189.29389116076848
2037-06-14,1075985.7120206156,1299465.7968800436,-1166.263328307386,191.62060525710584
2037-06-15,1078830.2134499755,1299465.7968800436,-1166.263328307386,189.18161797154303
2037-06-16,1079712.965038626,1299465.7968800436,-1166.263328307386,188.424712076258
2037-06-17,1082335.6658606757,1299465.7968800436,-1166.263328307386,186.17590534591517
2037-06-18,1084064.377015378,1299465.7968800436,-1166.263328307386,184.69364048107423
2037-06-19,1083633.5097937214,1299465.7968800436,-1166.263328307386,185.0630829656306
2037-06-20,1082904.5150227002,1299465.7968800436,-1166.263328307386,185.68815172439812
2037-06-21,1085278.3307872405,1299465.7968800436,-1166.263328307386,183.6527488210199
2037-06-22,1081368.0717075039,1299465.7968800436,-1166.263328307386,187.0055585894721
2037-06-23,1085877.168289963,1299465.7968800436,-1166.263328307386,183.13928201795105
2037-06-24,1085595.3601455574,1302715.4081966477,-1184.0108986170737,183.37673099520177
2037-06-25,1085258.2331820293,1302715.4081966477,-1184.0108986170737,183.66146398534715
2037-06-26,1084684.5160675438,1302715.4081966477,-1184.0108986170737,184.1460178987915
2037-06-27,1082758.8530974716,1302715.4081966477,-1184.0108986170737,185.77240746355085
2037-06-28,1089365.1811630907,1302715.4081966477,-1184.0108986170737,180.1927898491054
2037-06-29,1091010.2444893138,1302715.4081966477,-1184.0108986170737,178.80339104530688
2037-06-30,1090689.7602741565,1302715.4081966477,-1184.0108986170737,179.07406778952569
2037-07-01,1087047.8766716209,1302715.4081966477,-1184.0108986170737,182.1499546810985
2037-07-02,1088299.030776787,1302715.4081966477,-1184.0108986170737,181.0932464137782
2037-07-03,1088711.1779973253,1302715.4081966477,-1184.0108986170737,180.7451523033104
2037-07-04,1087153.0214969332,1302715.4081966477,-1184.0108986170737,182.06115074742272
2037-07-05,1089744.6815005324,1302715.4081966477,-1184.0108986170737,179.87226886582312
2037-07-06,1089696.873634176,1302715.4081966477,-1184.0108986170737,179.91264675965192
2037-07-07,1089920.712530965,1302715.4081966477,-1184.0108986170737,179.7235953775655
2037-07-08,1091213.1657954063,1302715.4081966477,-1184.0108986170737,178.632006384634
2037-07-09,1090146.5428240818,1302715.4081966477,-1184.0108986170737,179.53286208838662
2037-07-10,1085511.8085580247,1302715.4081966477,-1184.0108986170737,183.44729756484247
2037-07-11,1085134.1724269113,1302715.4081966477,-1184.0108986170737,183.7662440640298
2037-07-12,1089942.9705082958,1302715.4081966477,-1184.0108986170737,179.70479658326656
2037-07-13,1091788.4172590913,1302715.4081966477,-1184.0108986170737,178.14615658007824
2037-07-14,1088644.9609810375,1302715.4081966477,-1184.0108986170737,180.801078322543
2037-07-15,1089087.6820228263,1256360.2117118833,-927.3932313541688,180.3685039244976
2037-07-16,1091038.1963246022,1256360.2117118833,-927.3932313541688,178.26528143393895
2037-07-17,1089786.0430533183,1256360.2117118833,-927.3932313541688,179.61546734100628
2037-07-18,1090846.5078603674,1256360.2117118833,-927.3932313541688,178.47197742626904
2037-07-19,1090788.4737751796,1256360.2117118833,-927.3932313541688,178.53455507211083
2037-07-20,1092651.689725718,1256360.2117118833,-927.3932313541688,176.52546562920236
2037-07-21,1093334.6607407173,1256360.2117118833,-927.3932313541688,175.78902396464326
2037-07-22,1093383.810200228,1256360.2117118833,-927.3932313541688,175.73602653286466
2037-07-23,1093547.9920589954,1256360.2117118833,-927.3932313541688,175.55899067232926
2037-07-24,1092936.8752928963,1256360.2117118833,-927.3932313541688,176.21795252954146
2037-07-25,1092607.7250109976,1256360.2117118833,-927.3932313541688,176.57287239607768
2037-07-26,1094267.0298841095,1256360.2117118833,-927.3932313541688,174.78365848226787
2037-07-27,1091511.2722406024,1256360.2117118833,-927.3932313541688,177.75516781653698
2037-07-28,1091769.5038762134,1256360.2117118833,-927.3932313541688,177.47671890524418
2037-07-29,1093977.4214274972,1256360.2117118833,-927.3932313541688,175.09594074487322
2037-07-30,1097546.2775103578,1256360.2117118833,-927.3932313541688,171.24767448391583
2037-07-31,1097426.832597587,1256360.2117118833,-927.3932313541688,171.3764708873533
2037-08-01,1098892.1809423247,1256360.2117118833,-927.3932313541688,169.79639859957322
2037-08-02,1097987.6077411063,1256360.2117118833,-927.3932313541688,170.77179196091728
2037-08-03,1097911.0008939563,1256360.2117118833,-927.3932313541688,170.85439645333756
2037-08-04,1091545.9529645853,1256360.2117118833,-927.3932313541688,177.71777189557235
2037-08-05,1093527.0573829713,1312249.2551547436,-1246.3438055469883,175.49106177470895
2037-08-06,1091201.3842193633,1312249.2551547436,-1246.3438055469883,177.35705826240127
2037-08-07,1093596.8440357093,1312249.2551547436,-1246.3438055469883,175.43506867519062
2037-08-08,1091772.3671112256,1312249.2551547436,-1246.3438055469883,176.89893194980516
2037-08-09,1088612.2806670584,1312249.2551547436,-1246.3438055469883,179.43441728707964
2037-08-10,1089381.1358848165,1312249.2551547436,-1246.3438055469883,178.81752874128972
2037-08-11,1091000.382125677,1312249.2551547436,-1246.3438055469883,177.51833165485678
2037-08-12,1091346.5471000802,1312249.2551547436,-1246.3438055469883,177.24058728539575
2037-08-13,1092981.784073171,1312249.2551547436,-1246.3438055469883,175.92856008566727
2037-08-14,1089421.6352967268,1312249.2551547436,-1246.3438055469883,178.78503416657446
2037-08-15,1089861.4625216974,1312249.2551547436,-1246.3438055469883,178.43214018739062
2037-08-16,1088881.8472024142,1312249.2551547436,-1246.3438055469883,179.21813143228087
2037-08-17,1087832.045236985,1312249.2551547436,-1246.3438055469883,180.06043671013197
2037-08-18,1085820.8619350218,1312249.2551547436,-1246.3438055469883,181.67410325463777
2037-08-19,1086842.0329016082,1312249.2551547436,-1246.3438055469883,180.8547699679143
2037-08-20,1085105.6401090147,1312249.2551547436,-1246.3438055469883,182.24795921863745
2037-08-21,1082130.3359954257,1312249.2551547436,-1246.3438055469883,184.63518503895037
2037-08-22,1082488.3016685122,1312249.2551547436,-1246.3438055469883,184.34797241632316
2037-08-23,1085530.6874606807,1312249.2551547436,-1246.3438055469883,181.90692382392984
2037-08-24,1082406.498949089,1312249.2551547436,-1246.3438055469883,184.4136065688411
2037-08-25,1082007.0519268562,1312249.2551547436,-1246.3438055469883,184.73410162041117
2037-08-26,1081976.5992115438,1298376.0761571364,-1171.3613753270827,184.74185806678716
2037-08-27,1080507.1218829097,1298376.0761571364,-1171.3613753270827,185.9963618942024
2037-08-28,1077371.0222668676,1298376.0761571364,-1171.3613753270827,188.6736736803849
2037-08-29,1077861.0608248238,1298376.0761571364,-1171.3613753270827,188.25532408454012
2037-08-30,1075074.7259156276,1298376.0761571364,-1171.3613753270827,190.6340391146632
2037-08-31,1074913.6605786916,1298376.0761571364,-1171.3613753270827,190.7715418019881
2037-09-01,1073515.337270311,1298376.0761571364,-1171.3613753270827,191.9653009081308
2037-09-02,1074875.9777414964,1298376.0761571364,-1171.3613753270827,190.80371192300188
2037-09-03,1075442.5577621576,1298376.0761571364,-1171.3613753270827,190.32001830581825
2037-09-04,1073011.2884422014,1298376.0761571364,-1171.3613753270827,192.39561117678613
2037-09-05,1077395.0663233881,1298376.0761571364,-1171.3613753270827,188.6531470888248
2037-09-06,1075841.7765726382,1298376.0761571364,-1171.3613753270827,189.979202210214
2037-09-07,1074995.6074809963,1298376.0761571364,-1171.3613753270827,190.701583116282
2037-09-08,1071254.220094852,1298376.0761571364,-1171.3613753270827,193.89563361594065
2037-09-09,1068957.6182521079,1298376.0761571364,-1171.3613753270827,195.8562598506095
2037-09-10,1068551.5240119486,1298376.0761571364,-1171.3613753270827,196.20294555214716
2037-09-11,1071456.0146726966,1298376.0761571364,-1171.3613753270827,193.7233600698812
2037-09-12,1072769.653536525,1298376.0761571364,-1171.3613753270827,192.60189670981305
2037-09-13,1073281.0196350382,1298376.0761571364,-1171.3613753270827,192.1653396324803
2037-09-14,1069897.3661018687,1298376.0761571364,-1171.3613753270827,195.0539900562018
2037-09-15,1068060.4385767519,1298376.0761571364,-1171.3613753270827,196.62218887495135
2037-09-16,1069541.4134149202,1069541.4134149202,0.0,195.06517424337824
2037-09-17,1069541.4134149202,1069541.4134149202,0.0,195.852499171497
2037-09-18,1069541.4134149202,1069541.4134149202,0.0,194.95605038357093
2037-09-19,1069541.4134149202,1069541.4134149202,0.0,193.7010467747788
2037-09-20,1069541.4134149202,1069541.4134149202,0.0,194.92242616720907
2037-09-21,1069541.4134149202,1069541.4134149202,0.0,194.6411382590017
2037-09-22,1069541.4134149202,1069541.4134149202,0.0,192.38814737329372
2037-09-23,1069541.4134149202,1069541.4134149202,0.0,193.98566265699623
2037-09-24,1069541.4134149202,1069541.4134149202,0.0,194.28074830054967
2037-09-25,1069541.4134149202,1069541.4134149202,0.0,193.57029539008997
2037-09-26,1069541.4134149202,1069541.4134149202,0.0,196.48094094200349
2037-09-27,1069541.4134149202,1069541.4134149202,0.0,198.5829060912087
2037-09-28,1069541.4134149202,1069541.4134149202,0.0,198.82452511356615
2037-09-29,1069541.4134149202,1069541.4134149202,0.0,195.4497400640438
2037-09-30,1069541.4134149202,1069541.4134149202,0.0,197.63235332236172
2037-10-01,1069541.4134149202,1069541.4134149202,0.0,196.6792623944241
2037-10-02,1069541.4134149202,1069541.4134149202,0.0,196.36900760677273
2037-10-03,1069541.4134149202,1069541.4134149202,0.0,195.77544451306463
2037-10-04,1069541.4134149202,1069541.4134149202,0.0,193.25531609214744
2037-10-05,1069541.4134149202,1069541.4134149202,0.0,194.1317898564582
2037-10-06,1069541.4134149202,1069541.4134149202,0.0,192.50277229327108
2037-10-07,1069541.4134149202,1069541.4134149202,0.0,193.2756529245434
2037-10-08,1069541.4134149202,1069541.4134149202,0.0,191.4748926714037
2037-10-09,1069541.4134149202,1069541.4134149202,0.0,190.6069133489556
2037-10-10,1069541.4134149202,1069541.4134149202,0.0,191.30412280950657
2037-10-11,1069541.4134149202,1069541.4134149202,0.0,191.54064142402063
2037-10-12,1069541.4134149202,1069541.4134149202,0.0,192.73516694324368
2037-10-13,1069541.4134149202,1069541.4134149202,0.0,194.08365208388423
2037-10-14,1069541.4134149202,1069541.4134149202,0.0,196.68678609399697
2037-10-15,1069541.4134149202,1069541.4134149202,0.0,196.68532114665553
2037-10-16,1069541.4134149202,1069541.4134149202,0.0,199.073656299652
2037-10-17,1069541.4134149202,1069541.4134149202,0.0,198.43286659291525
2037-10-18,1069541.4134149202,1069541.4134149202,0.0,199.98241974817464
2037-10-19,1069541.4134149202,1069541.4134149202,0.0,202.2420204130052
2037-10-20,1069541.4134149202,1069541.4134149202,0.0,204.51944913497968
2037-10-21,1069541.4134149202,1069541.4134149202,0.0,201.557556347286
2037-10-22,1069541.4134149202,1069541.4134149202,0.0,195.31728851178937
2037-10-23,1069541.4134149202,1069541.4134149202,0.0,196.4044722688733
2037-10-24,1069541.4134149202,1069541.4134149202,0.0,196.40941291592748
2037-10-25,1069541.4134149202,1069541.4134149202,0.0,196.9609494480914
2037-10-26,1069541.4134149202,1069541.4134149202,0.0,197.14158652789428
2037-10-27,1069541.4134149202,1069541.4134149202,0.0,196.4739379009948
2037-10-28,1069541.4134149202,1069541.4134149202,0.0,197.60214299029565
2037-10-29,1069541.4134149202,1069541.4134149202,0.0,198.27303780793147
2037-10-30,1069541.4134149202,1069541.4134149202,0.0,198.0653486162229
2037-10-31,1069541.4134149202,1069541.4134149202,0.0,198.12267280552365
2037-11-01,1069541.4134149202,1069541.4134149202,0.0,199.3486598591409
2037-11-02,1069541.4134149202,1069541.4134149202,0.0,198.16768156294975
2037-11-03,1069541.4134149202,1069541.4134149202,0.0,195.97681739124656
2037-11-04,1069541.4134149202,1069541.4134149202,0.0,193.78029526188152
2037-11-05,1069541.4134149202,1069541.4134149202,0.0,192.79729668311927
2037-11-06,1069541.4134149202,1069541.4134149202,0.0,195.68061286654503
2037-11-07,1069541.4134149202,1069541.4134149202,0.0,195.94058941151476
2037-11-08,1069541.4134149202,1069541.4134149202,0.0,194.6146206497999
2037-11-09,1069541.4134149202,1069541.4134149202,0.0,195.00872995484897
2037-11-10,1069541.4134149202,1069541.4134149202,0.0,192.9828684061557
2037-11-11,1069541.4134149202,1069541.4134149202,0.0,192.62457371545997
2037-11-12,1069541.4134149202,1069541.4134149202,0.0,191.8356211670514
2037-11-13,1069541.4134149202,1069541.4134149202,0.0,189.3138223751604
2037-11-14,1069541.4134149202,1069541.4134149202,0.0,191.39481317570048
2037-11-15,1069541.4134149202,1069541.4134149202,0.0,190.67532508729653
2037-11-16,1069541.4134149202,1069541.4134149202,0.0,190.6020540961477
2037-11-17,1069541.4134149202,1069541.4134149202,0.0,191.9348340556039
2037-11-18,1069541.4134149202,1069541.4134149202,0.0,192.6112206475751
2037-11-19,1069541.4134149202,1069541.4134149202,0.0,192.75997877398655
2037-11-20,1069541.4134149202,1069541.4134149202,0.0,192.30166932715937
2037-11-21,1069541.4134149202,1069541.4134149202,0.0,193.70710437030652
2037-11-22,1069541.4134149202,1069541.4134149202,0.0,193.69312234580855
2037-11-23,1069541.4134149202,1069541.4134149202,0.0,193.972599139732
2037-11-24,1069541.4134149202,1069541.4134149202,0.0,196.14333655028904
2037-11-25,1069541.4134149202,1069541.4134149202,0.0,198.4507487406427
2037-11-26,1069541.4134149202,1069541.4134149202,0.0,198.9847443195844
2037-11-27,1069541.4134149202,1069541.4134149202,0.0,199.19301303937087
2037-11-28,1069541.4134149202,1069541.4134149202,0.0,200.50365255103148
2037-11-29,1069541.4134149202,1069541.4134149202,0.0,199.9997072059629
2037-11-30,1069541.4134149202,1069541.4134149202,0.0,199.5022625267139
2037-12-01,1069541.4134149202,1069541.4134149202,0.0,199.3772432595331
2037-12-02,1069541.4134149202,1069541.4134149202,0.0,197.35696789316216
2037-12-03,1069541.4134149202,1069541.4134149202,0.0,202.07480462401503
2037-12-04,1069541.4134149202,1069541.4134149202,0.0,201.2687244488872
2037-12-05,1069541.4134149202,1069541.4134149202,0.0,202.21212404838167
2037-12-06,1069541.4134149202,1069541.4134149202,0.0,202.17789078230217
2037-12-07,1069541.4134149202,1069541.4134149202,0.0,203.57357504654257
2037-12-08,1069541.4134149202,1069541.4134149202,0.0,202.79322797581924
2037-12-09,1069541.4134149202,1069541.4134149202,0.0,203.23338080760936
2037-12-10,1069541.4134149202,1069541.4134149202,0.0,201.51277708393064
2037-12-11,1069541.4134149202,1069541.4134149202,0.0,203.97446005461353
2037-12-12,1069541.4134149202,1069541.4134149202,0.0,205.32834641995268
2037-12-13,1069541.4134149202,1069541.4134149202,0.0,202.4406456041247
2037-12-14,1069541.4134149202,1069541.4134149202,0.0,202.4692683017356
2037-12-15,1069541.4134149202,1069541.4134149202,0.0,199.67346017461315
2037-12-16,1069541.4134149202,1069541.4134149202,0.0,198.0834434880269
2037-12-17,1069541.4134149202,1069541.4134149202,0.0,199.91618864890296
2037-12-18,1069541.4134149202,1069541.4134149202,0.0,195.00744971908176
2037-12-19,1069541.4134149202,1069541.4134149202,0.0,197.05647345242645
2037-12-20,1069541.4134149202,1069541.4134149202,0.0,197.80433147200952
2037-12-21,1069541.4134149202,1069541.4134149202,0.0,197.6459161313277
2037-12-22,1069541.4134149202,1069541.4134149202,0.0,199.38867331096904
2037-12-23,1069541.4134149202,1069541.4134149202,0.0,204.85124474767892
2037-12-24,1069541.4134149202,1069541.4134149202,0.0,202.14631993539567
2037-12-25,1069541.4134149202,1069541.4134149202,0.0,205.59884613118896
2037-12-26,1069541.4134149202,1069541.4134149202,0.0,207.5954002046206
2037-12-27,1069541.4134149202,1069541.4134149202,0.0,206.1374397010152
2037-12-28,1069541.4134149202,1069541.4134149202,0.0,207.22206858063112
2037-12-29,1069541.4134149202,1069541.4134149202,0.0,204.9302677337049
2037-12-30,1069541.4134149202,1069541.4134149202,0.0,203.92324064618035
2037-12-31,1069541.4134149202,1069541.4134149202,0.0,199.67544594030448
2038-01-01,1069541.4134149202,1069541.4134149202,0.0,197.00074455357287
2038-01-02,1069541.4134149202,1069541.4134149202,0.0,197.75412992491093
2038-01-03,1069541.4134149202,1069541.4134149202,0.0,198.6862040441545
2038-01-04,1069541.4134149202,1069541.4134149202,0.0,199.60057265095995
2038-01-05,1069541.4134149202,1069541.4134149202,0.0,200.8744387690293
2038-01-06,1069541.4134149202,1069541.4134149202,0.0,201.11252033877025
2038-01-07,1069541.4134149202,1069541.4134149202,0.0,202.48141536041592
2038-01-08,1069541.4134149202,1069541.4134149202,0.0,204.665937574616
2038-01-09,1069541.4134149202,1069541.4134149202,0.0,205.17086579176535
2038-01-10,1069541.4134149202,1069541.4134149202,0.0,204.2815860830786
2038-01-11,1069541.4134149202,1069541.4134149202,0.0,203.98481180300632
2038-01-12,1069541.4134149202,1069541.4134149202,0.0,202.28610366089993
2038-01-13,1069541.4134149202,1069541.4134149202,0.0,204.0157078413025
2038-01-14,1069541.4134149202,1069541.4134149202,0.0,200.766486983831
2038-01-15,1069541.4134149202,1069541.4134149202,0.0,200.4468030603752
2038-01-16,1069541.4134149202,1069541.4134149202,0.0,201.59086949234623
2038-01-17,1069541.4134149202,1069541.4134149202,0.0,199.54493682303848
2038-01-18,1069541.4134149202,1069541.4134149202,0.0,196.7747077776206
2038-01-19,1069541.4134149202,1069541.4134149202,0.0,192.339699110293
2038-01-20,1069220.4440367545,855312.1613537704,1115.3045820653992,191.79360160688455
2038-01-21,1066788.314280988,855312.1613537704,1115.3045820653992,189.6129150080162
2038-01-22,1068650.5836429866,855312.1613537704,1115.3045820653992,191.2826556259108
2038-01-23,1065366.0515844484,855312.1613537704,1115.3045820653992,188.33769143285105
2038-01-24,1066479.493238464,855312.1613537704,1115.3045820653992,189.33602110164296
2038-01-25,1063747.8335810783,855312.1613537704,1115.3045820653992,186.88677118255197
2038-01-26,1060617.7267917723,855312.1613537704,1115.3045820653992,184.0802671659455
2038-01-27,1058161.6874268837,855312.1613537704,1115.3045820653992,181.8781428275516
2038-01-28,1060354.76669455,855312.1613537704,1115.3045820653992,183.84449291965356
2038-01-29,1057903.234060304,855312.1613537704,1115.3045820653992,181.6464093883316
2038-01-30,1060229.926675904,855312.1613537704,1115.3045820653992,183.732559354013
2038-01-31,1060645.617021807,855312.1613537704,1115.3045820653992,184.10527399410995
2038-02-01,1059583.9738201294,855312.1613537704,1115.3045820653992,183.15338764956388
2038-02-02,1057445.756771805,855312.1613537704,1115.3045820653992,181.23622790440737
2038-02-03,1061332.1416022899,855312.1613537704,1115.3045820653992,184.72082295851163
2038-02-04,1060123.5794616574,855312.1613537704,1115.3045820653992,183.63720673379015
2038-02-05,1058930.5929522968,855312.1613537704,1115.3045820653992,182.56755587021047
2038-02-06,1061906.978903677,855312.1613537704,1115.3045820653992,185.2362313147856
2038-02-07,1065298.719492657,855312.1613537704,1115.3045820653992,188.27732039800188
2038-02-08,1065005.0554818455,855312.1613537704,1115.3045820653992,188.0140165296829
2038-02-09,1067503.074032729,855312.1613537704,1115.3045820653992,190.25378008042316
2038-02-10,1065891.071180311,1065891.071180311,0.0,189.0919758520726
2038-02-11,1065891.071180311,1065891.071180311,0.0,193.3889151077733
2038-02-12,1065891.071180311,1065891.071180311,0.0,190.86962302314737
2038-02-13,1065891.071180311,1065891.071180311,0.0,189.13288836167095
2038-02-14,1065891.071180311,1065891.071180311,0.0,191.63207681182243
2038-02-15,1065891.071180311,1065891.071180311,0.0,191.07854629520625
2038-02-16,1065891.071180311,1065891.071180311,0.0,193.71852739895905
2038-02-17,1065891.071180311,1065891.071180311,0.0,192.81752751085904
2038-02-18,1065891.071180311,1065891.071180311,0.0,194.092902724646
2038-02-19,1065891.071180311,1065891.071180311,0.0,192.7525043999385
2038-02-20,1065891.071180311,1065891.071180311,0.0,192.6065625580664
2038-02-21,1065891.071180311,1065891.071180311,0.0,190.15595816559596
2038-02-22,1065891.071180311,1065891.071180311,0.0,190.06497049537023
2038-02-23,1065891.071180311,1065891.071180311,0.0,188.40385209819829
2038-02-24,1065891.071180311,1065891.071180311,0.0,192.34936272937267
2038-02-25,1065891.071180311,1065891.071180311,0.0,191.73350475554017
2038-02-26,1065891.071180311,1065891.071180311,0.0,189.45088674782676
2038-02-27,1065891.071180311,1065891.071180311,0.0,190.76613112168303
2038-02-28,1065891.071180311,1065891.071180311,0.0,188.47575796868668
2038-03-01,1065891.071180311,1065891.071180311,0.0,190.1359216972378
2038-03-02,1065891.071180311,1065891.071180311,0.0,189.07809700963935
2038-03-03,1065571.410448064,1278749.6246841263,-1127.8865318257954,189.0067912159342
2038-03-04,1065975.5119567572,1278749.6246841263,-1127.8865318257954,188.64850915715388
2038-03-05,1066514.7597868617,1278749.6246841263,-1127.8865318257954,188.17040447650697
2038-03-06,1066382.6357200646,1278749.6246841263,-1127.8865318257954,188.28754752509295
2038-03-07,1067786.4375867345,1278749.6246841263,-1127.8865318257954,187.04291712384372
2038-03-08,1070077.6492235549,1278749.6246841263,-1127.8865318257954,185.01149678840332
2038-03-09,1069996.5878478368,1278749.6246841263,-1127.8865318257954,185.08336693972672
2038-03-10,1070825.2425051434,1278749.6246841263,-1127.8865318257954,184.34867011170007
2038-03-11,1073467.581775922,1278749.6246841263,-1127.8865318257954,182.00593509694508
2038-03-12,1072202.7095284301,1278749.6246841263,-1127.8865318257954,183.12738855152668
2038-03-13,1072236.4643033536,1278749.6246841263,-1127.8865318257954,183.0974610951992
2038-03-14,1074468.4526945567,1278749.6246841263,-1127.8865318257954,181.11854891899836
2038-03-15,1074953.490927256,1278749.6246841263,-1127.8865318257954,180.68850722684857
2038-03-16,1075247.863565313,1278749.6246841263,-1127.8865318257954,180.42751232199728
2038-03-17,1077334.7512650047,1278749.6246841263,-1127.8865318257954,178.57724845164714
2038-03-18,1070863.3860261957,1278749.6246841263,-1127.8865318257954,184.31485153157152
2038-03-19,1070879.5766363747,1278749.6246841263,-1127.8865318257954,184.30049670976808
2038-03-20,1071336.2208851934,1278749.6246841263,-1127.8865318257954,183.89562952150612
2038-03-21,1066219.712457304,1278749.6246841263,-1127.8865318257954,188.43199757229507
2038-03-22,1065247.112763588,1278749.6246841263,-1127.8865318257954,189.29431808616908
2038-03-23,1062650.753013171,1278749.6246841263,-1127.8865318257954,191.59628701403128
2038-03-24,1062441.1565324832,1274930.5322314638,-1108.0021369552687,191.77704501806315
2038-03-25,1062304.6214872673,1274930.5322314638,-1108.0021369552687,191.90027135550585
2038-03-26,1064115.460180569,1274930.5322314638,-1108.0021369552687,190.26594355693535
2038-03-27,1062700.6209280149,1274930.5322314638,-1108.0021369552687,191.54287182752697
2038-03-28,1058740.6488167495,1274930.5322314638,-1108.0021369552687,195.11684698442252
2038-03-29,1055304.082820114,1274930.5322314638,-1108.0021369552687,198.21843486229332
2038-03-30,1057946.826020015,1274930.5322314638,-1108.0021369552687,195.83329217009333
2038-03-31,1053874.1314681144,1274930.5322314638,-1108.0021369552687,199.5090021855019
2038-04-01,1055695.5538235113,1274930.5322314638,-1108.0021369552687,197.86512236375148
2038-04-02,1057748.060132124,1274930.5322314638,-1108.0021369552687,196.01268341967796
2038-04-03,1059663.503005619,1274930.5322314638,-1108.0021369552687,194.28394769832065
2038-04-04,1060503.610175164,1274930.5322314638,-1108.0021369552687,193.52572969356683
2038-04-05,1064607.9951583433,1274930.5322314638,-1108.0021369552687,189.8214182610475
2038-04-06,1064497.0329914228,1274930.5322314638,-1108.0021369552687,189.9215644279362
2038-04-07,1065042.523726691,1274930.5322314638,-1108.0021369552687,189.42924521926815
2038-04-08,1064955.3638286947,1274930.5322314638,-1108.0021369552687,189.50790923541885
2038-04-09,1065994.2608718267,1274930.5322314638,-1108.0021369552687,188.57027833338196
2038-04-10,1069294.1788765313,1274930.5322314638,-1108.0021369552687,185.59201873022585
2038-04-11,1069829.0093724695,1274930.5322314638,-1108.0021369552687,185.1093206576319
2038-04-12,1067310.605953958,1274930.5322314638,-1108.0021369552687,187.3822435469615
2038-04-13,1069397.3668479042,1274930.5322314638,-1108.0021369552687,185.4988889717794
2038-04-14,1070886.8976107105,1070886.8976107105,0.0,183.87863982181213
2038-04-15,1070886.8976107105,1070886.8976107105,0.0,184.71697039716065
2038-04-16,1070886.8976107105,1070886.8976107105,0.0,182.44422791485573
2038-04-17,1070886.8976107105,1070886.8976107105,0.0,182.85667415289737
2038-04-18,1070886.8976107105,1070886.8976107105,0.0,183.6704389472521
2038-04-19,1070886.8976107105,1070886.8976107105,0.0,182.6392372941776
2038-04-20,1070886.8976107105,1070886.8976107105,0.0,181.2750225546025
2038-04-21,1070886.8976107105,1070886.8976107105,0.0,178.73868117670796
2038-04-22,1070886.8976107105,1070886.8976107105,0.0,177.3303257440495
2038-04-23,1070886.8976107105,1070886.8976107105,0.0,178.34001403890085
2038-04-24,1070886.8976107105,1070886.8976107105,0.0,179.84124225034333
2038-04-25,1070886.8976107105,1070886.8976107105,0.0,179.9557886000241
2038-04-26,1070886.8976107105,1070886.8976107105,0.0,178.85343518068697
2038-04-27,1070886.8976107105,1070886.8976107105,0.0,178.98460042848637
2038-04-28,1070886.8976107105,1070886.8976107105,0.0,177.52590379889662
2038-04-29,1070886.8976107105,1070886.8976107105,0.0,177.84412833992437
2038-04-30,1070886.8976107105,1070886.8976107105,0.0,179.17735119635682
2038-05-01,1070886.8976107105,1070886.8976107105,0.0,178.3454782120171
2038-05-02,1070886.8976107105,1070886.8976107105,0.0,176.9189290463343
2038-05-03,1070886.8976107105,1070886.8976107105,0.0,176.058164891489
2038-05-04,1070886.8976107105,1070886.8976107105,0.0,177.98326586083888
2038-05-05,1070565.738630117,1284743.1181522592,-1170.2316428926026,183.02135378319977
2038-05-06,1069172.1047803548,1284743.1181522592,-1170.2316428926026,184.212258044101
2038-05-07,1069329.752677428,1284743.1181522592,-1170.2316428926026,184.0775429233548
2038-05-08,1071416.6487106546,1284743.1181522592,-1170.2316428926026,182.2942241711221
2038-05-09,1073614.389804906,1284743.1181522592,-1170.2316428926026,180.4161848037888
2038-05-10,1072709.5559423922,1284743.1181522592,-1170.2316428926026,181.18939399532735
2038-05-11,1074356.567369987,1284743.1181522592,-1170.2316428926026,179.78197056971922
2038-05-12,1072194.363092835,1284743.1181522592,-1170.2316428926026,181.6296426013928
2038-05-13,1073472.8349328497,1284743.1181522592,-1170.2316428926026,180.53714792499312
2038-05-14,1070444.8294795414,1284743.1181522592,-1170.2316428926026,183.1246744815503
2038-05-15,1071320.2191031128,1284743.1181522592,-1170.2316428926026,182.37662632468505
2038-05-16,1068887.4361493953,1284743.1181522592,-1170.2316428926026,184.45551640469003
2038-05-17,1067429.789100886,1284743.1181522592,-1170.2316428926026,185.70112197121372
2038-05-18,1065581.4738349766,1284743.1181522592,-1170.2316428926026,187.2805659019392
2038-05-19,1065731.621574164,1284743.1181522592,-1170.2316428926026,187.152259903636
2038-05-20,1067181.5253977026,1284743.1181522592,-1170.2316428926026,185.91327116807685
2038-05-21,1064974.1069696455,1284743.1181522592,-1170.2316428926026,187.79958012362763
2038-05-22,1060997.7941867951,1284743.1181522592,-1170.2316428926026,191.19746532610048
2038-05-23,1063229.352280795,1284743.1181522592,-1170.2316428926026,189.2905282615002
2038-05-24,1062173.436872903,1284743.1181522592,-1170.2316428926026,190.19284141830568
2038-05-25,1061120.9748759407,1284743.1181522592,-1170.2316428926026,191.0922035261024
2038-05-26,1060732.1251343815,1272882.1043184963,-1108.3577271077802,191.40930224550573
2038-05-27,1057674.1579232032,1272882.1043184963,-1108.3577271077802,194.1683096818123
2038-05-28,1059336.750296413,1272882.1043184963,-1108.3577271077802,192.6682593528015
2038-05-29,1056978.3138363773,1272882.1043184963,-1108.3577271077802,194.79612511522987
2038-05-30,1057576.3087283026,1272882.1043184963,-1108.3577271077802,194.2565927266339
2038-05-31,1062548.5363865916,1272882.1043184963,-1108.3577271077802,189.7704710200042
2038-06-01,1065591.816078444,1272882.1043184963,-1108.3577271077802,187.02471518917355
2038-06-02,1065517.821050258,1272882.1043184963,-1108.3577271077802,187.0914761512496
2038-06-03,1062972.309088443,1272882.1043184963,-1108.3577271077802,189.3881281252088
2038-06-04,1060690.196952387,1272882.1043184963,-1108.3577271077802,191.44713135155072
2038-06-05,1060466.490039258,1272882.1043184963,-1108.3577271077802,191.64896773312455
2038-06-06,1062885.3994123226,1272882.1043184963,-1108.3577271077802,189.4665411447554
2038-06-07,1065406.0661655609,1272882.1043184963,-1108.3577271077802,187.1923054069707
2038-06-08,1064531.7247919552,1272882.1043184963,-1108.3577271077802,187.9811674794057
2038-06-09,1064619.7838309912,1272882.1043184963,-1108.3577271077802,187.90171746351075
2038-06-10,1062587.7889681084,1272882.1043184963,-1108.3577271077802,189.735055936447
2038-06-11,1063284.961934102,1272882.1043184963,-1108.3577271077802,189.1060415406951
2038-06-12,1064896.7295745937,1272882.1043184963,-1108.3577271077802,187.6518471041232
2038-06-13,1065474.5479636998,1272882.1043184963,-1108.3577271077802,187.13051867831444
2038-06-14,1065501.6851254746,1272882.1043184963,-1108.3577271077802,187.10603455995525
2038-06-15,1069674.629978578,1272882.1043184963,-1108.3577271077802,183.3410543996305
2038-06-16,1068696.970823338,1282439.2354759364,-1160.3173059950277,184.2101841869058
2038-06-17,1068391.7406811032,1282439.2354759364,-1160.3173059950277,184.47324166321664
2038-06-18,1066355.0141498917,1282439.2354759364,-1160.3173059950277,186.2285602477868
2038-06-19,1064662.9588417287,1282439.2354759364,-1160.3173059950277,187.6868297223698
2038-06-20,1062290.9788045783,1282439.2354759364,-1160.3173059950277,189.7310809154661
2038-06-21,1058559.6826883813,1282439.2354759364,-1160.3173059950277,192.94683586190905
2038-06-22,1058247.0198393248,1282439.2354759364,-1160.3173059950277,193.216299091873
2038-06-23,1063139.9711359371,1282439.2354759364,-1160.3173059950277,188.9993911208104
2038-06-24,1061243.1182556788,1282439.2354759364,-1160.3173059950277,190.63416194639225
2038-06-25,1058574.6998282115,1282439.2354759364,-1160.3173059950277,192.93389359193463
2038-06-26,1059083.21445554,1282439.2354759364,-1160.3173059950277,192.4956387932677
2038-06-27,1063542.1851456538,1282439.2354759364,-1160.3173059950277,188.6527497257036
2038-06-28,1061254.0987718848,1282439.2354759364,-1160.3173059950277,190.62469857275363
2038-06-29,1061296.883128605,1282439.2354759364,-1160.3173059950277,190.5878255928375
2038-06-30,1064228.6316252458,1282439.2354759364,-1160.3173059950277,188.06114734586723
2038-07-01,1064811.4825479174,1282439.2354759364,-1160.3173059950277,187.55882705842507
2038-07-02,1064822.1717384588,1282439.2354759364,-1160.3173059950277,187.54961475892188
2038-07-03,1065404.1600504145,1282439.2354759364,-1160.3173059950277,187.0480378980507
2038-07-04,1066498.5195107786,1282439.2354759364,-1160.3173059950277,186.10488256053225
2038-07-05,1064433.0687652798,1282439.2354759364,-1160.3173059950277,187.8849566271924
2038-07-06,1061467.4987706922,1282439.2354759364,-1160.3173059950277,190.4407833646422
2038-07-07,1056818.9362427066,1056818.9362427066,0.0,194.15573829101177
2038-07-08,1056818.9362427066,1056818.9362427066,0.0,192.21669467758352
2038-07-09,1056818.9362427066,1056818.9362427066,0.0,194.73334511826937
2038-07-10,1056818.9362427066,1056818.9362427066,0.0,195.10544198998673
2038-07-11,1056818.9362427066,1056818.9362427066,0.0,195.84000809769023
2038-07-12,1056818.9362427066,1056818.9362427066,0.0,198.23280593392232
2038-07-13,1056818.9362427066,1056818.9362427066,0.0,198.1339221319074
2038-07-14,1056818.9362427066,1056818.9362427066,0.0,197.77261396787085
2038-07-15,1056818.9362427066,1056818.9362427066,0.0,196.4057426479466
2038-07-16,1056818.9362427066,1056818.9362427066,0.0,194.12773075159228
2038-07-17,1056818.9362427066,1056818.9362427066,0.0,192.90390011926863
2038-07-18,1056818.9362427066,1056818.9362427066,0.0,193.2342410974285
2038-07-19,1056818.9362427066,1056818.9362427066,0.0,193.1370846374301
2038-07-20,1056818.9362427066,1056818.9362427066,0.0,192.40336789935083
2038-07-21,1056818.9362427066,1056818.9362427066,0.0,191.7315978268441
2038-07-22,1056818.9362427066,1056818.9362427066,0.0,193.75798947481456
2038-07-23,1056818.9362427066,1056818.9362427066,0.0,194.09859407177055
2038-07-24,1056818.9362427066,1056818.9362427066,0.0,192.18000051018169
2038-07-25,1056818.9362427066,1056818.9362427066,0.0,192.29130649586443
2038-07-26,1056818.9362427066,1056818.9362427066,0.0,193.47966308862027
2038-07-27,1056818.9362427066,1056818.9362427066,0.0,195.33906659946064
2038-07-28,1056818.9362427066,1056818.9362427066,0.0,196.444165899863
2038-07-29,1056818.9362427066,1056818.9362427066,0.0,198.11815250192075
2038-07-30,1056818.9362427066,1056818.9362427066,0.0,199.1232894538807
2038-07-31,1056818.9362427066,1056818.9362427066,0.0,195.16695521722792
2038-08-01,1056818.9362427066,1056818.9362427066,0.0,194.8543872769172
2038-08-02,1056818.9362427066,1056818.9362427066,0.0,194.67859407672108
2038-08-03,1056818.9362427066,1056818.9362427066,0.0,198.6895580363735
2038-08-04,1056818.9362427066,1056818.9362427066,0.0,200.2041044246472
2038-08-05,1056818.9362427066,1056818.9362427066,0.0,199.6224628157319
2038-08-06,1056818.9362427066,1056818.9362427066,0.0,198.08591566733065
2038-08-07,1056818.9362427066,1056818.9362427066,0.0,197.40558756206283
2038-08-08,1056818.9362427066,1056818.9362427066,0.0,195.816206027846
2038-08-09,1056818.9362427066,1056818.9362427066,0.0,200.13155606353263
2038-08-10,1056818.9362427066,1056818.9362427066,0.0,200.1010013013654
2038-08-11,1056818.9362427066,1056818.9362427066,0.0,201.7583202236769
2038-08-12,1056818.9362427066,1056818.9362427066,0.0,202.8007375393905
2038-08-13,1056818.9362427066,1056818.9362427066,0.0,204.1382074724146
2038-08-14,1056818.9362427066,1056818.9362427066,0.0,202.3483650915068
2038-08-15,1056818.9362427066,1056818.9362427066,0.0,205.07249024247193
2038-08-16,1056818.9362427066,1056818.9362427066,0.0,204.89144887310496
2038-08-17,1056818.9362427066,1056818.9362427066,0.0,207.98882093463268
2038-08-18,1056818.9362427066,1056818.9362427066,0.0,208.87605102964585
2038-08-19,1056818.9362427066,1056818.9362427066,0.0,212.57201392495577
2038-08-20,1056818.9362427066,1056818.9362427066,0.0,213.85195938368335
2038-08-21,1056818.9362427066,1056818.9362427066,0.0,213.455394001179
2038-08-22,1056818.9362427066,1056818.9362427066,0.0,216.47696160829457
2038-08-23,1056818.9362427066,1056818.9362427066,0.0,216.77657869301012
2038-08-24,1056818.9362427066,1056818.9362427066,0.0,217.9461621314078
2038-08-25,1056818.9362427066,1056818.9362427066,0.0,218.14077099764512
2038-08-26,1056818.9362427066,1056818.9362427066,0.0,216.96395436902947
2038-08-27,1056818.9362427066,1056818.9362427066,0.0,216.61834013877657
2038-08-28,1056818.9362427066,1056818.9362427066,0.0,218.16540441305
2038-08-29,1056818.9362427066,1056818.9362427066,0.0,220.29667750913623
2038-08-30,1056818.9362427066,1056818.9362427066,0.0,215.8921150016456
2038-08-31,1056818.9362427066,1056818.9362427066,0.0,216.5847577048492
2038-09-01,1056818.9362427066,1056818.9362427066,0.0,216.41610218913465
2038-09-02,1056818.9362427066,1056818.9362427066,0.0,213.47110934111328
2038-09-03,1056818.9362427066,1056818.9362427066,0.0,215.30951885444907
2038-09-04,1056818.9362427066,1056818.9362427066,0.0,219.23474219752345
2038-09-05,1056818.9362427066,1056818.9362427066,0.0,222.5072666591899
2038-09-06,1056818.9362427066,1056818.9362427066,0.0,217.3756318024989
2038-09-07,1056818.9362427066,1056818.9362427066,0.0,218.08222590255144
2038-09-08,1056501.78487994,845137.9976313988,975.5100872500083,216.67001706192715
2038-09-09,1055556.5088584395,845137.9976313988,975.5100872500083,215.70101014559123
2038-09-10,1055026.543601561,845137.9976313988,975.5100872500083,215.15774025653
2038-09-11,1050412.936756356,845137.9976313988,975.5100872500083,210.42831007891797
2038-09-12,1046231.1171145098,845137.9976313988,975.5100872500083,206.1415070037855
2038-09-13,1046402.5122310105,845137.9976313988,975.5100872500083,206.31720494760057
2038-09-14,1046901.666983845,845137.9976313988,975.5100872500083,206.828890843378
2038-09-15,1046507.858610033,845137.9976313988,975.5100872500083,206.42519601852783
2038-09-16,1044008.9433994178,845137.9976313988,975.5100872500083,203.86354622804777
2038-09-17,1043207.000105449,845137.9976313988,975.5100872500083,203.04147036799225
2038-09-18,1046090.7602337147,845137.9976313988,975.5100872500083,205.99762650205665
2038-09-19,1045363.0994629528,845137.9976313988,975.5100872500083,205.25169800754645
2038-09-20,1044358.9021090743,845137.9976313988,975.5100872500083,204.22229055497013
2038-09-21,1046838.3059618311,845137.9976313988,975.5100872500083,206.76393916031293
2038-09-22,1046403.614485068,845137.9976313988,975.5100872500083,206.31833487344343
2038-09-23,1047777.762121791,845137.9976313988,975.5100872500083,207.72698010908292
2038-09-24,1048713.7889126483,845137.9976313988,975.5100872500083,208.68650559538108
2038-09-25,1046905.4684861694,845137.9976313988,975.5100872500083,206.83278778137387
2038-09-26,1044916.4165765329,845137.9976313988,975.5100872500083,204.7938012699748
2038-09-27,1042241.6507581648,845137.9976313988,975.5100872500083,202.05188619054363
2038-09-28,1040261.5235246096,845137.9976313988,975.5100872500083,200.0220484067671
2038-09-29,1041586.8512258229,1041586.8512258229,1.1368683772161603e-13,201.6830718620849
2038-09-30,1041586.8512258229,1041586.8512258229,1.1368683772161603e-13,200.03243288065215
2038-10-01,1041586.8512258229,1041586.8512258229,1.1368683772161603e-13,199.75675950080665
2038-10-02,1041586.8512258229,1041586.8512258229,1.1368683772161603e-13,199.19492426753936
2038-10-03,1041586.8512258229,1041586.8512258229,1.1368683772161603e-13,199.9524977088946
2038-10-04,1041586.8512258229,1041586.8512258229,1.1368683772161603e-13,197.24221996907417
2038-10-05,1041586.8512258229,1041586.8512258229,1.1368683772161603e-13,199.4199761445301
2038-10-06,1041586.8512258229,1041586.8512258229,1.1368683772161603e-13,202.3047135981131
2038-10-07,1041586.8512258229,1041586.8512258229,1.1368683772161603e-13,202.25383287603384
2038-10-08,1041586.8512258229,1041586.8512258229,1.1368683772161603e-13,197.7744634107786
2038-10-09,1041586.8512258229,1041586.8512258229,1.1368683772161603e-13,196.0826716621462
2038-10-10,1041586.8512258229,1041586.8512258229,1.1368683772161603e-13,196.7032937600442
2038-10-11,1041586.8512258229,1041586.8512258229,1.1368683772161603e-13,197.43668182998675
2038-10-12,1041586.8512258229,1041586.8512258229,1.1368683772161603e-13,196.9283896379
2038-10-13,1041586.8512258229,1041586.8512258229,1.1368683772161603e-13,199.10778762651736
2038-10-14,1041586.8512258229,1041586.8512258229,1.1368683772161603e-13,197.96374922577385
2038-10-15,1041586.8512258229,1041586.8512258229,1.1368683772161603e-13,199.9215414842297
2038-10-16,1041586.8512258229,1041586.8512258229,1.1368683772161603e-13,199.92354959187367
2038-10-17,1041586.8512258229,1041586.8512258229,1.1368683772161603e-13,198.79500965969407
2038-10-18,1041586.8512258229,1041586.8512258229,1.1368683772161603e-13,200.25466617183145
2038-10-19,1041586.8512258229,1041586.8512258229,1.1368683772161603e-13,200.1667470639485
2038-10-20,1041586.8512258229,1041586.8512258229,1.1368683772161603e-13,201.9510822225573
2038-10-21,1041586.8512258229,1041586.8512258229,1.1368683772161603e-13,207.9066574543409
2038-10-22,1041586.8512258229,1041586.8512258229,1.1368683772161603e-13,205.97387295679405
2038-10-23,1041586.8512258229,1041586.8512258229,1.1368683772161603e-13,207.79608622095716
2038-10-24,1041586.8512258229,1041586.8512258229,1.1368683772161603e-13,209.12596170926145
2038-10-25,1041586.8512258229,1041586.8512258229,1.1368683772161603e-13,212.88026291612175
2038-10-26,1041586.8512258229,1041586.8512258229,1.1368683772161603e-13,214.83522496302749
2038-10-27,1041586.8512258229,1041586.8512258229,1.1368683772161603e-13,218.24116576687737
2038-10-28,1041586.8512258229,1041586.8512258229,1.1368683772161603e-13,216.10467931764325
2038-10-29,1041586.8512258229,1041586.8512258229,1.1368683772161603e-13,213.3655967034087
2038-10-30,1041586.8512258229,1041586.8512258229,1.1368683772161603e-13,211.36804098895027
2038-10-31,1041586.8512258229,1041586.8512258229,1.1368683772161603e-13,211.03678088233505
2038-11-01,1041586.8512258229,1041586.8512258229,1.1368683772161603e-13,213.9746556471664
2038-11-02,1041586.8512258229,1041586.8512258229,1.1368683772161603e-13,217.43827982593325
2038-11-03,1041586.8512258229,1041586.8512258229,1.1368683772161603e-13,216.64645945438295
2038-11-04,1041586.8512258229,1041586.8512258229,1.1368683772161603e-13,216.4034583477072
2038-11-05,1041586.8512258229,1041586.8512258229,1.1368683772161603e-13,213.88209763224012
2038-11-06,1041586.8512258229,1041586.8512258229,1.1368683772161603e-13,214.03779158567824
2038-11-07,1041586.8512258229,1041586.8512258229,1.1368683772161603e-13,213.61396708891155
2038-11-08,1041586.8512258229,1041586.8512258229,1.1368683772161603e-13,213.197125815088
2038-11-09,1041586.8512258229,1041586.8512258229,1.1368683772161603e-13,215.7293214620847
2038-11-10,1041274.2710117701,832956.9007666055,961.7412470880048,216.60438384639895
2038-11-11,1038568.3949753847,832956.9007666055,961.7412470880048,213.79086613092363
2038-11-12,1033391.1827340524,832956.9007666055,961.7412470880048,208.40770069322616
2038-11-13,1034500.5851287897,832956.9007666055,961.7412470880048,209.56123590666976
2038-11-14,1034969.4627269832,832956.9007666055,961.7412470880048,210.04876579021513
2038-11-15,1035733.8067743783,832956.9007666055,961.7412470880048,210.84351598909583
2038-11-16,1036205.8180177181,832956.9007666055,961.7412470880048,211.33430417642697
2038-11-17,1033892.7765709293,832956.9007666055,961.7412470880048,208.92924829076924
2038-11-18,1033511.8144020485,832956.9007666055,961.7412470880048,208.5331311750332
2038-11-19,1032899.760874671,832956.9007666055,961.7412470880048,207.89672972169987
2038-11-20,1032737.3425372294,832956.9007666055,961.7412470880048,207.7278502669262
2038-11-21,1034499.8624665497,832956.9007666055,961.7412470880048,209.5604844964104
2038-11-22,1033339.5161987834,832956.9007666055,961.7412470880048,208.35397882632537
2038-11-23,1031036.4354917491,832956.9007666055,961.7412470880048,205.95927992575548
2038-11-24,1033708.4587444129,832956.9007666055,961.7412470880048,208.7375981696223
2038-11-25,1032247.7868707868,832956.9007666055,961.7412470880048,207.2188197268252
2038-11-26,1034557.7675125521,832956.9007666055,961.7412470880048,209.620693046452
2038-11-27,1038942.1277450381,832956.9007666055,961.7412470880048,214.1794662567736
2038-11-28,1042070.036093448,832956.9007666055,961.7412470880048,217.431805030722
2038-11-29,1043464.2077351186,832956.9007666055,961.7412470880048,218.88143781489535
2038-11-30,1043047.4325520564,832956.9007666055,961.7412470880048,218.44808301772497
2038-12-01,1044656.593259467,1044656.593259467,0.0,220.45182479732975
2038-12-02,1044656.593259467,1044656.593259467,0.0,220.4013253252776
2038-12-03,1044656.593259467,1044656.593259467,0.0,223.5431250073184
2038-12-04,1044656.593259467,1044656.593259467,0.0,224.97509546846183
2038-12-05,1044656.593259467,1044656.593259467,0.0,225.82784311886743
2038-12-06,1044656.593259467,1044656.593259467,0.0,225.939110780276
2038-12-07,1044656.593259467,1044656.593259467,0.0,224.82536357713565
2038-12-08,1044656.593259467,1044656.593259467,0.0,224.82028449946787
2038-12-09,1044656.593259467,1044656.593259467,0.0,225.47957744482864
2038-12-10,1044656.593259467,1044656.593259467,0.0,224.90096195849011
2038-12-11,1044656.593259467,1044656.593259467,0.0,225.5721971135088
2038-12-12,1044656.593259467,1044656.593259467,0.0,227.80644431343623
2038-12-13,1044656.593259467,1044656.593259467,0.0,228.43964649609657
2038-12-14,1044656.593259467,1044656.593259467,0.0,227.22209970195996
2038-12-15,1044656.593259467,1044656.593259467,0.0,221.04614159125552
2038-12-16,1044656.593259467,1044656.593259467,0.0,223.74545920790325
2038-12-17,1044656.593259467,1044656.593259467,0.0,223.4981840501592
2038-12-18,1044656.593259467,1044656.593259467,0.0,223.94666556089527
2038-12-19,1044656.593259467,1044656.593259467,0.0,225.17049063167173
2038-12-20,1044656.593259467,1044656.593259467,0.0,226.40158164979343
2038-12-21,1044656.593259467,1044656.593259467,0.0,228.12372849976688
2038-12-22,1044656.593259467,1044656.593259467,0.0,230.436760945938
2038-12-23,1044656.593259467,1044656.593259467,0.0,232.18439697441465
2038-12-24,1044656.593259467,1044656.593259467,0.0,225.05876532828464
2038-12-25,1044656.593259467,1044656.593259467,0.0,225.94494083149945
2038-12-26,1044656.593259467,1044656.593259467,0.0,226.52182539861823
2038-12-27,1044656.593259467,1044656.593259467,0.0,225.94989916757163
2038-12-28,1044656.593259467,1044656.593259467,0.0,227.0360006868641
2038-12-29,1044656.593259467,1044656.593259467,0.0,227.08198275882435
2038-12-30,1044656.593259467,1044656.593259467,0.0,225.7959084908235
2038-12-31,1044656.593259467,1044656.593259467,0.0,228.60577405009016
2039-01-01,1044656.593259467,1044656.593259467,0.0,229.4022217498935
2039-01-02,1044656.593259467,1044656.593259467,0.0,229.79826861236225
2039-01-03,1044656.593259467,1044656.593259467,0.0,225.0598586940791
2039-01-04,1044656.593259467,1044656.593259467,0.0,229.90190723458093
2039-01-05,1044656.593259467,1044656.593259467,0.0,225.65549508615473
2039-01-06,1044656.593259467,1044656.593259467,0.0,226.84149570940747
2039-01-07,1044656.593259467,1044656.593259467,0.0,228.46459363778743
2039-01-08,1044656.593259467,1044656.593259467,0.0,232.25256645821756
2039-01-09,1044656.593259467,1044656.593259467,0.0,230.0297804518674
2039-01-10,1044656.593259467,1044656.593259467,0.0,228.17686731620833
2039-01-11,1044656.593259467,1044656.593259467,0.0,230.01046964095775
2039-01-12,1044343.0918158299,835411.7731639365,902.4621407384853,231.5125579461148
2039-01-13,1047929.1098278441,835411.7731639365,902.4621407384853,235.48615179580224
2039-01-14,1050252.6578179975,835411.7731639365,902.4621407384853,238.06082821187005
2039-01-15,1049526.8540708371,835411.7731639365,902.4621407384853,237.2565797959016
2039-01-16,1049289.1995236678,835411.7731639365,902.4621407384853,236.9932396108221
2039-01-17,1050410.7549337808,835411.7731639365,902.4621407384853,238.23601242032225
2039-01-18,1047149.5768361547,835411.7731639365,902.4621407384853,234.62236709337532
2039-01-19,1048340.9517070745,835411.7731639365,902.4621407384853,235.94250543174917
2039-01-20,1049693.9835357002,835411.7731639365,902.4621407384853,237.441772567231
2039-01-21,1047965.1899683,835411.7731639365,902.4621407384853,235.52613146788747
2039-01-22,1047512.9650181377,835411.7731639365,902.4621407384853,235.0250301698404
2039-01-23,1043350.4711166732,835411.7731639365,902.4621407384853,230.41265507556955
2039-01-24,1045290.9944224898,835411.7731639365,902.4621407384853,232.56290960505996
2039-01-25,1046170.0317504451,835411.7731639365,902.4621407384853,233.53695304497217
2039-01-26,1043434.2130116432,835411.7731639365,902.4621407384853,230.50544777145095
2039-01-27,1041240.6996274324,835411.7731639365,902.4621407384853,228.074860065671
2039-01-28,1040348.1148217113,835411.7731639365,902.4621407384853,227.08580494033285
2039-01-29,1042096.0356910878,835411.7731639365,902.4621407384853,229.0226406151747
2039-01-30,1043141.4670510796,835411.7731639365,902.4621407384853,230.1810619082124
2039-01-31,1041440.4508298751,835411.7731639365,902.4621407384853,228.29620032298
2039-02-01,1040221.7541808982,835411.7731639365,902.4621407384853,226.94578727631227
2039-02-02,1040324.7818549982,832258.8807185962,916.3267436490794,227.0651845299452
2039-02-03,1038665.5172780664,832258.8807185962,916.3267436490794,225.2544062366869
2039-02-04,1037594.0711168776,832258.8807185962,916.3267436490794,224.08512227917416
2039-02-05,1039019.6475150416,832258.8807185962,916.3267436490794,225.64087344331344
2039-02-06,1036498.5576152343,832258.8807185962,916.3267436490794,222.88957330143657
2039-02-07,1036207.9943251915,832258.8807185962,916.3267436490794,222.57247757978843
2039-02-08,1035766.3826477453,832258.8807185962,916.3267436490794,222.090540671904
2039-02-09,1035679.1868614021,832258.8807185962,916.3267436490794,221.99538270893103
2039-02-10,1036217.356583174,832258.8807185962,916.3267436490794,222.5826947409129
2039-02-11,1037474.7233273996,832258.8807185962,916.3267436490794,223.95487639220732
2039-02-12,1039090.3915337345,832258.8807185962,916.3267436490794,225.71807736558597
2039-02-13,1038380.2301435749,832258.8807185962,916.3267436490794,224.9430684562841
2039-02-14,1038068.3343763544,832258.8807185962,916.3267436490794,224.60269230838463
2039-02-15,1038791.9046439802,832258.8807185962,916.3267436490794,225.39233451040565
2039-02-16,1039164.290112698,832258.8807185962,916.3267436490794,225.7987239029436
2039-02-17,1040348.4885370557,832258.8807185962,916.3267436490794,227.0910559586924
2039-02-18,1041286.3589954111,832258.8807185962,916.3267436490794,228.11456691136917
2039-02-19,1039571.3131308239,832258.8807185962,916.3267436490794,226.24291373036797
2039-02-20,1043493.9230743943,832258.8807185962,916.3267436490794,230.52371200539105
2039-02-21,1043501.6896930761,832258.8807185962,916.3267436490794,230.53218782336273
2039-02-22,1044984.9470342959,832258.8807185962,916.3267436490794,232.15088699535568
2039-02-23,1045966.8631245373,1045966.8631245373,0.0,233.5727078283352
2039-02-24,1045966.8631245373,1045966.8631245373,0.0,234.20871576959513
2039-02-25,1045966.8631245373,1045966.8631245373,0.0,234.82393701698308
2039-02-26,1045966.8631245373,1045966.8631245373,0.0,237.01166496375697
2039-02-27,1045966.8631245373,1045966.8631245373,0.0,236.5185052952899
2039-02-28,1045966.8631245373,1045966.8631245373,0.0,238.3600815439703
2039-03-01,1045966.8631245373,1045966.8631245373,0.0,239.56067258376785
2039-03-02,1045966.8631245373,1045966.8631245373,0.0,242.39402888146327
2039-03-03,1045966.8631245373,1045966.8631245373,0.0,241.1937567717446
2039-03-04,1045966.8631245373,1045966.8631245373,0.0,241.39718862385223
2039-03-05,1045966.8631245373,1045966.8631245373,0.0,239.34144243755583
2039-03-06,1045966.8631245373,1045966.8631245373,0.0,242.0123809191111
2039-03-07,1045966.8631245373,1045966.8631245373,0.0,240.22988004330435
2039-03-08,1045966.8631245373,1045966.8631245373,0.0,241.02888847961415
2039-03-09,1045966.8631245373,1045966.8631245373,0.0,239.9378389479016
2039-03-10,1045966.8631245373,1045966.8631245373,0.0,242.69165649964756
2039-03-11,1045966.8631245373,1045966.8631245373,0.0,242.5496479736395
2039-03-12,1045966.8631245373,1045966.8631245373,0.0,244.13413854318415
2039-03-13,1045966.8631245373,1045966.8631245373,0.0,241.5024051804528
2039-03-14,1045966.8631245373,1045966.8631245373,0.0,239.98283350312008
2039-03-15,1045966.8631245373,1045966.8631245373,0.0,241.44405943273307
2039-03-16,1045652.9684689136,836459.5958440062,855.3125833947713,244.58119369015975
2039-03-17,1046756.3770919427,836459.5958440062,855.3125833947713,245.87125845063548
2039-03-18,1051827.9043304133,836459.5958440062,855.3125833947713,251.80070148342892
2039-03-19,1053539.2648900498,836459.5958440062,855.3125833947713,253.8015612776857
2039-03-20,1053574.0441587695,836459.5958440062,855.3125833947713,253.84222391891743
2039-03-21,1052878.228349664,836459.5958440062,855.3125833947713,253.02870167849423
2039-03-22,1056846.6481891396,836459.5958440062,855.3125833947713,257.6684321308685
2039-03-23,1058633.362083763,836459.5958440062,855.3125833947713,259.75739227165315
2039-03-24,1057491.1635680653,836459.5958440062,855.3125833947713,258.42197579600145
2039-03-25,1056039.6023780403,836459.5958440062,855.3125833947713,256.72486386498827
2039-03-26,1054586.9908251315,836459.5958440062,855.3125833947713,255.02652388834096
2039-03-27,1055705.0262867352,836459.5958440062,855.3125833947713,256.3336898102618
2039-03-28,1052401.6925380318,836459.5958440062,855.3125833947713,252.4715535423816
2039-03-29,1051301.1684982828,836459.5958440062,855.3125833947713,251.18486133053432
2039-03-30,1051941.332071507,836459.5958440062,855.3125833947713,251.933317024572
2039-03-31,1052000.8391597003,836459.5958440062,855.3125833947713,252.0028905224356
2039-04-01,1051022.368380038,836459.5958440062,855.3125833947713,250.85889849114977
2039-04-02,1052518.3948968798,836459.5958440062,855.3125833947713,252.6079976461087
2039-04-03,1054013.7196546965,836459.5958440062,855.3125833947713,254.35627633023825
2039-04-04,1053543.3008811036,836459.5958440062,855.3125833947713,253.80628000991544
2039-04-05,1052392.7196716138,836459.5958440062,855.3125833947713,252.4610627971355
2039-04-06,1054257.2929297916,843403.7486649267,828.0025791756887,254.65324573599565
2039-04-07,1053922.8881767,843403.7486649267,828.0025791756887,254.2493765192786
2039-04-08,1053952.464542587,843403.7486649267,828.0025791756887,254.285096656668
2039-04-09,1055607.2068153608,843403.7486649267,828.0025791756887,256.2835714372913
2039-04-10,1053285.6569269556,843403.7486649267,828.0025791756887,253.47977595791423
2039-04-11,1052200.754451912,843403.7486649267,828.0025791756887,252.16951134965225
2039-04-12,1051656.673539476,843403.7486649267,828.0025791756887,251.51241084523411
2039-04-13,1055666.4801781424,843403.7486649267,828.0025791756887,256.3551574012391
2039-04-14,1053024.2465613645,843403.7486649267,828.0025791756887,253.16406393941895
2039-04-15,1053107.6504255387,843403.7486649267,828.0025791756887,253.26479293021157
2039-04-16,1051256.6699242387,843403.7486649267,828.0025791756887,251.02931619637977
2039-04-17,1056112.292314808,843403.7486649267,828.0025791756887,256.89357617900356
2039-04-18,1056680.5926809623,843403.7486649267,828.0025791756887,257.57992714027716
2039-04-19,1054657.4488549146,843403.7486649267,828.0025791756887,255.13652433341423
2039-04-20,1051208.7191500934,843403.7486649267,828.0025791756887,250.97140481379336
2039-04-21,1052484.404435545,843403.7486649267,828.0025791756887,252.51208272656203
2039-04-22,1052888.571082489,843403.7486649267,828.0025791756887,253.0002051758259
2039-04-23,1054224.5659245471,843403.7486649267,828.0025791756887,254.61372049046184
2039-04-24,1052113.133485117,843403.7486649267,828.0025791756887,252.0636892556171
2039-04-25,1056049.0665602572,843403.7486649267,828.0025791756887,256.8172168099135
2039-04-26,1056223.2915738877,843403.7486649267,828.0025791756887,257.02763283760765
2039-04-27,1056807.9399952868,1056807.9399952868,0.0,258.1207798748755
2039-04-28,1056807.9399952868,1056807.9399952868,0.0,259.7362898174986
2039-04-29,1056807.9399952868,1056807.9399952868,0.0,260.00311984444517
2039-04-30,1056807.9399952868,1056807.9399952868,0.0,263.41985605629674
2039-05-01,1056807.9399952868,1056807.9399952868,0.0,262.02759744010496
2039-05-02,1056807.9399952868,1056807.9399952868,0.0,264.7201060422415
2039-05-03,1056807.9399952868,1056807.9399952868,0.0,268.2728295043932
2039-05-04,1056807.9399952868,1056807.9399952868,0.0,271.0683152224455
2039-05-05,1056807.9399952868,1056807.9399952868,0.0,274.9843901101005
2039-05-06,1056807.9399952868,1056807.9399952868,0.0,272.9833445118364
2039-05-07,1056807.9399952868,1056807.9399952868,0.0,274.3424682741967
2039-05-08,1056807.9399952868,1056807.9399952868,0.0,275.49002193847497
2039-05-09,1056807.9399952868,1056807.9399952868,0.0,275.69644124448314
2039-05-10,1056807.9399952868,1056807.9399952868,0.0,277.4302857862995
2039-05-11,1056807.9399952868,1056807.9399952868,0.0,280.79921533820533
2039-05-12,1056807.9399952868,1056807.9399952868,0.0,278.7781420829564
2039-05-13,1056807.9399952868,1056807.9399952868,0.0,275.4332275470705
2039-05-14,1056807.9399952868,1056807.9399952868,0.0,274.86912797159175
2039-05-15,1056807.9399952868,1056807.9399952868,0.0,268.1241924875363
2039-05-16,1056807.9399952868,1056807.9399952868,0.0,267.93823946405706
2039-05-17,1056807.9399952868,1056807.9399952868,0.0,271.79634289619236
2039-05-18,1056807.9399952868,1056807.9399952868,0.0,267.95483210756095
2039-05-19,1056807.9399952868,1056807.9399952868,0.0,266.8379567624075
2039-05-20,1056807.9399952868,1056807.9399952868,0.0,263.82194651691196
2039-05-21,1056807.9399952868,1056807.9399952868,0.0,264.8706378316594
2039-05-22,1056807.9399952868,1056807.9399952868,0.0,266.5628051003857
2039-05-23,1056807.9399952868,1056807.9399952868,0.0,266.6199248652101
2039-05-24,1056807.9399952868,1056807.9399952868,0.0,264.8002298824267
2039-05-25,1056807.9399952868,1056807.9399952868,0.0,265.30454100746374
2039-05-26,1056807.9399952868,1056807.9399952868,0.0,268.60744526573865
2039-05-27,1056807.9399952868,1056807.9399952868,0.0,271.00786311239216
2039-05-28,1056807.9399952868,1056807.9399952868,0.0,269.90745865178565
2039-05-29,1056807.9399952868,1056807.9399952868,0.0,269.03390079546307
2039-05-30,1056807.9399952868,1056807.9399952868,0.0,268.08932020739763
2039-05-31,1056807.9399952868,1056807.9399952868,0.0,269.4073303256734
2039-06-01,1056807.9399952868,1056807.9399952868,0.0,265.71010681079497
2039-06-02,1056807.9399952868,1056807.9399952868,0.0,267.15600542966826
2039-06-03,1056807.9399952868,1056807.9399952868,0.0,265.71351883461546
2039-06-04,1056807.9399952868,1056807.9399952868,0.0,265.01044143092224
2039-06-05,1056807.9399952868,1056807.9399952868,0.0,263.0811253613058
2039-06-06,1056807.9399952868,1056807.9399952868,0.0,265.0120253796417
2039-06-07,1056807.9399952868,1056807.9399952868,0.0,263.4458803210656
2039-06-08,1056807.9399952868,1056807.9399952868,0.0,260.930529237907
2039-06-09,1056807.9399952868,1056807.9399952868,0.0,259.4237389863921
2039-06-10,1056807.9399952868,1056807.9399952868,0.0,256.63156443472326
2039-06-11,1056807.9399952868,1056807.9399952868,0.0,258.8524973117179
2039-06-12,1056807.9399952868,1056807.9399952868,0.0,256.0136491712431
2039-06-13,1056807.9399952868,1056807.9399952868,0.0,255.90293193804388
2039-06-14,1056807.9399952868,1056807.9399952868,0.0,254.24334092230313
2039-06-15,1056807.9399952868,1056807.9399952868,0.0,258.2626990902242
2039-06-16,1056807.9399952868,1056807.9399952868,0.0,259.3573468732882
2039-06-17,1056807.9399952868,1056807.9399952868,0.0,257.73051983777833
2039-06-18,1056807.9399952868,1056807.9399952868,0.0,258.1730186311403
2039-06-19,1056807.9399952868,1056807.9399952868,0.0,255.83587563758337
2039-06-20,1056807.9399952868,1056807.9399952868,0.0,257.5595340393815
2039-06-21,1056807.9399952868,1056807.9399952868,0.0,257.99184767978477
2039-06-22,1056807.9399952868,1056807.9399952868,0.0,259.07504992137785
2039-06-23,1056807.9399952868,1056807.9399952868,0.0,256.61623311782876
2039-06-24,1056807.9399952868,1056807.9399952868,0.0,253.08952680354471
2039-06-25,1056807.9399952868,1056807.9399952868,0.0,248.91415240378092
2039-06-26,1056807.9399952868,1056807.9399952868,0.0,244.9931913143306
2039-06-27,1056807.9399952868,1056807.9399952868,0.0,245.019862162682
2039-06-28,1056807.9399952868,1056807.9399952868,0.0,249.77423438872975
2039-06-29,1056509.7411232512,857776.7374340175,798.8335376497536,248.7789937737536
2039-06-30,1055362.8881897547,857776.7374340175,798.8335376497536,247.34333430348337
2039-07-01,1055255.7178178744,857776.7374340175,798.8335376497536,247.20917572496936
2039-07-02,1053709.2106019785,857776.7374340175,798.8335376497536,245.27321892920716
2039-07-03,1051213.7687753614,857776.7374340175,798.8335376497536,242.14936181880228
2039-07-04,1049951.7440407083,857776.7374340175,798.8335376497536,240.5695273787433
2039-07-05,1049516.0831753092,857776.7374340175,798.8335376497536,240.0241561031697
2039-07-06,1053114.643610477,857776.7374340175,798.8335376497536,244.5289249512016
2039-07-07,1052162.7286370257,857776.7374340175,798.8335376497536,243.33729374321308
2039-07-08,1052541.7228562545,857776.7374340175,798.8335376497536,243.81172827977983
2039-07-09,1049887.909457836,857776.7374340175,798.8335376497536,240.4896176355196
2039-07-10,1051225.5509493244,857776.7374340175,798.8335376497536,242.1641110417724
2039-07-11,1049800.6603116246,857776.7374340175,798.8335376497536,240.3803969504841
2039-07-12,1047644.1754236827,857776.7374340175,798.8335376497536,237.68085469755545
2039-07-13,1045702.1625978997,857776.7374340175,798.8335376497536,235.24979398934255
2039-07-14,1044499.6904901522,857776.7374340175,798.8335376497536,233.7445090318716
2039-07-15,1042353.3633608958,857776.7374340175,798.8335376497536,231.05768251783823
2039-07-16,1042891.7899409292,857776.7374340175,798.8335376497536,231.73169851072885
2039-07-17,1040895.3422963051,857776.7374340175,798.8335376497536,229.23249492133303
2039-07-18,1042081.8503805085,857776.7374340175,798.8335376497536,230.7177957108995
2039-07-19,1041146.8178719617,857776.7374340175,798.8335376497536,229.54729839890916
2039-07-20,1039433.7554438593,831539.1422498615,914.0151078133104,227.45205349106848
2039-07-21,1038018.1267375338,831539.1422498615,914.0151078133104,225.9032511854783
2039-07-22,1035931.7162333643,831539.1422498615,914.0151078133104,223.62056407633304
2039-07-23,1035975.8381748009,831539.1422498615,914.0151078133104,223.66883673732016
2039-07-24,1034864.2499114185,831539.1422498615,914.0151078133104,222.45267712039464
2039-07-25,1037136.5635653367,831539.1422498615,914.0151078133104,224.93875599862517
2039-07-26,1032451.1344087538,831539.1422498615,914.0151078133104,219.81255062572671
2039-07-27,1034811.7820294058,831539.1422498615,914.0151078133104,222.3952733843249
2039-07-28,1033449.0745530024,831539.1422498615,914.0151078133104,220.9043708108832
2039-07-29,1036706.4604070482,831539.1422498615,914.0151078133104,224.46819139349788
2039-07-30,1036953.8113682565,831539.1422498615,914.0151078133104,224.7388116043607
2039-07-31,1039433.0104253379,831539.1422498615,914.0151078133104,227.4512383858093
2039-08-01,1039274.8136474182,831539.1422498615,914.0151078133104,227.2781594327729
2039-08-02,1038989.2318859659,831539.1422498615,914.0151078133104,226.96571190426815
2039-08-03,1037030.114718395,831539.1422498615,914.0151078133104,224.8222931020802
2039-08-04,1036842.2379754251,831539.1422498615,914.0151078133104,224.61674207632151
2039-08-05,1034799.7798631531,831539.1422498615,914.0151078133104,222.38214212845168
2039-08-06,1035180.8526794054,831539.1422498615,914.0151078133104,222.7990639200005
2039-08-07,1035509.6683483582,831539.1422498615,914.0151078133104,223.1588125348122
2039-08-08,1035259.6664798998,831539.1422498615,914.0151078133104,222.88529203572935
2039-08-09,1037795.2917614623,831539.1422498615,914.0151078133104,225.65945327211065
2039-08-10,1038201.8182785334,1245966.655393384,-916.1307393421569,226.7851390556325
2039-08-11,1040104.7678604163,1245966.655393384,-916.1307393421569,224.70797965014276
2039-08-12,1038931.3895915747,1245966.655393384,-916.1307393421569,225.98877748657836
2039-08-13,1036950.9339506739,1245966.655393384,-916.1307393421569,228.15053841856383
2039-08-14,1041896.6655046603,1245966.655393384,-916.1307393421569,222.75203868310268
2039-08-15,1044094.798436606,1245966.655393384,-916.1307393421569,220.35267270011647
2039-08-16,1045039.51131463,1245966.655393384,-916.1307393421569,219.3214739449011
2039-08-17,1046668.2330250673,1245966.655393384,-916.1307393421569,217.5436472216032
2039-08-18,1045392.3901188229,1245966.655393384,-916.1307393421569,218.93629005242937
2039-08-19,1047162.3675605466,1245966.655393384,-916.1307393421569,217.00427602242897
2039-08-20,1049129.6058713165,1245966.655393384,-916.1307393421569,214.8569424309565
2039-08-21,1048659.1288365524,1245966.655393384,-916.1307393421569,215.37049035000345
2039-08-22,1049114.3727806152,1245966.655393384,-916.1307393421569,214.87357006940067
2039-08-23,1046892.2115483158,1245966.655393384,-916.1307393421569,217.29916407784424
2039-08-24,1046152.4060102255,1245966.655393384,-916.1307393421569,218.10669678722752
2039-08-25,1039236.2492947422,1245966.655393384,-916.1307393421569,225.656008712346
2039-08-26,1041478.8155589713,1245966.655393384,-916.1307393421569,223.20814164717217
2039-08-27,1044581.6080415688,1245966.655393384,-916.1307393421569,219.8212970087906
2039-08-28,1041791.9058639151,1245966.655393384,-916.1307393421569,222.86638878210763
2039-08-29,1035433.4833735271,1245966.655393384,-916.1307393421569,229.80690744099883
2039-08-30,1035903.052713863,1245966.655393384,-916.1307393421569,229.29435031331957
2039-08-31,1036567.2615366728,1243881.3387099328,-907.0209284325847,228.565924638054
2039-09-01,1036303.2151875878,1243881.3387099328,-907.0209284325847,228.85703848207675
2039-09-02,1038065.5204584008,1243881.3387099328,-907.0209284325847,226.91407860588237
2039-09-03,1042030.059359805,1243881.3387099328,-907.0209284325847,222.54313326479175
2039-09-04,1041539.221431075,1243881.3387099328,-907.0209284325847,223.08428718235143
2039-09-05,1041519.8760865,1243881.3387099328,-907.0209284325847,223.1056156257958
2039-09-06,1044300.3914331447,1243881.3387099328,-907.0209284325847,220.0400685590378
2039-09-07,1045528.5250003567,1243881.3387099328,-907.0209284325847,218.68603853755383
2039-09-08,1048298.4103769511,1243881.3387099328,-907.0209284325847,215.6322111232503
2039-09-09,1047570.4342603392,1243881.3387099328,-907.0209284325847,216.43481235745773
2039-09-10,1047623.2319796466,1243881.3387099328,-907.0209284325847,216.37660232321005
2039-09-11,1047304.9691525734,1243881.3387099328,-907.0209284325847,216.72749039767072
2039-09-12,1046280.4138534976,1243881.3387099328,-907.0209284325847,217.85707326280513
2039-09-13,1044102.3467242591,1243881.3387099328,-907.0209284325847,220.25841490880492
2039-09-14,1043746.4335932655,1243881.3387099328,-907.0209284325847,220.65081283462632
2039-09-15,1042511.4551326518,1243881.3387099328,-907.0209284325847,222.01238942222255
2039-09-16,1038814.9093844278,1243881.3387099328,-907.0209284325847,226.08786952675783
2039-09-17,1036823.2253271667,1243881.3387099328,-907.0209284325847,228.2837218988777
2039-09-18,1036370.8764202815,1243881.3387099328,-907.0209284325847,228.78244126984848
2039-09-19,1036045.3699527932,1243881.3387099328,-907.0209284325847,229.14131553314783
2039-09-20,1037761.631650261,1243881.3387099328,-907.0209284325847,227.24911917508396
2039-09-21,1039085.2350619284,1246903.18968839,-920.4247920005539,225.78482938814233
2039-09-22,1039290.1599100258,1246903.18968839,-920.4247920005539,225.56218778843933
2039-09-23,1040022.9743061321,1246903.18968839,-920.4247920005539,224.76601801718235
2039-09-24,1036085.2885883641,1246903.18968839,-920.4247920005539,229.04413585145892
2039-09-25,1035297.7672884981,1246903.18968839,-920.4247920005539,229.8997422048628
2039-09-26,1034682.0163832676,1246903.18968839,-920.4247920005539,230.5687277760708
2039-09-27,1032177.623729061,1246903.18968839,-920.4247920005539,233.2896373777812
2039-09-28,1031784.186493846,1246903.18968839,-920.4247920005539,233.7170891789868
2039-09-29,1032376.7719041688,1246903.18968839,-920.4247920005539,233.0732718725943
2039-09-30,1031821.865846508,1246903.18968839,-920.4247920005539,233.67615226269623
2039-10-01,1030945.8077990594,1246903.18968839,-920.4247920005539,234.62794979690256
2039-10-02,1027900.7490125642,1246903.18968839,-920.4247920005539,237.9362687524109
2039-10-03,1030853.5290234437,1246903.18968839,-920.4247920005539,234.72820652229473
2039-10-04,1032444.8514283962,1246903.18968839,-920.4247920005539,232.9993065417828
2039-10-05,1032601.1685717471,1246903.18968839,-920.4247920005539,232.8294750197404
2039-10-06,1030583.2309716046,1246903.18968839,-920.4247920005539,235.02187315773116
2039-10-07,1028873.5421607615,1246903.18968839,-920.4247920005539,236.87937289665825
2039-10-08,1028637.207689382,1246903.18968839,-920.4247920005539,237.13613963461833
2039-10-09,1026401.0443097013,1246903.18968839,-920.4247920005539,239.56563023408424
2039-10-10,1027881.9562427544,1246903.18968839,-920.4247920005539,237.95668624873775
2039-10-11,1023717.9144000227,1246903.18968839,-920.4247920005539,242.4807297978919
2039-10-12,1025243.1962586078,1025243.1962586078,0.0,240.46276551111112
2039-10-13,1025243.1962586078,1025243.1962586078,0.0,236.3765933055019
2039-10-14,1025243.1962586078,1025243.1962586078,0.0,237.81142509882213
2039-10-15,1025243.1962586078,1025243.1962586078,0.0,234.4272153459172
2039-10-16,1025243.1962586078,1025243.1962586078,0.0,233.23725632830832
2039-10-17,1025243.1962586078,1025243.1962586078,0.0,232.90357157053745
2039-10-18,1025243.1962586078,1025243.1962586078,0.0,233.87186987975235
2039-10-19,1025243.1962586078,1025243.1962586078,0.0,236.2528765899884
2039-10-20,1025243.1962586078,1025243.1962586078,0.0,233.08562055771128
2039-10-21,1025243.1962586078,1025243.1962586078,0.0,230.4768969354647
2039-10-22,1025243.1962586078,1025243.1962586078,0.0,238.48010436402183
2039-10-23,1025243.1962586078,1025243.1962586078,0.0,237.97707755509512
2039-10-24,1025243.1962586078,1025243.1962586078,0.0,234.09823243516468
2039-10-25,1025243.1962586078,1025243.1962586078,0.0,231.7490787647833
2039-10-26,1025243.1962586078,1025243.1962586078,0.0,230.5299737496908
2039-10-27,1025243.1962586078,1025243.1962586078,0.0,230.54146942191417
2039-10-28,1025243.1962586078,1025243.1962586078,0.0,233.30729812297704
2039-10-29,1025243.1962586078,1025243.1962586078,0.0,237.1505846108813
2039-10-30,1025243.1962586078,1025243.1962586078,0.0,235.20337727422515
2039-10-31,1025243.1962586078,1025243.1962586078,0.0,233.87126477166703
2039-11-01,1025243.1962586078,1025243.1962586078,0.0,234.2188375619802
2039-11-02,1025243.1962586078,1025243.1962586078,0.0,232.52448448463707
2039-11-03,1025243.1962586078,1025243.1962586078,0.0,235.31471300710703
2039-11-04,1025243.1962586078,1025243.1962586078,0.0,241.19144185916423
2039-11-05,1025243.1962586078,1025243.1962586078,0.0,241.24290206406397
2039-11-06,1025243.1962586078,1025243.1962586078,0.0,242.03651351582732
2039-11-07,1025243.1962586078,1025243.1962586078,0.0,240.6224176506711
2039-11-08,1025243.1962586078,1025243.1962586078,0.0,241.4316548071404
2039-11-09,1025243.1962586078,1025243.1962586078,0.0,238.885573294962
2039-11-10,1025243.1962586078,1025243.1962586078,0.0,236.62900571231677
2039-11-11,1025243.1962586078,1025243.1962586078,0.0,232.36841209927036
2039-11-12,1025243.1962586078,1025243.1962586078,0.0,234.272113581928
2039-11-13,1025243.1962586078,1025243.1962586078,0.0,237.54840286271084
2039-11-14,1025243.1962586078,1025243.1962586078,0.0,240.00933383365987
2039-11-15,1025243.1962586078,1025243.1962586078,0.0,240.2348256857322
2039-11-16,1025243.1962586078,1025243.1962586078,0.0,239.48328300712953
2039-11-17,1025243.1962586078,1025243.1962586078,0.0,239.26129745878387
2039-11-18,1025243.1962586078,1025243.1962586078,0.0,236.83487895403275
2039-11-19,1025243.1962586078,1025243.1962586078,0.0,239.07380818625404
2039-11-20,1025243.1962586078,1025243.1962586078,0.0,241.5934686842328
2039-11-21,1025243.1962586078,1025243.1962586078,0.0,239.04020951842577
2039-11-22,1025243.1962586078,1025243.1962586078,0.0,236.81722603954424
2039-11-23,1024935.7258240499,1229984.3650757715,-877.4079256407688,233.69818445847187
2039-11-24,1025457.0063804511,1229984.3650757715,-877.4079256407688,233.10407020309788
2039-11-25,1025501.4031329674,1229984.3650757715,-877.4079256407688,233.0534703039873
2039-11-26,1025365.477081614,1229984.3650757715,-877.4079256407688,233.20838804222663
2039-11-27,1028073.2206362416,1229984.3650757715,-877.4079256407688,230.1223165861815
2039-11-28,1029546.0635184511,1229984.3650757715,-877.4079256407688,228.44368702384452
2039-11-29,1031004.6331138226,1229984.3650757715,-877.4079256407688,226.7813250223772
2039-11-30,1029544.9087059405,1229984.3650757715,-877.4079256407688,228.4450031876001
2039-12-01,1031531.3803747825,1229984.3650757715,-877.4079256407688,226.1809802505024
2039-12-02,1031423.4795612065,1229984.3650757715,-877.4079256407688,226.3039570443319
2039-12-03,1032825.401137377,1229984.3650757715,-877.4079256407688,224.70615796456337
2039-12-04,1033202.7808136719,1229984.3650757715,-877.4079256407688,224.27605052506277
2039-12-05,1031333.2452200088,1229984.3650757715,-877.4079256407688,226.40679899339676
2039-12-06,1033779.0439751927,1229984.3650757715,-877.4079256407688,223.61927145493985
2039-12-07,1038828.1131584351,1229984.3650757715,-877.4079256407688,217.86474264833595
2039-12-08,1041370.1443642753,1229984.3650757715,-877.4079256407688,214.967536991134
2039-12-09,1040581.3792316857,1229984.3650757715,-877.4079256407688,215.86650896248204
2039-12-10,1042835.9638953262,1229984.3650757715,-877.4079256407688,213.29691208769424
2039-12-11,1044164.9770141,1229984.3650757715,-877.4079256407688,211.7822082880868
2039-12-12,1043319.5523138733,1229984.3650757715,-877.4079256407688,212.74575634312544
2039-12-13,1041812.8994841552,1229984.3650757715,-877.4079256407688,214.46291980345976
2039-12-14,1039574.3360207169,1039574.3360207169,0.0,216.6891149672769
2039-12-15,1039574.3360207169,1039574.3360207169,0.0,217.89295310289117
2039-12-16,1039574.3360207169,1039574.3360207169,0.0,215.45376305321935
2039-12-17,1039574.3360207169,1039574.3360207169,0.0,218.94253461274013
2039-12-18,1039574.3360207169,1039574.3360207169,0.0,216.88782714212243
2039-12-19,1039574.3360207169,1039574.3360207169,0.0,215.5123796981092
2039-12-20,1039574.3360207169,1039574.3360207169,0.0,215.50053678022343
2039-12-21,1039574.3360207169,1039574.3360207169,0.0,216.1020374352661
2039-12-22,1039574.3360207169,1039574.3360207169,0.0,219.23335113573216
2039-12-23,1039574.3360207169,1039574.3360207169,0.0,217.85044138157988
2039-12-24,1039574.3360207169,1039574.3360207169,0.0,218.68075664284467
2039-12-25,1039574.3360207169,1039574.3360207169,0.0,217.3134840996784
2039-12-26,1039574.3360207169,1039574.3360207169,0.0,220.83503715985051
2039-12-27,1039574.3360207169,1039574.3360207169,0.0,221.78049606743625
2039-12-28,1039574.3360207169,1039574.3360207169,0.0,224.65835350557023
2039-12-29,1039574.3360207169,1039574.3360207169,0.0,222.08350354659584
2039-12-30,1039574.3360207169,1039574.3360207169,0.0,220.84084366275025
2039-12-31,1039574.3360207169,1039574.3360207169,0.0,221.3906665121873
2040-01-01,1039574.3360207169,1039574.3360207169,0.0,224.29896501811467
2040-01-02,1039574.3360207169,1039574.3360207169,0.0,226.53569749895203
2040-01-03,1039574.3360207169,1039574.3360207169,0.0,229.96032895465945
2040-01-04,1039278.447329599,1236603.3497089664,-846.6494617050229,233.0656444072913
2040-01-05,1037735.8238771515,1236603.3497089664,-846.6494617050229,234.88767763618023
2040-01-06,1037430.5839784625,1236603.3497089664,-846.6494617050229,235.2482045277633
2040-01-07,1039638.9204223056,1236603.3497089664,-846.6494617050229,232.6398801341048
2040-01-08,1043818.0496401518,1236603.3497089664,-846.6494617050229,227.7038004377567
2040-01-09,1043578.1954844487,1236603.3497089664,-846.6494617050229,227.9870985044915
2040-01-10,1042022.6470681926,1236603.3497089664,-846.6494617050229,229.82439774888417
2040-01-11,1047251.9696066137,1236603.3497089664,-846.6494617050229,223.64790703466335
2040-01-12,1049462.189662072,1236603.3497089664,-846.6494617050229,221.037357857667
2040-01-13,1051354.8925427804,1236603.3497089664,-846.6494617050229,218.80183658668363
2040-01-14,1051702.1120881913,1236603.3497089664,-846.6494617050229,218.39172642762003
2040-01-15,1051511.1597705535,1236603.3497089664,-846.6494617050229,218.61726524418447
2040-01-16,1049498.6376053207,1236603.3497089664,-846.6494617050229,220.99430823099487
2040-01-17,1051944.6268387418,1236603.3497089664,-846.6494617050229,218.10528586216785
2040-01-18,1051307.8868011977,1236603.3497089664,-846.6494617050229,218.85735630731057
2040-01-19,1053860.345276039,1236603.3497089664,-846.6494617050229,215.84258031052292
2040-01-20,1052326.621768902,1236603.3497089664,-846.6494617050229,217.6541015793704
2040-01-21,1053212.0326023109,1236603.3497089664,-846.6494617050229,216.60831950135943
2040-01-22,1055421.5833372846,1236603.3497089664,-846.6494617050229,213.9985608764333
2040-01-23,1056635.5078270664,1236603.3497089664,-846.6494617050229,212.56476265805725
2040-01-24,1058631.6123426976,1236603.3497089664,-846.6494617050229,210.2071109900206
2040-01-25,1058200.232616558,1058200.232616558,0.0,210.4009183792852
2040-01-26,1058200.232616558,1058200.232616558,0.0,211.7180633331916
2040-01-27,1058200.232616558,1058200.232616558,0.0,213.912646830213
2040-01-28,1058200.232616558,1058200.232616558,0.0,212.8056464997321
2040-01-29,1058200.232616558,1058200.232616558,0.0,215.77987796366256
2040-01-30,1058200.232616558,1058200.232616558,0.0,215.72730931236316
2040-01-31,1058200.232616558,1058200.232616558,0.0,218.47386035228956
2040-02-01,1058200.232616558,1058200.232616558,0.0,218.13055358272092
2040-02-02,1058200.232616558,1058200.232616558,0.0,217.62733811118423
2040-02-03,1058200.232616558,1058200.232616558,0.0,218.88981227509584
2040-02-04,1058200.232616558,1058200.232616558,0.0,219.5649305644924
2040-02-05,1058200.232616558,1058200.232616558,0.0,218.3517207353865
2040-02-06,1058200.232616558,1058200.232616558,0.0,220.88888601920837
2040-02-07,1058200.232616558,1058200.232616558,0.0,218.78573450982333
2040-02-08,1058200.232616558,1058200.232616558,0.0,220.05494512081415
2040-02-09,1058200.232616558,1058200.232616558,0.0,221.23424060468787
2040-02-10,1058200.232616558,1058200.232616558,0.0,223.602066528504
2040-02-11,1058200.232616558,1058200.232616558,0.0,226.03954960252025
2040-02-12,1058200.232616558,1058200.232616558,0.0,225.62866157084204
2040-02-13,1058200.232616558,1058200.232616558,0.0,225.70265945589708
2040-02-14,1058200.232616558,1058200.232616558,0.0,225.62545643819428
2040-02-15,1057882.8783667963,1269522.924890108,-921.7832567064131,229.59849290332545
2040-02-16,1056500.654517786,1269522.924890108,-921.7832567064131,231.09800359518695
2040-02-17,1054265.5335240997,1269522.924890108,-921.7832567064131,233.52278293178784
2040-02-18,1054805.2581445982,1269522.924890108,-921.7832567064131,232.9372606665788
2040-02-19,1057210.8743918124,1269522.924890108,-921.7832567064131,230.3275189190344
2040-02-20,1059187.7269308185,1269522.924890108,-921.7832567064131,228.182923077633
2040-02-21,1057047.2691444005,1269522.924890108,-921.7832567064131,230.5050066811756
2040-02-22,1058596.0880016573,1269522.924890108,-921.7832567064131,228.8247647739936
2040-02-23,1051747.824797713,1269522.924890108,-921.7832567064131,236.2541286229459
2040-02-24,1052629.439324557,1269522.924890108,-921.7832567064131,235.29770581917964
2040-02-25,1051866.3413299362,1269522.924890108,-921.7832567064131,236.12555552144855
2040-02-26,1051104.4937826947,1269522.924890108,-921.7832567064131,236.95204867121944
2040-02-27,1050712.1286324402,1269522.924890108,-921.7832567064131,237.3777074661691
2040-02-28,1053365.1429959533,1269522.924890108,-921.7832567064131,234.4995749505142
2040-02-29,1052828.9407884253,1269522.924890108,-921.7832567064131,235.0812759128901
2040-03-01,1052310.4232125077,1269522.924890108,-921.7832567064131,235.6437916367819
2040-03-02,1052959.6888688689,1269522.924890108,-921.7832567064131,234.93943337073887
2040-03-03,1048912.7450557363,1269522.924890108,-921.7832567064131,239.3297754426839
2040-03-04,1052548.7784083746,1269522.924890108,-921.7832567064131,235.38521111459
2040-03-05,1055803.195472442,1269522.924890108,-921.7832567064131,231.85464463880496
2040-03-06,1054186.2844742194,1269522.924890108,-921.7832567064131,233.60875655878073
2040-03-07,1054051.003286035,1054051.003286035,0.0,233.40529221877748
2040-03-08,1054051.003286035,1054051.003286035,0.0,231.360566327809
2040-03-09,1054051.003286035,1054051.003286035,0.0,231.81219711636953
2040-03-10,1054051.003286035,1054051.003286035,0.0,234.0468528086803
2040-03-11,1054051.003286035,1054051.003286035,0.0,230.26081609035396
2040-03-12,1054051.003286035,1054051.003286035,0.0,231.93133792194743
2040-03-13,1054051.003286035,1054051.003286035,0.0,232.6998995377172
2040-03-14,1054051.003286035,1054051.003286035,0.0,232.16649914158756
2040-03-15,1054051.003286035,1054051.003286035,0.0,232.73740988871765
2040-03-16,1054051.003286035,1054051.003286035,0.0,233.3490898419849
2040-03-17,1054051.003286035,1054051.003286035,0.0,234.635714582584
2040-03-18,1054051.003286035,1054051.003286035,0.0,232.33569527997463
2040-03-19,1054051.003286035,1054051.003286035,0.0,234.87607157551588
2040-03-20,1054051.003286035,1054051.003286035,0.0,237.2184014062273
2040-03-21,1054051.003286035,1054051.003286035,0.0,239.65464589915712
2040-03-22,1054051.003286035,1054051.003286035,0.0,235.5556343273312
2040-03-23,1054051.003286035,1054051.003286035,0.0,238.26674661183108
2040-03-24,1054051.003286035,1054051.003286035,0.0,237.3896295863686
2040-03-25,1054051.003286035,1054051.003286035,0.0,238.65294544203647
2040-03-26,1054051.003286035,1054051.003286035,0.0,233.97005996130832
2040-03-27,1054051.003286035,1054051.003286035,0.0,232.37707033792825
2040-03-28,1054051.003286035,1054051.003286035,0.0,234.33815615080795
2040-03-29,1054051.003286035,1054051.003286035,0.0,235.5740105165105
2040-03-30,1054051.003286035,1054051.003286035,0.0,233.043598601252
2040-03-31,1054051.003286035,1054051.003286035,0.0,234.6341332524022
2040-04-01,1054051.003286035,1054051.003286035,0.0,232.72697234793776
2040-04-02,1054051.003286035,1054051.003286035,0.0,232.1085599585792
2040-04-03,1054051.003286035,1054051.003286035,0.0,229.40842383915836
2040-04-04,1054051.003286035,1054051.003286035,0.0,230.19745095604668
2040-04-05,1054051.003286035,1054051.003286035,0.0,232.71416414855287
2040-04-06,1054051.003286035,1054051.003286035,0.0,234.78275801343332
2040-04-07,1054051.003286035,1054051.003286035,0.0,232.66128694243775
2040-04-08,1054051.003286035,1054051.003286035,0.0,232.55386783224577
2040-04-09,1054051.003286035,1054051.003286035,0.0,228.9254013225201
2040-04-10,1054051.003286035,1054051.003286035,0.0,232.070131515576
2040-04-11,1054051.003286035,1054051.003286035,0.0,232.11443699602737
2040-04-12,1054051.003286035,1054051.003286035,0.0,233.62807356636668
2040-04-13,1054051.003286035,1054051.003286035,0.0,234.093804993816
2040-04-14,1054051.003286035,1054051.003286035,0.0,232.63268085687733
2040-04-15,1054051.003286035,1054051.003286035,0.0,231.34777441776052
2040-04-16,1054051.003286035,1054051.003286035,0.0,232.4045347665378
2040-04-17,1054051.003286035,1054051.003286035,0.0,236.24010589789637
2040-04-18,1053734.6825799488,842924.4819227419,895.420693006559,235.431459540396
2040-04-19,1056224.4967909893,842924.4819227419,895.420693006559,238.21206784047936
2040-04-20,1058201.6942659137,842924.4819227419,895.420693006559,240.42018910723897
2040-04-21,1057515.2744782271,842924.4819227419,895.420693006559,239.65359995752675
2040-04-22,1059889.1885469751,842924.4819227419,895.420693006559,242.3047717333065
2040-04-23,1062111.9365820105,842924.4819227419,895.420693006559,244.787122266855
2040-04-24,1057459.727256126,842924.4819227419,895.420693006559,239.5915651815438
2040-04-25,1058970.2248500844,842924.4819227419,895.420693006559,241.2784790598535
2040-04-26,1061754.5276712375,842924.4819227419,895.420693006559,244.38797032233956
2040-04-27,1059214.710015957,842924.4819227419,895.420693006559,241.5515185012937
2040-04-28,1056391.945580907,842924.4819227419,895.420693006559,238.3990735588255
2040-04-29,1056836.3334475593,842924.4819227419,895.420693006559,238.8953630349601
2040-04-30,1060240.012987233,842924.4819227419,895.420693006559,242.69657018402103
2040-05-01,1057888.5194098619,842924.4819227419,895.420693006559,240.07043746703468
2040-05-02,1054523.2752720022,842924.4819227419,895.420693006559,236.31215472447255
2040-05-03,1053565.9578958433,842924.4819227419,895.420693006559,235.243028911728
2040-05-04,1052320.9510750822,842924.4819227419,895.420693006559,233.85261340035447
2040-05-05,1048850.7221591042,842924.4819227419,895.420693006559,229.97708434112985
2040-05-06,1047651.2611738478,842924.4819227419,895.420693006559,228.6375341223059
2040-05-07,1048366.6092591418,842924.4819227419,895.420693006559,229.43643020643825
2040-05-08,1052215.7630052096,842924.4819227419,895.420693006559,233.73514004878447
2040-05-09,1053078.857517522,1053078.857517522,0.0,235.0514981020603
2040-05-10,1053078.857517522,1053078.857517522,0.0,236.95405035569175
2040-05-11,1053078.857517522,1053078.857517522,0.0,234.38923000615935
2040-05-12,1053078.857517522,1053078.857517522,0.0,234.16792922028068
2040-05-13,1053078.857517522,1053078.857517522,0.0,233.65277482538843
2040-05-14,1053078.857517522,1053078.857517522,0.0,234.4156317574077
2040-05-15,1053078.857517522,1053078.857517522,0.0,235.81872620700125
2040-05-16,1053078.857517522,1053078.857517522,0.0,238.0765029584596
2040-05-17,1053078.857517522,1053078.857517522,0.0,238.15248343920396
2040-05-18,1053078.857517522,1053078.857517522,0.0,236.91026216407045
2040-05-19,1053078.857517522,1053078.857517522,0.0,239.8280342739876
2040-05-20,1053078.857517522,1053078.857517522,0.0,241.57343058458744
2040-05-21,1053078.857517522,1053078.857517522,0.0,243.0713220568924
2040-05-22,1053078.857517522,1053078.857517522,0.0,242.9754717615885
2040-05-23,1053078.857517522,1053078.857517522,0.0,245.9487168614404
2040-05-24,1053078.857517522,1053078.857517522,0.0,242.8763389580398
2040-05-25,1053078.857517522,1053078.857517522,0.0,245.05492589687924
2040-05-26,1053078.857517522,1053078.857517522,0.0,247.24065233161485
2040-05-27,1053078.857517522,1053078.857517522,0.0,245.02359787776163
2040-05-28,1053078.857517522,1053078.857517522,0.0,243.36177534864385
2040-05-29,1053078.857517522,1053078.857517522,0.0,240.2547967556298
2040-05-30,1053078.857517522,1053078.857517522,0.0,241.48415378953865
2040-05-31,1053078.857517522,1053078.857517522,0.0,235.32981152392773
2040-06-01,1053078.857517522,1053078.857517522,0.0,235.8556821467537
2040-06-02,1053078.857517522,1053078.857517522,0.0,234.0610361565866
2040-06-03,1053078.857517522,1053078.857517522,0.0,231.76845907813828
2040-06-04,1053078.857517522,1053078.857517522,0.0,227.45620109283684
2040-06-05,1053078.857517522,1053078.857517522,0.0,225.44931771329573
2040-06-06,1053078.857517522,1053078.857517522,0.0,228.69596787149283
2040-06-07,1053078.857517522,1053078.857517522,0.0,227.05709225869347
2040-06-08,1053078.857517522,1053078.857517522,0.0,228.01229953210392
2040-06-09,1053078.857517522,1053078.857517522,0.0,225.53847362050715
2040-06-10,1053078.857517522,1053078.857517522,0.0,227.86424153786447
2040-06-11,1053078.857517522,1053078.857517522,0.0,229.24710538953377
2040-06-12,1053078.857517522,1053078.857517522,0.0,228.72559498103212
2040-06-13,1053078.857517522,1053078.857517522,0.0,229.25627202336904
2040-06-14,1053078.857517522,1053078.857517522,0.0,229.9855457616038
2040-06-15,1053078.857517522,1053078.857517522,0.0,227.69482801559892
2040-06-16,1053078.857517522,1053078.857517522,0.0,225.8501917180288
2040-06-17,1053078.857517522,1053078.857517522,0.0,227.93284712226935
2040-06-18,1053078.857517522,1053078.857517522,0.0,231.4856241402728
2040-06-19,1053078.857517522,1053078.857517522,0.0,231.8258001294096
2040-06-20,1053078.857517522,1053078.857517522,0.0,233.43704719793695
2040-06-21,1053078.857517522,1053078.857517522,0.0,236.2658262359622
2040-06-22,1053078.857517522,1053078.857517522,0.0,235.4999190644437
2040-06-23,1053078.857517522,1053078.857517522,0.0,235.31976482111625
2040-06-24,1053078.857517522,1053078.857517522,0.0,237.00677303753528
2040-06-25,1053078.857517522,1053078.857517522,0.0,242.23866282365907
2040-06-26,1053078.857517522,1053078.857517522,0.0,244.06026792513268
2040-06-27,1053078.857517522,1053078.857517522,0.0,244.80236296405752
2040-06-28,1053078.857517522,1053078.857517522,0.0,243.36953426746933
2040-06-29,1053078.857517522,1053078.857517522,0.0,243.2284603197562
2040-06-30,1053078.857517522,1053078.857517522,0.0,244.90646770854715
2040-07-01,1053078.857517522,1053078.857517522,0.0,246.33278935562495
2040-07-02,1053078.857517522,1053078.857517522,0.0,244.8603180277925
2040-07-03,1053078.857517522,1053078.857517522,0.0,248.08908747324972
2040-07-04,1053078.857517522,1053078.857517522,0.0,251.36327841010137
2040-07-05,1053078.857517522,1053078.857517522,0.0,251.0845357541259
2040-07-06,1053078.857517522,1053078.857517522,0.0,251.7891276954616
2040-07-07,1053078.857517522,1053078.857517522,0.0,250.18089887691156
2040-07-08,1053078.857517522,1053078.857517522,0.0,248.1658807068961
2040-07-09,1053078.857517522,1053078.857517522,0.0,249.02877330801704
2040-07-10,1053078.857517522,1053078.857517522,0.0,247.09266243215276
2040-07-11,1052762.8285523811,842147.0570488767,846.8660524032791,248.700217591446
2040-07-12,1051928.2168044425,842147.0570488767,846.8660524032791,247.7146877717418
2040-07-13,1054142.872060014,842147.0570488767,846.8660524032791,250.3298064782795
2040-07-14,1053961.4575811594,842147.0570488767,846.8660524032791,250.11558785617305
2040-07-15,1049926.3497915363,842147.0570488767,846.8660524032791,245.3508345894998
2040-07-16,1049154.5347158073,842147.0570488767,846.8660524032791,244.43945660529712
2040-07-17,1049375.8866421042,842147.0570488767,846.8660524032791,244.7008343351858
2040-07-18,1045814.0265424585,842147.0570488767,846.8660524032791,240.49490343319988
2040-07-19,1042499.2808899689,842147.0570488767,846.8660524032791,236.58077127135107
2040-07-20,1042123.8002127322,842147.0570488767,846.8660524032791,236.13739456948525
2040-07-21,1044142.8691733257,842147.0570488767,846.8660524032791,238.52156022928912
2040-07-22,1045422.285992013,842147.0570488767,846.8660524032791,240.0323266781939
2040-07-23,1045392.9287437769,842147.0570488767,846.8660524032791,239.99766092656435
2040-07-24,1043667.3325460576,842147.0570488767,846.8660524032791,237.96003503186444
2040-07-25,1041859.1490399318,842147.0570488767,846.8660524032791,235.82488803784517
2040-07-26,1043159.7325476893,842147.0570488767,846.8660524032791,237.36064862721656
2040-07-27,1043558.5069960937,842147.0570488767,846.8660524032791,237.8315311797438
2040-07-28,1045286.7515614079,842147.0570488767,846.8660524032791,239.87228433121297
2040-07-29,1047747.3372048697,842147.0570488767,846.8660524032791,242.7778036119529
2040-07-30,1046815.956847297,842147.0570488767,846.8660524032791,241.6780070680608
2040-07-31,1047718.7287979247,842147.0570488767,846.8660524032791,242.74402211030463
2040-08-01,1048588.2459842907,1048588.2459842907,0.0,244.13685232941668
2040-08-02,1048588.2459842907,1048588.2459842907,0.0,242.44013791393607
2040-08-03,1048588.2459842907,1048588.2459842907,0.0,240.88141942002895
2040-08-04,1048588.2459842907,1048588.2459842907,0.0,242.6287054046942
2040-08-05,1048588.2459842907,1048588.2459842907,0.0,242.63291250506128
2040-08-06,1048588.2459842907,1048588.2459842907,0.0,240.52422949035216
2040-08-07,1048588.2459842907,1048588.2459842907,0.0,238.56207018314808
2040-08-08,1048588.2459842907,1048588.2459842907,0.0,235.5189116283421
2040-08-09,1048588.2459842907,1048588.2459842907,0.0,234.67666344860984
2040-08-10,1048588.2459842907,1048588.2459842907,0.0,232.27443746760912
2040-08-11,1048588.2459842907,1048588.2459842907,0.0,232.51199932041868
2040-08-12,1048588.2459842907,1048588.2459842907,0.0,237.87704847641388
2040-08-13,1048588.2459842907,1048588.2459842907,0.0,238.97464407903547
2040-08-14,1048588.2459842907,1048588.2459842907,0.0,241.53841891837197
2040-08-15,1048588.2459842907,1048588.2459842907,0.0,242.50805432082973
2040-08-16,1048588.2459842907,1048588.2459842907,0.0,238.54115145847632
2040-08-17,1048588.2459842907,1048588.2459842907,0.0,238.843221086617
2040-08-18,1048588.2459842907,1048588.2459842907,0.0,237.21828699966764
2040-08-19,1048588.2459842907,1048588.2459842907,0.0,235.27054338051747
2040-08-20,1048588.2459842907,1048588.2459842907,0.0,234.73822550465604
2040-08-21,1048588.2459842907,1048588.2459842907,0.0,236.22419520416005
2040-08-22,1048588.2459842907,1048588.2459842907,0.0,235.5043302924277
2040-08-23,1048588.2459842907,1048588.2459842907,0.0,237.53544544906256
2040-08-24,1048588.2459842907,1048588.2459842907,0.0,237.9710531654017
2040-08-25,1048588.2459842907,1048588.2459842907,0.0,238.72741010466373
2040-08-26,1048588.2459842907,1048588.2459842907,0.0,238.58635780728633
2040-08-27,1048588.2459842907,1048588.2459842907,0.0,241.674178030912
2040-08-28,1048588.2459842907,1048588.2459842907,0.0,239.98612429352255
2040-08-29,1048588.2459842907,1048588.2459842907,0.0,238.44485598083813
2040-08-30,1048588.2459842907,1048588.2459842907,0.0,237.68729619003247
2040-08-31,1048588.2459842907,1048588.2459842907,0.0,238.884357716804
2040-09-01,1048588.2459842907,1048588.2459842907,0.0,240.4113791976456
2040-09-02,1048588.2459842907,1048588.2459842907,0.0,239.0681436587755
2040-09-03,1048588.2459842907,1048588.2459842907,0.0,241.2218869969119
2040-09-04,1048588.2459842907,1048588.2459842907,0.0,238.8686415299072
2040-09-05,1048588.2459842907,1048588.2459842907,0.0,240.57754339155153
2040-09-06,1048588.2459842907,1048588.2459842907,0.0,241.43956423297243
2040-09-07,1048588.2459842907,1048588.2459842907,0.0,241.4815726604323
2040-09-08,1048588.2459842907,1048588.2459842907,0.0,242.62678664191867
2040-09-09,1048588.2459842907,1048588.2459842907,0.0,242.33810269472536
2040-09-10,1048588.2459842907,1048588.2459842907,0.0,242.95741718366864
2040-09-11,1048588.2459842907,1048588.2459842907,0.0,248.8740449950469
2040-09-12,1048588.2459842907,1048588.2459842907,0.0,251.10976589402804
2040-09-13,1048588.2459842907,1048588.2459842907,0.0,249.7520319753378
2040-09-14,1048588.2459842907,1048588.2459842907,0.0,248.9908141132991
2040-09-15,1048588.2459842907,1048588.2459842907,0.0,252.01738178863917
2040-09-16,1048588.2459842907,1048588.2459842907,0.0,251.0243674356792
2040-09-17,1048588.2459842907,1048588.2459842907,0.0,255.33023738672793
2040-09-18,1048588.2459842907,1048588.2459842907,0.0,257.2919603277814
2040-09-19,1048588.2459842907,1048588.2459842907,0.0,253.82656388938264
2040-09-20,1048588.2459842907,1048588.2459842907,0.0,256.04022189504474
2040-09-21,1048588.2459842907,1048588.2459842907,0.0,250.5782024792917
2040-09-22,1048588.2459842907,1048588.2459842907,0.0,249.70671464989368
2040-09-23,1048588.2459842907,1048588.2459842907,0.0,251.85134173305067
2040-09-24,1048588.2459842907,1048588.2459842907,0.0,247.1947616508671
2040-09-25,1048588.2459842907,1048588.2459842907,0.0,252.26279206446068
2040-09-26,1048588.2459842907,1048588.2459842907,0.0,254.7176424241324
2040-09-27,1048588.2459842907,1048588.2459842907,0.0,252.23645374270015
2040-09-28,1048588.2459842907,1048588.2459842907,0.0,256.09976599649394
2040-09-29,1048588.2459842907,1048588.2459842907,0.0,251.2555876126676
2040-09-30,1048588.2459842907,1048588.2459842907,0.0,248.7366979989599
2040-10-01,1048588.2459842907,1048588.2459842907,0.0,245.2415774471404
2040-10-02,1048588.2459842907,1048588.2459842907,0.0,240.4456884580624
2040-10-03,1048368.8940607671,902183.0070073623,610.0077800602426,239.6459386779754
2040-10-04,1048648.5967213518,902183.0070073623,610.0077800602426,240.1044617816595
2040-10-05,1048885.026026472,902183.0070073623,610.0077800602426,240.49204586312288
2040-10-06,1049076.418439829,902183.0070073623,610.0077800602426,240.8057999161255
2040-10-07,1049153.675824008,902183.0070073623,610.0077800602426,240.93244975028213
2040-10-08,1047427.50330916,902183.0070073623,610.0077800602426,238.1026948335869
2040-10-09,1046699.5019507664,902183.0070073623,610.0077800602426,236.90926520499795
2040-10-10,1042778.168028044,902183.0070073623,610.0077800602426,230.4809309264825
2040-10-11,1044304.1959040859,902183.0070073623,610.0077800602426,232.98258406259697
2040-10-12,1044438.7202525344,902183.0070073623,610.0077800602426,233.2031129686957
2040-10-13,1044535.9463833431,902183.0070073623,610.0077800602426,233.3624980355537
2040-10-14,1045649.7921708465,902183.0070073623,610.0077800602426,235.18845144780903
2040-10-15,1046875.8627188588,902183.0070073623,610.0077800602426,237.19837753086856
2040-10-16,1046354.2051007809,902183.0070073623,610.0077800602426,236.3432120147397
2040-10-17,1046185.7977191114,902183.0070073623,610.0077800602426,236.06713786097595
2040-10-18,1048458.8291127334,902183.0070073623,610.0077800602426,239.79337130901067
2040-10-19,1047605.1928346212,902183.0070073623,610.0077800602426,238.3939854224439
2040-10-20,1049887.466069709,902183.0070073623,610.0077800602426,242.135369237028
2040-10-21,1049370.9199006055,902183.0070073623,610.0077800602426,241.28858303857575
2040-10-22,1046588.8757966405,902183.0070073623,610.0077800602426,236.72791316697152
2040-10-23,1046718.2057729391,902183.0070073623,610.0077800602426,236.9399268174957
2040-10-24,1045985.6597964044,1045985.6597964044,0.0,236.0930686466884
2040-10-25,1045985.6597964044,1045985.6597964044,0.0,232.93126966988348
2040-10-26,1045985.6597964044,1045985.6597964044,0.0,232.74264528167777
2040-10-27,1045985.6597964044,1045985.6597964044,0.0,231.61541045926705
2040-10-28,1045985.6597964044,1045985.6597964044,0.0,235.99648198916375
2040-10-29,1045985.6597964044,1045985.6597964044,0.0,238.2931856687537
2040-10-30,1045985.6597964044,1045985.6597964044,0.0,236.01346550614565
2040-10-31,1045985.6597964044,1045985.6597964044,0.0,234.27280438762384
2040-11-01,1045985.6597964044,1045985.6597964044,0.0,236.62865971132132
2040-11-02,1045985.6597964044,1045985.6597964044,0.0,239.51528679845651
2040-11-03,1045985.6597964044,1045985.6597964044,0.0,238.7187566901167
2040-11-04,1045985.6597964044,1045985.6597964044,0.0,237.57348228062943
2040-11-05,1045985.6597964044,1045985.6597964044,0.0,237.2715812264706
2040-11-06,1045985.6597964044,1045985.6597964044,0.0,237.96063123528504
2040-11-07,1045985.6597964044,1045985.6597964044,0.0,239.693655179958
2040-11-08,1045985.6597964044,1045985.6597964044,0.0,241.5642760451123
2040-11-09,1045985.6597964044,1045985.6597964044,0.0,239.02766290041683
2040-11-10,1045985.6597964044,1045985.6597964044,0.0,238.16940414750135
2040-11-11,1045985.6597964044,1045985.6597964044,0.0,233.24833479884956
2040-11-12,1045985.6597964044,1045985.6597964044,0.0,233.1934528827285
2040-11-13,1045985.6597964044,1045985.6597964044,0.0,229.97943007035505
2040-11-14,1045985.6597964044,1045985.6597964044,0.0,228.30256248094028
2040-11-15,1045985.6597964044,1045985.6597964044,0.0,230.83708791744203
2040-11-16,1045985.6597964044,1045985.6597964044,0.0,231.73920217429492
2040-11-17,1045985.6597964044,1045985.6597964044,0.0,232.549563282888
2040-11-18,1045985.6597964044,1045985.6597964044,0.0,232.5549228519316
2040-11-19,1045985.6597964044,1045985.6597964044,0.0,235.84250874206148
2040-11-20,1045985.6597964044,1045985.6597964044,0.0,234.36644569113383
2040-11-21,1045985.6597964044,1045985.6597964044,0.0,234.75020578147817
2040-11-22,1045985.6597964044,1045985.6597964044,0.0,235.0090200122323
2040-11-23,1045985.6597964044,1045985.6597964044,0.0,234.1913467683681
2040-11-24,1045985.6597964044,1045985.6597964044,0.0,239.25299259773075
2040-11-25,1045985.6597964044,1045985.6597964044,0.0,236.34964933960308
2040-11-26,1045985.6597964044,1045985.6597964044,0.0,232.0214318694382
2040-11-27,1045985.6597964044,1045985.6597964044,0.0,232.2721330686147
2040-11-28,1045985.6597964044,1045985.6597964044,0.0,230.8756619508187
2040-11-29,1045985.6597964044,1045985.6597964044,0.0,225.5778564682795
2040-11-30,1045985.6597964044,1045985.6597964044,0.0,226.4273090581229
2040-12-01,1045985.6597964044,1045985.6597964044,0.0,226.97543519638512
2040-12-02,1045985.6597964044,1045985.6597964044,0.0,229.53709760304903
2040-12-03,1045985.6597964044,1045985.6597964044,0.0,228.26436004949696
2040-12-04,1045985.6597964044,1045985.6597964044,0.0,224.060077502031
2040-12-05,1045985.6597964044,1045985.6597964044,0.0,221.96749785304877
2040-12-06,1045985.6597964044,1045985.6597964044,0.0,217.74234970454893
2040-12-07,1045985.6597964044,1045985.6597964044,0.0,221.02593362455175
2040-12-08,1045985.6597964044,1045985.6597964044,0.0,223.26023342877065
2040-12-09,1045985.6597964044,1045985.6597964044,0.0,226.14387259466895
2040-12-10,1045985.6597964044,1045985.6597964044,0.0,227.65606841532943
2040-12-11,1045985.6597964044,1045985.6597964044,0.0,224.49014093501071
2040-12-12,1045985.6597964044,1045985.6597964044,0.0,223.58496329435405
2040-12-13,1045985.6597964044,1045985.6597964044,0.0,225.36390735485332
2040-12-14,1045985.6597964044,1045985.6597964044,0.0,221.5664647239203
2040-12-15,1045985.6597964044,1045985.6597964044,0.0,222.54520366421391
2040-12-16,1045985.6597964044,1045985.6597964044,0.0,224.28404930894865
2040-12-17,1045985.6597964044,1045985.6597964044,0.0,229.41798483618828
2040-12-18,1045985.6597964044,1045985.6597964044,0.0,231.62066326424235
2040-12-19,1045985.6597964044,1045985.6597964044,0.0,232.7236508802514
2040-12-20,1045985.6597964044,1045985.6597964044,0.0,232.78991147583815
2040-12-21,1045985.6597964044,1045985.6597964044,0.0,234.05797438155255
2040-12-22,1045985.6597964044,1045985.6597964044,0.0,235.49123256612137
2040-12-23,1045985.6597964044,1045985.6597964044,0.0,230.6630682991926
2040-12-24,1045985.6597964044,1045985.6597964044,0.0,231.15591413231323
2040-12-25,1045985.6597964044,1045985.6597964044,0.0,225.12267522695151
2040-12-26,1045767.4731994292,1191273.7065940073,-661.0747707619951,220.1055611710287
2040-12-27,1045706.2544767428,1191273.7065940073,-661.0747707619951,220.19816600998783
2040-12-28,1045007.93880054,1191273.7065940073,-661.0747707619951,221.25449988792113
2040-12-29,1046934.5411382724,1191273.7065940073,-661.0747707619951,218.34015128025652
2040-12-30,1045347.0566118555,1191273.7065940073,-661.0747707619951,220.74152037892463
2040-12-31,1043112.7618703912,1191273.7065940073,-661.0747707619951,224.12131165259376
2041-01-01,1041913.8424717106,1191273.7065940073,-661.0747707619951,225.9349028705716
2041-01-02,1041953.7455175818,1191273.7065940073,-661.0747707619951,225.87454200424287
2041-01-03,1041495.7401703604,1191273.7065940073,-661.0747707619951,226.56736128502328
2041-01-04,1041326.5793928716,1191273.7065940073,-661.0747707619951,226.82324879574136
2041-01-05,1041005.3762995608,1191273.7065940073,-661.0747707619951,227.3091289223429
2041-01-06,1042536.4909735903,1191273.7065940073,-661.0747707619951,224.9930298337864
2041-01-07,1043089.6667426401,1191273.7065940073,-661.0747707619951,224.15624737964413
2041-01-08,1043001.353685321,1191273.7065940073,-661.0747707619951,224.289837498682
2041-01-09,1042500.6107084895,1191273.7065940073,-661.0747707619951,225.0473054871431
2041-01-10,1041620.9315841562,1191273.7065940073,-661.0747707619951,226.3779857115893
2041-01-11,1043107.6974923285,1191273.7065940073,-661.0747707619951,224.12897247749092
2041-01-12,1043363.468992878,1191273.7065940073,-661.0747707619951,223.7420699486671
2041-01-13,1043759.9737755356,1191273.7065940073,-661.0747707619951,223.142281845726
2041-01-14,1040840.950516978,1191273.7065940073,-661.0747707619951,227.55785386217556
2041-01-15,1040464.7582521352,1191273.7065940073,-661.0747707619951,228.12691545926103
2041-01-16,1039217.419167782,1039217.419167782,0.0,229.66913203142065
2041-01-17,1039217.419167782,1039217.419167782,0.0,231.9691639731896
2041-01-18,1039217.419167782,1039217.419167782,0.0,233.95823907284003
2041-01-19,1039217.419167782,1039217.419167782,0.0,229.24633497885796
2041-01-20,1039217.419167782,1039217.419167782,0.0,228.838116003628
2041-01-21,1039217.419167782,1039217.419167782,0.0,230.3948890253885
2041-01-22,1039217.419167782,1039217.419167782,0.0,230.69494113459905
2041-01-23,1039217.419167782,1039217.419167782,0.0,226.8789033514164
2041-01-24,1039217.419167782,1039217.419167782,0.0,224.52389128516032
2041-01-25,1039217.419167782,1039217.419167782,0.0,222.539320711563
2041-01-26,1039217.419167782,1039217.419167782,0.0,223.27096467326544
2041-01-27,1039217.419167782,1039217.419167782,0.0,223.79435343197875
2041-01-28,1039217.419167782,1039217.419167782,0.0,227.23073148695505
2041-01-29,1039217.419167782,1039217.419167782,0.0,227.25940484321725
2041-01-30,1039217.419167782,1039217.419167782,0.0,227.7224940176109
2041-01-31,1039217.419167782,1039217.419167782,0.0,224.69817467124224
2041-02-01,1039217.419167782,1039217.419167782,0.0,224.34830178189924
2041-02-02,1039217.419167782,1039217.419167782,0.0,229.50701876027796
2041-02-03,1039217.419167782,1039217.419167782,0.0,230.29353221188092
2041-02-04,1039217.419167782,1039217.419167782,0.0,229.00775314115808
2041-02-05,1039217.419167782,1039217.419167782,0.0,229.96133600532005
2041-02-06,1039217.419167782,1039217.419167782,0.0,232.36993100886565
2041-02-07,1039217.419167782,1039217.419167782,0.0,233.5295398155916
2041-02-08,1039217.419167782,1039217.419167782,0.0,235.47962629965173
2041-02-09,1039217.419167782,1039217.419167782,0.0,237.7494957851606
2041-02-10,1039217.419167782,1039217.419167782,0.0,238.12259973252927
2041-02-11,1039217.419167782,1039217.419167782,0.0,238.9074480873977
2041-02-12,1039217.419167782,1039217.419167782,0.0,237.4824432754855
2041-02-13,1039217.419167782,1039217.419167782,0.0,236.03945220990892
2041-02-14,1039217.419167782,1039217.419167782,0.0,235.8495250964213
2041-02-15,1039217.419167782,1039217.419167782,0.0,232.74654912063443
2041-02-16,1039217.419167782,1039217.419167782,0.0,233.6066548350372
2041-02-17,1039217.419167782,1039217.419167782,0.0,231.7538529010863
2041-02-18,1039217.419167782,1039217.419167782,0.0,232.16888360297423
2041-02-19,1039217.419167782,1039217.419167782,0.0,233.37286355761444
2041-02-20,1039217.419167782,1039217.419167782,0.0,230.32011828745965
2041-02-21,1039217.419167782,1039217.419167782,0.0,231.2665171967481
2041-02-22,1039217.419167782,1039217.419167782,0.0,226.53921883383416
2041-02-23,1039217.419167782,1039217.419167782,0.0,227.8767523392329
2041-02-24,1039217.419167782,1039217.419167782,0.0,229.2540545595293
2041-02-25,1039217.419167782,1039217.419167782,0.0,230.79597087181187
2041-02-26,1039217.419167782,1039217.419167782,0.0,231.5907567575096
2041-02-27,1039217.419167782,1039217.419167782,0.0,230.3938133592669
2041-02-28,1039217.419167782,1039217.419167782,0.0,229.28446406178745
2041-03-01,1039217.419167782,1039217.419167782,0.0,227.87613348894484
2041-03-02,1039217.419167782,1039217.419167782,0.0,230.2347705732134
2041-03-03,1039217.419167782,1039217.419167782,0.0,234.1604197558331
2041-03-04,1039217.419167782,1039217.419167782,0.0,234.35820305859977
2041-03-05,1039217.419167782,1039217.419167782,0.0,232.0537741861492
2041-03-06,1039217.419167782,1039217.419167782,0.0,231.40943186279893
2041-03-07,1039217.419167782,1039217.419167782,0.0,233.68606878453772
2041-03-08,1039217.419167782,1039217.419167782,0.0,234.9841584199035
2041-03-09,1039217.419167782,1039217.419167782,0.0,235.06391374721196
2041-03-10,1039217.419167782,1039217.419167782,0.0,234.44343449335273
2041-03-11,1039217.419167782,1039217.419167782,0.0,230.5182191969457
2041-03-12,1039217.419167782,1039217.419167782,0.0,230.0234155839316
2041-03-13,1039217.419167782,1039217.419167782,0.0,229.13350865583655
2041-03-14,1039217.419167782,1039217.419167782,0.0,228.1704588116741
2041-03-15,1039217.419167782,1039217.419167782,0.0,228.81394754803097
2041-03-16,1039217.419167782,1039217.419167782,0.0,232.85448851427196
2041-03-17,1039217.419167782,1039217.419167782,0.0,232.90056417964345
2041-03-18,1039217.419167782,1039217.419167782,0.0,234.29817978942543
2041-03-19,1039217.419167782,1039217.419167782,0.0,234.15603253460424
2041-03-20,1039217.419167782,1039217.419167782,0.0,234.01310256507108
2041-03-21,1039217.419167782,1039217.419167782,0.0,236.69792207630525
2041-03-22,1039217.419167782,1039217.419167782,0.0,237.58410031221
2041-03-23,1039217.419167782,1039217.419167782,0.0,239.4419890947728
2041-03-24,1039217.419167782,1039217.419167782,0.0,242.4291972273246
2041-03-25,1039217.419167782,1039217.419167782,0.0,243.31055642346584
2041-03-26,1039217.419167782,1039217.419167782,0.0,243.90633039552836
2041-03-27,1039217.419167782,1039217.419167782,0.0,245.7103911575579
2041-03-28,1039217.419167782,1039217.419167782,0.0,244.12124639061972
2041-03-29,1039217.419167782,1039217.419167782,0.0,242.58395188241755
2041-03-30,1039217.419167782,1039217.419167782,0.0,240.75028991089508
2041-03-31,1039217.419167782,1039217.419167782,0.0,239.5720710759984
2041-04-01,1039217.419167782,1039217.419167782,0.0,236.7453810031773
2041-04-02,1039217.419167782,1039217.419167782,0.0,232.85623491355372
2041-04-03,1039217.419167782,1039217.419167782,0.0,230.9504731501662
2041-04-04,1039217.419167782,1039217.419167782,0.0,225.58148736975983
2041-04-05,1039217.419167782,1039217.419167782,0.0,226.22282803619635
2041-04-06,1039217.419167782,1039217.419167782,0.0,226.44634010128271
2041-04-07,1039217.419167782,1039217.419167782,0.0,228.13081455603336
2041-04-08,1039217.419167782,1039217.419167782,0.0,226.01336431944625
2041-04-09,1039217.419167782,1039217.419167782,0.0,227.1438168633815
2041-04-10,1038905.5500202897,831062.0661867333,922.4588947822491,225.31462920374233
2041-04-11,1040520.7696138311,831062.0661867333,922.4588947822491,227.06562277394647
2041-04-12,1036739.1740168976,831062.0661867333,922.4588947822491,222.9661494875773
2041-04-13,1036251.689789183,831062.0661867333,922.4588947822491,222.43768775288964
2041-04-14,1035434.4003042367,831062.0661867333,922.4588947822491,221.55169761330825
2041-04-15,1037069.6534147732,831062.0661867333,922.4588947822491,223.3244087008007
2041-04-16,1038686.9542962793,831062.0661867333,922.4588947822491,225.0776585102547
2041-04-17,1041233.0143854555,831062.0661867333,922.4588947822491,227.83773823150585
2041-04-18,1037041.9985752546,831062.0661867333,922.4588947822491,223.2944292191403
2041-04-19,1040147.0649668343,831062.0661867333,922.4588947822491,226.6605048341547
2041-04-20,1038220.6647186889,831062.0661867333,922.4588947822491,224.57217302984145
2041-04-21,1041789.5367630558,831062.0661867333,922.4588947822491,228.4410414038728
2041-04-22,1046527.9914331238,831062.0661867333,922.4588947822491,233.57780651814556
2041-04-23,1049109.7041941623,831062.0661867333,922.4588947822491,236.3765358443427
2041-04-24,1047248.3897953455,831062.0661867333,922.4588947822491,234.3587609501495
2041-04-25,1044574.6699323492,831062.0661867333,922.4588947822491,231.46029048374737
2041-04-26,1043074.1668751652,831062.0661867333,922.4588947822491,229.83365642376765
2041-04-27,1044287.0621855618,831062.0661867333,922.4588947822491,231.1485066759112
2041-04-28,1042031.8039395935,831062.0661867333,922.4588947822491,228.70367335192813
2041-04-29,1038147.2817199137,831062.0661867333,922.4588947822491,224.49262151899345
2041-04-30,1040398.2288281176,831062.0661867333,922.4588947822491,226.93278131466127
2041-05-01,1038833.199762178,1038833.199762178,0.0,225.57444612682116
2041-05-02,1038833.199762178,1038833.199762178,0.0,227.64684033824395
2041-05-03,1038833.199762178,1038833.199762178,0.0,229.41026880391937
2041-05-04,1038833.199762178,1038833.199762178,0.0,229.86408827010183
2041-05-05,1038833.199762178,1038833.199762178,0.0,231.8015927999146
2041-05-06,1038833.199762178,1038833.199762178,0.0,235.2595809627138
2041-05-07,1038833.199762178,1038833.199762178,0.0,237.06428942018843
2041-05-08,1038833.199762178,1038833.199762178,0.0,238.9469131329376
2041-05-09,1038833.199762178,1038833.199762178,0.0,239.87497339579105
2041-05-10,1038833.199762178,1038833.199762178,0.0,238.8384224587124
2041-05-11,1038833.199762178,1038833.199762178,0.0,239.5758899675624
2041-05-12,1038833.199762178,1038833.199762178,0.0,240.07732184803217
2041-05-13,1038833.199762178,1038833.199762178,0.0,241.25451930485556
2041-05-14,1038833.199762178,1038833.199762178,0.0,242.06066933449165
2041-05-15,1038833.199762178,1038833.199762178,0.0,240.95618569054983
2041-05-16,1038833.199762178,1038833.199762178,0.0,243.71744130630967
2041-05-17,1038833.199762178,1038833.199762178,0.0,242.4357930791543
2041-05-18,1038833.199762178,1038833.199762178,0.0,243.3933849099431
2041-05-19,1038833.199762178,1038833.199762178,0.0,244.65019089875625
2041-05-20,1038833.199762178,1038833.199762178,0.0,242.0949453582689
2041-05-21,1038833.199762178,1038833.199762178,0.0,245.905728697229
2041-05-22,1038833.199762178,1038833.199762178,0.0,245.80489463120716
2041-05-23,1038833.199762178,1038833.199762178,0.0,243.37454347426672
2041-05-24,1038833.199762178,1038833.199762178,0.0,243.37542895726384
2041-05-25,1038833.199762178,1038833.199762178,0.0,241.01526014466748
2041-05-26,1038833.199762178,1038833.199762178,0.0,239.6215200902384
2041-05-27,1038833.199762178,1038833.199762178,0.0,238.1892625336351
2041-05-28,1038833.199762178,1038833.199762178,0.0,237.86594532130084
2041-05-29,1038833.199762178,1038833.199762178,0.0,241.1345221617764
2041-05-30,1038833.199762178,1038833.199762178,0.0,241.39114102784555
2041-05-31,1038833.199762178,1038833.199762178,0.0,241.78835057709352
2041-06-01,1038833.199762178,1038833.199762178,0.0,240.6377604814506
2041-06-02,1038833.199762178,1038833.199762178,0.0,241.32051517565935
2041-06-03,1038833.199762178,1038833.199762178,0.0,241.2406860386656
2041-06-04,1038833.199762178,1038833.199762178,0.0,241.0386036542035
2041-06-05,1038833.199762178,1038833.199762178,0.0,242.74894899182223
2041-06-06,1038833.199762178,1038833.199762178,0.0,240.47418892542737
2041-06-07,1038833.199762178,1038833.199762178,0.0,243.53911679052695
2041-06-08,1038833.199762178,1038833.199762178,0.0,237.06181946509815
2041-06-09,1038833.199762178,1038833.199762178,0.0,236.84124168230736
2041-06-10,1038833.199762178,1038833.199762178,0.0,240.0812150563065
2041-06-11,1038833.199762178,1038833.199762178,0.0,242.99590931698495
2041-06-12,1038833.199762178,1038833.199762178,0.0,243.3810531527862
2041-06-13,1038833.199762178,1038833.199762178,0.0,241.4178241197319
2041-06-14,1038833.199762178,1038833.199762178,0.0,241.09597846730975
2041-06-15,1038833.199762178,1038833.199762178,0.0,247.4255872382006
2041-06-16,1038833.199762178,1038833.199762178,0.0,249.1854755666118
2041-06-17,1038833.199762178,1038833.199762178,0.0,244.98377476778964
2041-06-18,1038833.199762178,1038833.199762178,0.0,245.1869847927033
2041-06-19,1038833.199762178,1038833.199762178,0.0,243.7236671909494
2041-06-20,1038833.199762178,1038833.199762178,0.0,240.648112881367
2041-06-21,1038833.199762178,1038833.199762178,0.0,241.81240428407835
2041-06-22,1038833.199762178,1038833.199762178,0.0,239.47742549962135
2041-06-23,1038833.199762178,1038833.199762178,0.0,243.21414361657415
2041-06-24,1038833.199762178,1038833.199762178,0.0,246.49780422182852
2041-06-25,1038833.199762178,1038833.199762178,0.0,244.70586723833304
2041-06-26,1038833.199762178,1038833.199762178,0.0,242.77504394220463
2041-06-27,1038833.199762178,1038833.199762178,0.0,244.41506914162733
2041-06-28,1038833.199762178,1038833.199762178,0.0,246.9153374795104
2041-06-29,1038833.199762178,1038833.199762178,0.0,246.2947475650392
2041-06-30,1038833.199762178,1038833.199762178,0.0,248.71645951812783
2041-07-01,1038833.199762178,1038833.199762178,0.0,252.8908629531309
2041-07-02,1038833.199762178,1038833.199762178,0.0,253.72654896332963
2041-07-03,1038833.199762178,1038833.199762178,0.0,251.1290372655768
2041-07-04,1038833.199762178,1038833.199762178,0.0,253.1094683001641
2041-07-05,1038833.199762178,1038833.199762178,0.0,253.4721346698153
2041-07-06,1038833.199762178,1038833.199762178,0.0,252.6583915711312
2041-07-07,1038833.199762178,1038833.199762178,0.0,254.5648060999936
2041-07-08,1038833.199762178,1038833.199762178,0.0,257.65618567502617
2041-07-09,1038833.199762178,1038833.199762178,0.0,258.13590169443546
2041-07-10,1038833.199762178,1038833.199762178,0.0,252.31915522489595
2041-07-11,1038833.199762178,1038833.199762178,0.0,252.6216521676752
2041-07-12,1038833.199762178,1038833.199762178,0.0,253.19566078906817
2041-07-13,1038833.199762178,1038833.199762178,0.0,259.82846794725185
2041-07-14,1038833.199762178,1038833.199762178,0.0,260.1654798023972
2041-07-15,1038833.199762178,1038833.199762178,0.0,259.7201493138051
2041-07-16,1038833.199762178,1038833.199762178,0.0,261.51792600008554
2041-07-17,1038833.199762178,1038833.199762178,0.0,260.7341656833529
2041-07-18,1038833.199762178,1038833.199762178,0.0,258.9513224938366
2041-07-19,1038833.199762178,1038833.199762178,0.0,254.85531047847675
2041-07-20,1038833.199762178,1038833.199762178,0.0,253.3420919512189
2041-07-21,1038833.199762178,1038833.199762178,0.0,248.55465503800235
2041-07-22,1038833.199762178,1038833.199762178,0.0,249.2596767344021
2041-07-23,1038833.199762178,1038833.199762178,0.0,249.79824858648263
2041-07-24,1038833.199762178,1038833.199762178,0.0,251.5439640010368
2041-07-25,1038833.199762178,1038833.199762178,0.0,248.9636153852207
2041-07-26,1038833.199762178,1038833.199762178,0.0,245.40739228259753
2041-07-27,1038833.199762178,1038833.199762178,0.0,250.50886149605495
2041-07-28,1038833.199762178,1038833.199762178,0.0,250.31195408263676
2041-07-29,1038833.199762178,1038833.199762178,0.0,252.0698057665348
2041-07-30,1038833.199762178,1038833.199762178,0.0,252.4050568171439
2041-07-31,1038833.199762178,1038833.199762178,0.0,254.29235339110096
2041-08-01,1038833.199762178,1038833.199762178,0.0,254.87289590308876
2041-08-02,1038833.199762178,1038833.199762178,0.0,252.83695615838897
2041-08-03,1038833.199762178,1038833.199762178,0.0,254.21060015967063
2041-08-04,1038833.199762178,1038833.199762178,0.0,254.9844037645696
2041-08-05,1038833.199762178,1038833.199762178,0.0,250.7306141242884
2041-08-06,1038833.199762178,1038833.199762178,0.0,251.47019777822743
2041-08-07,1038833.199762178,1038833.199762178,0.0,250.49860652301615
2041-08-08,1038833.199762178,1038833.199762178,0.0,248.8339395289196
2041-08-09,1038833.199762178,1038833.199762178,0.0,251.2727967156308
2041-08-10,1038833.199762178,1038833.199762178,0.0,251.0923064661758
2041-08-11,1038833.199762178,1038833.199762178,0.0,250.9883258189915
2041-08-12,1038833.199762178,1038833.199762178,0.0,251.2124319693511
2041-08-13,1038833.199762178,1038833.199762178,0.0,251.1311601710296
2041-08-14,1038833.199762178,1038833.199762178,0.0,250.8857737323201
2041-08-15,1038833.199762178,1038833.199762178,0.0,254.56560491009265
2041-08-16,1038833.199762178,1038833.199762178,0.0,252.8296988694688
2041-08-17,1038833.199762178,1038833.199762178,0.0,248.4764764189225
2041-08-18,1038833.199762178,1038833.199762178,0.0,248.58749781709489
2041-08-19,1038833.199762178,1038833.199762178,0.0,246.2631573447705
2041-08-20,1038833.199762178,1038833.199762178,0.0,243.5770195161765
2041-08-21,1038833.199762178,1038833.199762178,0.0,243.53869733966812
2041-08-22,1038833.199762178,1038833.199762178,0.0,244.20856446721825
2041-08-23,1038833.199762178,1038833.199762178,0.0,243.78480064731383
2041-08-24,1038833.199762178,1038833.199762178,0.0,242.673899191056
2041-08-25,1038833.199762178,1038833.199762178,0.0,242.18782013419263
2041-08-26,1038833.199762178,1038833.199762178,0.0,242.06449097716867
2041-08-27,1038833.199762178,1038833.199762178,0.0,242.05799995093253
2041-08-28,1038833.199762178,1038833.199762178,0.0,237.75843664244903
2041-08-29,1038833.199762178,1038833.199762178,0.0,239.84529317069877
2041-08-30,1038833.199762178,1038833.199762178,0.0,236.3746469871132
2041-08-31,1038833.199762178,1038833.199762178,0.0,234.79368831442497
2041-09-01,1038833.199762178,1038833.199762178,0.0,231.17272691493292
2041-09-02,1038833.199762178,1038833.199762178,0.0,231.55973127204933
2041-09-03,1038833.199762178,1038833.199762178,0.0,229.9201233279585
2041-09-04,1038521.4459189294,830754.8059664938,905.3096963355533,229.49786221601104
2041-09-05,1036983.6880569297,830754.8059664938,905.3096963355533,227.7992635284856
2041-09-06,1034821.2326757256,830754.8059664938,905.3096963355533,225.4106274739318
2041-09-07,1029762.9258206842,830754.8059664938,905.3096963355533,219.823250164801
2041-09-08,1028589.4013202304,830754.8059664938,905.3096963355533,218.52698160034856
2041-09-09,1026209.8548108331,830754.8059664938,905.3096963355533,215.8985479062999
2041-09-10,1027228.0583390892,830754.8059664938,905.3096963355533,217.02324979823527
2041-09-11,1031359.3122144262,830754.8059664938,905.3096963355533,221.58660959881988
2041-09-12,1035064.0192713987,830754.8059664938,905.3096963355533,225.67880818231907
2041-09-13,1034898.334539091,830754.8059664938,905.3096963355533,225.49579375866008
2041-09-14,1033289.731749024,830754.8059664938,905.3096963355533,223.71894016195384
2041-09-15,1029378.8580346975,830754.8059664938,905.3096963355533,219.39901104802
2041-09-16,1028548.8236776991,830754.8059664938,905.3096963355533,218.48215976457732
2041-09-17,1026752.8292564427,830754.8059664938,905.3096963355533,216.49831442576556
2041-09-18,1025313.1067999753,830754.8059664938,905.3096963355533,214.9080050959361
2041-09-19,1022163.347711884,830754.8059664938,905.3096963355533,211.4287989183809
2041-09-20,1023513.2068230654,830754.8059664938,905.3096963355533,212.91984570231048
2041-09-21,1024497.2871883673,830754.8059664938,905.3096963355533,214.00685534032192
2041-09-22,1022731.723023063,830754.8059664938,905.3096963355533,212.05662309112503
2041-09-23,1024381.8159941202,830754.8059664938,905.3096963355533,213.87930650845308
2041-09-24,1024497.2827823993,830754.8059664938,905.3096963355533,214.0068504735145
2041-09-25,1024927.6630864225,1230033.1190949394,-953.3377802825237,215.1445796554223
2041-09-26,1023333.7619595302,1230033.1190949394,-953.3377802825237,216.81649611552524
2041-09-27,1022577.9512118923,1230033.1190949394,-953.3377802825237,217.60930089392585
2041-09-28,1024273.3809161427,1230033.1190949394,-953.3377802825237,215.83088642287876
2041-09-29,1022102.9662405462,1230033.1190949394,-953.3377802825237,218.10753455377872
2041-09-30,1020489.9796747809,1230033.1190949394,-953.3377802825237,219.79947061162312
2041-10-01,1018833.6142511519,1230033.1190949394,-953.3377802825237,221.53690875567537
2041-10-02,1021622.5371895866,1230033.1190949394,-953.3377802825237,218.61147876001513
2041-10-03,1024657.4964258953,1230033.1190949394,-953.3377802825237,215.4279699354626
2041-10-04,1021526.8568643321,1230033.1190949394,-953.3377802825237,218.71184226939593
2041-10-05,1022853.0857314972,1230033.1190949394,-953.3377802825237,217.3206995972026
2041-10-06,1022329.4290629006,1230033.1190949394,-953.3377802825237,217.86998724679236
2041-10-07,1019808.5795043925,1230033.1190949394,-953.3377802825237,220.514222701052
2041-10-08,1016347.4962068317,1230033.1190949394,-953.3377802825237,224.1447127216353
2041-10-09,1015117.1169536225,1230033.1190949394,-953.3377802825237,225.4353143097152
2041-10-10,1016236.2842598213,1230033.1190949394,-953.3377802825237,224.26136806595355
2041-10-11,1016848.2405360832,1230033.1190949394,-953.3377802825237,223.61945888232648
2041-10-12,1016056.5007888146,1230033.1190949394,-953.3377802825237,224.44995124677885
2041-10-13,1015681.9545015597,1230033.1190949394,-953.3377802825237,224.84283013504017
2041-10-14,1017211.2105450116,1230033.1190949394,-953.3377802825237,223.23872288671672
2041-10-15,1022783.5718240213,1230033.1190949394,-953.3377802825237,217.3936159432382
2041-10-16,1024259.216170358,1200735.1225428947,-817.7764206017962,215.79970017070104
2041-10-17,1024634.6982656046,1200735.1225428947,-817.7764206017962,215.34055010744743
2041-10-18,1024651.6621767029,1200735.1225428947,-817.7764206017962,215.31980615999316
2041-10-19,1021620.6557824902,1200735.1225428947,-817.7764206017962,219.02620599967335
2041-10-20,1019699.0668973377,1200735.1225428947,-817.7764206017962,221.37597891650356
2041-10-21,1020532.8636844498,1200735.1225428947,-817.7764206017962,220.35638876190043
2041-10-22,1019622.8017682291,1200735.1225428947,-817.7764206017962,221.46923806067468
2041-10-23,1024384.8851609133,1200735.1225428947,-817.7764206017962,215.64602859569655
2041-10-24,1022209.3494723386,1200735.1225428947,-817.7764206017962,218.30633480380888
2041-10-25,1023093.2853771823,1200735.1225428947,-817.7764206017962,217.22543312631456
2041-10-26,1022760.4614769935,1200735.1225428947,-817.7764206017962,217.63241954925877
2041-10-27,1022707.3870249066,1200735.1225428947,-817.7764206017962,217.6973204815305
2041-10-28,1020871.0039361273,1200735.1225428947,-817.7764206017962,219.94290135487967
2041-10-29,1021497.0553534051,1200735.1225428947,-817.7764206017962,219.1773480795515
2041-10-30,1020016.043296962,1200735.1225428947,-817.7764206017962,220.98837126282348
2041-10-31,1019355.8148362462,1200735.1225428947,-817.7764206017962,221.79571718780133
2041-11-01,1019133.346415544,1200735.1225428947,-817.7764206017962,222.06775782763592
2041-11-02,1019329.5285486297,1200735.1225428947,-817.7764206017962,221.8278607993732
2041-11-03,1020251.2203376632,1200735.1225428947,-817.7764206017962,220.70079016513415
2041-11-04,1020550.250261242,1200735.1225428947,-817.7764206017962,220.33512796695192
2041-11-05,1021237.7272831637,1200735.1225428947,-817.7764206017962,219.49446173520144
2041-11-06,1020448.6337694479,1224545.5119827439,-925.963590572773,220.41566244202735
2041-11-07,1022750.9482448569,1224545.5119827439,-925.963590572773,217.92926394985247
2041-11-08,1022605.4370412542,1224545.5119827439,-925.963590572773,218.0864096573988
2041-11-09,1019520.254847442,1224545.5119827439,-925.963590572773,221.4182708938689
2041-11-10,1020420.1996624595,1224545.5119827439,-925.963590572773,220.4463700284571
2041-11-11,1019523.5171978825,1224545.5119827439,-925.963590572773,221.41474769870916
2041-11-12,1024231.853579283,1224545.5119827439,-925.963590572773,216.3299512452244
2041-11-13,1027373.3882997457,1224545.5119827439,-925.963590572773,212.9372317555525
2041-11-14,1027635.4621916162,1224545.5119827439,-925.963590572773,212.65420346530595
2041-11-15,1027783.6627154989,1224545.5119827439,-925.963590572773,212.49415340999968
2041-11-16,1027702.2970867625,1224545.5119827439,-925.963590572773,212.58202471462195
2041-11-17,1023342.2820394612,1224545.5119827439,-925.963590572773,217.2906494291255
2041-11-18,1024511.7188502033,1224545.5119827439,-925.963590572773,216.0277090471837
2041-11-19,1024342.7931469113,1224545.5119827439,-925.963590572773,216.21014138578943
2041-11-20,1025771.8825179114,1224545.5119827439,-925.963590572773,214.6667876453729
2041-11-21,1024301.7246189113,1224545.5119827439,-925.963590572773,216.25449359187851
2041-11-22,1026592.0507800506,1224545.5119827439,-925.963590572773,213.7810419524652
2041-11-23,1027970.9309117785,1224545.5119827439,-925.963590572773,212.29191198475775
2041-11-24,1029735.0258080668,1224545.5119827439,-925.963590572773,210.3867669939087
2041-11-25,1028123.7422166858,1224545.5119827439,-925.963590572773,212.12688248849773
2041-11-26,1027876.1202050532,1224545.5119827439,-925.963590572773,212.39430338296228
2041-11-27,1027021.8402639059,1027021.8402639059,0.0,212.997285763376
2041-11-28,1027021.8402639059,1027021.8402639059,0.0,212.58464368269645
2041-11-29,1027021.8402639059,1027021.8402639059,0.0,215.17096198359437
2041-11-30,1027021.8402639059,1027021.8402639059,0.0,214.83785914261716
2041-12-01,1027021.8402639059,1027021.8402639059,0.0,219.10186832586135
2041-12-02,1027021.8402639059,1027021.8402639059,0.0,221.90097523186557
2041-12-03,1027021.8402639059,1027021.8402639059,0.0,218.65012201260583
2041-12-04,1027021.8402639059,1027021.8402639059,0.0,220.05074671317635
2041-12-05,1027021.8402639059,1027021.8402639059,0.0,222.85834995003407
2041-12-06,1027021.8402639059,1027021.8402639059,0.0,221.9515273656742
2041-12-07,1027021.8402639059,1027021.8402639059,0.0,222.86664248236409
2041-12-08,1027021.8402639059,1027021.8402639059,0.0,219.59710642496324
2041-12-09,1027021.8402639059,1027021.8402639059,0.0,217.4207423573558
2041-12-10,1027021.8402639059,1027021.8402639059,0.0,216.87432394824455
2041-12-11,1027021.8402639059,1027021.8402639059,0.0,213.95664641124475
2041-12-12,1027021.8402639059,1027021.8402639059,0.0,214.0747702163083
2041-12-13,1027021.8402639059,1027021.8402639059,0.0,215.471610444245
2041-12-14,1027021.8402639059,1027021.8402639059,0.0,213.5070874728847
2041-12-15,1027021.8402639059,1027021.8402639059,0.0,210.6640807051321
2041-12-16,1027021.8402639059,1027021.8402639059,0.0,207.3640939941016
2041-12-17,1027021.8402639059,1027021.8402639059,0.0,209.89350269602457
2041-12-18,1027021.8402639059,1027021.8402639059,0.0,206.26869092728143
2041-12-19,1027021.8402639059,1027021.8402639059,0.0,206.87972690314928
2041-12-20,1027021.8402639059,1027021.8402639059,0.0,209.59905341855128
2041-12-21,1027021.8402639059,1027021.8402639059,0.0,207.55922588181443
2041-12-22,1027021.8402639059,1027021.8402639059,0.0,205.81487598910311
2041-12-23,1027021.8402639059,1027021.8402639059,0.0,206.17676148893295
2041-12-24,1027021.8402639059,1027021.8402639059,0.0,206.6735663016807
2041-12-25,1027021.8402639059,1027021.8402639059,0.0,205.64603265149145
2041-12-26,1027021.8402639059,1027021.8402639059,0.0,205.036072377084
2041-12-27,1027021.8402639059,1027021.8402639059,0.0,205.22243835498713
2041-12-28,1027021.8402639059,1027021.8402639059,0.0,204.3948760979394
2041-12-29,1027021.8402639059,1027021.8402639059,0.0,203.63916607887865
2041-12-30,1027021.8402639059,1027021.8402639059,0.0,207.63331319017095
2041-12-31,1027021.8402639059,1027021.8402639059,0.0,209.74822972450903
2042-01-01,1027021.8402639059,1027021.8402639059,0.0,212.05117665917103
2042-01-02,1027021.8402639059,1027021.8402639059,0.0,211.32920461674695
2042-01-03,1027021.8402639059,1027021.8402639059,0.0,207.72799402575495
2042-01-04,1027021.8402639059,1027021.8402639059,0.0,212.93573081396443
2042-01-05,1027021.8402639059,1027021.8402639059,0.0,211.62642111225225
2042-01-06,1027021.8402639059,1027021.8402639059,0.0,212.28194112690156
2042-01-07,1027021.8402639059,1027021.8402639059,0.0,213.95216019853015
2042-01-08,1027021.8402639059,1027021.8402639059,0.0,212.71383914622288
2042-01-09,1027021.8402639059,1027021.8402639059,0.0,214.64007002438188
2042-01-10,1027021.8402639059,1027021.8402639059,0.0,214.6594125892287
2042-01-11,1027021.8402639059,1027021.8402639059,0.0,214.09447338510347
2042-01-12,1027021.8402639059,1027021.8402639059,0.0,212.8544167842381
2042-01-13,1027021.8402639059,1027021.8402639059,0.0,210.7436604579515
2042-01-14,1027021.8402639059,1027021.8402639059,0.0,206.85422991553477
2042-01-15,1027021.8402639059,1027021.8402639059,0.0,212.75729885728072
2042-01-16,1027021.8402639059,1027021.8402639059,0.0,215.880599511498
2042-01-17,1027021.8402639059,1027021.8402639059,0.0,216.1029414458229
2042-01-18,1027021.8402639059,1027021.8402639059,0.0,219.50061836139048
2042-01-19,1027021.8402639059,1027021.8402639059,0.0,222.6602576629136
2042-01-20,1027021.8402639059,1027021.8402639059,0.0,223.99248596028087
2042-01-21,1027021.8402639059,1027021.8402639059,0.0,223.22104879009683
2042-01-22,1027021.8402639059,1027021.8402639059,0.0,225.6316854033067
2042-01-23,1027021.8402639059,1027021.8402639059,0.0,227.69114453815095
2042-01-24,1027021.8402639059,1027021.8402639059,0.0,229.49970707514657
2042-01-25,1027021.8402639059,1027021.8402639059,0.0,228.727094478513
2042-01-26,1027021.8402639059,1027021.8402639059,0.0,229.5954804933996
2042-01-27,1027021.8402639059,1027021.8402639059,0.0,230.2240710266096
2042-01-28,1027021.8402639059,1027021.8402639059,0.0,229.34923336231475
2042-01-29,1026713.8364140108,1232118.204466792,-892.2891432963968,230.19933571527372
2042-01-30,1024124.3810744786,1232118.204466792,-892.2891432963968,233.10137185343183
2042-01-31,1020926.9810412086,1232118.204466792,-892.2891432963968,236.68473948408325
2042-02-01,1019869.5610716462,1232118.204466792,-892.2891432963968,237.86980373988703
2042-02-02,1020221.67362674,1232118.204466792,-892.2891432963968,237.47518663876113
2042-02-03,1018402.8043016426,1232118.204466792,-892.2891432963968,239.51361704975756
2042-02-04,1020258.4753844582,1232118.204466792,-892.2891432963968,237.43394243222252
2042-02-05,1021055.8937381244,1232118.204466792,-892.2891432963968,236.5402653549466
2042-02-06,1018347.265937794,1232118.204466792,-892.2891432963968,239.57585961346672
2042-02-07,1014308.2893586883,1232118.204466792,-892.2891432963968,244.10239297930417
2042-02-08,1011811.2506017184,1232118.204466792,-892.2891432963968,246.90085665638657
2042-02-09,1011990.9325396894,1232118.204466792,-892.2891432963968,246.69948478122615
2042-02-10,1016758.6043074364,1232118.204466792,-892.2891432963968,241.35629327927217
2042-02-11,1015063.6022406882,1232118.204466792,-892.2891432963968,243.25590404948315
2042-02-12,1013923.9549022657,1232118.204466792,-892.2891432963968,244.53312158259388
2042-02-13,1012715.1777595223,1232118.204466792,-892.2891432963968,245.8878137827901
2042-02-14,1015839.0795588747,1232118.204466792,-892.2891432963968,242.38681657485395
2042-02-15,1016552.9318769003,1232118.204466792,-892.2891432963968,241.58679303608457
2042-02-16,1012494.2559343246,1232118.204466792,-892.2891432963968,246.13540373371293
2042-02-17,1014731.4568753324,1232118.204466792,-892.2891432963968,243.6281436624508
2042-02-18,1013470.5015464217,1232118.204466792,-892.2891432963968,245.04131263170703
2042-02-19,1014270.0970800959,811289.9763278672,833.8042472793754,243.438578556698
2042-02-20,1015302.7992090618,811289.9763278672,833.8042472793754,244.6771212150444
2042-02-21,1014897.292193652,811289.9763278672,833.8042472793754,244.19078762207823
2042-02-22,1017368.6872422418,811289.9763278672,833.8042472793754,247.1547867341644
2042-02-23,1017453.7288211788,811289.9763278672,833.8042472793754,247.25677899339607
2042-02-24,1019514.6766974968,811289.9763278672,833.8042472793754,249.72851967238972
2042-02-25,1023957.5723524273,811289.9763278672,833.8042472793754,255.05698336087193
2042-02-26,1026065.0399665483,811289.9763278672,833.8042472793754,257.58451619726316
2042-02-27,1027306.9472006734,811289.9763278672,833.8042472793754,259.0739631965766
2042-02-28,1029821.4531220484,811289.9763278672,833.8042472793754,262.0896661383397
2042-03-01,1031054.4664760159,811289.9763278672,833.8042472793754,263.568446509141
2042-03-02,1029722.3676780784,811289.9763278672,833.8042472793754,261.97083075906045
2042-03-03,1027882.4778684562,811289.9763278672,833.8042472793754,259.7642099417337
2042-03-04,1029382.4471004109,811289.9763278672,833.8042472793754,261.56315644128557
2042-03-05,1028022.9619239022,811289.9763278672,833.8042472793754,259.9326955975749
2042-03-06,1026463.0671597959,811289.9763278672,833.8042472793754,258.06187907295765
2042-03-07,1026053.3248211563,811289.9763278672,833.8042472793754,257.57046596253457
2042-03-08,1022378.0814352052,811289.9763278672,833.8042472793754,253.16266473347736
2042-03-09,1021002.3096321392,811289.9763278672,833.8042472793754,251.51267097588365
2042-03-10,1019465.3620664418,811289.9763278672,833.8042472793754,249.66937553728133
2042-03-11,1024654.1746595565,811289.9763278672,833.8042472793754,255.8924340189877
2042-03-12,1026213.0943358236,844396.3186568996,705.2035175571962,257.8217084179213
2042-03-13,1025448.6104412323,844396.3186568996,705.2035175571962,256.73764704335616
2042-03-14,1024065.4798790122,844396.3186568996,705.2035175571962,254.7763259101163
2042-03-15,1019738.2115511165,844396.3186568996,705.2035175571962,248.64012803225376
2042-03-16,1017188.7653327504,844396.3186568996,705.2035175571962,245.0249358857407
2042-03-17,1014343.8912067224,844396.3186568996,705.2035175571962,240.9908179960815
2042-03-18,1012692.111411998,844396.3186568996,705.2035175571962,238.64854409415028
2042-03-19,1012674.6920541729,844396.3186568996,705.2035175571962,238.62384291585005
2042-03-20,1012358.8904576564,844396.3186568996,705.2035175571962,238.1760266633015
2042-03-21,1010865.7263603489,844396.3186568996,705.2035175571962,236.0586746363578
2042-03-22,1010781.0097251788,844396.3186568996,705.2035175571962,235.93854387543445
2042-03-23,1008413.4779072315,844396.3186568996,705.2035175571962,232.5813118721846
2042-03-24,1009143.6269583543,844396.3186568996,705.2035175571962,233.61668539620223
2042-03-25,1010407.0658241208,844396.3186568996,705.2035175571962,235.40828006967044
2042-03-26,1011227.3275624221,844396.3186568996,705.2035175571962,236.57143612019996
2042-03-27,1013062.3350166909,844396.3186568996,705.2035175571962,239.17353240670903
2042-03-28,1010522.3927059365,844396.3186568996,705.2035175571962,235.5718170897567
2042-03-29,1010588.4971936145,844396.3186568996,705.2035175571962,235.6655552604157
2042-03-30,1009012.5666099883,844396.3186568996,705.2035175571962,233.43083784283215
2042-03-31,1007127.3562543289,844396.3186568996,705.2035175571962,230.7575523178397
2042-04-01,1004841.554454312,844396.3186568996,705.2035175571962,227.51621596158492
2042-04-02,1008621.1613356426,1008621.1613356426,0.0,233.2255349692527
2042-04-03,1008621.1613356426,1008621.1613356426,0.0,235.3606694113107
2042-04-04,1008621.1613356426,1008621.1613356426,0.0,239.21058696164715
2042-04-05,1008621.1613356426,1008621.1613356426,0.0,240.0559198749526
2042-04-06,1008621.1613356426,1008621.1613356426,0.0,238.07675307349925
2042-04-07,1008621.1613356426,1008621.1613356426,0.0,239.68169559320756
2042-04-08,1008621.1613356426,1008621.1613356426,0.0,245.3630064794308
2042-04-09,1008621.1613356426,1008621.1613356426,0.0,246.65373467632816
2042-04-10,1008621.1613356426,1008621.1613356426,0.0,246.3762652305765
2042-04-11,1008621.1613356426,1008621.1613356426,0.0,247.04631453084812
2042-04-12,1008621.1613356426,1008621.1613356426,0.0,249.8173362195748
2042-04-13,1008621.1613356426,1008621.1613356426,0.0,249.7772352537296
2042-04-14,1008621.1613356426,1008621.1613356426,0.0,249.4858013599689
2042-04-15,1008621.1613356426,1008621.1613356426,0.0,247.8009595858849
2042-04-16,1008621.1613356426,1008621.1613356426,0.0,248.6815205622447
2042-04-17,1008621.1613356426,1008621.1613356426,0.0,245.54542880207356
2042-04-18,1008621.1613356426,1008621.1613356426,0.0,244.60258884606495
2042-04-19,1008621.1613356426,1008621.1613356426,0.0,244.28852684301296
2042-04-20,1008621.1613356426,1008621.1613356426,0.0,241.71277417616577
2042-04-21,1008621.1613356426,1008621.1613356426,0.0,241.6582687585324
2042-04-22,1008621.1613356426,1008621.1613356426,0.0,243.97340678132863
2042-04-23,1008621.1613356426,1008621.1613356426,0.0,247.53807855182447
2042-04-24,1008621.1613356426,1008621.1613356426,0.0,246.95289726396777
2042-04-25,1008621.1613356426,1008621.1613356426,0.0,245.83176778829392
2042-04-26,1008621.1613356426,1008621.1613356426,0.0,245.19125823736397
2042-04-27,1008621.1613356426,1008621.1613356426,0.0,246.73028112988607
2042-04-28,1008621.1613356426,1008621.1613356426,0.0,245.19585857438523
2042-04-29,1008621.1613356426,1008621.1613356426,0.0,243.66743374191697
2042-04-30,1008621.1613356426,1008621.1613356426,0.0,244.3287486148323
2042-05-01,1008621.1613356426,1008621.1613356426,0.0,245.59962121469897
2042-05-02,1008621.1613356426,1008621.1613356426,0.0,246.09346593626813
2042-05-03,1008621.1613356426,1008621.1613356426,0.0,246.39866132114196
2042-05-04,1008621.1613356426,1008621.1613356426,0.0,245.20788707881457
2042-05-05,1008621.1613356426,1008621.1613356426,0.0,245.2577774085774
2042-05-06,1008621.1613356426,1008621.1613356426,0.0,239.4816354299067
2042-05-07,1008621.1613356426,1008621.1613356426,0.0,243.22198134019376
2042-05-08,1008621.1613356426,1008621.1613356426,0.0,243.61417649310968
2042-05-09,1008621.1613356426,1008621.1613356426,0.0,248.7940530363306
2042-05-10,1008621.1613356426,1008621.1613356426,0.0,252.0208299849342
2042-05-11,1008621.1613356426,1008621.1613356426,0.0,249.97496079474243
2042-05-12,1008621.1613356426,1008621.1613356426,0.0,249.06645678086625
2042-05-13,1008621.1613356426,1008621.1613356426,0.0,246.3362736226096
2042-05-14,1008318.4741251257,806594.2418579971,824.3993440917479,244.69237356001403
2042-05-15,1005188.3674917402,806594.2418579971,824.3993440917479,240.8955405617612
2042-05-16,1003362.5644644649,806594.2418579971,824.3993440917479,238.68083352643876
2042-05-17,1001336.3171789605,806594.2418579971,824.3993440917479,236.22298673164696
2042-05-18,1003060.6149893176,806594.2418579971,824.3993440917479,238.31456749613275
2042-05-19,999902.4230345933,806594.2418579971,824.3993440917479,234.483666880602
2042-05-20,1004253.4642739614,806594.2418579971,824.3993440917479,239.7614988810164
2042-05-21,1003618.4988931355,806594.2418579971,824.3993440917479,238.99128310467387
2042-05-22,1006290.6122870794,806594.2418579971,824.3993440917479,242.2325683059471
2042-05-23,1004374.4397582829,806594.2418579971,824.3993440917479,239.9082426711327
2042-05-24,1005919.4718882738,806594.2418579971,824.3993440917479,241.7823733834675
2042-05-25,1003013.8766126812,806594.2418579971,824.3993440917479,238.2578736414235
2042-05-26,1000139.790576474,806594.2418579971,824.3993440917479,234.77159474418153
2042-05-27,1002269.7687131217,806594.2418579971,824.3993440917479,237.35526751383205
2042-05-28,1002031.3360362963,806594.2418579971,824.3993440917479,237.0660476369192
2042-05-29,1001644.3210456008,806594.2418579971,824.3993440917479,236.5965967652401
2042-05-30,999697.2041342201,806594.2418579971,824.3993440917479,234.2347354593873
2042-05-31,998022.1338958142,806594.2418579971,824.3993440917479,232.2028679543841
2042-06-01,994991.1742364552,806594.2418579971,824.3993440917479,228.52630066805503
2042-06-02,994007.8561183952,806594.2418579971,824.3993440917479,227.33353150210752
2042-06-03,994488.6723346476,806594.2418579971,824.3993440917479,227.91676366950097
2042-06-04,994621.2704594426,795693.7500310948,872.1165007659473,228.0974161750607
2042-06-05,994799.9123926449,795693.7500310948,872.1165007659473,228.30225341073435
2042-06-06,990753.8811334793,795693.7500310948,872.1165007659473,223.6629291282421
2042-06-07,991137.9893772837,795693.7500310948,872.1165007659473,224.1033613909812
2042-06-08,990515.8386024655,795693.7500310948,872.1165007659473,223.38998104068176
2042-06-09,988990.5570246466,795693.7500310948,872.1165007659473,221.64103858118312
2042-06-10,986617.7853264768,795693.7500310948,872.1165007659473,218.92033361104916
2042-06-11,987889.6367556974,795693.7500310948,872.1165007659473,220.3786839898158
2042-06-12,983846.5008967953,795693.7500310948,872.1165007659473,215.74267967691588
2042-06-13,981540.10459396,795693.7500310948,872.1165007659473,213.09808311119363
2042-06-14,981813.7450745578,795693.7500310948,872.1165007659473,213.4118490820903
2042-06-15,980859.3613734648,795693.7500310948,872.1165007659473,212.3175185651756
2042-06-16,981560.976624696,795693.7500310948,872.1165007659473,213.1220157288173
2042-06-17,981740.1795522281,795693.7500310948,872.1165007659473,213.32749622067203
2042-06-18,980480.7910749385,795693.7500310948,872.1165007659473,211.8834363087411
2042-06-19,977379.0471930425,795693.7500310948,872.1165007659473,208.32686573683716
2042-06-20,978752.5734365138,795693.7500310948,872.1165007659473,209.90180009740135
2042-06-21,978436.3317710077,795693.7500310948,872.1165007659473,209.53918608284215
2042-06-22,976048.3870245299,795693.7500310948,872.1165007659473,206.80108315234992
2042-06-23,972301.6097348843,795693.7500310948,872.1165007659473,202.50489418407
2042-06-24,972889.8691644281,795693.7500310948,872.1165007659473,203.1794135046277
2042-06-25,971503.6205852533,971503.6205852533,0.0,201.8926292560784
2042-06-26,971503.6205852533,971503.6205852533,0.0,199.59289410367472
2042-06-27,971503.6205852533,971503.6205852533,0.0,201.95814518440488
2042-06-28,971503.6205852533,971503.6205852533,0.0,198.20677965113416
2042-06-29,971503.6205852533,971503.6205852533,0.0,197.7123014858339
2042-06-30,971503.6205852533,971503.6205852533,0.0,199.15035371226736
2042-07-01,971503.6205852533,971503.6205852533,0.0,200.1258010803128
2042-07-02,971503.6205852533,971503.6205852533,0.0,197.53416537807263
2042-07-03,971503.6205852533,971503.6205852533,0.0,200.15356183637613
2042-07-04,971503.6205852533,971503.6205852533,0.0,203.01576628677637
2042-07-05,971503.6205852533,971503.6205852533,0.0,205.10618494562465
2042-07-06,971503.6205852533,971503.6205852533,0.0,203.33627329119287
2042-07-07,971503.6205852533,971503.6205852533,0.0,202.87864618217856
2042-07-08,971503.6205852533,971503.6205852533,0.0,205.44711887883292
2042-07-09,971503.6205852533,971503.6205852533,0.0,206.3615696973487
2042-07-10,971503.6205852533,971503.6205852533,0.0,205.0487584770956
2042-07-11,971503.6205852533,971503.6205852533,0.0,204.61299492323317
2042-07-12,971503.6205852533,971503.6205852533,0.0,201.51679273452348
2042-07-13,971503.6205852533,971503.6205852533,0.0,203.84599257540083
2042-07-14,971503.6205852533,971503.6205852533,0.0,203.638327299563
2042-07-15,971503.6205852533,971503.6205852533,0.0,207.2188426921309
2042-07-16,971212.2666494399,1165512.9907664906,-954.9382233497729,203.46941756658805
2042-07-17,973090.769498794,1165512.9907664906,-954.9382233497729,201.5022716262312
2042-07-18,973192.3555205029,1165512.9907664906,-954.9382233497729,201.395891947185
2042-07-19,968793.7642694658,1165512.9907664906,-954.9382233497729,206.00204462123708
2042-07-20,968640.8978856306,1165512.9907664906,-954.9382233497729,206.16212448828745
2042-07-21,970131.0618859293,1165512.9907664906,-954.9382233497729,204.60164239231332
2042-07-22,970096.328650594,1165512.9907664906,-954.9382233497729,204.63801462507777
2042-07-23,971412.5473903203,1165512.9907664906,-954.9382233497729,203.25968594627665
2042-07-24,969567.0228530471,1165512.9907664906,-954.9382233497729,205.19229738872093
2042-07-25,967871.9634909659,1165512.9907664906,-954.9382233497729,206.96734348137312
2042-07-26,964663.6867395184,1165512.9907664906,-954.9382233497729,210.32701290605416
2042-07-27,967935.005829817,1165512.9907664906,-954.9382233497729,206.9013262906171
2042-07-28,971469.4235469343,1165512.9907664906,-954.9382233497729,203.2001259085452
2042-07-29,971920.8599844913,1165512.9907664906,-954.9382233497729,202.72738701662675
2042-07-30,970335.039944067,1165512.9907664906,-954.9382233497729,204.38803898515033
2042-07-31,968324.8973619086,1165512.9907664906,-954.9382233497729,206.49303649494445
2042-08-01,967850.9399891729,1165512.9907664906,-954.9382233497729,206.98935904351004
2042-08-02,966235.3219345821,1165512.9907664906,-954.9382233497729,208.68121513962845
2042-08-03,963193.3082672994,1165512.9907664906,-954.9382233497729,211.86677583130512
2042-08-04,964780.8484538763,1165512.9907664906,-954.9382233497729,210.2043225460988
2042-08-05,961814.1931373496,1165512.9907664906,-954.9382233497729,213.3109688651876
2042-08-06,958718.1529213169,1150466.292254426,-885.5520431378118,216.52949797696857
2042-08-07,959773.6141362604,1150466.292254426,-885.5520431378118,215.3376298952197
2042-08-08,961575.0132629679,1150466.292254426,-885.5520431378118,213.30341955076085
2042-08-09,960138.076405465,1150466.292254426,-885.5520431378118,214.92606484714725
2042-08-10,956311.3240983996,1150466.292254426,-885.5520431378118,219.24738321202372
2042-08-11,957943.9852318555,1150466.292254426,-885.5520431378118,217.4037184086873
2042-08-12,954211.2086050042,1150466.292254426,-885.5520431378118,221.61891576018883
2042-08-13,956087.1669263805,1150466.292254426,-885.5520431378118,219.50051025718855
2042-08-14,956514.2499517963,1150466.292254426,-885.5520431378118,219.0182314021791
2042-08-15,958692.5306101714,1150466.292254426,-885.5520431378118,216.55843169277227
2042-08-16,957864.6830953698,1150466.292254426,-885.5520431378118,217.49326948261935
2042-08-17,957603.2315257711,1150466.292254426,-885.5520431378118,217.78851082007057
2042-08-18,957507.4105584869,1150466.292254426,-885.5520431378118,217.89671560377215
2042-08-19,958714.7879799195,1150466.292254426,-885.5520431378118,216.53329780039343
2042-08-20,959532.3262056785,1150466.292254426,-885.5520431378118,215.61010166291703
2042-08-21,959659.212260823,1150466.292254426,-885.5520431378118,215.46681696708495
2042-08-22,960156.6567713482,1150466.292254426,-885.5520431378118,214.9050831713359
2042-08-23,960237.8778240266,1150466.292254426,-885.5520431378118,214.81336518219248
2042-08-24,963063.4881971363,1150466.292254426,-885.5520431378118,211.62257544261087
2042-08-25,967051.2361918498,1150466.292254426,-885.5520431378118,207.11945445089185
2042-08-26,966413.7318530388,1150466.292254426,-885.5520431378118,207.83934928231497
2042-08-27,965436.5291424663,965436.5291424663,0.0,208.6297957917455
2042-08-28,965436.5291424663,965436.5291424663,0.0,209.11927571088592
2042-08-29,965436.5291424663,965436.5291424663,0.0,210.2258403816512
2042-08-30,965436.5291424663,965436.5291424663,0.0,209.276271044495
2042-08-31,965436.5291424663,965436.5291424663,0.0,208.54154231681
2042-09-01,965436.5291424663,965436.5291424663,0.0,207.54686053116092
2042-09-02,965436.5291424663,965436.5291424663,0.0,203.82380917793307
2042-09-03,965436.5291424663,965436.5291424663,0.0,204.9986862342359
2042-09-04,965436.5291424663,965436.5291424663,0.0,206.614964701464
2042-09-05,965436.5291424663,965436.5291424663,0.0,208.5493148750848
2042-09-06,965436.5291424663,965436.5291424663,0.0,207.90217980737356
2042-09-07,965436.5291424663,965436.5291424663,0.0,206.41576015462553
2042-09-08,965436.5291424663,965436.5291424663,0.0,205.4468382817599
2042-09-09,965436.5291424663,965436.5291424663,0.0,204.3904816737003
2042-09-10,965436.5291424663,965436.5291424663,0.0,200.33633631131184
2042-09-11,965436.5291424663,965436.5291424663,0.0,200.93250538250305
2042-09-12,965436.5291424663,965436.5291424663,0.0,202.634868587317
2042-09-13,965436.5291424663,965436.5291424663,0.0,203.0742867164433
2042-09-14,965436.5291424663,965436.5291424663,0.0,203.12008170523637
2042-09-15,965436.5291424663,965436.5291424663,0.0,201.8499902866751
2042-09-16,965436.5291424663,965436.5291424663,0.0,203.39401522259007
2042-09-17,965436.5291424663,965436.5291424663,0.0,203.2157748526479
2042-09-18,965436.5291424663,965436.5291424663,0.0,200.7541456964625
2042-09-19,965436.5291424663,965436.5291424663,0.0,203.4281242462968
2042-09-20,965436.5291424663,965436.5291424663,0.0,204.74790418674863
2042-09-21,965436.5291424663,965436.5291424663,0.0,208.16449928167148
2042-09-22,965436.5291424663,965436.5291424663,0.0,210.5991857769638
2042-09-23,965436.5291424663,965436.5291424663,0.0,209.29121292617697
2042-09-24,965436.5291424663,965436.5291424663,0.0,208.695394677382
2042-09-25,965436.5291424663,965436.5291424663,0.0,210.81715509242903
2042-09-26,965436.5291424663,965436.5291424663,0.0,208.3539810721871
2042-09-27,965436.5291424663,965436.5291424663,0.0,211.8328236852328
2042-09-28,965436.5291424663,965436.5291424663,0.0,212.52765431989243
2042-09-29,965436.5291424663,965436.5291424663,0.0,214.29459937292089
2042-09-30,965436.5291424663,965436.5291424663,0.0,214.9878573784431
2042-10-01,965436.5291424663,965436.5291424663,0.0,215.10266648716905
2042-10-02,965436.5291424663,965436.5291424663,0.0,214.4790131734192
2042-10-03,965436.5291424663,965436.5291424663,0.0,214.16502333072995
2042-10-04,965436.5291424663,965436.5291424663,0.0,208.52093654782135
2042-10-05,965436.5291424663,965436.5291424663,0.0,209.69771669016183
2042-10-06,965436.5291424663,965436.5291424663,0.0,214.3166045362616
2042-10-07,965436.5291424663,965436.5291424663,0.0,212.54685902871756
2042-10-08,965436.5291424663,965436.5291424663,0.0,209.44921264906745
2042-10-09,965436.5291424663,965436.5291424663,0.0,212.76089166948088
2042-10-10,965436.5291424663,965436.5291424663,0.0,213.5657746235172
2042-10-11,965436.5291424663,965436.5291424663,0.0,215.50658954106189
2042-10-12,965436.5291424663,965436.5291424663,0.0,216.5939685707212
2042-10-13,965436.5291424663,965436.5291424663,0.0,214.59469489088795
2042-10-14,965436.5291424663,965436.5291424663,0.0,216.55394153933827
2042-10-15,965436.5291424663,965436.5291424663,0.0,215.48898411828264
2042-10-16,965436.5291424663,965436.5291424663,0.0,213.71643170145455
2042-10-17,965436.5291424663,965436.5291424663,0.0,215.08523218003148
2042-10-18,965436.5291424663,965436.5291424663,0.0,215.45716636637263
2042-10-19,965436.5291424663,965436.5291424663,0.0,216.34913657610753
2042-10-20,965436.5291424663,965436.5291424663,0.0,217.1673215205149
2042-10-21,965436.5291424663,965436.5291424663,0.0,218.97796541862195
2042-10-22,965436.5291424663,965436.5291424663,0.0,221.83597095738335
2042-10-23,965436.5291424663,965436.5291424663,0.0,222.3057353198126
2042-10-24,965436.5291424663,965436.5291424663,0.0,225.54046876139665
2042-10-25,965436.5291424663,965436.5291424663,0.0,228.1073872336595
2042-10-26,965436.5291424663,965436.5291424663,0.0,229.80112983224785
2042-10-27,965436.5291424663,965436.5291424663,0.0,228.4841205961243
2042-10-28,965436.5291424663,965436.5291424663,0.0,230.73359025625248
2042-10-29,965146.9947273764,1158234.3005558697,-833.2704186237295,231.7222614807397
2042-10-30,967721.5321321205,1158234.3005558697,-833.2704186237295,228.6325833316027
2042-10-31,969964.389575519,1158234.3005558697,-833.2704186237295,225.9409511876187
2042-11-01,972237.9771196069,1158234.3005558697,-833.2704186237295,223.2124401385369
2042-11-02,974444.0233842287,1158234.3005558697,-833.2704186237295,220.564984744326
2042-11-03,976446.7148976777,1158234.3005558697,-833.2704186237295,218.1615734762808
2042-11-04,974919.6430364895,1158234.3005558697,-833.2704186237295,219.99419806855948
2042-11-05,974768.9683266258,1158234.3005558697,-833.2704186237295,220.1750213721307
2042-11-06,973142.127319428,1158234.3005558697,-833.2704186237295,222.1273779791067
2042-11-07,975203.5839410014,1158234.3005558697,-833.2704186237295,219.65344325695705
2042-11-08,978003.9946632443,1158234.3005558697,-833.2704186237295,216.29269666179033
2042-11-09,979553.0050614363,1158234.3005558697,-833.2704186237295,214.43374383738745
2042-11-10,978310.5901145758,1158234.3005558697,-833.2704186237295,215.92475434141153
2042-11-11,976959.5082819994,1158234.3005558697,-833.2704186237295,217.5461749539516
2042-11-12,977370.7099785273,1158234.3005558697,-833.2704186237295,217.0526956615905
2042-11-13,976786.6112872475,1158234.3005558697,-833.2704186237295,217.75366701281695
2042-11-14,977703.4936377219,1158234.3005558697,-833.2704186237295,216.6533251190189
2042-11-15,979008.753170555,1158234.3005558697,-833.2704186237295,215.0868954178554
2042-11-16,978294.6374119621,1158234.3005558697,-833.2704186237295,215.94389902992685
2042-11-17,977097.875531791,1158234.3005558697,-833.2704186237295,217.38012171757225
2042-11-18,973825.4062102379,1158234.3005558697,-833.2704186237295,221.30738140231907
2042-11-19,975090.6706571543,779959.1862460137,890.5689210903674,219.108796399757
2042-11-20,972911.0541146647,779959.1862460137,890.5689210903674,216.6613535451141
2042-11-21,971957.6689742638,779959.1862460137,890.5689210903674,215.59081861196873
2042-11-22,973138.6165982889,779959.1862460137,890.5689210903674,216.9168783879815
2042-11-23,977056.4138582093,779959.1862460137,890.5689210903674,221.31608564430883
2042-11-24,977335.8053961386,779959.1862460137,890.5689210903674,221.62980817752648
2042-11-25,975641.516344016,779959.1862460137,890.5689210903674,219.7273287489291
2042-11-26,973425.2068237811,779959.1862460137,890.5689210903674,217.23868416707987
2042-11-27,972301.6333728854,779959.1862460137,890.5689210903674,215.97704857180213
2042-11-28,972743.3358830282,779959.1862460137,890.5689210903674,216.4730264794996
2042-11-29,974122.000133553,779959.1862460137,890.5689210903674,218.02109785036765
2042-11-30,974546.8631638362,779959.1862460137,890.5689210903674,218.49816708130703
2042-12-01,973151.163391947,779959.1862460137,890.5689210903674,216.93096690304307
2042-12-02,970640.7888276523,779959.1862460137,890.5689210903674,214.11212323486177
2042-12-03,971895.425309241,779959.1862460137,890.5689210903674,215.52092658727665
2042-12-04,970841.3697034898,779959.1862460137,890.5689210903674,214.337351031484
2042-12-05,969950.3511372942,779959.1862460137,890.5689210903674,213.3368461350133
2042-12-06,968033.5559621996,779959.1862460137,890.5689210903674,211.18451953827125
2042-12-07,965133.2248758293,779959.1862460137,890.5689210903674,207.9278023795147
2042-12-08,968204.4008295347,779959.1862460137,890.5689210903674,211.37635743345183
2042-12-09,966968.6637066071,779959.1862460137,890.5689210903674,209.98877574980764
2042-12-10,963322.145716856,785821.8205169692,862.0535131636817,205.9040680067202
2042-12-11,963611.5874843674,785821.8205169692,862.0535131636817,206.23982647541337
2042-12-12,963348.1872939845,785821.8205169692,862.0535131636817,205.93427677767323
2042-12-13,960054.4704460152,785821.8205169692,862.0535131636817,202.11349674757815
2042-12-14,962053.5226822526,785821.8205169692,862.0535131636817,204.43243890802583
2042-12-15,963224.6136732174,785821.8205169692,862.0535131636817,205.79092880810984
2042-12-16,964725.5651271788,785821.8205169692,862.0535131636817,207.53206370407815
2042-12-17,965205.3229764937,785821.8205169692,862.0535131636817,208.08859278491715
2042-12-18,962882.2711166319,785821.8205169692,862.0535131636817,205.39380432412145
2042-12-19,962772.1085675133,785821.8205169692,862.0535131636817,205.26601347652735
2042-12-20,961923.3491760289,785821.8205169692,862.0535131636817,204.2814349341008
2042-12-21,960782.1903348601,785821.8205169692,862.0535131636817,202.95766695016124
2042-12-22,963668.7742117238,785821.8205169692,862.0535131636817,206.3061642682339
2042-12-23,961914.5364141302,785821.8205169692,862.0535131636817,204.27121194705416
2042-12-24,961100.8517836599,785821.8205169692,862.0535131636817,203.3273208567155
2042-12-25,961167.019008586,785821.8205169692,862.0535131636817,203.40407621344872
2042-12-26,961859.0057313042,785821.8205169692,862.0535131636817,204.20679520032309
2042-12-27,964863.416531167,785821.8205169692,862.0535131636817,207.69197419905692
2042-12-28,964570.8961815696,785821.8205169692,862.0535131636817,207.3526445111309
2042-12-29,965091.6617287481,785821.8205169692,862.0535131636817,207.95674337416705
2042-12-30,962945.6774103324,785821.8205169692,862.0535131636817,205.4673569432249
2042-12-31,963700.8552181707,963700.8552181707,0.0,206.6532554593357
2043-01-01,963700.8552181707,963700.8552181707,0.0,210.69189825296007
2043-01-02,963700.8552181707,963700.8552181707,0.0,209.79332584460013
2043-01-03,963700.8552181707,963700.8552181707,0.0,211.4848065604845
2043-01-04,963700.8552181707,963700.8552181707,0.0,208.5229521316181
2043-01-05,963700.8552181707,963700.8552181707,0.0,207.80475185905328
2043-01-06,963700.8552181707,963700.8552181707,0.0,207.19273959708912
2043-01-07,963700.8552181707,963700.8552181707,0.0,207.9235105416306
2043-01-08,963700.8552181707,963700.8552181707,0.0,207.63342520789524
2043-01-09,963700.8552181707,963700.8552181707,0.0,209.99137793022905
2043-01-10,963700.8552181707,963700.8552181707,0.0,208.91548122167595
2043-01-11,963700.8552181707,963700.8552181707,0.0,210.44793111873105
2043-01-12,963700.8552181707,963700.8552181707,0.0,210.7879360724144
2043-01-13,963700.8552181707,963700.8552181707,0.0,208.526293591675
2043-01-14,963700.8552181707,963700.8552181707,0.0,203.93080947732005
2043-01-15,963700.8552181707,963700.8552181707,0.0,204.2301131416156
2043-01-16,963700.8552181707,963700.8552181707,0.0,202.8367610894316
2043-01-17,963700.8552181707,963700.8552181707,0.0,203.39597908826795
2043-01-18,963700.8552181707,963700.8552181707,0.0,200.8481788172012
2043-01-19,963700.8552181707,963700.8552181707,0.0,201.9226328987647
2043-01-20,963700.8552181707,963700.8552181707,0.0,205.11470991797472
2043-01-21,963411.8413316908,1156152.012375325,-941.9223263202325,204.62427278542583
2043-01-22,967220.9217077577,1156152.012375325,-941.9223263202325,200.58032959645
2043-01-23,967326.1426500665,1156152.012375325,-941.9223263202325,200.468620871252
2043-01-24,968666.7753495397,1156152.012375325,-941.9223263202325,199.04532654855493
2043-01-25,970434.6919655339,1156152.012375325,-941.9223263202325,197.16840255323908
2043-01-26,970823.5430835359,1156152.012375325,-941.9223263202325,196.75557539420885
2043-01-27,968967.255193026,1156152.012375325,-941.9223263202325,198.7263195188987
2043-01-28,970044.0002474859,1156152.012375325,-941.9223263202325,197.5831838012581
2043-01-29,968741.4988565422,1156152.012375325,-941.9223263202325,198.96599568982663
2043-01-30,969145.116436677,1156152.012375325,-941.9223263202325,198.53749158831357
2043-01-31,969314.3484850404,1156152.012375325,-941.9223263202325,198.35782491768217
2043-02-01,967263.24315375,1156152.012375325,-941.9223263202325,200.53539866657437
2043-02-02,967790.737383882,1156152.012375325,-941.9223263202325,199.97537984613425
2043-02-03,966342.1543196212,1156152.012375325,-941.9223263202325,201.51328060905604
2043-02-04,966773.2229858759,1156152.012375325,-941.9223263202325,201.05563282408548
2043-02-05,965710.4657595535,1156152.012375325,-941.9223263202325,202.183918242772
2043-02-06,966215.4468452812,1156152.012375325,-941.9223263202325,201.6478006971773
2043-02-07,965890.0534027298,1156152.012375325,-941.9223263202325,201.9932574651706
2043-02-08,965400.0837515742,1156152.012375325,-941.9223263202325,202.5134379911698
2043-02-09,964106.7968827699,1156152.012375325,-941.9223263202325,203.88646720246015
2043-02-10,963183.1233807071,1156152.012375325,-941.9223263202325,204.86709318005137
2043-02-11,964803.0832219997,1157764.1840827772,-949.870320833031,203.14467841415623
2043-02-12,961258.7454159623,1157764.1840827772,-949.870320833031,206.87606966652123
2043-02-13,961207.3063559092,1157764.1840827772,-949.870320833031,206.93022343775175
2043-02-14,959399.6521274158,1157764.1840827772,-949.870320833031,208.83327713765905
2043-02-15,964084.271190807,1157764.1840827772,-949.870320833031,203.90142595687587
2043-02-16,962521.9931805299,1157764.1840827772,-949.870320833031,205.5461536381314
2043-02-17,961022.0546320756,1157764.1840827772,-949.870320833031,207.12525187455051
2043-02-18,960561.2189724452,1157764.1840827772,-949.870320833031,207.61040826855836
2043-02-19,964961.4199048181,1157764.1840827772,-949.870320833031,202.97798546739745
2043-02-20,966348.8012014518,1157764.1840827772,-949.870320833031,201.51738472411188
2043-02-21,968298.4060174851,1157764.1840827772,-949.870320833031,199.46488895361185
2043-02-22,966082.3281753199,1157764.1840827772,-949.870320833031,201.79792094078
2043-02-23,968375.1585692551,1157764.1840827772,-949.870320833031,199.384085763864
2043-02-24,967322.7314885359,1157764.1840827772,-949.870320833031,200.49205498622717
2043-02-25,967873.4963080346,1157764.1840827772,-949.870320833031,199.91222339509412
2043-02-26,965805.8975177841,1157764.1840827772,-949.870320833031,202.0889403057112
2043-02-27,965365.9886945649,1157764.1840827772,-949.870320833031,202.55206544350196
2043-02-28,966603.9222893704,1157764.1840827772,-949.870320833031,201.24879954745856
2043-03-01,968078.6297827892,1157764.1840827772,-949.870320833031,199.69626394225577
2043-03-02,968914.6122315403,1157764.1840827772,-949.870320833031,198.8161622795172
2043-03-03,974664.4816530978,1157764.1840827772,-949.870320833031,192.7628418467713
2043-03-04,971114.1418264923,971114.1418264923,0.0,196.2061445581552
2043-03-05,971114.1418264923,971114.1418264923,0.0,198.80109250968815
2043-03-06,971114.1418264923,971114.1418264923,0.0,198.93636693427385
2043-03-07,971114.1418264923,971114.1418264923,0.0,200.81441898290407
2043-03-08,971114.1418264923,971114.1418264923,0.0,200.74163005053697
2043-03-09,971114.1418264923,971114.1418264923,0.0,201.61940823611104
2043-03-10,971114.1418264923,971114.1418264923,0.0,203.6190487556372
2043-03-11,971114.1418264923,971114.1418264923,0.0,203.1340967180117
2043-03-12,971114.1418264923,971114.1418264923,0.0,204.7123779597325
2043-03-13,971114.1418264923,971114.1418264923,0.0,201.06714043766067
2043-03-14,971114.1418264923,971114.1418264923,0.0,201.49903954589135
2043-03-15,971114.1418264923,971114.1418264923,0.0,201.4700182682099
2043-03-16,971114.1418264923,971114.1418264923,0.0,200.78586549214688
2043-03-17,971114.1418264923,971114.1418264923,0.0,200.37126138452945
2043-03-18,971114.1418264923,971114.1418264923,0.0,199.8870904135389
2043-03-19,971114.1418264923,971114.1418264923,0.0,202.11415118516456
2043-03-20,971114.1418264923,971114.1418264923,0.0,201.9964957705897
2043-03-21,971114.1418264923,971114.1418264923,0.0,207.77658238637824
2043-03-22,971114.1418264923,971114.1418264923,0.0,205.83362884400665
2043-03-23,971114.1418264923,971114.1418264923,0.0,206.9785678393877
2043-03-24,971114.1418264923,971114.1418264923,0.0,208.83904051653087
2043-03-25,971114.1418264923,971114.1418264923,0.0,208.02702451974824
2043-03-26,971114.1418264923,971114.1418264923,0.0,205.51783581830213
2043-03-27,971114.1418264923,971114.1418264923,0.0,204.59195782971108
2043-03-28,971114.1418264923,971114.1418264923,0.0,201.9069579968301
2043-03-29,971114.1418264923,971114.1418264923,0.0,200.2510184012043
2043-03-30,971114.1418264923,971114.1418264923,0.0,201.02779143863413
2043-03-31,971114.1418264923,971114.1418264923,0.0,206.302483742419
2043-04-01,971114.1418264923,971114.1418264923,0.0,209.91425199937183
2043-04-02,971114.1418264923,971114.1418264923,0.0,208.641798154461
2043-04-03,971114.1418264923,971114.1418264923,0.0,210.62420524918437
2043-04-04,971114.1418264923,971114.1418264923,0.0,209.8597232282343
2043-04-05,971114.1418264923,971114.1418264923,0.0,208.04175745151113
2043-04-06,971114.1418264923,971114.1418264923,0.0,207.8697596927463
2043-04-07,971114.1418264923,971114.1418264923,0.0,203.37064883867285
2043-04-08,971114.1418264923,971114.1418264923,0.0,199.9811536986969
2043-04-09,971114.1418264923,971114.1418264923,0.0,201.81547872610744
2043-04-10,971114.1418264923,971114.1418264923,0.0,204.5869564086354
2043-04-11,971114.1418264923,971114.1418264923,0.0,199.5556157038575
2043-04-12,971114.1418264923,971114.1418264923,0.0,202.48513145224703
2043-04-13,971114.1418264923,971114.1418264923,0.0,204.84480494240648
2043-04-14,971114.1418264923,971114.1418264923,0.0,204.1318936778802
2043-04-15,971114.1418264923,971114.1418264923,0.0,205.06279079062784
2043-04-16,971114.1418264923,971114.1418264923,0.0,208.82343877501813
2043-04-17,971114.1418264923,971114.1418264923,0.0,211.39930857940524
2043-04-18,971114.1418264923,971114.1418264923,0.0,212.44638431720705
2043-04-19,971114.1418264923,971114.1418264923,0.0,211.1042939535091
2043-04-20,971114.1418264923,971114.1418264923,0.0,210.24025456915297
2043-04-21,971114.1418264923,971114.1418264923,0.0,211.71563398303513
2043-04-22,971114.1418264923,971114.1418264923,0.0,212.8658601095109
2043-04-23,971114.1418264923,971114.1418264923,0.0,215.3535964246495
2043-04-24,971114.1418264923,971114.1418264923,0.0,212.26449980763357
2043-04-25,971114.1418264923,971114.1418264923,0.0,213.2110946275512
2043-04-26,971114.1418264923,971114.1418264923,0.0,214.75022038713112
2043-04-27,971114.1418264923,971114.1418264923,0.0,214.23072731773556
2043-04-28,971114.1418264923,971114.1418264923,0.0,219.39498039493247
2043-04-29,971114.1418264923,971114.1418264923,0.0,217.50617704573173
2043-04-30,971114.1418264923,971114.1418264923,0.0,217.38397188653497
2043-05-01,971114.1418264923,971114.1418264923,0.0,218.9787476435427
2043-05-02,971114.1418264923,971114.1418264923,0.0,220.8778149887472
2043-05-03,971114.1418264923,971114.1418264923,0.0,220.33651465124228
2043-05-04,971114.1418264923,971114.1418264923,0.0,219.79254185029183
2043-05-05,971114.1418264923,971114.1418264923,0.0,221.33364508978372
2043-05-06,971114.1418264923,971114.1418264923,0.0,222.3636678503182
2043-05-07,971114.1418264923,971114.1418264923,0.0,222.5685625162162
2043-05-08,971114.1418264923,971114.1418264923,0.0,218.46722829921373
2043-05-09,971114.1418264923,971114.1418264923,0.0,218.79019059213212
2043-05-10,971114.1418264923,971114.1418264923,0.0,222.35294146385556
2043-05-11,971114.1418264923,971114.1418264923,0.0,223.6674597723629
2043-05-12,971114.1418264923,971114.1418264923,0.0,221.93908054108232
2043-05-13,971114.1418264923,971114.1418264923,0.0,218.7251412749435
2043-05-14,971114.1418264923,971114.1418264923,0.0,220.83231018905963
2043-05-15,971114.1418264923,971114.1418264923,0.0,219.8193242914516
2043-05-16,971114.1418264923,971114.1418264923,0.0,222.77411561106857
2043-05-17,971114.1418264923,971114.1418264923,0.0,225.716930709741
2043-05-18,971114.1418264923,971114.1418264923,0.0,225.38142693555977
2043-05-19,971114.1418264923,971114.1418264923,0.0,226.11517398092263
2043-05-20,971114.1418264923,971114.1418264923,0.0,227.134673700637
2043-05-21,971114.1418264923,971114.1418264923,0.0,224.4249270216125
2043-05-22,971114.1418264923,971114.1418264923,0.0,228.28761632064723
2043-05-23,971114.1418264923,971114.1418264923,0.0,229.42966467097628
2043-05-24,971114.1418264923,971114.1418264923,0.0,229.78104010886452
2043-05-25,971114.1418264923,971114.1418264923,0.0,232.0590156108502
2043-05-26,971114.1418264923,971114.1418264923,0.0,232.76793567943577
2043-05-27,971114.1418264923,971114.1418264923,0.0,230.2498112381756
2043-05-28,971114.1418264923,971114.1418264923,0.0,228.40252119546128
2043-05-29,971114.1418264923,971114.1418264923,0.0,223.55393977892035
2043-05-30,971114.1418264923,971114.1418264923,0.0,223.70168950881455
2043-05-31,971114.1418264923,971114.1418264923,0.0,224.94104752687457
2043-06-01,971114.1418264923,971114.1418264923,0.0,224.5196896591986
2043-06-02,971114.1418264923,971114.1418264923,0.0,221.93993879202424
2043-06-03,971114.1418264923,971114.1418264923,0.0,220.84389848821752
2043-06-04,971114.1418264923,971114.1418264923,0.0,220.0308564722492
2043-06-05,971114.1418264923,971114.1418264923,0.0,221.9476648427564
2043-06-06,971114.1418264923,971114.1418264923,0.0,225.1484195436714
2043-06-07,971114.1418264923,971114.1418264923,0.0,219.07104794281608
2043-06-08,971114.1418264923,971114.1418264923,0.0,218.89844051164644
2043-06-09,971114.1418264923,971114.1418264923,0.0,217.58005042887336
2043-06-10,971114.1418264923,971114.1418264923,0.0,217.01359474402736
2043-06-11,971114.1418264923,971114.1418264923,0.0,218.84873859430263
2043-06-12,971114.1418264923,971114.1418264923,0.0,217.75829612124772
2043-06-13,971114.1418264923,971114.1418264923,0.0,219.25380244532192
2043-06-14,971114.1418264923,971114.1418264923,0.0,223.6637109431136
2043-06-15,971114.1418264923,971114.1418264923,0.0,222.65895536502205
2043-06-16,971114.1418264923,971114.1418264923,0.0,222.17627143241597
2043-06-17,971114.1418264923,971114.1418264923,0.0,221.64495843303615
2043-06-18,971114.1418264923,971114.1418264923,0.0,226.99925246957355
2043-06-19,971114.1418264923,971114.1418264923,0.0,225.8668379923004
2043-06-20,971114.1418264923,971114.1418264923,0.0,229.21153149166577
2043-06-21,971114.1418264923,971114.1418264923,0.0,229.1292487903934
2043-06-22,971114.1418264923,971114.1418264923,0.0,229.51971792157877
2043-06-23,971114.1418264923,971114.1418264923,0.0,231.42877339718865
2043-06-24,971114.1418264923,971114.1418264923,0.0,230.5678211109726
2043-06-25,971114.1418264923,971114.1418264923,0.0,232.8443651323865
2043-06-26,971114.1418264923,971114.1418264923,0.0,232.20072549027097
2043-06-27,971114.1418264923,971114.1418264923,0.0,229.73278962371907
2043-06-28,971114.1418264923,971114.1418264923,0.0,232.08038316136415
2043-06-29,971114.1418264923,971114.1418264923,0.0,233.5011453089522
2043-06-30,971114.1418264923,971114.1418264923,0.0,232.1365703691871
2043-07-01,971114.1418264923,971114.1418264923,0.0,234.82802163868547
2043-07-02,971114.1418264923,971114.1418264923,0.0,232.52777297847632
2043-07-03,971114.1418264923,971114.1418264923,0.0,233.51318445822176
2043-07-04,971114.1418264923,971114.1418264923,0.0,229.5937619960028
2043-07-05,971114.1418264923,971114.1418264923,0.0,228.7017389275201
2043-07-06,971114.1418264923,971114.1418264923,0.0,226.78367028601008
2043-07-07,971114.1418264923,971114.1418264923,0.0,223.94575596281973
2043-07-08,971114.1418264923,971114.1418264923,0.0,224.0006560162671
2043-07-09,971114.1418264923,971114.1418264923,0.0,224.74569731609088
2043-07-10,971114.1418264923,971114.1418264923,0.0,226.13167532003
2043-07-11,971114.1418264923,971114.1418264923,0.0,226.1354752213535
2043-07-12,971114.1418264923,971114.1418264923,0.0,227.1119097504408
2043-07-13,971114.1418264923,971114.1418264923,0.0,224.57545720793172
2043-07-14,971114.1418264923,971114.1418264923,0.0,222.6072814286614
2043-07-15,971114.1418264923,971114.1418264923,0.0,222.56762231492303
2043-07-16,971114.1418264923,971114.1418264923,0.0,220.62620985117883
2043-07-17,971114.1418264923,971114.1418264923,0.0,220.63844260033525
2043-07-18,971114.1418264923,971114.1418264923,0.0,219.2089256717079
2043-07-19,971114.1418264923,971114.1418264923,0.0,218.8616957140134
2043-07-20,971114.1418264923,971114.1418264923,0.0,215.24900930188795
2043-07-21,971114.1418264923,971114.1418264923,0.0,211.59499276580985
2043-07-22,971114.1418264923,971114.1418264923,0.0,210.08322252383493
2043-07-23,971114.1418264923,971114.1418264923,0.0,207.314325654961
2043-07-24,971114.1418264923,971114.1418264923,0.0,201.94438776290733
2043-07-25,971114.1418264923,971114.1418264923,0.0,202.9212709071047
2043-07-26,971114.1418264923,971114.1418264923,0.0,204.90191116907135
2043-07-27,971114.1418264923,971114.1418264923,0.0,206.70307412304152
2043-07-28,971114.1418264923,971114.1418264923,0.0,206.4048911714449
2043-07-29,970822.7104725302,776599.8821072318,942.5308967342705,206.06521127132456
2043-07-30,971015.6261766729,776599.8821072318,942.5308967342705,206.26988965885656
2043-07-31,969747.082527564,776599.8821072318,942.5308967342705,204.92399887320255
2043-08-01,966220.7514403679,776599.8821072318,942.5308967342705,201.1826561761999
2043-08-02,968485.8726337922,776599.8821072318,942.5308967342705,203.58588900524848
2043-08-03,968513.4056551309,776599.8821072318,942.5308967342705,203.61510080237255
2043-08-04,968423.0109172101,776599.8821072318,942.5308967342705,203.5191944100899
2043-08-05,967816.4835774214,776599.8821072318,942.5308967342705,202.87568517141108
2043-08-06,968954.9923046557,776599.8821072318,942.5308967342705,204.08361239287305
2043-08-07,968728.0075528505,776599.8821072318,942.5308967342705,203.84278765960264
2043-08-08,967790.0595985368,776599.8821072318,942.5308967342705,202.84765003858288
2043-08-09,967149.4409649377,776599.8821072318,942.5308967342705,202.16797085159945
2043-08-10,967273.1518058354,776599.8821072318,942.5308967342705,202.29922473550545
2043-08-11,965087.9219500342,776599.8821072318,942.5308967342705,199.9807544727557
2043-08-12,967772.510755454,776599.8821072318,942.5308967342705,202.8290311867833
2043-08-13,966615.4381275328,776599.8821072318,942.5308967342705,201.60140816463073
2043-08-14,965110.4714357269,776599.8821072318,942.5308967342705,200.00467887223255
2043-08-15,964399.394448926,776599.8821072318,942.5308967342705,199.2502452624011
2043-08-16,966114.5756939655,776599.8821072318,942.5308967342705,201.070006557211
2043-08-17,965606.3972816435,776599.8821072318,942.5308967342705,200.53084289256856
2043-08-18,967819.6863976873,776599.8821072318,942.5308967342705,202.87908327780423
2043-08-19,966904.5409989695,966904.5409989695,0.0,202.2113544826872
2043-08-20,966904.5409989695,966904.5409989695,0.0,199.3585946698477
2043-08-21,966904.5409989695,966904.5409989695,0.0,197.70096634383907
2043-08-22,966904.5409989695,966904.5409989695,0.0,196.34917101184016
2043-08-23,966904.5409989695,966904.5409989695,0.0,197.62679303389476
2043-08-24,966904.5409989695,966904.5409989695,0.0,196.7231362919601
2043-08-25,966904.5409989695,966904.5409989695,0.0,194.41442928956192
2043-08-26,966904.5409989695,966904.5409989695,0.0,191.6204157833076
2043-08-27,966904.5409989695,966904.5409989695,0.0,188.14269145930845
2043-08-28,966904.5409989695,966904.5409989695,0.0,193.20212925058985
2043-08-29,966904.5409989695,966904.5409989695,0.0,191.75974990002652
2043-08-30,966904.5409989695,966904.5409989695,0.0,192.61061561967531
2043-08-31,966904.5409989695,966904.5409989695,0.0,190.30029096341235
2043-09-01,966904.5409989695,966904.5409989695,0.0,192.65089303163035
2043-09-02,966904.5409989695,966904.5409989695,0.0,191.00607244513532
2043-09-03,966904.5409989695,966904.5409989695,0.0,194.6129266143816
2043-09-04,966904.5409989695,966904.5409989695,0.0,198.4886657578496
2043-09-05,966904.5409989695,966904.5409989695,0.0,196.2869839124695
2043-09-06,966904.5409989695,966904.5409989695,0.0,198.73418632232443
2043-09-07,966904.5409989695,966904.5409989695,0.0,202.50047033322676
2043-09-08,966904.5409989695,966904.5409989695,0.0,199.28091652234795
2043-09-09,966647.8809251868,1137811.6513704741,-871.775549321671,196.33926482392164
2043-09-10,970192.7592446221,1137811.6513704741,-871.775549321671,192.2729907443222
2043-09-11,971760.5040329696,1137811.6513704741,-871.775549321671,190.4746553934772
2043-09-12,973421.8640806424,1137811.6513704741,-871.775549321671,188.5689354533326
2043-09-13,973969.9951390318,1137811.6513704741,-871.775549321671,187.94018295067764
2043-09-14,976048.426963725,1137811.6513704741,-871.775549321671,185.55604654502773
2043-09-15,974925.5771871618,1137811.6513704741,-871.775549321671,186.84404983605484
2043-09-16,974875.9323929616,1137811.6513704741,-871.775549321671,186.90099659745317
2043-09-17,974182.9815191559,1137811.6513704741,-871.775549321671,187.69586962910105
2043-09-18,972489.5774034942,1137811.6513704741,-871.775549321671,189.63834681486205
2043-09-19,972054.0638693926,1137811.6513704741,-871.775549321671,190.13791752941177
2043-09-20,972424.7399428845,1137811.6513704741,-871.775549321671,189.71272084457655
2043-09-21,973777.5678027577,1137811.6513704741,-871.775549321671,188.1609133169098
2043-09-22,972298.7111646225,1137811.6513704741,-871.775549321671,189.85728647085523
2043-09-23,971850.471925568,1137811.6513704741,-871.775549321671,190.37145464109503
2043-09-24,971486.9895955786,1137811.6513704741,-871.775549321671,190.7883994960777
2043-09-25,972490.6117803161,1137811.6513704741,-871.775549321671,189.63716029750373
2043-09-26,971993.5328439992,1137811.6513704741,-871.775549321671,190.20735171512675
2043-09-27,973284.5556925278,1137811.6513704741,-871.775549321671,188.72643974239125
2043-09-28,972773.715623943,1137811.6513704741,-871.775549321671,189.31241633806687
2043-09-29,973210.1401869428,1137811.6513704741,-871.775549321671,188.8118005966191
2043-09-30,971985.184592168,1166390.8052702036,-1022.2851955005704,190.1676963861766
2043-10-01,974550.7546712293,1166390.8052702036,-1022.2851955005704,187.6580541744403
2043-10-02,974459.4729727025,1166390.8052702036,-1022.2851955005704,187.74734598745744
2043-10-03,973105.8073885983,1166390.8052702036,-1022.2851955005704,189.07150248513744
2043-10-04,972961.6204737108,1166390.8052702036,-1022.2851955005704,189.2125462129759
2043-10-05,975693.3389574522,1166390.8052702036,-1022.2851955005704,186.5403775307289
2043-10-06,977107.8797641738,1166390.8052702036,-1022.2851955005704,185.15667285325983
2043-10-07,974693.9641792848,1166390.8052702036,-1022.2851955005704,187.51796654655936
2043-10-08,974829.5875673391,1166390.8052702036,-1022.2851955005704,187.3852996658775
2043-10-09,976392.6137900229,1166390.8052702036,-1022.2851955005704,185.85634646420417
2043-10-10,973994.5785359943,1166390.8052702036,-1022.2851955005704,188.20210600819763
2043-10-11,970989.8526773278,1166390.8052702036,-1022.2851955005704,191.14133067064137
2043-10-12,973279.6325221299,1166390.8052702036,-1022.2851955005704,188.9014666337951
2043-10-13,974248.498846388,1166390.8052702036,-1022.2851955005704,187.95372100613432
2043-10-14,974909.0420797468,1166390.8052702036,-1022.2851955005704,187.30757721351537
2043-10-15,973885.3200351348,1166390.8052702036,-1022.2851955005704,188.3089827401902
2043-10-16,974232.2264855504,1166390.8052702036,-1022.2851955005704,187.9696386394026
2043-10-17,973996.8223918622,1166390.8052702036,-1022.2851955005704,188.19991106702292
2043-10-18,974277.5836026706,1166390.8052702036,-1022.2851955005704,187.92527027984912
2043-10-19,970004.4718337568,1166390.8052702036,-1022.2851955005704,192.10523081113843
2043-10-20,968874.9308424261,1166390.8052702036,-1022.2851955005704,193.2101484958532
2043-10-21,969158.500026813,969158.500026813,0.0,192.64369907675248
2043-10-22,969158.500026813,969158.500026813,0.0,192.10917766779335
2043-10-23,969158.500026813,969158.500026813,0.0,193.02028152517056
2043-10-24,969158.500026813,969158.500026813,0.0,191.18542289444912
2043-10-25,969158.500026813,969158.500026813,0.0,191.70257204893343
2043-10-26,969158.500026813,969158.500026813,0.0,192.00815309985003
2043-10-27,969158.500026813,969158.500026813,0.0,190.35517031095915
2043-10-28,969158.500026813,969158.500026813,0.0,185.99984923564864
2043-10-29,969158.500026813,969158.500026813,0.0,182.79699609701328
2043-10-30,969158.500026813,969158.500026813,0.0,182.37792693394988
2043-10-31,969158.500026813,969158.500026813,0.0,184.03965402869852
2043-11-01,969158.500026813,969158.500026813,0.0,183.2147776554735
2043-11-02,969158.500026813,969158.500026813,0.0,184.80831143237043
2043-11-03,969158.500026813,969158.500026813,0.0,184.1319134308703
2043-11-04,969158.500026813,969158.500026813,0.0,182.2066179105177
2043-11-05,969158.500026813,969158.500026813,0.0,179.89220437204116
2043-11-06,969158.500026813,969158.500026813,0.0,178.2330659353792
2043-11-07,969158.500026813,969158.500026813,0.0,178.48408255905636
2043-11-08,969158.500026813,969158.500026813,0.0,178.4027062394073
2043-11-09,969158.500026813,969158.500026813,0.0,177.96051453833064
2043-11-10,969158.500026813,969158.500026813,0.0,177.593302147048
2043-11-11,969158.500026813,969158.500026813,0.0,179.56666389790433
2043-11-12,969158.500026813,969158.500026813,0.0,182.973673041619
2043-11-13,969158.500026813,969158.500026813,0.0,181.62861854124165
2043-11-14,969158.500026813,969158.500026813,0.0,181.28727741288048
2043-11-15,969158.500026813,969158.500026813,0.0,179.08657012709594
2043-11-16,969158.500026813,969158.500026813,0.0,179.06052835283572
2043-11-17,969158.500026813,969158.500026813,0.0,178.49753869772417
2043-11-18,969158.500026813,969158.500026813,0.0,178.88112443871748
2043-11-19,969158.500026813,969158.500026813,0.0,180.45916282999937
2043-11-20,969158.500026813,969158.500026813,0.0,178.28933430536645
2043-11-21,969158.500026813,969158.500026813,0.0,177.91077783861277
2043-11-22,969158.500026813,969158.500026813,0.0,177.4186749999666
2043-11-23,969158.500026813,969158.500026813,0.0,177.70061068817836
2043-11-24,969158.500026813,969158.500026813,0.0,180.20669232392984
2043-11-25,969158.500026813,969158.500026813,0.0,179.0382687686378
2043-11-26,969158.500026813,969158.500026813,0.0,180.1322779638352
2043-11-27,969158.500026813,969158.500026813,0.0,183.16977144662408
2043-11-28,969158.500026813,969158.500026813,0.0,181.6267840084197
2043-11-29,969158.500026813,969158.500026813,0.0,181.89441990370824
2043-11-30,969158.500026813,969158.500026813,0.0,182.14658624079328
2043-12-01,969158.500026813,969158.500026813,0.0,179.80080622187006
2043-12-02,968867.849392655,1162699.5493980176,-1071.8101979235166,180.8451723830251
2043-12-03,966679.4160629937,1162699.5493980176,-1071.8101979235166,182.8869828956523
2043-12-04,967984.4762335438,1162699.5493980176,-1071.8101979235166,181.6693604349979
2043-12-05,968547.6344775031,1162699.5493980176,-1071.8101979235166,181.14393322311807
2043-12-06,971909.9468599954,1162699.5493980176,-1071.8101979235166,178.00689236550517
2043-12-07,969892.2618430457,1162699.5493980176,-1071.8101979235166,179.88939452946917
2043-12-08,968216.5410705771,1162699.5493980176,-1071.8101979235166,181.4528437070521
2043-12-09,970066.523255682,1162699.5493980176,-1071.8101979235166,179.72680845501873
2043-12-10,971682.4121440656,1162699.5493980176,-1071.8101979235166,178.2191824858741
2043-12-11,972440.6813792171,1162699.5493980176,-1071.8101979235166,177.51171652163848
2043-12-12,969966.5883484809,1162699.5493980176,-1071.8101979235166,179.82004782463358
2043-12-13,970105.6217257367,1162699.5493980176,-1071.8101979235166,179.69032954286575
2043-12-14,969813.0926351689,1162699.5493980176,-1071.8101979235166,179.96325948058657
2043-12-15,969519.8543325542,1162699.5493980176,-1071.8101979235166,180.23685111386536
2043-12-16,966849.8207850179,1162699.5493980176,-1071.8101979235166,182.7279951174483
2043-12-17,967579.2058182699,1162699.5493980176,-1071.8101979235166,182.04747814283377
2043-12-18,967843.7527587046,1162699.5493980176,-1071.8101979235166,181.80065557952236
2043-12-19,965541.9404530713,1162699.5493980176,-1071.8101979235166,183.9482487915415
2043-12-20,963234.4886278011,1162699.5493980176,-1071.8101979235166,186.1011036810924
2043-12-21,965306.6304672216,1162699.5493980176,-1071.8101979235166,184.16779324661903
2043-12-22,969111.1205904535,1162699.5493980176,-1071.8101979235166,180.6182001091376
2043-12-23,968834.6032359422,968834.6032359422,0.0,180.60519298882417
2043-12-24,968834.6032359422,968834.6032359422,0.0,181.7769662570449
2043-12-25,968834.6032359422,968834.6032359422,0.0,182.3506075917525
2043-12-26,968834.6032359422,968834.6032359422,0.0,181.23790345916495
2043-12-27,968834.6032359422,968834.6032359422,0.0,184.6477334238241
2043-12-28,968834.6032359422,968834.6032359422,0.0,182.6850832545726
2043-12-29,968834.6032359422,968834.6032359422,0.0,180.21056335703324
2043-12-30,968834.6032359422,968834.6032359422,0.0,182.30312692557868
2043-12-31,968834.6032359422,968834.6032359422,0.0,181.53851602856676
2044-01-01,968834.6032359422,968834.6032359422,0.0,184.64840808665537
2044-01-02,968834.6032359422,968834.6032359422,0.0,184.188179199169
2044-01-03,968834.6032359422,968834.6032359422,0.0,183.47471446844452
2044-01-04,968834.6032359422,968834.6032359422,0.0,184.3881775936797
2044-01-05,968834.6032359422,968834.6032359422,0.0,185.97145683428795
2044-01-06,968834.6032359422,968834.6032359422,0.0,190.0331895136628
2044-01-07,968834.6032359422,968834.6032359422,0.0,191.67836975377512
2044-01-08,968834.6032359422,968834.6032359422,0.0,193.74242867894668
2044-01-09,968834.6032359422,968834.6032359422,0.0,192.62400536007848
2044-01-10,968834.6032359422,968834.6032359422,0.0,194.47993168954315
2044-01-11,968834.6032359422,968834.6032359422,0.0,195.70040736226736
2044-01-12,968834.6032359422,968834.6032359422,0.0,194.56587927328536
2044-01-13,968544.0497384317,1162310.9703856201,-1009.6875924020666,191.90779613941095
2044-01-14,970285.7524428121,1162310.9703856201,-1009.6875924020666,190.18280445140095
2044-01-15,971275.1747030701,1162310.9703856201,-1009.6875924020666,189.2028753449096
2044-01-16,971646.1738282912,1162310.9703856201,-1009.6875924020666,188.83543582399935
2044-01-17,970218.7123629423,1162310.9703856201,-1009.6875924020666,190.24920130561043
2044-01-18,968391.1499350346,1162310.9703856201,-1009.6875924020666,192.05922892371737
2044-01-19,964970.0195720687,1162310.9703856201,-1009.6875924020666,195.4475347608
2044-01-20,964126.6619110174,1162310.9703856201,-1009.6875924020666,196.2828007058286
2044-01-21,966985.6558879883,1162310.9703856201,-1009.6875924020666,193.4512377565709
2044-01-22,968737.4218986543,1162310.9703856201,-1009.6875924020666,191.71627931611056
2044-01-23,969180.5283868299,1162310.9703856201,-1009.6875924020666,191.27742427668068
2044-01-24,967101.5461130831,1162310.9703856201,-1009.6875924020666,193.33645945686024
2044-01-25,965884.2269746393,1162310.9703856201,-1009.6875924020666,194.5420988522576
2044-01-26,967369.579483471,1162310.9703856201,-1009.6875924020666,193.07099777108257
2044-01-27,969528.4727516065,1162310.9703856201,-1009.6875924020666,190.93281831400964
2044-01-28,970747.4635153543,1162310.9703856201,-1009.6875924020666,189.7255233319571
2044-01-29,973102.7254735824,1162310.9703856201,-1009.6875924020666,187.3928592723494
2044-01-30,973328.9560740313,1162310.9703856201,-1009.6875924020666,187.1687992738396
2044-01-31,972486.2413996712,1162310.9703856201,-1009.6875924020666,188.00342840140505
2044-02-01,971923.7061693154,1162310.9703856201,-1009.6875924020666,188.56056630682144
2044-02-02,972826.149647532,1162310.9703856201,-1009.6875924020666,187.6667814519737
2044-02-03,972488.3527238842,972488.3527238842,0.0,187.71966397879487
2044-02-04,972488.3527238842,972488.3527238842,0.0,185.28327239867176
2044-02-05,972488.3527238842,972488.3527238842,0.0,184.0169881430771
2044-02-06,972488.3527238842,972488.3527238842,0.0,184.5902575837514
2044-02-07,972488.3527238842,972488.3527238842,0.0,188.79020442184623
2044-02-08,972488.3527238842,972488.3527238842,0.0,191.3504632183488
2044-02-09,972488.3527238842,972488.3527238842,0.0,188.86285957610897
2044-02-10,972488.3527238842,972488.3527238842,0.0,190.46431644168575
2044-02-11,972488.3527238842,972488.3527238842,0.0,190.79864345562055
2044-02-12,972488.3527238842,972488.3527238842,0.0,191.18697586351504
2044-02-13,972488.3527238842,972488.3527238842,0.0,196.1292515362518
2044-02-14,972488.3527238842,972488.3527238842,0.0,195.1796257471688
2044-02-15,972488.3527238842,972488.3527238842,0.0,196.2127280257608
2044-02-16,972488.3527238842,972488.3527238842,0.0,197.72628152103024
2044-02-17,972488.3527238842,972488.3527238842,0.0,196.35707131243385
2044-02-18,972488.3527238842,972488.3527238842,0.0,192.2901551804339
2044-02-19,972488.3527238842,972488.3527238842,0.0,189.7508645467408
2044-02-20,972488.3527238842,972488.3527238842,0.0,190.23526185820296
2044-02-21,972488.3527238842,972488.3527238842,0.0,191.94795043706935
2044-02-22,972488.3527238842,972488.3527238842,0.0,192.9894212315714
2044-02-23,972488.3527238842,972488.3527238842,0.0,194.01306134088605
2044-02-24,972488.3527238842,972488.3527238842,0.0,194.66281111225703
2044-02-25,972488.3527238842,972488.3527238842,0.0,193.06048514451248
2044-02-26,972488.3527238842,972488.3527238842,0.0,193.0069732193322
2044-02-27,972488.3527238842,972488.3527238842,0.0,194.2230131803642
2044-02-28,972488.3527238842,972488.3527238842,0.0,195.14032177799135
2044-02-29,972488.3527238842,972488.3527238842,0.0,198.3657866177676
2044-03-01,972488.3527238842,972488.3527238842,0.0,197.2142837773468
2044-03-02,972488.3527238842,972488.3527238842,0.0,196.10561631591904
2044-03-03,972488.3527238842,972488.3527238842,0.0,194.73276763186735
2044-03-04,972488.3527238842,972488.3527238842,0.0,189.48316668966623
2044-03-05,972488.3527238842,972488.3527238842,0.0,190.65037014101569
2044-03-06,972488.3527238842,972488.3527238842,0.0,190.65843059640716
2044-03-07,972488.3527238842,972488.3527238842,0.0,190.19444365706815
2044-03-08,972488.3527238842,972488.3527238842,0.0,188.65018422826216
2044-03-09,972488.3527238842,972488.3527238842,0.0,189.6936797023563
2044-03-10,972488.3527238842,972488.3527238842,0.0,189.72655162912017
2044-03-11,972488.3527238842,972488.3527238842,0.0,192.68011216541305
2044-03-12,972488.3527238842,972488.3527238842,0.0,192.72677197918017
2044-03-13,972488.3527238842,972488.3527238842,0.0,193.5360306674943
2044-03-14,972488.3527238842,972488.3527238842,0.0,196.60253160222945
2044-03-15,972488.3527238842,972488.3527238842,0.0,195.95421669563163
2044-03-16,972196.5089692317,777698.8384244549,996.8812269861132,195.106162378847
2044-03-17,974991.0554078991,777698.8384244549,996.8812269861132,197.90945164041344
2044-03-18,971938.875039952,777698.8384244549,996.8812269861132,194.84772243404169
2044-03-19,971435.2473542653,777698.8384244549,996.8812269861132,194.34251913393612
2044-03-20,970885.4299195358,777698.8384244549,996.8812269861132,193.7909815787634
2044-03-21,969261.2008904439,777698.8384244549,996.8812269861132,192.16167110011943
2044-03-22,970276.0622378329,777698.8384244549,996.8812269861132,193.17970747187184
2044-03-23,969181.2908771774,777698.8384244549,996.8812269861132,192.0815110859639
2044-03-24,969383.1280506,777698.8384244549,996.8812269861132,192.28397971307692
2044-03-25,967603.6537209847,777698.8384244549,996.8812269861132,190.49893824430023
2044-03-26,968146.5513989324,777698.8384244549,996.8812269861132,191.0435343940231
2044-03-27,972148.7238281055,777698.8384244549,996.8812269861132,195.05822774046408
2044-03-28,972046.8866777497,777698.8384244549,996.8812269861132,194.95607198950896
2044-03-29,972027.5257488897,777698.8384244549,996.8812269861132,194.9366504893986
2044-03-30,969734.1046721338,777698.8384244549,996.8812269861132,192.636054375567
2044-03-31,971358.7890475318,777698.8384244549,996.8812269861132,194.26582162508177
2044-04-01,971191.7280184792,777698.8384244549,996.8812269861132,194.09823794055623
2044-04-02,971953.4115667754,777698.8384244549,996.8812269861132,194.86230443882815
2044-04-03,973805.9946986195,777698.8384244549,996.8812269861132,196.72068343292855
2044-04-04,973451.2694897482,777698.8384244549,996.8812269861132,196.36484845553227
2044-04-05,975460.0305423855,777698.8384244549,996.8812269861132,198.3798939777662
2044-04-06,977320.215933137,977320.215933137,0.0,200.54661866936527
2044-04-07,977320.215933137,977320.215933137,0.0,201.22934895308316
2044-04-08,977320.215933137,977320.215933137,0.0,201.6310873373542
2044-04-09,977320.215933137,977320.215933137,0.0,201.68729774524144
2044-04-10,977320.215933137,977320.215933137,0.0,202.82325421248865
2044-04-11,977320.215933137,977320.215933137,0.0,203.87378274620497
2044-04-12,977320.215933137,977320.215933137,0.0,200.9788875923353
2044-04-13,977320.215933137,977320.215933137,0.0,199.6334418410339
2044-04-14,977320.215933137,977320.215933137,0.0,201.55356575688236
2044-04-15,977320.215933137,977320.215933137,0.0,202.05434033515925
2044-04-16,977320.215933137,977320.215933137,0.0,201.61592930387496
2044-04-17,977320.215933137,977320.215933137,0.0,205.1996730652218
2044-04-18,977320.215933137,977320.215933137,0.0,206.8726607976376
2044-04-19,977320.215933137,977320.215933137,0.0,209.11863469015705
2044-04-20,977320.215933137,977320.215933137,0.0,208.65770314012124
2044-04-21,977320.215933137,977320.215933137,0.0,209.4635872474715
2044-04-22,977320.215933137,977320.215933137,0.0,209.2930791666882
2044-04-23,977320.215933137,977320.215933137,0.0,207.13775746764532
2044-04-24,977320.215933137,977320.215933137,0.0,207.54610717625727
2044-04-25,977320.215933137,977320.215933137,0.0,207.42656247300397
2044-04-26,977320.215933137,977320.215933137,0.0,207.2724762268058
2044-04-27,977320.215933137,977320.215933137,0.0,209.33616150530472
2044-04-28,977320.215933137,977320.215933137,0.0,209.10442989150133
2044-04-29,977320.215933137,977320.215933137,0.0,209.25098675389512
2044-04-30,977320.215933137,977320.215933137,0.0,209.49965453037592
2044-05-01,977320.215933137,977320.215933137,0.0,210.55543286344093
2044-05-02,977320.215933137,977320.215933137,0.0,211.1838868966819
2044-05-03,977320.215933137,977320.215933137,0.0,212.63968022517383
2044-05-04,977320.215933137,977320.215933137,0.0,209.92858757514895
2044-05-05,977320.215933137,977320.215933137,0.0,210.23157213061475
2044-05-06,977320.215933137,977320.215933137,0.0,209.9960070366238
2044-05-07,977320.215933137,977320.215933137,0.0,207.24995444037071
2044-05-08,977320.215933137,977320.215933137,0.0,204.28123006934737
2044-05-09,977320.215933137,977320.215933137,0.0,203.002577656902
2044-05-10,977320.215933137,977320.215933137,0.0,201.68365009960328
2044-05-11,977320.215933137,977320.215933137,0.0,201.20173759216877
2044-05-12,977320.215933137,977320.215933137,0.0,201.45976692765225
2044-05-13,977320.215933137,977320.215933137,0.0,202.45762737479177
2044-05-14,977320.215933137,977320.215933137,0.0,199.9664757220251
2044-05-15,977320.215933137,977320.215933137,0.0,198.16815279294107
2044-05-16,977320.215933137,977320.215933137,0.0,196.45254767476135
2044-05-17,977320.215933137,977320.215933137,0.0,196.21898444417832
2044-05-18,977026.9221363355,781562.8789497081,995.8729436361507,196.27407736668223
2044-05-19,978989.5532770597,781562.8789497081,995.8729436361507,198.2448419639793
2044-05-20,977187.3087116457,781562.8789497081,995.8729436361507,196.4351286095492
2044-05-21,978709.8916312624,781562.8789497081,995.8729436361507,197.9640213557036
2044-05-22,975811.7565510399,781562.8789497081,995.8729436361507,195.05387594132895
2044-05-23,975849.0916945072,781562.8789497081,995.8729436361507,195.09136580758732
2044-05-24,976923.7384051175,781562.8789497081,995.8729436361507,196.17046602561976
2044-05-25,978165.0745163086,781562.8789497081,995.8729436361507,197.4169464317032
2044-05-26,981518.6059304212,781562.8789497081,995.8729436361507,200.78437541503115
2044-05-27,986330.12932356,781562.8789497081,995.8729436361507,205.61583852876035
2044-05-28,987161.9399616317,781562.8789497081,995.8729436361507,206.45109632282637
2044-05-29,984469.5117747049,781562.8789497081,995.8729436361507,203.7475102839326
2044-05-30,992347.6535885759,781562.8789497081,995.8729436361507,211.6583003743895
2044-05-31,994768.8330784704,781562.8789497081,995.8729436361507,214.08951361837444
2044-06-01,996976.8829689374,781562.8789497081,995.8729436361507,216.3067140198684
2044-06-02,996058.7452443503,781562.8789497081,995.8729436361507,215.38477138606729
2044-06-03,995797.4641663259,781562.8789497081,995.8729436361507,215.12240751756977
2044-06-04,994036.4892052617,781562.8789497081,995.8729436361507,213.35413479531425
2044-06-05,995470.1325179918,781562.8789497081,995.8729436361507,214.7937193546613
2044-06-06,994480.8549055334,781562.8789497081,995.8729436361507,213.80034201794356
2044-06-07,996016.3155272214,781562.8789497081,995.8729436361507,215.3421658334213
2044-06-08,994116.4234433107,994116.4234433107,0.0,213.75492580484297
2044-06-09,994116.4234433107,994116.4234433107,0.0,215.79622359641849
2044-06-10,994116.4234433107,994116.4234433107,0.0,216.407347209107
2044-06-11,994116.4234433107,994116.4234433107,0.0,219.1766672984135
2044-06-12,994116.4234433107,994116.4234433107,0.0,223.8537061037649
2044-06-13,994116.4234433107,994116.4234433107,0.0,224.4887440046095
2044-06-14,994116.4234433107,994116.4234433107,0.0,227.5744207104675
2044-06-15,994116.4234433107,994116.4234433107,0.0,230.7134185804887
2044-06-16,994116.4234433107,994116.4234433107,0.0,230.6644006538332
2044-06-17,994116.4234433107,994116.4234433107,0.0,231.2652230245583
2044-06-18,994116.4234433107,994116.4234433107,0.0,231.89344958024316
2044-06-19,994116.4234433107,994116.4234433107,0.0,230.88385868401028
2044-06-20,994116.4234433107,994116.4234433107,0.0,229.90001180007508
2044-06-21,994116.4234433107,994116.4234433107,0.0,232.7328902927222
2044-06-22,994116.4234433107,994116.4234433107,0.0,231.08572528432575
2044-06-23,994116.4234433107,994116.4234433107,0.0,230.7408294401043
2044-06-24,994116.4234433107,994116.4234433107,0.0,229.98829998184647
2044-06-25,994116.4234433107,994116.4234433107,0.0,231.0493270871143
2044-06-26,994116.4234433107,994116.4234433107,0.0,236.4260062815585
2044-06-27,994116.4234433107,994116.4234433107,0.0,235.9785567819673
2044-06-28,994116.4234433107,994116.4234433107,0.0,232.60139380750203
2044-06-29,994116.4234433107,994116.4234433107,0.0,232.84852429456353
2044-06-30,994116.4234433107,994116.4234433107,0.0,230.5942758928739
2044-07-01,994116.4234433107,994116.4234433107,0.0,231.1876289774446
2044-07-02,994116.4234433107,994116.4234433107,0.0,229.4327266505388
2044-07-03,994116.4234433107,994116.4234433107,0.0,229.80719200375356
2044-07-04,994116.4234433107,994116.4234433107,0.0,227.0803860763847
2044-07-05,994116.4234433107,994116.4234433107,0.0,226.4775835247172
2044-07-06,994116.4234433107,994116.4234433107,0.0,224.24003477260484
2044-07-07,994116.4234433107,994116.4234433107,0.0,227.0679877699229
2044-07-08,994116.4234433107,994116.4234433107,0.0,225.4295169287186
2044-07-09,994116.4234433107,994116.4234433107,0.0,226.6828458225462
2044-07-10,994116.4234433107,994116.4234433107,0.0,227.0891060663282
2044-07-11,994116.4234433107,994116.4234433107,0.0,227.54126622810676
2044-07-12,994116.4234433107,994116.4234433107,0.0,228.39158155848
2044-07-13,994116.4234433107,994116.4234433107,0.0,229.7729038459481
2044-07-14,994116.4234433107,994116.4234433107,0.0,232.7938462578674
2044-07-15,994116.4234433107,994116.4234433107,0.0,234.97677033321165
2044-07-16,994116.4234433107,994116.4234433107,0.0,238.59012058335685
2044-07-17,994116.4234433107,994116.4234433107,0.0,236.0649321284424
2044-07-18,994116.4234433107,994116.4234433107,0.0,232.919488657628
2044-07-19,994116.4234433107,994116.4234433107,0.0,236.81153105873577
2044-07-20,994116.4234433107,994116.4234433107,0.0,238.14732209371945
2044-07-21,994116.4234433107,994116.4234433107,0.0,235.62683209574695
2044-07-22,994116.4234433107,994116.4234433107,0.0,234.96906687245183
2044-07-23,994116.4234433107,994116.4234433107,0.0,236.23429829464192
2044-07-24,994116.4234433107,994116.4234433107,0.0,236.12317154176912
2044-07-25,994116.4234433107,994116.4234433107,0.0,237.57366435013077
2044-07-26,994116.4234433107,994116.4234433107,0.0,234.79943012761856
2044-07-27,994116.4234433107,994116.4234433107,0.0,234.7286080319909
2044-07-28,994116.4234433107,994116.4234433107,0.0,235.00485997049552
2044-07-29,994116.4234433107,994116.4234433107,0.0,233.3499397706709
2044-07-30,994116.4234433107,994116.4234433107,0.0,232.6897568517868
2044-07-31,994116.4234433107,994116.4234433107,0.0,231.6141758304433
2044-08-01,994116.4234433107,994116.4234433107,0.0,229.05888090255445
2044-08-02,994116.4234433107,994116.4234433107,0.0,227.64893972828023
2044-08-03,994116.4234433107,994116.4234433107,0.0,228.0840976696604
2044-08-04,994116.4234433107,994116.4234433107,0.0,225.8721007642429
2044-08-05,994116.4234433107,994116.4234433107,0.0,224.3528560492952
2044-08-06,994116.4234433107,994116.4234433107,0.0,220.56466312929984
2044-08-07,994116.4234433107,994116.4234433107,0.0,223.7644370508674
2044-08-08,994116.4234433107,994116.4234433107,0.0,225.84616717803124
2044-08-09,994116.4234433107,994116.4234433107,0.0,228.5835495270819
2044-08-10,994116.4234433107,994116.4234433107,0.0,229.4103792467423
2044-08-11,994116.4234433107,994116.4234433107,0.0,230.0868511192147
2044-08-12,994116.4234433107,994116.4234433107,0.0,229.60151153932836
2044-08-13,994116.4234433107,994116.4234433107,0.0,232.60642388717213
2044-08-14,994116.4234433107,994116.4234433107,0.0,232.66131943821637
2044-08-15,994116.4234433107,994116.4234433107,0.0,228.1448616804244
2044-08-16,994116.4234433107,994116.4234433107,0.0,223.77736519666752
2044-08-17,994116.4234433107,994116.4234433107,0.0,224.5921474366133
2044-08-18,994116.4234433107,994116.4234433107,0.0,222.4472863946361
2044-08-19,994116.4234433107,994116.4234433107,0.0,222.66401550992612
2044-08-20,994116.4234433107,994116.4234433107,0.0,224.36020885985792
2044-08-21,994116.4234433107,994116.4234433107,0.0,222.506733040528
2044-08-22,994116.4234433107,994116.4234433107,0.0,221.84112953998337
2044-08-23,994116.4234433107,994116.4234433107,0.0,221.25792515117357
2044-08-24,994116.4234433107,994116.4234433107,0.0,219.3487776318192
2044-08-25,994116.4234433107,994116.4234433107,0.0,216.2362612945448
2044-08-26,994116.4234433107,994116.4234433107,0.0,213.8869433548117
2044-08-27,994116.4234433107,994116.4234433107,0.0,210.71598827072523
2044-08-28,994116.4234433107,994116.4234433107,0.0,210.34184349031435
2044-08-29,994116.4234433107,994116.4234433107,0.0,209.9399467253558
2044-08-30,994116.4234433107,994116.4234433107,0.0,208.83675736769308
2044-08-31,993818.0891046353,794994.8044159731,965.6675249214808,205.89206901705495
2044-09-01,996027.9463467064,794994.8044159731,965.6675249214808,208.1804935369235
2044-09-02,994780.1912708477,794994.8044159731,965.6675249214808,206.88837689878744
2044-09-03,999974.2760146292,794994.8044159731,965.6675249214808,212.2671274622423
2044-09-04,1001755.3988718492,794994.8044159731,965.6675249214808,214.1115747603586
2044-09-05,997535.216752326,794994.8044159731,965.6675249214808,209.74135207955925
2044-09-06,1000050.9419877543,794994.8044159731,965.6675249214808,212.34651914845583
2044-09-07,998615.5734523924,794994.8044159731,965.6675249214808,210.8601188105355
2044-09-08,996736.8758770197,794994.8044159731,965.6675249214808,208.9146277104538
2044-09-09,996188.7633973975,794994.8044159731,965.6675249214808,208.3470281324657
2044-09-10,998482.8774773765,794994.8044159731,965.6675249214808,210.7227050821131
2044-09-11,999550.6907180396,794994.8044159731,965.6675249214808,211.82848239480668
2044-09-12,999924.2914187438,794994.8044159731,965.6675249214808,212.21536575896928
2044-09-13,998246.9099809892,794994.8044159731,965.6675249214808,210.4783482094861
2044-09-14,1000172.8922881723,794994.8044159731,965.6675249214808,212.47280516022568
2044-09-15,998163.7181147994,794994.8044159731,965.6675249214808,210.3921986144725
2044-09-16,1000293.6295619404,794994.8044159731,965.6675249214808,212.5978350184866
2044-09-17,1000978.711770101,794994.8044159731,965.6675249214808,213.30727402361035
2044-09-18,999755.3093420943,794994.8044159731,965.6675249214808,212.04037584547584
2044-09-19,1004154.1126819,794994.8044159731,965.6675249214808,216.59557028484917
2044-09-20,1006070.4870306199,794994.8044159731,965.6675249214808,218.58007768440748
2044-09-21,1006934.6475920957,1006934.6475920957,0.0,219.8045587695096
2044-09-22,1006934.6475920957,1006934.6475920957,0.0,220.03181682858508
2044-09-23,1006934.6475920957,1006934.6475920957,0.0,217.52954687202757
2044-09-24,1006934.6475920957,1006934.6475920957,0.0,217.6118279897225
2044-09-25,1006934.6475920957,1006934.6475920957,0.0,221.130965030684
2044-09-26,1006934.6475920957,1006934.6475920957,0.0,218.10564944507007
2044-09-27,1006934.6475920957,1006934.6475920957,0.0,219.3464409112688
2044-09-28,1006934.6475920957,1006934.6475920957,0.0,222.4262237433878
2044-09-29,1006934.6475920957,1006934.6475920957,0.0,225.66209902929137
2044-09-30,1006934.6475920957,1006934.6475920957,0.0,223.64005602571515
2044-10-01,1006934.6475920957,1006934.6475920957,0.0,222.42474682753368
2044-10-02,1006934.6475920957,1006934.6475920957,0.0,222.6493373416816
2044-10-03,1006934.6475920957,1006934.6475920957,0.0,223.66212094866603
2044-10-04,1006934.6475920957,1006934.6475920957,0.0,226.5473077460178
2044-10-05,1006934.6475920957,1006934.6475920957,0.0,226.0920942994954
2044-10-06,1006934.6475920957,1006934.6475920957,0.0,228.24024790122596
2044-10-07,1006934.6475920957,1006934.6475920957,0.0,222.46258615422408
2044-10-08,1006934.6475920957,1006934.6475920957,0.0,221.8716455151739
2044-10-09,1006934.6475920957,1006934.6475920957,0.0,223.9775746208776
2044-10-10,1006934.6475920957,1006934.6475920957,0.0,225.8522234599164
2044-10-11,1006934.6475920957,1006934.6475920957,0.0,223.69831196354005
2044-10-12,1006934.6475920957,1006934.6475920957,0.0,226.00640753515975
2044-10-13,1006934.6475920957,1006934.6475920957,0.0,222.8193462360026
2044-10-14,1006934.6475920957,1006934.6475920957,0.0,225.50126923177763
2044-10-15,1006934.6475920957,1006934.6475920957,0.0,225.0409651149235
2044-10-16,1006934.6475920957,1006934.6475920957,0.0,224.0275702737953
2044-10-17,1006934.6475920957,1006934.6475920957,0.0,223.36081845802073
2044-10-18,1006934.6475920957,1006934.6475920957,0.0,224.20905187446692
2044-10-19,1006934.6475920957,1006934.6475920957,0.0,228.92229363967505
2044-10-20,1006934.6475920957,1006934.6475920957,0.0,231.7278515522474
2044-10-21,1006934.6475920957,1006934.6475920957,0.0,229.0847213035295
2044-10-22,1006934.6475920957,1006934.6475920957,0.0,226.71162349092464
2044-10-23,1006934.6475920957,1006934.6475920957,0.0,222.4318579129472
2044-10-24,1006934.6475920957,1006934.6475920957,0.0,223.1199401042474
2044-10-25,1006934.6475920957,1006934.6475920957,0.0,222.74198584469596
2044-10-26,1006934.6475920957,1006934.6475920957,0.0,224.14380789171804
2044-10-27,1006934.6475920957,1006934.6475920957,0.0,223.02366912812224
2044-10-28,1006934.6475920957,1006934.6475920957,0.0,222.14115182827064
2044-10-29,1006934.6475920957,1006934.6475920957,0.0,218.93875719386767
2044-10-30,1006934.6475920957,1006934.6475920957,0.0,221.36779343383049
2044-10-31,1006934.6475920957,1006934.6475920957,0.0,220.03926301766495
2044-11-01,1006934.6475920957,1006934.6475920957,0.0,218.2082487076685
2044-11-02,1006655.904611068,820889.172836529,843.1386732966797,220.3276135445068
2044-11-03,1003934.6184851518,820889.172836529,843.1386732966797,217.10004705739988
2044-11-04,1004943.57994504,820889.172836529,843.1386732966797,218.29672026412533
2044-11-05,1003535.2010390697,820889.172836529,843.1386732966797,216.62632018573308
2044-11-06,1003323.596238514,820889.172836529,843.1386732966797,216.37534747239715
2044-11-07,999827.7991317881,820889.172836529,843.1386732966797,212.22917648363517
2044-11-08,1000864.1938089733,820889.172836529,843.1386732966797,213.45838670730217
2044-11-09,1004591.8125034195,820889.172836529,843.1386732966797,217.87950841895497
2044-11-10,1002286.2226925632,820889.172836529,843.1386732966797,215.14497626679855
2044-11-11,1004393.5066622524,820889.172836529,843.1386732966797,217.64430886347537
2044-11-12,1004306.7174468149,820889.172836529,843.1386732966797,217.5413729904259
2044-11-13,1005289.9008117302,820889.172836529,843.1386732966797,218.7074722289664
2044-11-14,1003126.695131889,820889.172836529,843.1386732966797,216.14181399461808
2044-11-15,1001255.6463369706,820889.172836529,843.1386732966797,213.9226668315511
2044-11-16,1001413.46290474,820889.172836529,843.1386732966797,214.1098443063458
2044-11-17,1001023.1949878064,820889.172836529,843.1386732966797,213.64696918355284
2044-11-18,1001291.9205527292,820889.172836529,843.1386732966797,213.96568966623707
2044-11-19,998670.7371558294,820889.172836529,843.1386732966797,210.85684947195332
2044-11-20,999759.2770315404,820889.172836529,843.1386732966797,212.14790622238655
2044-11-21,1000455.2824309048,820889.172836529,843.1386732966797,212.9733996096641
2044-11-22,1002452.1298700485,820889.172836529,843.1386732966797,215.3417495648808
2044-11-23,1002754.5940493664,1002754.5940493664,1.1368683772161603e-13,216.02441415518396
2044-11-24,1002754.5940493664,1002754.5940493664,1.1368683772161603e-13,220.95264083496963
2044-11-25,1002754.5940493664,1002754.5940493664,1.1368683772161603e-13,225.43325254059457
2044-11-26,1002754.5940493664,1002754.5940493664,1.1368683772161603e-13,225.47206405882935
2044-11-27,1002754.5940493664,1002754.5940493664,1.1368683772161603e-13,225.42182470542235
2044-11-28,1002754.5940493664,1002754.5940493664,1.1368683772161603e-13,223.5584033886854
2044-11-29,1002754.5940493664,1002754.5940493664,1.1368683772161603e-13,220.5475535831457
2044-11-30,1002754.5940493664,1002754.5940493664,1.1368683772161603e-13,220.04560463302377
2044-12-01,1002754.5940493664,1002754.5940493664,1.1368683772161603e-13,218.63321647842412
2044-12-02,1002754.5940493664,1002754.5940493664,1.1368683772161603e-13,216.9227497161358
2044-12-03,1002754.5940493664,1002754.5940493664,1.1368683772161603e-13,217.6863295265976
2044-12-04,1002754.5940493664,1002754.5940493664,1.1368683772161603e-13,214.28263121106923
2044-12-05,1002754.5940493664,1002754.5940493664,1.1368683772161603e-13,211.76365700694583
2044-12-06,1002754.5940493664,1002754.5940493664,1.1368683772161603e-13,207.6291147293421
2044-12-07,1002754.5940493664,1002754.5940493664,1.1368683772161603e-13,204.8397564719909
2044-12-08,1002754.5940493664,1002754.5940493664,1.1368683772161603e-13,203.60647686696583
2044-12-09,1002754.5940493664,1002754.5940493664,1.1368683772161603e-13,205.25844025829
2044-12-10,1002754.5940493664,1002754.5940493664,1.1368683772161603e-13,209.26425970702675
2044-12-11,1002754.5940493664,1002754.5940493664,1.1368683772161603e-13,205.68039357165085
2044-12-12,1002754.5940493664,1002754.5940493664,1.1368683772161603e-13,207.4923596312078
2044-12-13,1002754.5940493664,1002754.5940493664,1.1368683772161603e-13,205.50318659574117
2044-12-14,1002754.5940493664,1002754.5940493664,1.1368683772161603e-13,205.8391437721508
2044-12-15,1002754.5940493664,1002754.5940493664,1.1368683772161603e-13,207.0298356574364
2044-12-16,1002754.5940493664,1002754.5940493664,1.1368683772161603e-13,209.96022519856385
2044-12-17,1002754.5940493664,1002754.5940493664,1.1368683772161603e-13,215.05146098260315
2044-12-18,1002754.5940493664,1002754.5940493664,1.1368683772161603e-13,217.30537804083684
2044-12-19,1002754.5940493664,1002754.5940493664,1.1368683772161603e-13,216.27564956549497
2044-12-20,1002754.5940493664,1002754.5940493664,1.1368683772161603e-13,212.9735997655566
2044-12-21,1002754.5940493664,1002754.5940493664,1.1368683772161603e-13,213.4691170415765
2044-12-22,1002754.5940493664,1002754.5940493664,1.1368683772161603e-13,214.8523319790634
2044-12-23,1002754.5940493664,1002754.5940493664,1.1368683772161603e-13,212.38543617442653
2044-12-24,1002754.5940493664,1002754.5940493664,1.1368683772161603e-13,214.03940636267316
2044-12-25,1002754.5940493664,1002754.5940493664,1.1368683772161603e-13,213.12550802813465
2044-12-26,1002754.5940493664,1002754.5940493664,1.1368683772161603e-13,210.7297419521922
2044-12-27,1002754.5940493664,1002754.5940493664,1.1368683772161603e-13,211.01827987729772
2044-12-28,1002754.5940493664,1002754.5940493664,1.1368683772161603e-13,209.12219709723084
2044-12-29,1002754.5940493664,1002754.5940493664,1.1368683772161603e-13,206.71825660806115
2044-12-30,1002754.5940493664,1002754.5940493664,1.1368683772161603e-13,207.31250585375847
2044-12-31,1002754.5940493664,1002754.5940493664,1.1368683772161603e-13,208.17530232856373
2045-01-01,1002754.5940493664,1002754.5940493664,1.1368683772161603e-13,207.41615560156305
2045-01-02,1002754.5940493664,1002754.5940493664,1.1368683772161603e-13,207.98671878251517
2045-01-03,1002754.5940493664,1002754.5940493664,1.1368683772161603e-13,210.3748211570717
2045-01-04,1002453.867946611,1203004.7867564843,-945.402753991753,212.13278463923615
2045-01-05,1004103.851833169,1203004.7867564843,-945.402753991753,210.38751376966096
2045-01-06,1004048.2648226698,1203004.7867564843,-945.402753991753,210.44631094394936
2045-01-07,1005434.102330223,1203004.7867564843,-945.402753991753,208.98044097297483
2045-01-08,1008181.6367621246,1203004.7867564843,-945.402753991753,206.07423573896128
2045-01-09,1006925.5151476378,1203004.7867564843,-945.402753991753,207.40289869153165
2045-01-10,1004949.5672332768,1203004.7867564843,-945.402753991753,209.49295809321833
2045-01-11,1005886.3372531264,1203004.7867564843,-945.402753991753,208.50208936992095
2045-01-12,1005422.9157195413,1203004.7867564843,-945.402753991753,208.99227361322724
2045-01-13,1002342.1981319683,1203004.7867564843,-945.402753991753,212.2509034136646
2045-01-14,1000274.848838519,1203004.7867564843,-945.402753991753,214.4376426469917
2045-01-15,1001459.9929780423,1203004.7867564843,-945.402753991753,213.18405613635449
2045-01-16,1001620.4433332349,1203004.7867564843,-945.402753991753,213.0143397329327
2045-01-17,1003041.4188058334,1203004.7867564843,-945.402753991753,211.51130257062397
2045-01-18,1002582.589339261,1203004.7867564843,-945.402753991753,211.99662955389664
2045-01-19,1002501.4677573396,1203004.7867564843,-945.402753991753,212.08243592750705
2045-01-20,1004799.7664845454,1203004.7867564843,-945.402753991753,209.65140987273645
2045-01-21,1005701.4166131676,1203004.7867564843,-945.402753991753,208.69768922318772
2045-01-22,1009733.8409722542,1203004.7867564843,-945.402753991753,204.4323913466367
2045-01-23,1011731.2934818361,1203004.7867564843,-945.402753991753,202.3195854539649
2045-01-24,1010940.2026629676,1203004.7867564843,-945.402753991753,203.1563619659099
2045-01-25,1010650.1467947514,1212783.113077683,-993.5380439118211,203.44763597283176
2045-01-26,1008727.1793650866,1212783.113077683,-993.5380439118211,205.38311035295072
2045-01-27,1008619.5581609376,1212783.113077683,-993.5380439118211,205.4914315237488
2045-01-28,1009019.6741008633,1212783.113077683,-993.5380439118211,205.08871323593135
2045-01-29,1005198.5590778203,1212783.113077683,-993.5380439118211,208.9346807320508
2045-01-30,1005901.6368277826,1212783.113077683,-993.5380439118211,208.2270301752648
2045-01-31,1006696.9343086052,1212783.113077683,-993.5380439118211,207.42656009191367
2045-02-01,1006594.6729338528,1212783.113077683,-993.5380439118211,207.5294865730677
2045-02-02,1008192.1909051595,1212783.113077683,-993.5380439118211,205.92157836955604
2045-02-03,1007665.6071725929,1212783.113077683,-993.5380439118211,206.4515869945839
2045-02-04,1009146.0485484628,1212783.113077683,-993.5380439118211,204.96151685087705
2045-02-05,1010022.4790684653,1212783.113077683,-993.5380439118211,204.07938604031267
2045-02-06,1011528.0281525933,1212783.113077683,-993.5380439118211,202.56404488820107
2045-02-07,1015074.3026243938,1212783.113077683,-993.5380439118211,198.99470550202324
2045-02-08,1019794.246391961,1212783.113077683,-993.5380439118211,194.24406329311145
2045-02-09,1022522.5211859283,1212783.113077683,-993.5380439118211,191.498043842034
2045-02-10,1020339.0441378924,1212783.113077683,-993.5380439118211,193.69572219105723
2045-02-11,1020194.3855350509,1212783.113077683,-993.5380439118211,193.84132165121676
2045-02-12,1021116.8773457941,1212783.113077683,-993.5380439118211,192.91282996798827
2045-02-13,1023099.1065506231,1212783.113077683,-993.5380439118211,190.91770837503503
2045-02-14,1020691.9258528256,1212783.113077683,-993.5380439118211,193.34054533890185
2045-02-15,1021634.2026104728,1021634.2026104728,0.0,192.10388814362088
2045-02-16,1021634.2026104728,1021634.2026104728,0.0,190.48724983020213
2045-02-17,1021634.2026104728,1021634.2026104728,0.0,186.91738678819937
2045-02-18,1021634.2026104728,1021634.2026104728,0.0,182.7933600407016
2045-02-19,1021634.2026104728,1021634.2026104728,0.0,183.63868673995424
2045-02-20,1021634.2026104728,1021634.2026104728,0.0,186.76169408781803
2045-02-21,1021634.2026104728,1021634.2026104728,0.0,187.316095030662
2045-02-22,1021634.2026104728,1021634.2026104728,0.0,187.84726699178395
2045-02-23,1021634.2026104728,1021634.2026104728,0.0,191.25227499342168
2045-02-24,1021634.2026104728,1021634.2026104728,0.0,192.2125572895499
2045-02-25,1021634.2026104728,1021634.2026104728,0.0,192.1976677696369
2045-02-26,1021634.2026104728,1021634.2026104728,0.0,193.2760066012523
2045-02-27,1021634.2026104728,1021634.2026104728,0.0,195.02896911736656
2045-02-28,1021634.2026104728,1021634.2026104728,0.0,196.02514338920912
2045-03-01,1021634.2026104728,1021634.2026104728,0.0,195.07552943964905
2045-03-02,1021634.2026104728,1021634.2026104728,0.0,195.87013855807493
2045-03-03,1021634.2026104728,1021634.2026104728,0.0,194.5175390935765
2045-03-04,1021634.2026104728,1021634.2026104728,0.0,194.45721231524217
2045-03-05,1021634.2026104728,1021634.2026104728,0.0,195.23125351438753
2045-03-06,1021634.2026104728,1021634.2026104728,0.0,198.85439788419947
2045-03-07,1021634.2026104728,1021634.2026104728,0.0,199.72865064267657
2045-03-08,1021352.9438896484,1208921.2805514545,-938.9617347137282,199.76142767840503
2045-03-09,1022102.5827818189,1208921.2805514545,-938.9617347137282,198.963057665596
2045-03-10,1023190.4371668056,1208921.2805514545,-938.9617347137282,197.80448608086755
2045-03-11,1023907.3544627968,1208921.2805514545,-938.9617347137282,197.04096476845768
2045-03-12,1023832.9542467259,1208921.2805514545,-938.9617347137282,197.12020145438464
2045-03-13,1022130.0695098883,1208921.2805514545,-938.9617347137282,198.93378413180525
2045-03-14,1024495.3270558313,1208921.2805514545,-938.9617347137282,196.41477035467392
2045-03-15,1023076.9960081629,1208921.2805514545,-938.9617347137282,197.92530160981704
2045-03-16,1024124.5148480483,1208921.2805514545,-938.9617347137282,196.80968762773625
2045-03-17,1025415.4907363981,1208921.2805514545,-938.9617347137282,195.4347903975063
2045-03-18,1024475.9219863599,1208921.2805514545,-938.9617347137282,196.43543687254575
2045-03-19,1025166.4528729264,1208921.2805514545,-938.9617347137282,195.70001724782907
2045-03-20,1024288.8978930458,1208921.2805514545,-938.9617347137282,196.63461867772463
2045-03-21,1023570.9445100463,1208921.2805514545,-938.9617347137282,197.3992434291458
2045-03-22,1022071.3810824051,1208921.2805514545,-938.9617347137282,198.9962876666283
2045-03-23,1019591.6392766235,1208921.2805514545,-938.9617347137282,201.63722788187323
2045-03-24,1022820.2887914748,1208921.2805514545,-938.9617347137282,198.1986963683014
2045-03-25,1022439.4351285623,1208921.2805514545,-938.9617347137282,198.60430785259535
2045-03-26,1023813.8665170007,1208921.2805514545,-938.9617347137282,197.1405300034826
2045-03-27,1023038.4370220819,1208921.2805514545,-938.9617347137282,197.96636716622407
2045-03-28,1025632.8266034271,1208921.2805514545,-938.9617347137282,195.20332636761677
2045-03-29,1025264.1218641171,1025264.1218641171,0.0,195.3029471017178
2045-03-30,1025264.1218641171,1025264.1218641171,0.0,191.66158926963615
2045-03-31,1025264.1218641171,1025264.1218641171,0.0,191.744908572924
2045-04-01,1025264.1218641171,1025264.1218641171,0.0,191.75562074728597
2045-04-02,1025264.1218641171,1025264.1218641171,0.0,190.47029544574357
2045-04-03,1025264.1218641171,1025264.1218641171,0.0,189.72155530052996
2045-04-04,1025264.1218641171,1025264.1218641171,0.0,189.02118036247109
2045-04-05,1025264.1218641171,1025264.1218641171,0.0,186.11469051424817
2045-04-06,1025264.1218641171,1025264.1218641171,0.0,183.7173764992061
2045-04-07,1025264.1218641171,1025264.1218641171,0.0,184.06335936513275
2045-04-08,1025264.1218641171,1025264.1218641171,0.0,186.03996237470787
2045-04-09,1025264.1218641171,1025264.1218641171,0.0,187.5094001764331
2045-04-10,1025264.1218641171,1025264.1218641171,0.0,183.74327123460392
2045-04-11,1025264.1218641171,1025264.1218641171,0.0,186.03590573528996
2045-04-12,1025264.1218641171,1025264.1218641171,0.0,188.4720806961003
2045-04-13,1025264.1218641171,1025264.1218641171,0.0,187.06943844215132
2045-04-14,1025264.1218641171,1025264.1218641171,0.0,185.7129972613535
2045-04-15,1025264.1218641171,1025264.1218641171,0.0,184.75408506021665
2045-04-16,1025264.1218641171,1025264.1218641171,0.0,185.3680135854005
2045-04-17,1025264.1218641171,1025264.1218641171,0.0,184.8063566986757
2045-04-18,1025264.1218641171,1025264.1218641171,0.0,185.52686603717825
2045-04-19,1025264.1218641171,1025264.1218641171,0.0,183.12643223953563
2045-04-20,1025264.1218641171,1025264.1218641171,0.0,181.17424365252316
2045-04-21,1025264.1218641171,1025264.1218641171,0.0,179.59481168179698
2045-04-22,1025264.1218641171,1025264.1218641171,0.0,178.13377493826852
2045-04-23,1025264.1218641171,1025264.1218641171,0.0,178.8967074256847
2045-04-24,1025264.1218641171,1025264.1218641171,0.0,179.33689946931975
2045-04-25,1025264.1218641171,1025264.1218641171,0.0,180.52145342468484
2045-04-26,1025264.1218641171,1025264.1218641171,0.0,182.48466685449435
2045-04-27,1025264.1218641171,1025264.1218641171,0.0,183.20573797654188
2045-04-28,1025264.1218641171,1025264.1218641171,0.0,179.96948979467112
2045-04-29,1025264.1218641171,1025264.1218641171,0.0,179.21905116659082
2045-04-30,1025264.1218641171,1025264.1218641171,0.0,178.7127368686586
2045-05-01,1025264.1218641171,1025264.1218641171,0.0,179.17415984306754
2045-05-02,1025264.1218641171,1025264.1218641171,0.0,177.49151551626548
2045-05-03,1025264.1218641171,1025264.1218641171,0.0,180.1378936010554
2045-05-04,1025264.1218641171,1025264.1218641171,0.0,179.41636674575204
2045-05-05,1025264.1218641171,1025264.1218641171,0.0,178.8238643636227
2045-05-06,1025264.1218641171,1025264.1218641171,0.0,178.47447885932846
2045-05-07,1025264.1218641171,1025264.1218641171,0.0,177.5568348737556
2045-05-08,1025264.1218641171,1025264.1218641171,0.0,174.50240362677536
2045-05-09,1025264.1218641171,1025264.1218641171,0.0,176.6816204110842
2045-05-10,1025264.1218641171,1025264.1218641171,0.0,175.5637502498179
2045-05-11,1025264.1218641171,1025264.1218641171,0.0,176.67300381009204
2045-05-12,1025264.1218641171,1025264.1218641171,0.0,175.92308360622934
2045-05-13,1025264.1218641171,1025264.1218641171,0.0,174.81977582886697
2045-05-14,1025264.1218641171,1025264.1218641171,0.0,172.65683129264514
2045-05-15,1025264.1218641171,1025264.1218641171,0.0,169.60819656792034
2045-05-16,1025264.1218641171,1025264.1218641171,0.0,168.85455159193137
2045-05-17,1025264.1218641171,1025264.1218641171,0.0,168.0330489536524
2045-05-18,1025264.1218641171,1025264.1218641171,0.0,170.46379141943066
2045-05-19,1025264.1218641171,1025264.1218641171,0.0,170.58619705312032
2045-05-20,1025264.1218641171,1025264.1218641171,0.0,172.54466445930677
2045-05-21,1025264.1218641171,1025264.1218641171,0.0,169.97259743036136
2045-05-22,1025264.1218641171,1025264.1218641171,0.0,170.06074588794874
2045-05-23,1025264.1218641171,1025264.1218641171,0.0,170.99986188711912
2045-05-24,1025264.1218641171,1025264.1218641171,0.0,171.19191427403763
2045-05-25,1025264.1218641171,1025264.1218641171,0.0,171.44915641419664
2045-05-26,1025264.1218641171,1025264.1218641171,0.0,171.02202636823392
2045-05-27,1025264.1218641171,1025264.1218641171,0.0,168.99159699429646
2045-05-28,1025264.1218641171,1025264.1218641171,0.0,166.69806822974175
2045-05-29,1025264.1218641171,1025264.1218641171,0.0,167.88024777325663
2045-05-30,1025264.1218641171,1025264.1218641171,0.0,166.77485906284437
2045-05-31,1024956.6451539701,1230009.4695267936,-1234.7719035877938,166.0653467875445
2045-06-01,1026307.2151311821,1230009.4695267936,-1234.7719035877938,164.9715658444507
2045-06-02,1028119.0574504095,1230009.4695267936,-1234.7719035877938,163.5042160335562
2045-06-03,1031050.3122452198,1230009.4695267936,-1234.7719035877938,161.13029192150512
2045-06-04,1027970.6221492665,1230009.4695267936,-1234.7719035877938,163.62442876330147
2045-06-05,1032047.6127048103,1230009.4695267936,-1234.7719035877938,160.32261201180458
2045-06-06,1030681.2059543686,1230009.4695267936,-1234.7719035877938,161.42921862187686
2045-06-07,1028498.9173105416,1230009.4695267936,-1234.7719035877938,163.19658038115077
2045-06-08,1028213.6787268489,1230009.4695267936,-1234.7719035877938,163.42758546222194
2045-06-09,1028566.4723366768,1230009.4695267936,-1234.7719035877938,163.1418698504537
2045-06-10,1028096.7268760959,1230009.4695267936,-1234.7719035877938,163.52230081038726
2045-06-11,1028900.9442439158,1230009.4695267936,-1234.7719035877938,162.87099236590188
2045-06-12,1026915.0620718808,1230009.4695267936,-1234.7719035877938,164.4792911668908
2045-06-13,1024628.6250383644,1230009.4695267936,-1234.7719035877938,166.33099918427666
2045-06-14,1023511.7001028721,1230009.4695267936,-1234.7719035877938,167.23555891085212
2045-06-15,1026892.5383760756,1230009.4695267936,-1234.7719035877938,164.49753234628582
2045-06-16,1025516.6595846943,1230009.4695267936,-1234.7719035877938,165.6118100419343
2045-06-17,1022875.20529274,1230009.4695267936,-1234.7719035877938,167.7510345288854
2045-06-18,1021611.5231529239,1230009.4695267936,-1234.7719035877938,168.77444795135173
2045-06-19,1019548.4105346695,1230009.4695267936,-1234.7719035877938,170.44529307850422
2045-06-20,1021077.8087514088,1230009.4695267936,-1234.7719035877938,169.2066851928733
2045-06-21,1022060.816848897,1226474.039611575,-1213.8099018516398,168.4062903514382
2045-06-22,1019364.7386962874,1226474.039611575,-1213.8099018516398,170.62746036207724
2045-06-23,1017981.3113512144,1226474.039611575,-1213.8099018516398,171.76720007169953
2045-06-24,1018496.1123139585,1226474.039611575,-1213.8099018516398,171.34308014817708
2045-06-25,1019060.8931009615,1226474.039611575,-1213.8099018516398,170.87778423475487
2045-06-26,1019020.6459895552,1226474.039611575,-1213.8099018516398,170.91094190742254
2045-06-27,1019638.3139698508,1226474.039611575,-1213.8099018516398,170.40207476162527
2045-06-28,1019626.6621956037,1226474.039611575,-1213.8099018516398,170.4116741018756
2045-06-29,1013021.6456648195,1226474.039611575,-1213.8099018516398,175.85323173022283
2045-06-30,1014518.5476760434,1226474.039611575,-1213.8099018516398,174.62000566332364
2045-07-01,1018286.4510749567,1226474.039611575,-1213.8099018516398,171.51581002843423
2045-07-02,1019661.3184703869,1226474.039611575,-1213.8099018516398,170.38312245245314
2045-07-03,1018511.6060919684,1226474.039611575,-1213.8099018516398,171.33031556454154
2045-07-04,1017256.2435034327,1226474.039611575,-1213.8099018516398,172.36454883831902
2045-07-05,1019494.7396279398,1226474.039611575,-1213.8099018516398,170.52035880403753
2045-07-06,1020272.8193250754,1226474.039611575,-1213.8099018516398,169.87933610686835
2045-07-07,1018479.7979491446,1226474.039611575,-1213.8099018516398,171.35652077408474
2045-07-08,1018703.2448949663,1226474.039611575,-1213.8099018516398,171.17243350845882
2045-07-09,1020820.1115416309,1226474.039611575,-1213.8099018516398,169.42844819128885
2045-07-10,1022486.8318099249,1226474.039611575,-1213.8099018516398,168.05531697382932
2045-07-11,1019594.3803683113,1226474.039611575,-1213.8099018516398,170.4382695574269
2045-07-12,1020221.7232316132,1020221.7232316132,0.0,169.66684663427094
2045-07-13,1020221.7232316132,1020221.7232316132,0.0,169.75625281602856
2045-07-14,1020221.7232316132,1020221.7232316132,0.0,167.06392784486675
2045-07-15,1020221.7232316132,1020221.7232316132,0.0,166.66841554043893
2045-07-16,1020221.7232316132,1020221.7232316132,0.0,171.44218351310585
2045-07-17,1020221.7232316132,1020221.7232316132,0.0,174.5375356172014
2045-07-18,1020221.7232316132,1020221.7232316132,0.0,174.9817641626971
2045-07-19,1020221.7232316132,1020221.7232316132,0.0,177.8309878101581
2045-07-20,1020221.7232316132,1020221.7232316132,0.0,178.90733822819448
2045-07-21,1020221.7232316132,1020221.7232316132,0.0,183.1173008512683
2045-07-22,1020221.7232316132,1020221.7232316132,0.0,184.3428519943445
2045-07-23,1020221.7232316132,1020221.7232316132,0.0,186.8296434006028
2045-07-24,1020221.7232316132,1020221.7232316132,0.0,182.9238162358837
2045-07-25,1020221.7232316132,1020221.7232316132,0.0,183.6314593246306
2045-07-26,1020221.7232316132,1020221.7232316132,0.0,182.50878687206472
2045-07-27,1020221.7232316132,1020221.7232316132,0.0,183.5356202965013
2045-07-28,1020221.7232316132,1020221.7232316132,0.0,184.49743055472567
2045-07-29,1020221.7232316132,1020221.7232316132,0.0,187.06812850067664
2045-07-30,1020221.7232316132,1020221.7232316132,0.0,189.0328477159805
2045-07-31,1020221.7232316132,1020221.7232316132,0.0,186.3873849372262
2045-08-01,1020221.7232316132,1020221.7232316132,0.0,182.9694515599885
2045-08-02,1020221.7232316132,1020221.7232316132,0.0,182.59458131942068
2045-08-03,1020221.7232316132,1020221.7232316132,0.0,183.97091328153783
2045-08-04,1020221.7232316132,1020221.7232316132,0.0,185.14130785154995
2045-08-05,1020221.7232316132,1020221.7232316132,0.0,185.265724638984
2045-08-06,1020221.7232316132,1020221.7232316132,0.0,186.4071010647273
2045-08-07,1020221.7232316132,1020221.7232316132,0.0,187.94636329410696
2045-08-08,1020221.7232316132,1020221.7232316132,0.0,188.07465934688733
2045-08-09,1020221.7232316132,1020221.7232316132,0.0,189.24749936013276
2045-08-10,1020221.7232316132,1020221.7232316132,0.0,190.59592243868187
2045-08-11,1020221.7232316132,1020221.7232316132,0.0,190.52943766078167
2045-08-12,1020221.7232316132,1020221.7232316132,0.0,193.3690018618816
2045-08-13,1020221.7232316132,1020221.7232316132,0.0,191.0653644432331
2045-08-14,1020221.7232316132,1020221.7232316132,0.0,194.24494601688357
2045-08-15,1020221.7232316132,1020221.7232316132,0.0,196.28567380837052
2045-08-16,1020221.7232316132,1020221.7232316132,0.0,200.57012471290903
2045-08-17,1020221.7232316132,1020221.7232316132,0.0,197.5461783628859
2045-08-18,1020221.7232316132,1020221.7232316132,0.0,196.85345671303307
2045-08-19,1020221.7232316132,1020221.7232316132,0.0,197.80509374620172
2045-08-20,1020221.7232316132,1020221.7232316132,0.0,198.3163894653616
2045-08-21,1020221.7232316132,1020221.7232316132,0.0,197.46154464454236
2045-08-22,1020221.7232316132,1020221.7232316132,0.0,198.06853398555347
2045-08-23,1020221.7232316132,1020221.7232316132,0.0,200.5516664260982
2045-08-24,1020221.7232316132,1020221.7232316132,0.0,200.8346089122734
2045-08-25,1020221.7232316132,1020221.7232316132,0.0,198.1122176366908
2045-08-26,1020221.7232316132,1020221.7232316132,0.0,202.22512480563415
2045-08-27,1020221.7232316132,1020221.7232316132,0.0,200.2953637993517
2045-08-28,1020221.7232316132,1020221.7232316132,0.0,197.87053057145397
2045-08-29,1020221.7232316132,1020221.7232316132,0.0,196.4401990129328
2045-08-30,1020221.7232316132,1020221.7232316132,0.0,195.23622385800644
2045-08-31,1020221.7232316132,1020221.7232316132,0.0,195.77509344944187
2045-09-01,1020221.7232316132,1020221.7232316132,0.0,200.95197330802233
2045-09-02,1020221.7232316132,1020221.7232316132,0.0,199.16143744666812
2045-09-03,1020221.7232316132,1020221.7232316132,0.0,201.3528045835614
2045-09-04,1020221.7232316132,1020221.7232316132,0.0,205.31988439608253
2045-09-05,1020221.7232316132,1020221.7232316132,0.0,204.45165354867677
2045-09-06,1020221.7232316132,1020221.7232316132,0.0,204.24803098386965
2045-09-07,1020221.7232316132,1020221.7232316132,0.0,204.87280591675008
2045-09-08,1020221.7232316132,1020221.7232316132,0.0,203.93983178203757
2045-09-09,1020221.7232316132,1020221.7232316132,0.0,200.26925184188556
2045-09-10,1020221.7232316132,1020221.7232316132,0.0,202.9958084842139
2045-09-11,1020221.7232316132,1020221.7232316132,0.0,203.3170627586213
2045-09-12,1020221.7232316132,1020221.7232316132,0.0,202.1729616322133
2045-09-13,1020221.7232316132,1020221.7232316132,0.0,202.08471394596876
2045-09-14,1020221.7232316132,1020221.7232316132,0.0,201.44753821102128
2045-09-15,1020221.7232316132,1020221.7232316132,0.0,202.64460455025636
2045-09-16,1020221.7232316132,1020221.7232316132,0.0,200.83065435859604
2045-09-17,1020221.7232316132,1020221.7232316132,0.0,200.07390760444977
2045-09-18,1020221.7232316132,1020221.7232316132,0.0,200.3631624515864
2045-09-19,1020221.7232316132,1020221.7232316132,0.0,196.45941812473063
2045-09-20,1020221.7232316132,1020221.7232316132,0.0,195.97689964511508
2045-09-21,1020221.7232316132,1020221.7232316132,0.0,194.63415277030063
2045-09-22,1020221.7232316132,1020221.7232316132,0.0,195.82201134707623
2045-09-23,1020221.7232316132,1020221.7232316132,0.0,196.30631420656695
2045-09-24,1020221.7232316132,1020221.7232316132,0.0,198.8121854960796
2045-09-25,1020221.7232316132,1020221.7232316132,0.0,194.8463207295332
2045-09-26,1020221.7232316132,1020221.7232316132,0.0,193.64798759644128
2045-09-27,1020221.7232316132,1020221.7232316132,0.0,194.02703425372323
2045-09-28,1020221.7232316132,1020221.7232316132,0.0,196.5501143243032
2045-09-29,1020221.7232316132,1020221.7232316132,0.0,194.3876222716748
2045-09-30,1020221.7232316132,1020221.7232316132,0.0,192.83185445500231
2045-10-01,1020221.7232316132,1020221.7232316132,0.0,195.38360060184723
2045-10-02,1020221.7232316132,1020221.7232316132,0.0,199.93766733917948
2045-10-03,1020221.7232316132,1020221.7232316132,0.0,203.37773922538585
2045-10-04,1020221.7232316132,1020221.7232316132,0.0,206.89734123496163
2045-10-05,1020221.7232316132,1020221.7232316132,0.0,207.79123832787332
2045-10-06,1020221.7232316132,1020221.7232316132,0.0,208.0665457695149
2045-10-07,1020221.7232316132,1020221.7232316132,0.0,212.06133256673164
2045-10-08,1020221.7232316132,1020221.7232316132,0.0,211.37121433925273
2045-10-09,1020221.7232316132,1020221.7232316132,0.0,209.2463925817224
2045-10-10,1020221.7232316132,1020221.7232316132,0.0,209.84020195669123
2045-10-11,1020221.7232316132,1020221.7232316132,0.0,209.0847122283593
2045-10-12,1020221.7232316132,1020221.7232316132,0.0,207.4842678952957
2045-10-13,1020221.7232316132,1020221.7232316132,0.0,209.2567170742083
2045-10-14,1020221.7232316132,1020221.7232316132,0.0,208.7340548017117
2045-10-15,1020221.7232316132,1020221.7232316132,0.0,209.11961806338047
2045-10-16,1020221.7232316132,1020221.7232316132,0.0,210.25434488397124
2045-10-17,1020221.7232316132,1020221.7232316132,0.0,206.5755972757231
2045-10-18,1020221.7232316132,1020221.7232316132,0.0,209.15175781271617
2045-10-19,1020221.7232316132,1020221.7232316132,0.0,214.0199994321132
2045-10-20,1020221.7232316132,1020221.7232316132,0.0,216.77850728505788
2045-10-21,1020221.7232316132,1020221.7232316132,0.0,209.1284507781562
2045-10-22,1020221.7232316132,1020221.7232316132,0.0,209.60043835011123
2045-10-23,1020221.7232316132,1020221.7232316132,0.0,205.74114073388705
2045-10-24,1020221.7232316132,1020221.7232316132,0.0,208.2118148280737
2045-10-25,1020221.7232316132,1020221.7232316132,0.0,210.7197869075255
2045-10-26,1020221.7232316132,1020221.7232316132,0.0,211.50641293649124
2045-10-27,1020221.7232316132,1020221.7232316132,0.0,205.98869279613575
2045-10-28,1020221.7232316132,1020221.7232316132,0.0,206.01009201741755
2045-10-29,1020221.7232316132,1020221.7232316132,0.0,203.71364311636947
2045-10-30,1020221.7232316132,1020221.7232316132,0.0,203.9962985041068
2045-10-31,1020221.7232316132,1020221.7232316132,0.0,203.9668498344914
2045-11-01,1020221.7232316132,1020221.7232316132,0.0,206.10456820563087
2045-11-02,1020221.7232316132,1020221.7232316132,0.0,205.77884681855625
2045-11-03,1020221.7232316132,1020221.7232316132,0.0,209.24965331647556
2045-11-04,1020221.7232316132,1020221.7232316132,0.0,210.0832056345728
2045-11-05,1020221.7232316132,1020221.7232316132,0.0,208.98289782040231
2045-11-06,1020221.7232316132,1020221.7232316132,0.0,208.8004190577854
2045-11-07,1020221.7232316132,1020221.7232316132,0.0,211.50622334879355
2045-11-08,1020221.7232316132,1020221.7232316132,0.0,214.53159541659264
2045-11-09,1020221.7232316132,1020221.7232316132,0.0,208.8684307569321
2045-11-10,1020221.7232316132,1020221.7232316132,0.0,206.3864914936795
2045-11-11,1020221.7232316132,1020221.7232316132,0.0,205.09594683971983
2045-11-12,1020221.7232316132,1020221.7232316132,0.0,208.0006338385543
2045-11-13,1020221.7232316132,1020221.7232316132,0.0,210.63283299388104
2045-11-14,1020221.7232316132,1020221.7232316132,0.0,212.75943249382183
2045-11-15,1019995.1525205978,868998.3441131571,701.6940714208176,215.1889470887169
2045-11-16,1022603.6820611708,868998.3441131571,701.6940714208176,218.9064211943355
2045-11-17,1023465.8875047513,868998.3441131571,701.6940714208176,220.13516956017915
2045-11-18,1025157.3767786799,868998.3441131571,701.6940714208176,222.545748960549
2045-11-19,1025833.4694218877,868998.3441131571,701.6940714208176,223.5092637895096
2045-11-20,1027498.8104466038,868998.3441131571,701.6940714208176,225.88257873193757
2045-11-21,1026732.5149979477,868998.3441131571,701.6940714208176,224.79051385656467
2045-11-22,1025370.3468214266,868998.3441131571,701.6940714208176,222.84925735747117
2045-11-23,1024342.8478298134,868998.3441131571,701.6940714208176,221.38494543941155
2045-11-24,1023915.604856211,868998.3441131571,701.6940714208176,220.77607187042537
2045-11-25,1025184.2342562324,868998.3441131571,701.6940714208176,222.5840241557463
2045-11-26,1027781.1220524932,868998.3441131571,701.6940714208176,226.28490734976063
2045-11-27,1026823.144915775,868998.3441131571,701.6940714208176,224.91967259043255
2045-11-28,1030864.356788524,868998.3441131571,701.6940714208176,230.67889450400253
2045-11-29,1030504.5036421362,868998.3441131571,701.6940714208176,230.16605969315816
2045-11-30,1030536.018953498,868998.3441131571,701.6940714208176,230.21097287205671
2045-12-01,1030999.5528221066,868998.3441131571,701.6940714208176,230.8715654115804
2045-12-02,1029980.584283706,868998.3441131571,701.6940714208176,229.41941043421647
2045-12-03,1029177.4776859708,868998.3441131571,701.6940714208176,228.27488516252777
2045-12-04,1028690.8565571767,868998.3441131571,701.6940714208176,227.58139044935623
2045-12-05,1026826.2167104505,868998.3441131571,701.6940714208176,224.9240502740992
2045-12-06,1025464.9372377505,820357.3745054359,919.4023794000716,223.0879181171484
2045-12-07,1025306.5471929619,820357.3745054359,919.4023794000716,222.91564311728172
2045-12-08,1024475.1422252973,820357.3745054359,919.4023794000716,222.0113546508899
2045-12-09,1023155.5767632367,820357.3745054359,919.4023794000716,220.57611205023275
2045-12-10,1025245.3467074913,820357.3745054359,919.4023794000716,222.8490776103374
2045-12-11,1021688.8242586108,820357.3745054359,919.4023794000716,218.98077954132305
2045-12-12,1022870.39903802,820357.3745054359,919.4023794000716,220.265934774639
2045-12-13,1023176.3929964029,820357.3745054359,919.4023794000716,220.5987530979749
2045-12-14,1023751.7922980948,820357.3745054359,919.4023794000716,221.22459365982695
2045-12-15,1021269.8149828742,820357.3745054359,919.4023794000716,218.52503863274495
2045-12-16,1020157.6415664058,820357.3745054359,919.4023794000716,217.3153686978095
2045-12-17,1020941.8824279569,820357.3745054359,919.4023794000716,218.16835850849805
2045-12-18,1019860.2683646828,820357.3745054359,919.4023794000716,216.99192685299167
2045-12-19,1016818.239783076,820357.3745054359,919.4023794000716,213.68322475501392
2045-12-20,1016290.0355118816,820357.3745054359,919.4023794000716,213.1087164841748
2045-12-21,1015916.1677964849,820357.3745054359,919.4023794000716,212.70207438298664
2045-12-22,1017347.4925864803,820357.3745054359,919.4023794000716,214.25887347559876
2045-12-23,1019597.7524946042,820357.3745054359,919.4023794000716,216.7063980399709
2045-12-24,1019873.0319680375,820357.3745054359,919.4023794000716,217.0058093527988
2045-12-25,1020746.5021493562,820357.3745054359,919.4023794000716,217.95585059794837
2045-12-26,1022873.1258027127,820357.3745054359,919.4023794000716,220.2689005758527
2045-12-27,1022189.8002607091,1022189.8002607091,1.1368683772161603e-13,219.8553457207451
2045-12-28,1022189.8002607091,1022189.8002607091,1.1368683772161603e-13,221.04919309455303
2045-12-29,1022189.8002607091,1022189.8002607091,1.1368683772161603e-13,217.93331399712625
2045-12-30,1022189.8002607091,1022189.8002607091,1.1368683772161603e-13,216.7107893154052
2045-12-31,1022189.8002607091,1022189.8002607091,1.1368683772161603e-13,220.45759639126575
2046-01-01,1022189.8002607091,1022189.8002607091,1.1368683772161603e-13,222.7274389862791
2046-01-02,1022189.8002607091,1022189.8002607091,1.1368683772161603e-13,224.5967349486818
2046-01-03,1022189.8002607091,1022189.8002607091,1.1368683772161603e-13,222.615164173918
2046-01-04,1022189.8002607091,1022189.8002607091,1.1368683772161603e-13,219.2494712752643
2046-01-05,1022189.8002607091,1022189.8002607091,1.1368683772161603e-13,217.1580511593927
2046-01-06,1022189.8002607091,1022189.8002607091,1.1368683772161603e-13,217.382434750746
2046-01-07,1022189.8002607091,1022189.8002607091,1.1368683772161603e-13,218.54015834899351
2046-01-08,1022189.8002607091,1022189.8002607091,1.1368683772161603e-13,222.02949226207937
2046-01-09,1022189.8002607091,1022189.8002607091,1.1368683772161603e-13,219.37022038544825
2046-01-10,1022189.8002607091,1022189.8002607091,1.1368683772161603e-13,218.13046865522713
2046-01-11,1022189.8002607091,1022189.8002607091,1.1368683772161603e-13,221.72112615461583
2046-01-12,1022189.8002607091,1022189.8002607091,1.1368683772161603e-13,218.22475332153937
2046-01-13,1022189.8002607091,1022189.8002607091,1.1368683772161603e-13,218.7040430521956
2046-01-14,1022189.8002607091,1022189.8002607091,1.1368683772161603e-13,214.5361741875829
2046-01-15,1022189.8002607091,1022189.8002607091,1.1368683772161603e-13,213.79177913311912
2046-01-16,1022189.8002607091,1022189.8002607091,1.1368683772161603e-13,218.0369135864995
2046-01-17,1022189.8002607091,1022189.8002607091,1.1368683772161603e-13,219.23775957700937
2046-01-18,1022189.8002607091,1022189.8002607091,1.1368683772161603e-13,222.1614702175529
2046-01-19,1022189.8002607091,1022189.8002607091,1.1368683772161603e-13,223.37732811212737
2046-01-20,1022189.8002607091,1022189.8002607091,1.1368683772161603e-13,224.5617839407097
2046-01-21,1022189.8002607091,1022189.8002607091,1.1368683772161603e-13,220.9268053632582
2046-01-22,1022189.8002607091,1022189.8002607091,1.1368683772161603e-13,225.53670749421175
2046-01-23,1022189.8002607091,1022189.8002607091,1.1368683772161603e-13,229.24404795774063
2046-01-24,1022189.8002607091,1022189.8002607091,1.1368683772161603e-13,227.53962306715368
2046-01-25,1022189.8002607091,1022189.8002607091,1.1368683772161603e-13,231.0511122543638
2046-01-26,1022189.8002607091,1022189.8002607091,1.1368683772161603e-13,233.52311023900037
2046-01-27,1022189.8002607091,1022189.8002607091,1.1368683772161603e-13,235.05495792473096
2046-01-28,1022189.8002607091,1022189.8002607091,1.1368683772161603e-13,235.55531674496635
2046-01-29,1022189.8002607091,1022189.8002607091,1.1368683772161603e-13,235.3184131189285
2046-01-30,1022189.8002607091,1022189.8002607091,1.1368683772161603e-13,239.44916896122467
2046-01-31,1022189.8002607091,1022189.8002607091,1.1368683772161603e-13,239.77247351974987
2046-02-01,1022189.8002607091,1022189.8002607091,1.1368683772161603e-13,240.90746119051673
2046-02-02,1022189.8002607091,1022189.8002607091,1.1368683772161603e-13,244.9325576517676
2046-02-03,1022189.8002607091,1022189.8002607091,1.1368683772161603e-13,247.79718001649536
2046-02-04,1022189.8002607091,1022189.8002607091,1.1368683772161603e-13,244.75559185918877
2046-02-05,1022189.8002607091,1022189.8002607091,1.1368683772161603e-13,243.32938613114305
2046-02-06,1022189.8002607091,1022189.8002607091,1.1368683772161603e-13,241.3366040883012
2046-02-07,1022189.8002607091,1022189.8002607091,1.1368683772161603e-13,242.41309469958264
2046-02-08,1022189.8002607091,1022189.8002607091,1.1368683772161603e-13,241.24713615217777
2046-02-09,1022189.8002607091,1022189.8002607091,1.1368683772161603e-13,240.32721657763952
2046-02-10,1022189.8002607091,1022189.8002607091,1.1368683772161603e-13,239.76440982601864
2046-02-11,1022189.8002607091,1022189.8002607091,1.1368683772161603e-13,240.65545204867763
2046-02-12,1022189.8002607091,1022189.8002607091,1.1368683772161603e-13,240.0279470707695
2046-02-13,1022189.8002607091,1022189.8002607091,1.1368683772161603e-13,242.3635576875514
2046-02-14,1022189.8002607091,1022189.8002607091,1.1368683772161603e-13,239.734753429204
2046-02-15,1022189.8002607091,1022189.8002607091,1.1368683772161603e-13,236.2126894203444
2046-02-16,1022189.8002607091,1022189.8002607091,1.1368683772161603e-13,234.6766006624133
2046-02-17,1022189.8002607091,1022189.8002607091,1.1368683772161603e-13,232.30258287362545
2046-02-18,1022189.8002607091,1022189.8002607091,1.1368683772161603e-13,232.43208011157515
2046-02-19,1022189.8002607091,1022189.8002607091,1.1368683772161603e-13,231.50481067856128
2046-02-20,1022189.8002607091,1022189.8002607091,1.1368683772161603e-13,228.51762708244976
2046-02-21,1022189.8002607091,1022189.8002607091,1.1368683772161603e-13,225.5264460079968
2046-02-22,1022189.8002607091,1022189.8002607091,1.1368683772161603e-13,225.93930685426977
2046-02-23,1022189.8002607091,1022189.8002607091,1.1368683772161603e-13,227.98374558637784
2046-02-24,1022189.8002607091,1022189.8002607091,1.1368683772161603e-13,226.38045537329356
2046-02-25,1022189.8002607091,1022189.8002607091,1.1368683772161603e-13,226.1828204129303
2046-02-26,1022189.8002607091,1022189.8002607091,1.1368683772161603e-13,224.7350877825517
2046-02-27,1022189.8002607091,1022189.8002607091,1.1368683772161603e-13,224.3944302271484
2046-02-28,1021883.0411016509,817445.0810495091,895.1508235944827,228.38381495446785
2046-03-01,1027057.4450922222,817445.0810495091,895.1508235944827,234.1642978118632
2046-03-02,1026123.9799278291,817445.0810495091,895.1508235944827,233.12149570545975
2046-03-03,1025059.6118492933,817445.0810495091,895.1508235944827,231.9324580031184
2046-03-04,1025958.7205549685,817445.0810495091,895.1508235944827,232.93687947263655
2046-03-05,1026210.2023947467,817445.0810495091,895.1508235944827,233.21781742538104
2046-03-06,1027637.2407247802,817445.0810495091,895.1508235944827,234.8120050107796
2046-03-07,1027374.9511937499,817445.0810495091,895.1508235944827,234.51899345996955
2046-03-08,1026993.0624768812,817445.0810495091,895.1508235944827,234.092374049248
2046-03-09,1027920.424834642,817445.0810495091,895.1508235944827,235.1283585261845
2046-03-10,1028430.7508463934,817445.0810495091,895.1508235944827,235.69845911515807
2046-03-11,1027416.1838754022,817445.0810495091,895.1508235944827,234.56505573301385
2046-03-12,1027676.4824274913,817445.0810495091,895.1508235944827,234.8558431011625
2046-03-13,1027942.7128237329,817445.0810495091,895.1508235944827,235.15325711143225
2046-03-14,1022214.109109943,817445.0810495091,895.1508235944827,228.75366101790848
2046-03-15,1022097.2202700991,817445.0810495091,895.1508235944827,228.62308096730365
2046-03-16,1023953.8015356362,817445.0810495091,895.1508235944827,230.69712392922816
2046-03-17,1023050.0723880561,817445.0810495091,895.1508235944827,229.68754082461663
2046-03-18,1021525.9807214848,817445.0810495091,895.1508235944827,227.9849320279768
2046-03-19,1020020.9931355406,817445.0810495091,895.1508235944827,226.30366497635217
2046-03-20,1020687.7350399247,817445.0810495091,895.1508235944827,227.0485024794969
2046-03-21,1018688.411860205,814949.9818307484,906.2324448069809,224.8191743707113
2046-03-22,1019173.9937475086,814949.9818307484,906.2324448069809,225.3549992466425
2046-03-23,1019498.862059904,814949.9818307484,906.2324448069809,225.71348157008725
2046-03-24,1016788.5693180049,814949.9818307484,906.2324448069809,222.72275578286792
2046-03-25,1018706.0553585193,814949.9818307484,906.2324448069809,224.83864343564645
2046-03-26,1021272.4115812303,814949.9818307484,906.2324448069809,227.67053964220713
2046-03-27,1021791.7666024826,814949.9818307484,906.2324448069809,228.2436321464849
2046-03-28,1021871.6932113662,814949.9818307484,906.2324448069809,228.331828733731
2046-03-29,1020837.9386984857,814949.9818307484,906.2324448069809,227.1911120017223
2046-03-30,1019888.1901013615,814949.9818307484,906.2324448069809,226.1430932482924
2046-03-31,1019002.6582182732,814949.9818307484,906.2324448069809,225.1659356899169
2046-04-01,1020525.0644553078,814949.9818307484,906.2324448069809,226.84586476965637
2046-04-02,1021705.9381261275,814949.9818307484,906.2324448069809,228.1489230275971
2046-04-03,1017670.6429102857,814949.9818307484,906.2324448069809,223.69609722229157
2046-04-04,1014689.2354093797,814949.9818307484,906.2324448069809,220.40620452644896
2046-04-05,1013041.5523418088,814949.9818307484,906.2324448069809,218.58803626618337
2046-04-06,1012122.6624871498,814949.9818307484,906.2324448069809,217.57406919854583
2046-04-07,1012974.5451209694,814949.9818307484,906.2324448069809,218.5140958315595
2046-04-08,1011909.4994255985,814949.9818307484,906.2324448069809,217.33885022931472
2046-04-09,1012736.4043223182,814949.9818307484,906.2324448069809,218.25131468747676
2046-04-10,1015919.214940054,814949.9818307484,906.2324448069809,221.7634496104476
2046-04-11,1014747.2406962119,811796.8477191518,920.5125394172023,220.47542459937887
2046-04-12,1012898.6064490562,811796.8477191518,920.5125394172023,218.4671583694304
2046-04-13,1010644.839733035,811796.8477191518,920.5125394172023,216.01877595255624
2046-04-14,1008598.0085108564,811796.8477191518,920.5125394172023,213.795198179814
2046-04-15,1009692.0186834163,811796.8477191518,920.5125394172023,214.9836775602823
2046-04-16,1011198.9044424079,811796.8477191518,920.5125394172023,216.620684873562
2046-04-17,1012452.4868999753,811796.8477191518,920.5125394172023,217.98251581435628
2046-04-18,1010358.147035235,811796.8477191518,920.5125394172023,215.70732696568905
2046-04-19,1009598.2236375653,811796.8477191518,920.5125394172023,214.88178318966317
2046-04-20,1008847.2618167566,811796.8477191518,920.5125394172023,214.06597483437
2046-04-21,1012258.7151672667,811796.8477191518,920.5125394172023,217.77201163933296
2046-04-22,1012852.9457896573,811796.8477191518,920.5125394172023,218.4175548524291
2046-04-23,1013075.0889955515,811796.8477191518,920.5125394172023,218.65888041441949
2046-04-24,1013635.3790149807,811796.8477191518,920.5125394172023,219.26755220913944
2046-04-25,1012770.456675417,811796.8477191518,920.5125394172023,218.32794269538817
2046-04-26,1013582.0812538814,811796.8477191518,920.5125394172023,219.20965211672683
2046-04-27,1012618.9506555191,811796.8477191518,920.5125394172023,218.1633539327041
2046-04-28,1015506.6796378188,811796.8477191518,920.5125394172023,221.30044208592793
2046-04-29,1013739.3172443999,811796.8477191518,920.5125394172023,219.38046564048176
2046-04-30,1014121.236482458,811796.8477191518,920.5125394172023,219.7953641037877
2046-05-01,1015482.2143301837,811796.8477191518,920.5125394172023,221.2738641670105
2046-05-02,1014709.6710070582,1217773.5404605335,-918.4381999505194,221.0969333205165
2046-05-03,1014451.6107207076,1217773.5404605335,-918.4381999505194,221.37791062129145
2046-05-04,1014860.2368303231,1217773.5404605335,-918.4381999505194,220.9329965164147
2046-05-05,1016704.6147365065,1217773.5404605335,-918.4381999505194,218.92482883971888
2046-05-06,1013187.6593604912,1217773.5404605335,-918.4381999505194,222.75410703851844
2046-05-07,1013919.9450627031,1217773.5404605335,-918.4381999505194,221.95679078767944
2046-05-08,1016564.2622620706,1217773.5404605335,-918.4381999505194,219.0776452997087
2046-05-09,1018013.8936969583,1217773.5404605335,-918.4381999505194,217.49927950986483
2046-05-10,1015341.8808756615,1217773.5404605335,-918.4381999505194,220.4085801263252
2046-05-11,1010679.3670872046,1217773.5404605335,-918.4381999505194,225.48514792229463
2046-05-12,1009908.152622932,1217773.5404605335,-918.4381999505194,226.3248499994884
2046-05-13,1008260.0689233851,1217773.5404605335,-918.4381999505194,228.1192915848185
2046-05-14,1004355.5411584844,1217773.5404605335,-918.4381999505194,232.370560494486
2046-05-15,1006396.5475010187,1217773.5404605335,-918.4381999505194,230.148302815478
2046-05-16,1005565.6021163998,1217773.5404605335,-918.4381999505194,231.05304021061653
2046-05-17,1001653.6593009993,1217773.5404605335,-918.4381999505194,235.31238266350164
2046-05-18,999832.2588773029,1217773.5404605335,-918.4381999505194,237.29553234498755
2046-05-19,1000424.9024926785,1217773.5404605335,-918.4381999505194,236.6502590806486
2046-05-20,999637.2964903144,1217773.5404605335,-918.4381999505194,237.50780834461276
2046-05-21,995536.0977954487,1217773.5404605335,-918.4381999505194,241.97321352384705
2046-05-22,995199.3927204963,1217773.5404605335,-918.4381999505194,242.33981965474464
2046-05-23,997168.0162972838,1165808.141633962,-702.3405966512129,240.11160132386044
2046-05-24,996133.5426991133,1165808.141633962,-702.3405966512129,241.5844958185016
2046-05-25,997659.552648597,1165808.141633962,-702.3405966512129,239.4117466470029
2046-05-26,998889.7348749283,1165808.141633962,-702.3405966512129,237.6602001292638
2046-05-27,999664.5045795494,1165808.141633962,-702.3405966512129,236.55707479617703
2046-05-28,999695.4206739814,1165808.141633962,-702.3405966512129,236.5130561326121
2046-05-29,1001094.0437112645,1165808.141633962,-702.3405966512129,234.52168179948688
2046-05-30,1000416.2584969597,1165808.141633962,-702.3405966512129,235.4867195853369
2046-05-31,1000989.7070301131,1165808.141633962,-702.3405966512129,234.67023747411105
2046-06-01,999634.696436658,1165808.141633962,-702.3405966512129,236.59951594657275
2046-06-02,999566.7021937313,1165808.141633962,-702.3405966512129,236.6963268717149
2046-06-03,999822.5655307405,1165808.141633962,-702.3405966512129,236.33202593534696
2046-06-04,1000012.3387388266,1165808.141633962,-702.3405966512129,236.0618248263824
2046-06-05,997574.1519288457,1165808.141633962,-702.3405966512129,239.53334109869567
2046-06-06,996083.0149402663,1165808.141633962,-702.3405966512129,241.65643777812608
2046-06-07,998490.7817867718,1165808.141633962,-702.3405966512129,238.22823377285297
2046-06-08,999324.1811398629,1165808.141633962,-702.3405966512129,237.04163092365897
2046-06-09,999163.6677123475,1165808.141633962,-702.3405966512129,237.2701716463236
2046-06-10,1002750.9818252077,1165808.141633962,-702.3405966512129,232.16251571704265
2046-06-11,1002050.3078448166,1165808.141633962,-702.3405966512129,233.16014277111296
2046-06-12,1003433.9568159124,1165808.141633962,-702.3405966512129,231.19008867244196
2046-06-13,1004380.8501648847,1004380.8501648847,0.0,229.49753082166757
2046-06-14,1004380.8501648847,1004380.8501648847,0.0,227.89233783273085
2046-06-15,1004380.8501648847,1004380.8501648847,0.0,230.77951885884457
2046-06-16,1004380.8501648847,1004380.8501648847,0.0,232.18970768553905
2046-06-17,1004380.8501648847,1004380.8501648847,0.0,231.1458340588092
2046-06-18,1004380.8501648847,1004380.8501648847,0.0,229.84970744320484
2046-06-19,1004380.8501648847,1004380.8501648847,0.0,230.22868594971376
2046-06-20,1004380.8501648847,1004380.8501648847,0.0,233.93174853676064
2046-06-21,1004380.8501648847,1004380.8501648847,0.0,233.33146579003636
2046-06-22,1004380.8501648847,1004380.8501648847,0.0,229.02480887386503
2046-06-23,1004380.8501648847,1004380.8501648847,0.0,229.41047509855568
2046-06-24,1004380.8501648847,1004380.8501648847,0.0,230.03787033353228
2046-06-25,1004380.8501648847,1004380.8501648847,0.0,230.8887086991266
2046-06-26,1004380.8501648847,1004380.8501648847,0.0,230.80127257001809
2046-06-27,1004380.8501648847,1004380.8501648847,0.0,231.1165239868951
2046-06-28,1004380.8501648847,1004380.8501648847,0.0,228.8617446702145
2046-06-29,1004380.8501648847,1004380.8501648847,0.0,231.37221859146956
2046-06-30,1004380.8501648847,1004380.8501648847,0.0,230.1636312424019
2046-07-01,1004380.8501648847,1004380.8501648847,0.0,229.5710574182648
2046-07-02,1004380.8501648847,1004380.8501648847,0.0,230.4757558117296
2046-07-03,1004380.8501648847,1004380.8501648847,0.0,230.96471046722053
2046-07-04,1004380.8501648847,1004380.8501648847,0.0,234.6342598810721
2046-07-05,1004380.8501648847,1004380.8501648847,0.0,237.7270229511181
2046-07-06,1004380.8501648847,1004380.8501648847,0.0,236.55719044033003
2046-07-07,1004380.8501648847,1004380.8501648847,0.0,241.28328128669224
2046-07-08,1004380.8501648847,1004380.8501648847,0.0,243.5847805930686
2046-07-09,1004380.8501648847,1004380.8501648847,0.0,243.9017709892953
2046-07-10,1004380.8501648847,1004380.8501648847,0.0,242.29030356360005
2046-07-11,1004380.8501648847,1004380.8501648847,0.0,242.13410673578596
2046-07-12,1004380.8501648847,1004380.8501648847,0.0,237.53777927863905
2046-07-13,1004380.8501648847,1004380.8501648847,0.0,238.83151795306787
2046-07-14,1004380.8501648847,1004380.8501648847,0.0,235.7019898678987
2046-07-15,1004380.8501648847,1004380.8501648847,0.0,236.85519391357423
2046-07-16,1004380.8501648847,1004380.8501648847,0.0,235.723283392235
2046-07-17,1004380.8501648847,1004380.8501648847,0.0,236.02421531637697
2046-07-18,1004380.8501648847,1004380.8501648847,0.0,234.57483886631672
2046-07-19,1004380.8501648847,1004380.8501648847,0.0,232.88789626720492
2046-07-20,1004380.8501648847,1004380.8501648847,0.0,234.60399779088235
2046-07-21,1004380.8501648847,1004380.8501648847,0.0,233.1414637892931
2046-07-22,1004380.8501648847,1004380.8501648847,0.0,231.04819968362943
2046-07-23,1004380.8501648847,1004380.8501648847,0.0,228.63478616155456
2046-07-24,1004380.8501648847,1004380.8501648847,0.0,230.59780018089896
2046-07-25,1004079.4354717501,803203.2654387732,880.9159782357992,228.03102111426048
2046-07-26,1004090.3234260136,803203.2654387732,880.9159782357992,228.0433809244267
2046-07-27,1008584.5428204737,803203.2654387732,880.9159782357992,233.14513807890657
2046-07-28,1007175.6715365169,803203.2654387732,880.9159782357992,231.5458126962766
2046-07-29,1005588.3341049437,803203.2654387732,880.9159782357992,229.74389574756583
2046-07-30,1007799.3996795948,803203.2654387732,880.9159782357992,232.25385768409376
2046-07-31,1005385.2936231685,803203.2654387732,880.9159782357992,229.51340783862605
2046-08-01,1007591.0070150794,803203.2654387732,880.9159782357992,232.01729407341583
2046-08-02,1006813.8172653904,803203.2654387732,880.9159782357992,231.13504222546388
2046-08-03,1008660.5205034788,803203.2654387732,880.9159782357992,233.23138658033264
2046-08-04,1009563.4031921466,803203.2654387732,880.9159782357992,234.25632279556172
2046-08-05,1010752.8145461188,803203.2654387732,880.9159782357992,235.60652120648652
2046-08-06,1009835.9015247358,803203.2654387732,880.9159782357992,234.56565800950008
2046-08-07,1009027.6014848452,803203.2654387732,880.9159782357992,233.6480903187544
2046-08-08,1007957.4254634496,803203.2654387732,880.9159782357992,232.43324571627736
2046-08-09,1010696.7406089546,803203.2654387732,880.9159782357992,235.54286707993003
2046-08-10,1010708.8694847816,803203.2654387732,880.9159782357992,235.55663556197223
2046-08-11,1014792.3174897111,803203.2654387732,880.9159782357992,240.19209241122508
2046-08-12,1015282.8529601756,803203.2654387732,880.9159782357992,240.74893946881497
2046-08-13,1014891.4637384135,803203.2654387732,880.9159782357992,240.30464145239583
2046-08-14,1014434.2194447329,803203.2654387732,880.9159782357992,239.78558594088577
2046-08-15,1012652.1867717677,1012652.1867717677,0.0,238.1197149628506
2046-08-16,1012652.1867717677,1012652.1867717677,0.0,238.6543878499249
2046-08-17,1012652.1867717677,1012652.1867717677,0.0,238.4433974499736
2046-08-18,1012652.1867717677,1012652.1867717677,0.0,236.98321305387884
2046-08-19,1012652.1867717677,1012652.1867717677,0.0,236.84310390227807
2046-08-20,1012652.1867717677,1012652.1867717677,0.0,235.66079329290483
2046-08-21,1012652.1867717677,1012652.1867717677,0.0,236.3380376226963
2046-08-22,1012652.1867717677,1012652.1867717677,0.0,238.0341330589441
2046-08-23,1012652.1867717677,1012652.1867717677,0.0,236.5452490574607
2046-08-24,1012652.1867717677,1012652.1867717677,0.0,235.466780442438
2046-08-25,1012652.1867717677,1012652.1867717677,0.0,233.3477381158124
2046-08-26,1012652.1867717677,1012652.1867717677,0.0,236.00872978152665
2046-08-27,1012652.1867717677,1012652.1867717677,0.0,231.85680356453173
2046-08-28,1012652.1867717677,1012652.1867717677,0.0,230.33516213278787
2046-08-29,1012652.1867717677,1012652.1867717677,0.0,231.97448252531788
2046-08-30,1012652.1867717677,1012652.1867717677,0.0,230.5148422545072
2046-08-31,1012652.1867717677,1012652.1867717677,0.0,228.98059238089323
2046-09-01,1012652.1867717677,1012652.1867717677,0.0,230.525355514392
2046-09-02,1012652.1867717677,1012652.1867717677,0.0,225.3568106644969
2046-09-03,1012652.1867717677,1012652.1867717677,0.0,225.4224645991227
2046-09-04,1012652.1867717677,1012652.1867717677,0.0,224.18569561200755
2046-09-05,1012348.2898505174,809817.8524961639,908.2041213227612,223.00101111562503
2046-09-06,1014521.5726733652,809817.8524961639,908.2041213227612,225.3939564588839
2046-09-07,1014479.5803074045,809817.8524961639,908.2041213227612,225.34771975396825
2046-09-08,1012131.1562923309,809817.8524961639,908.2041213227612,222.7619309869527
2046-09-09,1009160.0904161492,809817.8524961639,908.2041213227612,219.49056741743448
2046-09-10,1009039.416027776,809817.8524961639,908.2041213227612,219.35769597858047
2046-09-11,1006314.4663513077,809817.8524961639,908.2041213227612,216.3573245725362
2046-09-12,1008698.9549640743,809817.8524961639,908.2041213227612,218.98282313258872
2046-09-13,1006515.680539088,809817.8524961639,908.2041213227612,216.57887629538817
2046-09-14,1006491.5154120878,809817.8524961639,908.2041213227612,216.5522687008697
2046-09-15,1002702.7627599236,809817.8524961639,908.2041213227612,212.38057143236793
2046-09-16,999081.3950585191,809817.8524961639,908.2041213227612,208.39317739133443
2046-09-17,998685.0791916517,809817.8524961639,908.2041213227612,207.9568042703996
2046-09-18,1004824.5815677948,809817.8524961639,908.2041213227612,214.71685108366577
2046-09-19,1003731.7018623576,809817.8524961639,908.2041213227612,213.51350958831392
2046-09-20,1005075.4725137571,809817.8524961639,908.2041213227612,214.99310059638205
2046-09-21,1004114.4452675333,809817.8524961639,908.2041213227612,213.93493842373735
2046-09-22,1006100.2171362105,809817.8524961639,908.2041213227612,216.1214203192224
2046-09-23,1005920.3253520187,809817.8524961639,908.2041213227612,215.92334614187797
2046-09-24,1003491.1666969114,809817.8524961639,908.2041213227612,213.2486625569046
2046-09-25,1003008.8009580227,809817.8524961639,908.2041213227612,212.7175421539426
2046-09-26,999313.2421966206,999313.2421966206,0.0,208.96179647500836
2046-09-27,999313.2421966206,999313.2421966206,0.0,207.11295949693775
2046-09-28,999313.2421966206,999313.2421966206,0.0,207.90456270329065
2046-09-29,999313.2421966206,999313.2421966206,0.0,206.5479600569896
2046-09-30,999313.2421966206,999313.2421966206,0.0,205.65080265493555
2046-10-01,999313.2421966206,999313.2421966206,0.0,207.5902484538175
2046-10-02,999313.2421966206,999313.2421966206,0.0,206.5517147965616
2046-10-03,999313.2421966206,999313.2421966206,0.0,207.6125320311453
2046-10-04,999313.2421966206,999313.2421966206,0.0,206.37921758593717
2046-10-05,999313.2421966206,999313.2421966206,0.0,208.27954450018612
2046-10-06,999313.2421966206,999313.2421966206,0.0,211.0250117821004
2046-10-07,999313.2421966206,999313.2421966206,0.0,206.91272799930323
2046-10-08,999313.2421966206,999313.2421966206,0.0,204.88468862698647
2046-10-09,999313.2421966206,999313.2421966206,0.0,204.4028003962529
2046-10-10,999313.2421966206,999313.2421966206,0.0,203.0081257464368
2046-10-11,999313.2421966206,999313.2421966206,0.0,204.7568603186914
2046-10-12,999313.2421966206,999313.2421966206,0.0,205.20651207731623
2046-10-13,999313.2421966206,999313.2421966206,0.0,203.27496448444305
2046-10-14,999313.2421966206,999313.2421966206,0.0,206.17700454291264
2046-10-15,999313.2421966206,999313.2421966206,0.0,209.0814682566637
2046-10-16,999313.2421966206,999313.2421966206,0.0,206.3177443768033
2046-10-17,999313.2421966206,999313.2421966206,0.0,205.07201916502535
2046-10-18,999313.2421966206,999313.2421966206,0.0,206.79027555802503
2046-10-19,999313.2421966206,999313.2421966206,0.0,208.71993684256103
2046-10-20,999313.2421966206,999313.2421966206,0.0,211.67052352780752
2046-10-21,999313.2421966206,999313.2421966206,0.0,216.96821145211925
2046-10-22,999313.2421966206,999313.2421966206,0.0,217.87709146216008
2046-10-23,999313.2421966206,999313.2421966206,0.0,220.6764659450756
2046-10-24,999313.2421966206,999313.2421966206,0.0,226.65006794059107
2046-10-25,999313.2421966206,999313.2421966206,0.0,226.61701263371805
2046-10-26,999313.2421966206,999313.2421966206,0.0,224.84703679323857
2046-10-27,999313.2421966206,999313.2421966206,0.0,225.42091056183696
2046-10-28,999313.2421966206,999313.2421966206,0.0,229.04114590079743
2046-10-29,999313.2421966206,999313.2421966206,0.0,233.2319549919499
2046-10-30,999313.2421966206,999313.2421966206,0.0,233.5740435783007
2046-10-31,999313.2421966206,999313.2421966206,0.0,233.18869328792772
2046-11-01,999313.2421966206,999313.2421966206,0.0,230.23595389989455
2046-11-02,999313.2421966206,999313.2421966206,0.0,230.41982509343217
2046-11-03,999313.2421966206,999313.2421966206,0.0,227.720206945503
2046-11-04,999313.2421966206,999313.2421966206,0.0,225.51742831915288
2046-11-05,999313.2421966206,999313.2421966206,0.0,226.05078254827475
2046-11-06,999313.2421966206,999313.2421966206,0.0,223.18144184395985
2046-11-07,999313.2421966206,999313.2421966206,0.0,223.97592050916467
2046-11-08,999313.2421966206,999313.2421966206,0.0,226.1114697451303
2046-11-09,999313.2421966206,999313.2421966206,0.0,223.74297146594847
2046-11-10,999313.2421966206,999313.2421966206,0.0,222.42895979358673
2046-11-11,999313.2421966206,999313.2421966206,0.0,219.23463822802464
2046-11-12,999313.2421966206,999313.2421966206,0.0,220.53997506842387
2046-11-13,999313.2421966206,999313.2421966206,0.0,217.2833286864993
2046-11-14,999313.2421966206,999313.2421966206,0.0,218.8087251757067
2046-11-15,999313.2421966206,999313.2421966206,0.0,219.4437700523673
2046-11-16,999313.2421966206,999313.2421966206,0.0,224.23271967885904
2046-11-17,999313.2421966206,999313.2421966206,0.0,228.0135113247576
2046-11-18,999313.2421966206,999313.2421966206,0.0,225.32267129253088
2046-11-19,999313.2421966206,999313.2421966206,0.0,229.47274764753703
2046-11-20,999313.2421966206,999313.2421966206,0.0,228.24902192678945
2046-11-21,999313.2421966206,999313.2421966206,0.0,226.4148251611388
2046-11-22,999313.2421966206,999313.2421966206,0.0,225.26786377331655
2046-11-23,999313.2421966206,999313.2421966206,0.0,224.61983989948365
2046-11-24,999313.2421966206,999313.2421966206,0.0,229.52244218857737
2046-11-25,999313.2421966206,999313.2421966206,0.0,223.15106947981968
2046-11-26,999313.2421966206,999313.2421966206,0.0,227.32289454944657
2046-11-27,999313.2421966206,999313.2421966206,0.0,229.21637707705784
2046-11-28,999313.2421966206,999313.2421966206,0.0,229.60134345670488
2046-11-29,999313.2421966206,999313.2421966206,0.0,228.23054634995125
2046-11-30,999313.2421966206,999313.2421966206,0.0,228.019316167586
2046-12-01,999313.2421966206,999313.2421966206,0.0,229.96873632280392
2046-12-02,999313.2421966206,999313.2421966206,0.0,232.19167523336264
2046-12-03,999313.2421966206,999313.2421966206,0.0,230.26921812022945
2046-12-04,999313.2421966206,999313.2421966206,0.0,232.05723198475155
2046-12-05,999313.2421966206,999313.2421966206,0.0,230.69646305510568
2046-12-06,999313.2421966206,999313.2421966206,0.0,230.29056588113497
2046-12-07,999313.2421966206,999313.2421966206,0.0,233.333107340741
2046-12-08,999313.2421966206,999313.2421966206,0.0,235.1922534551749
2046-12-09,999313.2421966206,999313.2421966206,0.0,231.41574444259615
2046-12-10,999313.2421966206,999313.2421966206,0.0,231.72823420437803
2046-12-11,999313.2421966206,999313.2421966206,0.0,232.70207443160743
2046-12-12,999313.2421966206,999313.2421966206,0.0,233.04847260690144
2046-12-13,999313.2421966206,999313.2421966206,0.0,227.2558703391239
2046-12-14,999313.2421966206,999313.2421966206,0.0,224.19814798995748
2046-12-15,999313.2421966206,999313.2421966206,0.0,220.2571541347643
2046-12-16,999313.2421966206,999313.2421966206,0.0,218.8648483357822
2046-12-17,999313.2421966206,999313.2421966206,0.0,219.16682574056404
2046-12-18,999313.2421966206,999313.2421966206,0.0,218.02542179881397
2046-12-19,999033.9505169373,812901.5415310432,859.0367486651805,216.6757234485218
2046-12-20,995821.3036944054,812901.5415310432,859.0367486651805,212.93589878150513
2046-12-21,993551.1952141749,812901.5415310432,859.0367486651805,210.29327786481215
2046-12-22,991833.2544568307,812901.5415310432,859.0367486651805,208.29343238670708
2046-12-23,993417.807631305,812901.5415310432,859.0367486651805,210.13800210614735
2046-12-24,994197.7444372633,812901.5415310432,859.0367486651805,211.04592229369504
2046-12-25,995624.6033926381,812901.5415310432,859.0367486651805,212.70692103163248
2046-12-26,996470.6282930847,812901.5415310432,859.0367486651805,213.69177400999587
2046-12-27,997986.3489752273,812901.5415310432,859.0367486651805,215.45621620003948
2046-12-28,995475.3614514167,812901.5415310432,859.0367486651805,212.53318930076853
2046-12-29,997931.2809372358,812901.5415310432,859.0367486651805,215.3921117969657
2046-12-30,999880.6737396284,812901.5415310432,859.0367486651805,217.6613893400065
2046-12-31,999182.918482929,812901.5415310432,859.0367486651805,216.84913624631332
2047-01-01,1000998.6034148261,812901.5415310432,859.0367486651805,218.96276518560893
2047-01-02,1003299.4943574178,812901.5415310432,859.0367486651805,221.6412197990663
2047-01-03,1003198.6374102088,812901.5415310432,859.0367486651805,221.523812776182
2047-01-04,1004223.6940085961,812901.5415310432,859.0367486651805,222.71707557894345
2047-01-05,1003233.0277467121,812901.5415310432,859.0367486651805,221.56384637958345
2047-01-06,1005761.9410545671,812901.5415310432,859.0367486651805,224.50774058641977
2047-01-07,1004891.9645871689,812901.5415310432,859.0367486651805,223.49500571943065
2047-01-08,1005495.43945899,812901.5415310432,859.0367486651805,224.1975075306265
2047-01-09,1004822.3870757654,1205904.903198124,-897.2850164229264,224.1010519979309
2047-01-10,1005990.3423874398,1205904.903198124,-897.2850164229264,222.79939723907785
2047-01-11,1009369.4207491095,1205904.903198124,-897.2850164229264,219.03350535431144
2047-01-12,1007620.0422518195,1205904.903198124,-897.2850164229264,220.98314060428345
2047-01-13,1007690.3208788822,1205904.903198124,-897.2850164229264,220.90481696600096
2047-01-14,1004026.1121671535,1205904.903198124,-897.2850164229264,224.98847895150504
2047-01-15,1001554.8076914311,1205904.903198124,-897.2850164229264,227.74268127349885
2047-01-16,999082.8286184536,1205904.903198124,-897.2850164229264,230.49763541597665
2047-01-17,997560.418121866,1205904.903198124,-897.2850164229264,232.19432093810525
2047-01-18,995983.0604920972,1205904.903198124,-897.2850164229264,233.95224356123893
2047-01-19,995654.4209520156,1205904.903198124,-897.2850164229264,234.31850348318855
2047-01-20,993913.7063773707,1205904.903198124,-897.2850164229264,236.2584830245658
2047-01-21,994861.121231552,1205904.903198124,-897.2850164229264,235.20261466964976
2047-01-22,999952.2786348413,1205904.903198124,-897.2850164229264,229.5286567743252
2047-01-23,998489.5287079593,1205904.903198124,-897.2850164229264,231.158852197306
2047-01-24,996969.5647267065,1205904.903198124,-897.2850164229264,232.85281114394292
2047-01-25,999712.6648708108,1205904.903198124,-897.2850164229264,229.795699865032
2047-01-26,998650.6834329877,1205904.903198124,-897.2850164229264,230.9792495938092
2047-01-27,997615.4820811022,1205904.903198124,-897.2850164229264,232.1329536376059
2047-01-28,995355.7656162701,1205904.903198124,-897.2850164229264,234.6513468164429
2047-01-29,995578.1756928309,1205904.903198124,-897.2850164229264,234.40347677237665
2047-01-30,998444.3292865687,998444.3292865687,0.0,230.8628160803559
2047-01-31,998444.3292865687,998444.3292865687,0.0,229.74818117227477
2047-02-01,998444.3292865687,998444.3292865687,0.0,228.6306775239688
2047-02-02,998444.3292865687,998444.3292865687,0.0,228.36272825095372
2047-02-03,998444.3292865687,998444.3292865687,0.0,228.6417680421243
2047-02-04,998444.3292865687,998444.3292865687,0.0,228.0998260157251
2047-02-05,998444.3292865687,998444.3292865687,0.0,229.0050421070905
2047-02-06,998444.3292865687,998444.3292865687,0.0,226.50393119291633
2047-02-07,998444.3292865687,998444.3292865687,0.0,227.32045302640464
2047-02-08,998444.3292865687,998444.3292865687,0.0,225.60174618948025
2047-02-09,998444.3292865687,998444.3292865687,0.0,225.14775802536252
2047-02-10,998444.3292865687,998444.3292865687,0.0,221.06754684432337
2047-02-11,998444.3292865687,998444.3292865687,0.0,223.16364300141092
2047-02-12,998444.3292865687,998444.3292865687,0.0,222.48153554735467
2047-02-13,998444.3292865687,998444.3292865687,0.0,223.23658240860595
2047-02-14,998444.3292865687,998444.3292865687,0.0,221.41093588683512
2047-02-15,998444.3292865687,998444.3292865687,0.0,220.17497813972673
2047-02-16,998444.3292865687,998444.3292865687,0.0,218.0582109817483
2047-02-17,998444.3292865687,998444.3292865687,0.0,218.40477193576123
2047-02-18,998444.3292865687,998444.3292865687,0.0,219.66478553057763
2047-02-19,998444.3292865687,998444.3292865687,0.0,217.4765231842541
2047-02-20,998144.6961433497,798455.830286036,916.9249727081059,217.78103094688288
2047-02-21,997656.2773029774,798455.830286036,916.9249727081059,217.2483604941088
2047-02-22,998043.3432165232,798455.830286036,916.9249727081059,217.67049526529135
2047-02-23,996258.1831229792,798455.830286036,916.9249727081059,215.72359650402032
2047-02-24,997180.1470099434,798455.830286036,916.9249727081059,216.72909195283668
2047-02-25,996626.7834352994,798455.830286036,916.9249727081059,216.12559265778572
2047-02-26,996352.6629493983,798455.830286036,916.9249727081059,215.8266363701284
2047-02-27,1001039.1254739842,798455.830286036,916.9249727081059,220.9377007037179
2047-02-28,997500.9585184432,798455.830286036,916.9249727081059,217.0789695524753
2047-03-01,998579.2097881865,798455.830286036,916.9249727081059,218.25491229788744
2047-03-02,999452.1353643143,798455.830286036,916.9249727081059,219.2069264780113
2047-03-03,1000723.5026902156,798455.830286036,916.9249727081059,220.59348193646537
2047-03-04,1001911.665744226,798455.830286036,916.9249727081059,221.88929466855964
2047-03-05,1002305.2653514217,798455.830286036,916.9249727081059,222.31855509761436
2047-03-06,1003139.4584809555,798455.830286036,916.9249727081059,223.22832760285013
2047-03-07,1008711.3025587612,798455.830286036,916.9249727081059,229.30499062725164
2047-03-08,1008349.3063501869,798455.830286036,916.9249727081059,228.91019692073365
2047-03-09,1007966.2155732218,798455.830286036,916.9249727081059,228.4923974405498
2047-03-10,1005742.6009554098,798455.830286036,916.9249727081059,226.0673193981832
2047-03-11,1004039.6091939707,798455.830286036,916.9249727081059,224.2100335655055
2047-03-12,1004499.7917184429,798455.830286036,916.9249727081059,224.71190944212515
2047-03-13,1004951.3528053556,1004951.3528053556,0.0,225.5425838681756
2047-03-14,1004951.3528053556,1004951.3528053556,0.0,225.28855329785117
2047-03-15,1004951.3528053556,1004951.3528053556,0.0,226.76324022849337
2047-03-16,1004951.3528053556,1004951.3528053556,0.0,225.85607427087427
2047-03-17,1004951.3528053556,1004951.3528053556,0.0,231.5395169865184
2047-03-18,1004951.3528053556,1004951.3528053556,0.0,231.89331406482765
2047-03-19,1004951.3528053556,1004951.3528053556,0.0,233.4612877620582
2047-03-20,1004951.3528053556,1004951.3528053556,0.0,233.83870537176944
2047-03-21,1004951.3528053556,1004951.3528053556,0.0,232.43459931823307
2047-03-22,1004951.3528053556,1004951.3528053556,0.0,231.25876168900905
2047-03-23,1004951.3528053556,1004951.3528053556,0.0,228.6219567233104
2047-03-24,1004951.3528053556,1004951.3528053556,0.0,224.7179333969933
2047-03-25,1004951.3528053556,1004951.3528053556,0.0,226.86248033833203
2047-03-26,1004951.3528053556,1004951.3528053556,0.0,225.4845350456372
2047-03-27,1004951.3528053556,1004951.3528053556,0.0,225.3397360323609
2047-03-28,1004951.3528053556,1004951.3528053556,0.0,228.8202541787431
2047-03-29,1004951.3528053556,1004951.3528053556,0.0,231.5107050761619
2047-03-30,1004951.3528053556,1004951.3528053556,0.0,231.8580886562247
2047-03-31,1004951.3528053556,1004951.3528053556,0.0,231.37013821448403
2047-04-01,1004951.3528053556,1004951.3528053556,0.0,231.01547859617895
2047-04-02,1004951.3528053556,1004951.3528053556,0.0,236.16004031215235
2047-04-03,1004951.3528053556,1004951.3528053556,0.0,236.5675095320631
2047-04-04,1004951.3528053556,1004951.3528053556,0.0,243.75233482280416
2047-04-05,1004951.3528053556,1004951.3528053556,0.0,240.60255577751636
2047-04-06,1004951.3528053556,1004951.3528053556,0.0,240.7155474391232
2047-04-07,1004951.3528053556,1004951.3528053556,0.0,243.5381518887429
2047-04-08,1004951.3528053556,1004951.3528053556,0.0,246.18286220896692
2047-04-09,1004951.3528053556,1004951.3528053556,0.0,247.742660636891
2047-04-10,1004951.3528053556,1004951.3528053556,0.0,246.23526012991132
2047-04-11,1004951.3528053556,1004951.3528053556,0.0,243.02324788813905
2047-04-12,1004951.3528053556,1004951.3528053556,0.0,242.5890828324759
2047-04-13,1004951.3528053556,1004951.3528053556,0.0,245.13315584514825
2047-04-14,1004951.3528053556,1004951.3528053556,0.0,249.33609941288455
2047-04-15,1004951.3528053556,1004951.3528053556,0.0,249.6126323087264
2047-04-16,1004951.3528053556,1004951.3528053556,0.0,249.3678369225433
2047-04-17,1004951.3528053556,1004951.3528053556,0.0,249.8890016891091
2047-04-18,1004951.3528053556,1004951.3528053556,0.0,250.43969451062335
2047-04-19,1004951.3528053556,1004951.3528053556,0.0,253.4291820373662
2047-04-20,1004951.3528053556,1004951.3528053556,0.0,252.4973604188554
2047-04-21,1004951.3528053556,1004951.3528053556,0.0,252.1988828353772
2047-04-22,1004951.3528053556,1004951.3528053556,0.0,253.36675875531304
2047-04-23,1004951.3528053556,1004951.3528053556,0.0,251.7699468692459
2047-04-24,1004951.3528053556,1004951.3528053556,0.0,249.46584536779704
2047-04-25,1004951.3528053556,1004951.3528053556,0.0,252.99197948738416
2047-04-26,1004951.3528053556,1004951.3528053556,0.0,252.9313186401775
2047-04-27,1004951.3528053556,1004951.3528053556,0.0,255.1941244751061
2047-04-28,1004951.3528053556,1004951.3528053556,0.0,256.96176665512127
2047-04-29,1004951.3528053556,1004951.3528053556,0.0,253.45181499463635
2047-04-30,1004951.3528053556,1004951.3528053556,0.0,251.80343056801115
2047-05-01,1004951.3528053556,1004951.3528053556,0.0,251.964118144006
2047-05-02,1004951.3528053556,1004951.3528053556,0.0,251.35865998430037
2047-05-03,1004951.3528053556,1004951.3528053556,0.0,251.97472676421216
2047-05-04,1004951.3528053556,1004951.3528053556,0.0,252.4428211924968
2047-05-05,1004951.3528053556,1004951.3528053556,0.0,254.4338437337866
2047-05-06,1004951.3528053556,1004951.3528053556,0.0,254.32280176960472
2047-05-07,1004951.3528053556,1004951.3528053556,0.0,254.499486646237
2047-05-08,1004951.3528053556,1004951.3528053556,0.0,250.86748720030033
2047-05-09,1004951.3528053556,1004951.3528053556,0.0,249.3639816020232
2047-05-10,1004951.3528053556,1004951.3528053556,0.0,247.992244428145
2047-05-11,1004951.3528053556,1004951.3528053556,0.0,246.89349548028687
2047-05-12,1004951.3528053556,1004951.3528053556,0.0,245.97908400400868
2047-05-13,1004951.3528053556,1004951.3528053556,0.0,247.4593208698467
2047-05-14,1004951.3528053556,1004951.3528053556,0.0,251.8835663634373
2047-05-15,1004951.3528053556,1004951.3528053556,0.0,248.50643546367323
2047-05-16,1004951.3528053556,1004951.3528053556,0.0,248.0092846820285
2047-05-17,1004951.3528053556,1004951.3528053556,0.0,245.87067493060428
2047-05-18,1004951.3528053556,1004951.3528053556,0.0,242.60187434601752
